
##### 2026-09-30 11:44:52 START python3 e1_pipeline.py --only D1 D2 D3 D4 D5 D6 D7 D8 D9 D10 D12 --prefix stageA_

============================================================
D1 Wine
============================================================
  |U|=178, |C|=13
  batch fit_reduction(80%): |R_init|=5 gamma=0.7800 0.04s
  batch fit_reduction(100%): |R_full|=6 gamma=0.8100 0.05s
  Jaccard(B_init,B_full)=0.833
  streaming i.i.d. (36 buoc): 0.05s
  streaming class-sorted (36 buoc): 0.05s
  [i.i.d.] zero_delta: new=0 existing=0 (0.00%)
  [i.i.d.] max shrink_frac=0.085 max gain_frac=0.326
  [class-sorted] max shrink_frac=0.085 max gain_frac=0.358
  [ground-truth gamma check] max abs diff (ca 2 luong) = 4.440892098500626e-16
  Da luu: experiments/stageA_raw_results.csv, experiments/stageA_accuracy_checkpoints.csv, experiments/stageA_gamma_ground_truth_check.csv, batch_summary.csv (append)

============================================================
D2 WDBC
============================================================
  |U|=569, |C|=30
  batch fit_reduction(80%): |R_init|=7 gamma=0.7100 0.51s
  batch fit_reduction(100%): |R_full|=6 gamma=0.7000 0.60s
  Jaccard(B_init,B_full)=0.625
  streaming i.i.d. (114 buoc): 0.11s
  streaming class-sorted (114 buoc): 0.11s
  [i.i.d.] zero_delta: new=0 existing=0 (0.00%)
  [i.i.d.] max shrink_frac=0.011 max gain_frac=0.411
  [class-sorted] max shrink_frac=0.013 max gain_frac=0.387
  [ground-truth gamma check] max abs diff (ca 2 luong) = 7.771561172376096e-16
  Da luu: experiments/stageA_raw_results.csv, experiments/stageA_accuracy_checkpoints.csv, experiments/stageA_gamma_ground_truth_check.csv, batch_summary.csv (append)

============================================================
D3 Iono
============================================================
  |U|=351, |C|=34
  batch fit_reduction(80%): |R_init|=8 gamma=0.5700 0.35s
  batch fit_reduction(100%): |R_full|=6 gamma=0.5700 0.38s
  Jaccard(B_init,B_full)=0.556
  streaming i.i.d. (71 buoc): 0.07s
  streaming class-sorted (71 buoc): 0.07s
  [i.i.d.] zero_delta: new=0 existing=0 (0.00%)
  [i.i.d.] max shrink_frac=0.201 max gain_frac=0.284
  [class-sorted] max shrink_frac=0.213 max gain_frac=0.285
  [ground-truth gamma check] max abs diff (ca 2 luong) = 6.661338147750939e-16
  Da luu: experiments/stageA_raw_results.csv, experiments/stageA_accuracy_checkpoints.csv, experiments/stageA_gamma_ground_truth_check.csv, batch_summary.csv (append)

============================================================
D4 Derm
============================================================
  |U|=366, |C|=34
  batch fit_reduction(80%): |R_init|=9 gamma=0.8000 0.40s
  batch fit_reduction(100%): |R_full|=10 gamma=0.8200 0.55s
  Jaccard(B_init,B_full)=0.727
  streaming i.i.d. (74 buoc): 0.08s
  streaming class-sorted (74 buoc): 0.08s
  [i.i.d.] zero_delta: new=0 existing=0 (0.00%)
  [i.i.d.] max shrink_frac=0.054 max gain_frac=0.247
  [class-sorted] max shrink_frac=0.056 max gain_frac=0.286
  [ground-truth gamma check] max abs diff (ca 2 luong) = 5.551115123125783e-16
  Da luu: experiments/stageA_raw_results.csv, experiments/stageA_accuracy_checkpoints.csv, experiments/stageA_gamma_ground_truth_check.csv, batch_summary.csv (append)

============================================================
D5 Sonar
============================================================
  |U|=208, |C|=60
  batch fit_reduction(80%): |R_init|=4 gamma=0.4500 0.20s
  batch fit_reduction(100%): |R_full|=4 gamma=0.4200 0.24s
  Jaccard(B_init,B_full)=1.000
  streaming i.i.d. (42 buoc): 0.05s
  streaming class-sorted (42 buoc): 0.05s
  [i.i.d.] zero_delta: new=0 existing=0 (0.00%)
  [i.i.d.] max shrink_frac=0.063 max gain_frac=0.195
  [class-sorted] max shrink_frac=0.065 max gain_frac=0.212
  [ground-truth gamma check] max abs diff (ca 2 luong) = 3.885780586188048e-16
  Da luu: experiments/stageA_raw_results.csv, experiments/stageA_accuracy_checkpoints.csv, experiments/stageA_gamma_ground_truth_check.csv, batch_summary.csv (append)

============================================================
D6 Urban
============================================================
  |U|=675, |C|=147
  batch fit_reduction(80%): |R_init|=6 gamma=0.4800 5.19s
  batch fit_reduction(100%): |R_full|=7 gamma=0.4600 8.38s
  Jaccard(B_init,B_full)=0.300
  streaming i.i.d. (135 buoc): 0.22s
  streaming class-sorted (135 buoc): 0.23s
  [i.i.d.] zero_delta: new=0 existing=0 (0.00%)
  [i.i.d.] max shrink_frac=0.036 max gain_frac=0.055
  [class-sorted] max shrink_frac=0.047 max gain_frac=0.066
  [ground-truth gamma check] max abs diff (ca 2 luong) = 6.106226635438361e-16
  Da luu: experiments/stageA_raw_results.csv, experiments/stageA_accuracy_checkpoints.csv, experiments/stageA_gamma_ground_truth_check.csv, batch_summary.csv (append)

============================================================
D7 Musk
============================================================
  |U|=476, |C|=166
  batch fit_reduction(80%): |R_init|=8 gamma=0.3600 2.74s
  batch fit_reduction(100%): |R_full|=5 gamma=0.3500 2.13s
  Jaccard(B_init,B_full)=0.000
  streaming i.i.d. (96 buoc): 0.12s
  streaming class-sorted (96 buoc): 0.12s
  [i.i.d.] zero_delta: new=0 existing=0 (0.00%)
  [i.i.d.] max shrink_frac=0.054 max gain_frac=0.064
  [class-sorted] max shrink_frac=0.054 max gain_frac=0.063
  [ground-truth gamma check] max abs diff (ca 2 luong) = 1.2212453270876722e-15
  Da luu: experiments/stageA_raw_results.csv, experiments/stageA_accuracy_checkpoints.csv, experiments/stageA_gamma_ground_truth_check.csv, batch_summary.csv (append)

============================================================
D8 Arrhy
============================================================
_split.py:805: UserWarning: The least populated class in y has only 2 members, which is less than n_splits=5.
  warnings.warn(
_split.py:805: UserWarning: The least populated class in y has only 2 members, which is less than n_splits=5.
  warnings.warn(
_split.py:805: UserWarning: The least populated class in y has only 2 members, which is less than n_splits=5.
  warnings.warn(
_split.py:805: UserWarning: The least populated class in y has only 2 members, which is less than n_splits=5.
  warnings.warn(
_split.py:805: UserWarning: The least populated class in y has only 2 members, which is less than n_splits=5.
  warnings.warn(
_split.py:805: UserWarning: The least populated class in y has only 2 members, which is less than n_splits=5.
  warnings.warn(
_split.py:805: UserWarning: The least populated class in y has only 2 members, which is less than n_splits=5.
  warnings.warn(
_split.py:805: UserWarning: The least populated class in y has only 2 members, which is less than n_splits=5.
  warnings.warn(
_split.py:805: UserWarning: The least populated class in y has only 2 members, which is less than n_splits=5.
  warnings.warn(
_split.py:805: UserWarning: The least populated class in y has only 2 members, which is less than n_splits=5.
  warnings.warn(
_split.py:805: UserWarning: The least populated class in y has only 2 members, which is less than n_splits=5.
  warnings.warn(
  |U|=452, |C|=279
  batch fit_reduction(80%): |R_init|=10 gamma=0.3800 5.10s
  batch fit_reduction(100%): |R_full|=9 gamma=0.3500 6.16s
  Jaccard(B_init,B_full)=0.357
  streaming i.i.d. (91 buoc): 0.15s
  streaming class-sorted (91 buoc): 0.14s
  [i.i.d.] zero_delta: new=0 existing=0 (0.00%)
  [i.i.d.] max shrink_frac=0.052 max gain_frac=0.086
  [class-sorted] max shrink_frac=0.062 max gain_frac=0.112
  [ground-truth gamma check] max abs diff (ca 2 luong) = 2.7755575615628914e-16
  Da luu: experiments/stageA_raw_results.csv, experiments/stageA_accuracy_checkpoints.csv, experiments/stageA_gamma_ground_truth_check.csv, batch_summary.csv (append)

============================================================
D9 Spambase
============================================================
  |U|=4601, |C|=57
  batch fit_reduction(80%): |R_init|=9 gamma=0.4000 39.69s
  batch fit_reduction(100%): |R_full|=10 gamma=0.4100 49.81s
  Jaccard(B_init,B_full)=0.583
  streaming i.i.d. (921 buoc): 4.68s
  streaming class-sorted (921 buoc): 4.49s
  [i.i.d.] zero_delta: new=24 existing=3 (2.93%)
  [i.i.d.] max shrink_frac=0.061 max gain_frac=0.073
  [class-sorted] max shrink_frac=0.064 max gain_frac=0.080
  [ground-truth gamma check] max abs diff (ca 2 luong) = 5.218048215738236e-15
  Da luu: experiments/stageA_raw_results.csv, experiments/stageA_accuracy_checkpoints.csv, experiments/stageA_gamma_ground_truth_check.csv, batch_summary.csv (append)

============================================================
D10 Parkinsons
============================================================
  |U|=195, |C|=22
  batch fit_reduction(80%): |R_init|=3 gamma=0.5400 0.05s
  batch fit_reduction(100%): |R_full|=3 gamma=0.5600 0.07s
  Jaccard(B_init,B_full)=0.200
  streaming i.i.d. (39 buoc): 0.05s
  streaming class-sorted (39 buoc): 0.05s
  [i.i.d.] zero_delta: new=0 existing=0 (0.00%)
  [i.i.d.] max shrink_frac=0.047 max gain_frac=0.253
  [class-sorted] max shrink_frac=0.050 max gain_frac=0.244
  [ground-truth gamma check] max abs diff (ca 2 luong) = 4.440892098500626e-16
  Da luu: experiments/stageA_raw_results.csv, experiments/stageA_accuracy_checkpoints.csv, experiments/stageA_gamma_ground_truth_check.csv, batch_summary.csv (append)

============================================================
D12 Letter
============================================================
  |U|=20000, |C|=16
  batch fit_reduction(80%): |R_init|=11 gamma=0.5000 358.53s
  batch fit_reduction(100%): |R_full|=12 gamma=0.5100 575.31s
  Jaccard(B_init,B_full)=0.917
  streaming i.i.d. (4000 buoc): 539.65s
  streaming class-sorted (4000 buoc): 535.98s
  [i.i.d.] zero_delta: new=0 existing=0 (0.00%)
  [i.i.d.] max shrink_frac=0.005 max gain_frac=0.023
  [class-sorted] max shrink_frac=0.005 max gain_frac=0.028
  [ground-truth gamma check] max abs diff (ca 2 luong) = 1.3433698597964394e-14
  Da luu: experiments/stageA_raw_results.csv, experiments/stageA_accuracy_checkpoints.csv, experiments/stageA_gamma_ground_truth_check.csv, batch_summary.csv (append)

=== HOAN TAT ===
##### 2026-09-30 12:20:49 END rc=0 python3 e1_pipeline.py --only D1 D2 D3 D4 D5 D6 D7 D8 D9 D10 D12 --prefix stageA_

##### 2026-09-30 12:20:49 START python3 e1_pipeline.py --only D11 --prefix stageB_

============================================================
D11 Isolet
============================================================
  |U|=7797, |C|=617
  batch fit_reduction(80%): |R_init|=19 gamma=0.4500 2050.85s
  batch fit_reduction(100%): |R_full|=20 gamma=0.4500 3270.54s
  Jaccard(B_init,B_full)=0.300
  streaming i.i.d. (1560 buoc): 16.65s
  streaming class-sorted (1560 buoc): 16.20s
  [i.i.d.] zero_delta: new=0 existing=0 (0.00%)
  [i.i.d.] max shrink_frac=0.014 max gain_frac=0.028
  [class-sorted] max shrink_frac=0.012 max gain_frac=0.031
  [ground-truth gamma check] max abs diff (ca 2 luong) = 1.4988010832439613e-15
  Da luu: experiments/stageB_raw_results.csv, experiments/stageB_accuracy_checkpoints.csv, experiments/stageB_gamma_ground_truth_check.csv, batch_summary.csv (append)

=== HOAN TAT ===
##### 2026-09-30 13:50:07 END rc=0 python3 e1_pipeline.py --only D11 --prefix stageB_

##### 2026-09-30 13:50:07 START python3 baseline_xu2025b/run_baseline_comparison.py

============================================================
D1 Wine (Xu2025b baseline, delta=0.15)
============================================================
  fit_reduction(80%): |R_init|=5 CE=0.0000 0.01s
  fit_reduction(100%): |R_full|=6 CE=0.0000 0.02s
  streaming (36 buoc): 0.0003s (wall 0.00s), max ground-truth diff=0.0
  speedup=50.3x  gap_3nn=-1.65%  gap_svm=-2.22%  Jaccard(init,full)=0.571

============================================================
D2 WDBC (Xu2025b baseline, delta=0.15)
============================================================
  fit_reduction(80%): |R_init|=9 CE=0.0000 0.41s
  fit_reduction(100%): |R_full|=11 CE=0.0000 0.78s
  streaming (114 buoc): 0.0018s (wall 0.03s), max ground-truth diff=0.0
  speedup=423.5x  gap_3nn=-0.18%  gap_svm=-0.00%  Jaccard(init,full)=0.429

============================================================
D3 Iono (Xu2025b baseline, delta=0.15)
============================================================
  fit_reduction(80%): |R_init|=8 CE=0.0000 0.15s
  fit_reduction(100%): |R_full|=7 CE=0.0000 0.26s
  streaming (71 buoc): 0.0009s (wall 0.01s), max ground-truth diff=0.0
  speedup=302.4x  gap_3nn=-1.44%  gap_svm=-0.29%  Jaccard(init,full)=0.154

============================================================
D4 Derm (Xu2025b baseline, delta=0.15)
============================================================
  fit_reduction(80%): |R_init|=8 CE=0.0000 0.19s
  fit_reduction(100%): |R_full|=9 CE=0.0000 0.32s
  streaming (74 buoc): 0.0009s (wall 0.01s), max ground-truth diff=0.0
  speedup=361.6x  gap_3nn=-4.36%  gap_svm=-3.84%  Jaccard(init,full)=0.700

============================================================
D5 Sonar (Xu2025b baseline, delta=0.15)
============================================================
  fit_reduction(80%): |R_init|=6 CE=0.0000 0.11s
  fit_reduction(100%): |R_full|=6 CE=0.0000 0.18s
  streaming (42 buoc): 0.0004s (wall 0.00s), max ground-truth diff=0.0
  speedup=461.5x  gap_3nn=-0.96%  gap_svm=-1.49%  Jaccard(init,full)=0.200

============================================================
D6 Urban (Xu2025b baseline, delta=0.15)
============================================================
  fit_reduction(80%): |R_init|=9 CE=0.0000 6.70s
  fit_reduction(100%): |R_full|=9 CE=0.0000 10.33s
  streaming (135 buoc): 0.0027s (wall 0.06s), max ground-truth diff=0.0
  speedup=3875.1x  gap_3nn=-2.22%  gap_svm=-1.78%  Jaccard(init,full)=0.636

============================================================
D7 Musk (Xu2025b baseline, delta=0.15)
============================================================
  fit_reduction(80%): |R_init|=11 CE=0.0000 4.40s
  fit_reduction(100%): |R_full|=13 CE=0.0000 7.58s
  streaming (96 buoc): 0.0015s (wall 0.02s), max ground-truth diff=0.0
  speedup=5028.7x  gap_3nn=-0.22%  gap_svm=-0.62%  Jaccard(init,full)=0.143

============================================================
D8 Arrhy (Xu2025b baseline, delta=0.15)
============================================================
_split.py:805: UserWarning: The least populated class in y has only 2 members, which is less than n_splits=5.
  warnings.warn(
_split.py:805: UserWarning: The least populated class in y has only 2 members, which is less than n_splits=5.
  warnings.warn(
  fit_reduction(80%): |R_init|=11 CE=0.0000 10.29s
  fit_reduction(100%): |R_full|=11 CE=0.0000 15.87s
  streaming (91 buoc): 0.0014s (wall 0.02s), max ground-truth diff=0.0
  speedup=11090.5x  gap_3nn=-2.00%  gap_svm=-0.67%  Jaccard(init,full)=0.375

============================================================
D9 Spambase (Xu2025b baseline, delta=0.15)
============================================================
  fit_reduction(80%): |R_init|=56 CE=0.3349 73.35s
  fit_reduction(100%): |R_full|=56 CE=0.3553 126.80s
  streaming (921 buoc): 0.2383s (wall 42.68s), max ground-truth diff=0.0
  speedup=532.1x  gap_3nn=0.00%  gap_svm=0.00%  Jaccard(init,full)=1.000

============================================================
D10 Parkinsons (Xu2025b baseline, delta=0.15)
============================================================
  fit_reduction(80%): |R_init|=5 CE=0.0000 0.02s
  fit_reduction(100%): |R_full|=8 CE=0.0000 0.05s
  streaming (39 buoc): 0.0004s (wall 0.00s), max ground-truth diff=0.0
  speedup=141.0x  gap_3nn=-1.54%  gap_svm=-2.05%  Jaccard(init,full)=0.444

============================================================
D12 Letter (Xu2025b baseline, delta=0.15)
============================================================
  fit_reduction(80%): |R_init|=16 CE=0.0516 116.34s
  fit_reduction(100%): |R_full|=16 CE=0.0566 140.66s
  streaming (4000 buoc): 1.5949s (wall 1284.93s), max ground-truth diff=0.0
  speedup=88.2x  gap_3nn=0.00%  gap_svm=0.00%  Jaccard(init,full)=1.000

Da luu: experiments/baseline_xu2025b/../baseline_xu2025b_results.csv
dataset dataset_name  delta  reduct_init_size  reduct_full_size  time_batch_init_sec  time_state_init_sec  time_batch_full_sec  stream_time_sec      speedup   gap_3nn   gap_svm  max_ground_truth_diff  acc_3nn_init  acc_3nn_full  acc_svm_init  acc_svm_full                                                                                                                                          reduct_init_features                                                                                                                                          reduct_full_features  jaccard_init_full
     D1         Wine   0.15                 5                 6             0.010342             0.000294             0.016468         0.000328    50.277708 -1.650794 -2.222222                    0.0      0.949524      0.933016      0.971905      0.949683                                                                                                                                                     0|4|5|6|9                                                                                                                                                  0|1|4|5|9|11           0.571429
     D2         WDBC   0.15                 9                11             0.413416             0.002904             0.780730         0.001844   423.487339 -0.175439 -0.001553                    0.0      0.948983      0.947229      0.964835      0.964819                                                                                                                                       0|5|8|11|21|24|25|26|27                                                                                                                                    0|1|5|7|8|9|11|18|21|24|28           0.428571
     D3         Iono   0.15                 8                 7             0.154483             0.001081             0.262113         0.000867   302.440512 -1.440644 -0.289738                    0.0      0.894648      0.880241      0.923058      0.920161                                                                                                                                          2|4|8|13|22|23|24|27                                                                                                                                              2|4|5|7|16|29|33           0.153846
     D4         Derm   0.15                 8                 9             0.191201             0.001158             0.316967         0.000877   361.576513 -4.361348 -3.835616                    0.0      0.748464      0.704850      0.792299      0.753943                                                                                                                                           0|1|2|3|13|15|17|18                                                                                                                                        0|1|2|3|15|16|17|18|33           0.700000
     D5        Sonar   0.15                 6                 6             0.112850             0.000425             0.180655         0.000391   461.542811 -0.963995 -1.486643                    0.0      0.797909      0.788269      0.812544      0.797677                                                                                                                                              0|11|22|25|29|36                                                                                                                                             11|17|20|27|29|43           0.200000
     D6        Urban   0.15                 9                 9             6.695057             0.004409            10.326005         0.002665  3875.093765 -2.222222 -1.777778                    0.0      0.708148      0.685926      0.776296      0.758519                                                                                                                                        0|1|2|3|6|17|32|84|100                                                                                                                                       0|1|2|3|6|17|78|100|126           0.636364
     D7         Musk   0.15                11                13             4.397474             0.002208             7.577993         0.001507  5028.665621 -0.221491 -0.616228                    0.0      0.777346      0.775132      0.796053      0.789890                                                                                                                            0|3|7|43|87|96|106|113|128|147|154                                                                                                                        3|7|9|21|31|37|58|60|82|87|130|135|157           0.142857
     D8        Arrhy   0.15                11                11            10.294021             0.002123            15.868174         0.001431 11090.498309 -1.995116 -0.669109                    0.0      0.546520      0.526569      0.568620      0.561929                                                                                                                                 0|1|3|4|5|6|29|76|190|198|261                                                                                                                                   0|1|3|4|5|6|44|52|65|89|171           0.375000
     D9     Spambase   0.15                56                56            73.349350             0.832633           126.804275         0.238290   532.143009  0.000000  0.000000                    0.0      0.897632      0.897632      0.931537      0.931537 0|1|2|3|4|5|6|7|8|9|10|11|12|13|14|15|16|17|18|19|20|21|22|23|24|25|26|27|28|29|30|31|32|33|34|35|36|37|38|39|40|41|42|43|44|45|46|47|48|49|50|51|52|53|55|56 0|1|2|3|4|5|6|7|8|9|10|11|12|13|14|15|16|17|18|19|20|21|22|23|24|25|26|27|28|29|30|31|32|33|34|35|36|37|38|39|40|41|42|43|44|45|46|47|48|49|50|51|52|53|55|56           1.000000
    D10   Parkinsons   0.15                 5                 8             0.020674             0.000361             0.051045         0.000362   141.006956 -1.538462 -2.051282                    0.0      0.958974      0.943590      0.876923      0.856410                                                                                                                                                  0|9|16|17|18                                                                                                                                           0|1|2|3|15|16|17|18           0.444444
    D12       Letter   0.15                16                16           116.343272             4.753954           140.659037         1.594884    88.193900  0.000000  0.000000                    0.0      0.954950      0.954950      0.924850      0.924850                                                                                                                         0|1|2|3|4|5|6|7|8|9|10|11|12|13|14|15                                                                                                                         0|1|2|3|4|5|6|7|8|9|10|11|12|13|14|15           1.000000
##### 2026-09-30 14:21:20 END rc=0 python3 baseline_xu2025b/run_baseline_comparison.py

##### 2026-09-30 14:21:20 START python3 baseline_xu2025b/measure_ce_reevaluation_cost.py
D1 Wine: n=178 |R_init|=5  ce_time min=0.000045s median=0.000047s over 7 reps
D2 WDBC: n=569 |R_init|=9  ce_time min=0.000119s median=0.000124s over 7 reps
D3 Iono: n=351 |R_init|=8  ce_time min=0.000061s median=0.000065s over 7 reps
D4 Derm: n=366 |R_init|=8  ce_time min=0.000192s median=0.000195s over 7 reps
D5 Sonar: n=208 |R_init|=6  ce_time min=0.000035s median=0.000036s over 7 reps
D6 Urban: n=675 |R_init|=9  ce_time min=0.000811s median=0.000819s over 7 reps
D7 Musk: n=476 |R_init|=11  ce_time min=0.000092s median=0.000094s over 7 reps
D8 Arrhy: n=452 |R_init|=11  ce_time min=0.000489s median=0.000493s over 7 reps
D9 Spambase: n=4601 |R_init|=56  ce_time min=0.005372s median=0.005416s over 7 reps
D10 Parkinsons: n=195 |R_init|=5  ce_time min=0.000031s median=0.000035s over 7 reps
D12 Letter: n=20000 |R_init|=16  ce_time min=1.037025s median=1.037750s over 7 reps

Saved: experiments/baseline_xu2025b/../ce_reevaluation_cost.csv
dataset dataset_name     n  reduct_init_size  ce_reeval_time_min_sec  ce_reeval_time_median_sec  n_repeats
     D1         Wine   178                 5                0.000045                   0.000047          7
     D2         WDBC   569                 9                0.000119                   0.000124          7
     D3         Iono   351                 8                0.000061                   0.000065          7
     D4         Derm   366                 8                0.000192                   0.000195          7
     D5        Sonar   208                 6                0.000035                   0.000036          7
     D6        Urban   675                 9                0.000811                   0.000819          7
     D7         Musk   476                11                0.000092                   0.000094          7
     D8        Arrhy   452                11                0.000489                   0.000493          7
     D9     Spambase  4601                56                0.005372                   0.005416          7
    D10   Parkinsons   195                 5                0.000031                   0.000035          7
    D12       Letter 20000                16                1.037025                   1.037750          7
##### 2026-09-30 14:21:32 END rc=0 python3 baseline_xu2025b/measure_ce_reevaluation_cost.py

##### 2026-09-30 14:21:32 START python3 baseline_li2026/run_baseline_li2026.py --exclude D11

========================================================
D1 Wine (Li2026 FNDS, delta=0.75)
========================================================
  fit(80%): |R_init|=10 Pos=126 0.03s
  fit(100%): |R_full|=13 Pos=154 0.05s
  stream(36): 0.0005s max_pos_mismatch=0
  speedup=102.3x gap3=-2.24 gapsvm=1.11 Jac=0.769

========================================================
D2 WDBC (Li2026 FNDS, delta=0.75)
========================================================
  fit(80%): |R_init|=23 Pos=144 0.18s
  fit(100%): |R_full|=22 Pos=175 0.23s
  stream(114): 0.0032s max_pos_mismatch=0
  speedup=70.0x gap3=0.00 gapsvm=-0.35 Jac=0.957

========================================================
D3 Iono (Li2026 FNDS, delta=0.75)
========================================================
  fit(80%): |R_init|=21 Pos=204 0.26s
  fit(100%): |R_full|=21 Pos=261 0.37s
  stream(71): 0.0016s max_pos_mismatch=0
  speedup=236.7x gap3=0.00 gapsvm=0.00 Jac=1.000

========================================================
D4 Derm (Li2026 FNDS, delta=0.75)
========================================================
  fit(80%): |R_init|=8 Pos=292 0.34s
  fit(100%): |R_full|=9 Pos=366 0.50s
  stream(74): 0.0013s max_pos_mismatch=0
  speedup=396.3x gap3=-0.54 gapsvm=1.90 Jac=0.545

========================================================
D5 Sonar (Li2026 FNDS, delta=0.75)
========================================================
  fit(80%): |R_init|=19 Pos=157 0.10s
  fit(100%): |R_full|=20 Pos=193 0.16s
  stream(42): 0.0007s max_pos_mismatch=0
  speedup=228.0x gap3=0.96 gapsvm=0.93 Jac=0.560

========================================================
D6 Urban (Li2026 FNDS, delta=0.75)
========================================================
  fit(80%): |R_init|=38 Pos=518 4.14s
  fit(100%): |R_full|=42 Pos=640 8.44s
  stream(135): 0.0059s max_pos_mismatch=0
  speedup=1420.5x gap3=0.15 gapsvm=1.04 Jac=0.633

========================================================
D7 Musk (Li2026 FNDS, delta=0.75)
========================================================
  fit(80%): |R_init|=19 Pos=380 1.14s
  fit(100%): |R_full|=23 Pos=476 1.93s
  stream(96): 0.0023s max_pos_mismatch=0
  speedup=824.2x gap3=1.68 gapsvm=0.42 Jac=0.500

========================================================
D8 Arrhy (Li2026 FNDS, delta=0.75)
========================================================
  fit(80%): |R_init|=29 Pos=354 1.06s
  fit(100%): |R_full|=32 Pos=443 1.66s
  stream(91): 0.0024s max_pos_mismatch=0
_split.py:805: UserWarning: The least populated class in y has only 2 members, which is less than n_splits=5.
  warnings.warn(
_split.py:805: UserWarning: The least populated class in y has only 2 members, which is less than n_splits=5.
  warnings.warn(
  speedup=690.5x gap3=0.00 gapsvm=-0.00 Jac=0.848

========================================================
D9 Spambase (Li2026 FNDS, delta=0.75)
========================================================
  fit(80%): |R_init|=55 Pos=569 4.48s
  fit(100%): |R_full|=55 Pos=690 7.09s
  stream(921): 0.2045s max_pos_mismatch=0
  speedup=34.7x gap3=0.00 gapsvm=0.00 Jac=1.000

========================================================
D10 Parkinsons (Li2026 FNDS, delta=0.75)
========================================================
  fit(80%): |R_init|=12 Pos=95 0.02s
  fit(100%): |R_full|=12 Pos=115 0.02s
  stream(39): 0.0006s max_pos_mismatch=0
  speedup=40.4x gap3=0.00 gapsvm=0.00 Jac=1.000

========================================================
D12 Letter (Li2026 FNDS, delta=0.75)
========================================================
  fit(80%): |R_init|=16 Pos=580 39.20s
  fit(100%): |R_full|=16 Pos=699 52.17s
  stream(4000): 2.2546s max_pos_mismatch=0
  speedup=23.1x gap3=0.00 gapsvm=0.00 Jac=1.000

Saved: experiments/baseline_li2026/../baseline_li2026_results.csv
dataset dataset_name  delta  reduct_init_size  reduct_full_size  time_batch_full_sec  stream_time_sec     speedup   gap_3nn   gap_svm  max_pos_mismatch  acc_3nn_init  acc_3nn_full  acc_svm_init  acc_svm_full                                                                                                                                       reduct_init_features                                                                                                                                       reduct_full_features  jaccard_init_full
     D1         Wine   0.75                10                13             0.053213         0.000520  102.282699 -2.238095  1.111111                 0      0.977619      0.955238      0.972063      0.983175                                                                                                                                     0|1|3|4|7|8|9|10|11|12                                                                                                                               0|1|2|3|4|5|6|7|8|9|10|11|12           0.769231
     D2         WDBC   0.75                23                22             0.226947         0.003243   69.980616  0.000000 -0.352430                 0      0.970113      0.970113      0.980655      0.977131                                                                                                0|1|3|4|5|6|7|8|9|10|11|14|15|17|18|20|21|22|24|26|27|28|29                                                                                                  0|1|4|5|6|7|8|9|10|11|14|15|17|18|20|21|22|24|26|27|28|29           0.956522
     D3         Iono   0.75                21                21             0.369872         0.001563  236.667246  0.000000  0.000000                 0      0.857505      0.857505      0.931590      0.931590                                                                                                    2|4|5|6|7|8|9|10|11|17|18|19|21|23|24|26|29|30|31|32|33                                                                                                    2|4|5|6|7|8|9|10|11|17|18|19|21|23|24|26|29|30|31|32|33           1.000000
     D4         Derm   0.75                 8                 9             0.504424         0.001273  396.262315 -0.540541  1.902999                 0      0.748464      0.743058      0.792299      0.811329                                                                                                                                        0|1|2|3|13|15|17|18                                                                                                                                     0|2|3|4|15|17|18|27|31           0.545455
     D5        Sonar   0.75                19                20             0.163149         0.000715  228.048540  0.963995  0.929152                 0      0.864925      0.874564      0.826829      0.836121                                                                                                     5|9|10|11|16|20|21|26|29|30|33|35|38|45|47|49|52|53|56                                                                                                   5|6|9|10|11|15|19|21|24|26|28|30|32|35|38|45|47|49|53|56           0.560000
     D6        Urban   0.75                38                42             8.444900         0.005945 1420.493681  0.148148  1.037037                 0      0.740741      0.742222      0.810370      0.820741                                     0|1|7|9|13|14|15|16|17|18|19|23|34|35|38|42|43|49|55|57|59|63|79|80|89|90|95|97|99|104|113|119|122|126|127|137|140|146                        0|1|6|8|13|14|15|16|17|18|19|21|23|24|28|34|35|38|42|43|51|57|58|59|63|70|79|80|89|90|93|97|104|119|122|126|127|137|140|141|143|146           0.632653
     D7         Musk   0.75                19                23             1.930253         0.002342  824.219583  1.684211  0.421053                 0      0.794079      0.810921      0.821360      0.825570                                                                                                 0|6|7|31|40|43|46|47|49|82|83|87|96|98|106|110|123|157|160                                                                                   0|7|18|31|35|36|46|47|49|74|79|82|83|87|92|96|98|100|103|106|109|157|160           0.500000
     D8        Arrhy   0.75                29                32             1.657263         0.002400  690.514471  0.002442 -0.002442                 0      0.588547      0.588571      0.621758      0.621734                                                               0|1|8|10|11|13|17|27|29|39|40|44|46|51|56|63|65|89|90|92|137|149|169|190|205|232|241|261|266                                                     0|1|8|10|11|13|17|27|29|39|40|44|46|48|51|56|63|65|77|89|90|92|102|137|149|190|205|209|232|241|261|266           0.848485
     D9     Spambase   0.75                55                55             7.093848         0.204514   34.686425  0.000000  0.000000                 0      0.898937      0.898937      0.932841      0.932841 0|1|2|3|4|5|6|7|8|9|10|11|12|13|14|15|16|17|18|19|20|21|22|23|24|25|26|27|28|29|30|31|32|33|34|35|36|37|38|39|40|41|42|43|44|45|46|47|48|50|51|52|53|54|56 0|1|2|3|4|5|6|7|8|9|10|11|12|13|14|15|16|17|18|19|20|21|22|23|24|25|26|27|28|29|30|31|32|33|34|35|36|37|38|39|40|41|42|43|44|45|46|47|48|50|51|52|53|54|56           1.000000
    D10   Parkinsons   0.75                12                12             0.023138         0.000573   40.383354  0.000000  0.000000                 0      0.938462      0.938462      0.882051      0.882051                                                                                                                            0|1|2|3|10|15|16|17|18|19|20|21                                                                                                                            0|1|2|3|10|15|16|17|18|19|20|21           1.000000
    D12       Letter   0.75                16                16            52.170423         2.254584   23.139714  0.000000  0.000000                 0      0.954950      0.954950      0.924850      0.924850                                                                                                                      0|1|2|3|4|5|6|7|8|9|10|11|12|13|14|15                                                                                                                      0|1|2|3|4|5|6|7|8|9|10|11|12|13|14|15           1.000000
##### 2026-09-30 14:52:12 END rc=0 python3 baseline_li2026/run_baseline_li2026.py --exclude D11

##### 2026-09-30 14:52:12 START python3 baseline_deng2026/run_baseline_deng2026.py --exclude D11 --t 2

======================================================
D1 Wine (Deng2026 0-OF, t=2.0)
======================================================
  fit(80%): |R_init|=4 |DIS|=13070 0.00s
  fit(100%): |R_full|=4 |DIS|=20858 0.00s
  gap3=0.54 gapsvm=2.29 Jac=0.600 acc3_full=94.94 accsvm_full=96.63

======================================================
D2 WDBC (Deng2026 0-OF, t=2.0)
======================================================
  fit(80%): |R_init|=4 |DIS|=96900 0.06s
  fit(100%): |R_full|=4 |DIS|=151368 0.06s
  gap3=-0.00 gapsvm=0.70 Jac=0.600 acc3_full=90.34 accsvm_full=94.03

======================================================
D3 Iono (Deng2026 0-OF, t=2.0)
======================================================
  fit(80%): |R_init|=7 |DIS|=36312 0.04s
  fit(100%): |R_full|=8 |DIS|=56700 0.04s
  gap3=-1.71 gapsvm=0.29 Jac=0.250 acc3_full=87.75 accsvm_full=91.74

======================================================
D4 Derm (Deng2026 0-OF, t=2.0)
======================================================
  fit(80%): |R_init|=23 |DIS|=68354 0.11s
  fit(100%): |R_full|=26 |DIS|=107002 0.15s
  gap3=0.54 gapsvm=0.82 Jac=0.885 acc3_full=97.00 accsvm_full=98.09

======================================================
D5 Sonar (Deng2026 0-OF, t=2.0)
======================================================
  fit(80%): |R_init|=8 |DIS|=13706 0.02s
  fit(100%): |R_full|=7 |DIS|=21534 0.03s
  gap3=0.52 gapsvm=4.83 Jac=0.154 acc3_full=80.33 accsvm_full=82.21

======================================================
D6 Urban (Deng2026 0-OF, t=2.0)
======================================================
  fit(80%): |R_init|=11 |DIS|=251754 0.65s
  fit(100%): |R_full|=11 |DIS|=393010 0.81s
  gap3=-7.26 gapsvm=-3.56 Jac=0.375 acc3_full=53.19 accsvm_full=67.56

======================================================
D7 Musk (Deng2026 0-OF, t=2.0)
======================================================
  fit(80%): |R_init|=16 |DIS|=69888 0.49s
  fit(100%): |R_full|=21 |DIS|=111366 0.78s
  gap3=-1.25 gapsvm=3.36 Jac=0.321 acc3_full=76.48 accsvm_full=78.57

======================================================
D8 Arrhy (Deng2026 0-OF, t=2.0)
======================================================
  fit(80%): |R_init|=65 |DIS|=91820 3.19s
  fit(100%): |R_full|=72 |DIS|=137980 4.18s
_split.py:805: UserWarning: The least populated class in y has only 2 members, which is less than n_splits=5.
  warnings.warn(
_split.py:805: UserWarning: The least populated class in y has only 2 members, which is less than n_splits=5.
  warnings.warn(
  gap3=-0.23 gapsvm=-0.22 Jac=0.756 acc3_full=55.10 accsvm_full=61.51

======================================================
D9 Spambase (Deng2026 0-OF, t=2.0)
======================================================
  fit(80%): |R_init|=49 |DIS|=6452798 48.27s
  fit(100%): |R_full|=50 |DIS|=10109288 58.82s
  gap3=-0.20 gapsvm=-0.39 Jac=0.941 acc3_full=89.24 accsvm_full=92.89

======================================================
D10 Parkinsons (Deng2026 0-OF, t=2.0)
======================================================
  fit(80%): |R_init|=4 |DIS|=8640 0.01s
  fit(100%): |R_full|=4 |DIS|=14112 0.01s
  gap3=0.00 gapsvm=0.00 Jac=1.000 acc3_full=86.67 accsvm_full=87.18

======================================================
D12 Letter (Deng2026 0-OF, t=2.0)
======================================================
  fit(80%): |R_init|=11 |DIS|=246138438 53.56s
  fit(100%): |R_full|=12 |DIS|=384601958 50.22s
  gap3=1.08 gapsvm=2.94 Jac=0.769 acc3_full=94.03 accsvm_full=90.23

Saved: experiments/baseline_deng2026/../baseline_deng2026_results.csv
dataset dataset_name   t  reduct_init_size  reduct_full_size  time_batch_init_sec  time_batch_full_sec   gap_3nn   gap_svm  acc_3nn_init  acc_3nn_full  acc_svm_init  acc_svm_full                                                                                                                                                                                                      reduct_init_features                                                                                                                                                                                                                           reduct_full_features  jaccard_init_full
     D1         Wine 2.0                 4                 4             0.003054             0.003469  0.539683  2.285714      0.943968      0.949365      0.943492      0.966349                                                                                                                                                                                                                  0|2|6|10                                                                                                                                                                                                                                       0|3|6|10           0.600000
     D2         WDBC 2.0                 4                 4             0.058325             0.061923 -0.001553  0.703307      0.903369      0.903354      0.933240      0.940273                                                                                                                                                                                                                 2|6|11|27                                                                                                                                                                                                                                      0|6|11|27           0.600000
     D3         Iono 2.0                 7                 8             0.035230             0.040898 -1.706237  0.285714      0.894608      0.877545      0.914567      0.917425                                                                                                                                                                                                          0|3|4|8|13|17|21                                                                                                                                                                                                                            0|2|3|9|20|21|27|30           0.250000
     D4         Derm 2.0                23                26             0.111377             0.150548  0.536838  0.821918      0.964606      0.969974      0.972640      0.980859                                                                                                                                                            3|4|5|7|8|9|10|11|14|17|19|21|22|23|24|25|26|27|28|29|30|31|32                                                                                                                                                                          2|3|4|5|6|7|8|9|10|11|13|14|17|19|21|22|23|24|25|26|27|28|29|30|31|32           0.884615
     D5        Sonar 2.0                 8                 7             0.024980             0.026837  0.522648  4.831591      0.798026      0.803252      0.773751      0.822067                                                                                                                                                                                                    5|12|16|20|24|31|47|53                                                                                                                                                                                                                             0|7|11|20|25|36|47           0.153846
     D6        Urban 2.0                11                11             0.654864             0.811654 -7.259259 -3.555556      0.604444      0.531852      0.711111      0.675556                                                                                                                                                                                         7|17|21|42|43|59|79|92|96|136|140                                                                                                                                                                                                           14|17|43|59|71|79|96|104|122|137|140           0.375000
     D7         Musk 2.0                16                21             0.494578             0.775131 -1.250000  3.359649      0.777346      0.764846      0.752127      0.785724                                                                                                                                                                       1|3|15|30|31|60|79|87|95|96|107|113|137|156|157|159                                                                                                                                                                                2|3|4|7|15|16|19|30|31|32|40|46|66|87|95|96|109|131|156|157|160           0.321429
     D8        Arrhy 2.0                65                72             3.191673             4.177626 -0.234432 -0.217338      0.553333      0.550989      0.617314      0.615140 1|6|17|22|23|24|26|29|31|33|34|38|41|44|45|46|47|48|49|53|54|56|57|59|60|63|70|71|75|79|81|82|85|89|90|94|95|96|97|98|105|106|107|108|109|110|111|117|119|121|122|126|127|130|133|134|142|146|154|155|158|184|192|220|241 0|1|10|13|17|22|23|24|26|31|33|34|38|41|42|43|44|45|46|47|48|49|50|53|54|56|57|58|59|60|65|66|70|71|75|79|81|82|85|90|91|93|94|95|96|97|98|105|106|107|108|109|110|111|117|119|121|122|126|127|130|133|134|142|146|153|154|158|184|192|211|220           0.756410
     D9     Spambase 2.0                49                50            48.271630            58.817589 -0.195581 -0.391186      0.894374      0.892418      0.932842      0.928930                                                                                  0|1|2|3|4|5|6|7|8|9|11|12|13|15|18|19|20|21|22|23|24|25|26|27|30|31|32|34|35|36|37|38|39|40|41|42|43|44|45|46|47|48|49|50|51|52|53|54|56                                                                                                   0|1|2|3|4|5|6|7|9|11|12|13|15|17|18|19|20|21|22|23|24|25|26|27|30|31|32|34|35|36|37|38|39|40|41|42|43|44|45|46|47|48|49|50|51|52|53|54|55|56           0.941176
    D10   Parkinsons 2.0                 4                 4             0.005460             0.006178  0.000000  0.000000      0.866667      0.866667      0.871795      0.871795                                                                                                                                                                                                                 0|3|18|19                                                                                                                                                                                                                                      0|3|18|19           1.000000
    D12       Letter 2.0                11                12            53.556382            50.217390  1.080000  2.940000      0.929500      0.940300      0.872950      0.902350                                                                                                                                                                                                 0|1|3|5|7|8|9|10|11|12|14                                                                                                                                                                                                                   0|1|3|4|7|8|9|10|11|12|14|15           0.769231
##### 2026-09-30 14:56:25 END rc=0 python3 baseline_deng2026/run_baseline_deng2026.py --exclude D11 --t 2

##### 2026-09-30 14:56:25 START python3 baseline_deng2026/run_baseline_deng2026.py --exclude D11 --t 1 --out baseline_deng2026_t1_results.csv

======================================================
D1 Wine (Deng2026 0-OF, t=1.0)
======================================================
  fit(80%): |R_init|=13 |DIS|=13070 0.01s
  fit(100%): |R_full|=13 |DIS|=20858 0.01s
  gap3=0.00 gapsvm=0.00 Jac=1.000 acc3_full=95.52 accsvm_full=98.32

======================================================
D2 WDBC (Deng2026 0-OF, t=1.0)
======================================================
  fit(80%): |R_init|=30 |DIS|=96900 0.32s
  fit(100%): |R_full|=30 |DIS|=151368 0.37s
  gap3=0.00 gapsvm=0.00 Jac=1.000 acc3_full=97.01 accsvm_full=98.24

======================================================
D3 Iono (Deng2026 0-OF, t=1.0)
======================================================
  fit(80%): |R_init|=33 |DIS|=36312 0.17s
  fit(100%): |R_full|=33 |DIS|=56700 0.19s
  gap3=0.00 gapsvm=0.00 Jac=1.000 acc3_full=86.33 accsvm_full=94.02

======================================================
D4 Derm (Deng2026 0-OF, t=1.0)
======================================================
  fit(80%): |R_init|=33 |DIS|=68354 0.18s
  fit(100%): |R_full|=34 |DIS|=107002 0.21s
  gap3=0.54 gapsvm=0.00 Jac=0.971 acc3_full=97.00 accsvm_full=97.54

======================================================
D5 Sonar (Deng2026 0-OF, t=1.0)
======================================================
  fit(80%): |R_init|=56 |DIS|=13706 0.18s
  fit(100%): |R_full|=57 |DIS|=21534 0.22s
  gap3=0.48 gapsvm=0.00 Jac=0.948 acc3_full=84.10 accsvm_full=85.57

======================================================
D6 Urban (Deng2026 0-OF, t=1.0)
======================================================
  fit(80%): |R_init|=125 |DIS|=251754 7.85s
  fit(100%): |R_full|=124 |DIS|=393010 8.69s
  gap3=0.00 gapsvm=-0.15 Jac=0.961 acc3_full=77.78 accsvm_full=82.81

======================================================
D7 Musk (Deng2026 0-OF, t=1.0)
======================================================
  fit(80%): |R_init|=110 |DIS|=69888 3.66s
  fit(100%): |R_full|=114 |DIS|=111366 4.83s
  gap3=0.21 gapsvm=-0.21 Jac=0.882 acc3_full=80.89 accsvm_full=88.45

======================================================
D8 Arrhy (Deng2026 0-OF, t=1.0)
======================================================
  fit(80%): |R_init|=139 |DIS|=91820 7.33s
  fit(100%): |R_full|=150 |DIS|=137980 9.19s
_split.py:805: UserWarning: The least populated class in y has only 2 members, which is less than n_splits=5.
  warnings.warn(
_split.py:805: UserWarning: The least populated class in y has only 2 members, which is less than n_splits=5.
  warnings.warn(
  gap3=0.22 gapsvm=-1.11 Jac=0.877 acc3_full=58.42 accsvm_full=60.18

======================================================
D9 Spambase (Deng2026 0-OF, t=1.0)
======================================================
  fit(80%): |R_init|=57 |DIS|=6452798 43.54s
  fit(100%): |R_full|=57 |DIS|=10109288 46.52s
  gap3=0.00 gapsvm=0.00 Jac=1.000 acc3_full=89.74 accsvm_full=93.13

======================================================
D10 Parkinsons (Deng2026 0-OF, t=1.0)
======================================================
  fit(80%): |R_init|=19 |DIS|=8640 0.02s
  fit(100%): |R_full|=20 |DIS|=14112 0.03s
  gap3=0.51 gapsvm=0.00 Jac=0.950 acc3_full=94.87 accsvm_full=87.69

======================================================
D12 Letter (Deng2026 0-OF, t=1.0)
======================================================
  fit(80%): |R_init|=16 |DIS|=246138438 58.37s
  fit(100%): |R_full|=16 |DIS|=384601958 48.72s
  gap3=0.00 gapsvm=0.00 Jac=1.000 acc3_full=95.49 accsvm_full=92.48

Saved: experiments/baseline_deng2026/../baseline_deng2026_t1_results.csv
dataset dataset_name   t  reduct_init_size  reduct_full_size  time_batch_init_sec  time_batch_full_sec      gap_3nn   gap_svm  acc_3nn_init  acc_3nn_full  acc_svm_init  acc_svm_full                                                                                                                                                                                                                                                                                                                                                                                                                                                                               reduct_init_features                                                                                                                                                                                                                                                                                                                                                                                                                                                                                                                      reduct_full_features  jaccard_init_full
     D1         Wine 1.0                13                13             0.008309             0.009718 0.000000e+00  0.000000      0.955238      0.955238      0.983175      0.983175                                                                                                                                                                                                                                                                                                                                                                                                                                                                       0|1|2|3|4|5|6|7|8|9|10|11|12                                                                                                                                                                                                                                                                                                                                                                                                                                                                                                              0|1|2|3|4|5|6|7|8|9|10|11|12           1.000000
     D2         WDBC 1.0                30                30             0.322790             0.373490 0.000000e+00  0.000000      0.970082      0.970082      0.982410      0.982410                                                                                                                                                                                                                                                                                                                                                                                                                    0|1|2|3|4|5|6|7|8|9|10|11|12|13|14|15|16|17|18|19|20|21|22|23|24|25|26|27|28|29                                                                                                                                                                                                                                                                                                                                                                                                                                                           0|1|2|3|4|5|6|7|8|9|10|11|12|13|14|15|16|17|18|19|20|21|22|23|24|25|26|27|28|29           1.000000
     D3         Iono 1.0                33                33             0.171027             0.191248 0.000000e+00  0.000000      0.863260      0.863260      0.940161      0.940161                                                                                                                                                                                                                                                                                                                                                                                                          0|2|3|4|5|6|7|8|9|10|11|12|13|14|15|16|17|18|19|20|21|22|23|24|25|26|27|28|29|30|31|32|33                                                                                                                                                                                                                                                                                                                                                                                                                                                 0|2|3|4|5|6|7|8|9|10|11|12|13|14|15|16|17|18|19|20|21|22|23|24|25|26|27|28|29|30|31|32|33           1.000000
     D4         Derm 1.0                33                34             0.176335             0.205880 5.442429e-01  0.000000      0.964532      0.969974      0.975417      0.975417                                                                                                                                                                                                                                                                                                                                                                                                          0|1|2|3|4|5|7|8|9|10|11|12|13|14|15|16|17|18|19|20|21|22|23|24|25|26|27|28|29|30|31|32|33                                                                                                                                                                                                                                                                                                                                                                                                                                               0|1|2|3|4|5|6|7|8|9|10|11|12|13|14|15|16|17|18|19|20|21|22|23|24|25|26|27|28|29|30|31|32|33           0.970588
     D5        Sonar 1.0                56                57             0.181417             0.216969 4.761905e-01  0.000000      0.836237      0.840999      0.855749      0.855749                                                                                                                                                                                                                                                                                                                                    0|1|2|4|5|7|8|9|10|11|12|14|15|16|17|18|19|20|21|22|23|24|25|26|27|28|29|30|31|32|33|34|35|36|37|38|39|40|41|42|43|44|45|46|47|48|49|50|51|52|53|54|55|56|57|58                                                                                                                                                                                                                                                                                                                                                                         0|1|2|4|5|6|7|8|9|10|11|12|14|15|16|17|18|19|20|21|22|23|24|25|26|27|28|29|30|31|32|33|34|35|36|37|38|39|40|41|42|43|44|45|47|48|49|50|51|52|53|54|55|56|57|58|59           0.948276
     D6        Urban 1.0               125               124             7.848080             8.689249 2.220446e-14 -0.148148      0.777778      0.777778      0.829630      0.828148                                                                                  0|1|2|4|5|6|7|8|9|10|11|12|13|14|15|16|17|18|19|20|21|22|23|25|27|28|29|30|31|32|34|35|36|37|38|39|40|41|42|43|44|46|47|48|49|50|51|52|53|54|55|56|57|58|59|60|61|62|63|64|65|68|69|71|72|73|74|76|77|78|79|80|81|82|83|84|85|86|88|89|90|91|92|93|94|95|97|98|99|100|101|103|104|105|106|109|110|111|112|114|116|117|119|121|122|123|124|125|126|127|128|132|133|134|135|136|137|138|139|140|141|142|143|145|146                                                                                                                            0|1|2|4|5|6|7|8|9|10|11|12|13|14|15|16|17|18|19|20|21|22|23|25|27|28|29|30|31|32|34|35|36|37|38|39|40|41|42|43|44|46|47|48|49|50|51|52|53|54|55|56|57|58|59|60|61|62|63|64|65|68|69|71|72|74|76|77|78|79|80|81|82|83|84|85|86|88|89|90|91|92|93|94|95|97|98|99|100|101|103|104|105|106|110|111|112|114|116|117|119|120|121|122|123|124|125|126|127|128|130|132|133|134|135|136|137|139|140|141|142|143|145|146           0.960630
     D7         Musk 1.0               110               114             3.664124             4.828975 2.105263e-01 -0.208333      0.806754      0.808860      0.886535      0.884452                                                                                                                          0|1|2|3|4|5|6|7|8|10|12|13|14|15|16|22|23|25|26|27|30|31|32|33|36|37|38|40|42|43|44|45|46|48|49|51|53|54|55|57|60|61|63|64|65|67|68|69|70|71|73|74|75|76|77|79|80|81|82|83|85|86|87|88|90|91|95|96|98|100|102|103|104|105|106|107|109|110|113|115|116|117|119|120|121|123|124|125|126|128|130|131|132|135|137|138|143|144|145|146|147|151|155|156|157|158|160|162|163|164                                                                                                                                                 0|1|2|3|4|5|6|7|8|10|12|14|15|16|19|22|23|26|27|29|30|31|32|33|36|37|38|40|42|43|44|45|46|48|49|51|52|53|54|55|57|60|61|63|64|65|66|67|68|69|70|71|73|74|75|76|77|79|80|81|83|85|86|87|88|91|95|96|98|100|102|103|104|105|106|107|109|110|112|113|115|116|117|119|121|123|124|125|126|128|130|131|132|134|135|137|138|140|142|143|144|145|146|147|151|154|155|156|157|158|160|162|163|164           0.882353
     D8        Arrhy 1.0               139               150             7.328792             9.186155 2.222222e-01 -1.108669      0.582002      0.584225      0.612918      0.601832 0|1|5|6|7|8|10|11|13|14|17|23|24|26|27|28|29|30|31|33|34|38|39|40|41|42|43|44|45|46|47|48|49|51|52|53|54|56|57|59|60|63|64|65|66|68|70|71|75|76|77|78|79|80|81|82|85|87|89|90|92|94|95|96|97|98|99|101|102|104|105|106|107|108|109|110|111|116|117|119|121|122|124|126|127|128|130|133|134|137|142|149|150|154|155|158|160|161|165|170|171|175|177|178|181|182|184|185|190|192|193|196|198|200|201|202|205|208|209|210|211|212|218|220|230|231|232|236|241|242|245|251|256|261|265|266|268|271|278 0|1|5|6|7|8|10|11|13|14|17|18|22|23|24|26|27|28|29|30|31|33|34|38|39|40|41|42|43|44|45|46|47|48|49|50|52|53|54|56|57|58|59|60|63|64|65|66|68|70|71|75|76|77|78|79|80|81|82|85|87|89|90|91|92|93|94|95|96|97|98|99|101|102|104|105|106|107|108|109|110|111|116|117|119|121|122|124|126|127|128|130|133|134|137|142|149|150|153|154|158|160|161|165|170|171|175|176|177|181|182|184|185|188|190|192|193|196|198|200|201|202|205|208|209|210|211|212|220|225|230|231|232|236|238|240|241|242|245|248|251|255|256|261|265|266|268|270|271|278           0.876623
     D9     Spambase 1.0                57                57            43.541959            46.524565 0.000000e+00  0.000000      0.897414      0.897414      0.931320      0.931320                                                                                                                                                                                                                                                                                                                                   0|1|2|3|4|5|6|7|8|9|10|11|12|13|14|15|16|17|18|19|20|21|22|23|24|25|26|27|28|29|30|31|32|33|34|35|36|37|38|39|40|41|42|43|44|45|46|47|48|49|50|51|52|53|54|55|56                                                                                                                                                                                                                                                                                                                                                                          0|1|2|3|4|5|6|7|8|9|10|11|12|13|14|15|16|17|18|19|20|21|22|23|24|25|26|27|28|29|30|31|32|33|34|35|36|37|38|39|40|41|42|43|44|45|46|47|48|49|50|51|52|53|54|55|56           1.000000
    D10   Parkinsons 1.0                19                20             0.021321             0.026026 5.128205e-01  0.000000      0.943590      0.948718      0.876923      0.876923                                                                                                                                                                                                                                                                                                                                                                                                                                                   0|1|2|4|5|6|8|9|10|11|12|14|15|16|17|18|19|20|21                                                                                                                                                                                                                                                                                                                                                                                                                                                                                        0|1|2|3|4|5|6|8|9|10|11|12|14|15|16|17|18|19|20|21           0.950000
    D12       Letter 1.0                16                16            58.370665            48.716345 0.000000e+00  0.000000      0.954950      0.954950      0.924850      0.924850                                                                                                                                                                                                                                                                                                                                                                                                                                                              0|1|2|3|4|5|6|7|8|9|10|11|12|13|14|15                                                                                                                                                                                                                                                                                                                                                                                                                                                                                                     0|1|2|3|4|5|6|7|8|9|10|11|12|13|14|15           1.000000
##### 2026-09-30 15:00:57 END rc=0 python3 baseline_deng2026/run_baseline_deng2026.py --exclude D11 --t 1 --out baseline_deng2026_t1_results.csv

##### 2026-09-30 15:00:57 START python3 baseline_deng2026/run_baseline_deng2026.py --exclude D11 --t 3 --out baseline_deng2026_t3_results.csv

======================================================
D1 Wine (Deng2026 0-OF, t=3.0)
======================================================
  fit(80%): |R_init|=3 |DIS|=13070 0.00s
  fit(100%): |R_full|=3 |DIS|=20858 0.00s
  gap3=0.00 gapsvm=0.00 Jac=1.000 acc3_full=94.38 accsvm_full=95.51

======================================================
D2 WDBC (Deng2026 0-OF, t=3.0)
======================================================
  fit(80%): |R_init|=3 |DIS|=96900 0.04s
  fit(100%): |R_full|=3 |DIS|=151368 0.05s
  gap3=0.00 gapsvm=0.00 Jac=1.000 acc3_full=93.15 accsvm_full=93.68

======================================================
D3 Iono (Deng2026 0-OF, t=3.0)
======================================================
  fit(80%): |R_init|=5 |DIS|=36312 0.02s
  fit(100%): |R_full|=5 |DIS|=56700 0.03s
  gap3=0.00 gapsvm=0.00 Jac=1.000 acc3_full=86.89 accsvm_full=88.89

======================================================
D4 Derm (Deng2026 0-OF, t=3.0)
======================================================
  fit(80%): |R_init|=23 |DIS|=68354 0.11s
  fit(100%): |R_full|=26 |DIS|=107002 0.15s
  gap3=-0.00 gapsvm=0.83 Jac=0.815 acc3_full=97.00 accsvm_full=98.09

======================================================
D5 Sonar (Deng2026 0-OF, t=3.0)
======================================================
  fit(80%): |R_init|=5 |DIS|=13706 0.02s
  fit(100%): |R_full|=4 |DIS|=21534 0.02s
  gap3=5.30 gapsvm=7.24 Jac=0.125 acc3_full=78.37 accsvm_full=77.40

======================================================
D6 Urban (Deng2026 0-OF, t=3.0)
======================================================
  fit(80%): |R_init|=6 |DIS|=251754 0.41s
  fit(100%): |R_full|=6 |DIS|=393010 0.52s
  gap3=4.00 gapsvm=2.96 Jac=0.333 acc3_full=62.37 accsvm_full=68.44

======================================================
D7 Musk (Deng2026 0-OF, t=3.0)
======================================================
  fit(80%): |R_init|=9 |DIS|=69888 0.30s
  fit(100%): |R_full|=15 |DIS|=111366 0.60s
  gap3=2.95 gapsvm=1.88 Jac=0.333 acc3_full=76.26 accsvm_full=74.99

======================================================
D8 Arrhy (Deng2026 0-OF, t=3.0)
======================================================
  fit(80%): |R_init|=61 |DIS|=91820 2.98s
  fit(100%): |R_full|=65 |DIS|=137980 3.84s
_split.py:805: UserWarning: The least populated class in y has only 2 members, which is less than n_splits=5.
  warnings.warn(
_split.py:805: UserWarning: The least populated class in y has only 2 members, which is less than n_splits=5.
  warnings.warn(
  gap3=0.66 gapsvm=1.78 Jac=0.726 acc3_full=56.65 accsvm_full=61.96

======================================================
D9 Spambase (Deng2026 0-OF, t=3.0)
======================================================
  fit(80%): |R_init|=45 |DIS|=6452798 45.62s
  fit(100%): |R_full|=45 |DIS|=10109288 56.56s
  gap3=-0.70 gapsvm=-0.96 Jac=0.915 acc3_full=88.92 accsvm_full=91.85

======================================================
D10 Parkinsons (Deng2026 0-OF, t=3.0)
======================================================
  fit(80%): |R_init|=2 |DIS|=8640 0.00s
  fit(100%): |R_full|=2 |DIS|=14112 0.00s
  gap3=0.00 gapsvm=0.00 Jac=1.000 acc3_full=83.59 accsvm_full=84.10

======================================================
D12 Letter (Deng2026 0-OF, t=3.0)
======================================================
  fit(80%): |R_init|=11 |DIS|=246138438 53.72s
  fit(100%): |R_full|=12 |DIS|=384601958 50.17s
  gap3=1.08 gapsvm=2.94 Jac=0.769 acc3_full=94.03 accsvm_full=90.23

Saved: experiments/baseline_deng2026/../baseline_deng2026_t3_results.csv
dataset dataset_name   t  reduct_init_size  reduct_full_size  time_batch_init_sec  time_batch_full_sec   gap_3nn   gap_svm  acc_3nn_init  acc_3nn_full  acc_svm_init  acc_svm_full                                                                                                                                                                                           reduct_init_features                                                                                                                                                                                                      reduct_full_features  jaccard_init_full
     D1         Wine 3.0                 3                 3             0.002685             0.002979  0.000000  0.000000      0.943810      0.943810      0.955079      0.955079                                                                                                                                                                                                          0|6|9                                                                                                                                                                                                                     0|6|9           1.000000
     D2         WDBC 3.0                 3                 3             0.044028             0.053568  0.000000  0.000000      0.931455      0.931455      0.936764      0.936764                                                                                                                                                                                                        6|22|27                                                                                                                                                                                                                   6|22|27           1.000000
     D3         Iono 3.0                 5                 5             0.024316             0.027818  0.000000  0.000000      0.868934      0.868934      0.888934      0.888934                                                                                                                                                                                                    0|3|9|20|27                                                                                                                                                                                                               0|3|9|20|27           1.000000
     D4         Derm 3.0                23                26             0.113113             0.153012 -0.003702  0.825620      0.970011      0.969974      0.972603      0.980859                                                                                                                                                 3|4|5|7|8|9|10|11|14|17|19|21|22|23|24|25|26|27|28|29|30|32|33                                                                                                                                                     2|3|4|5|6|7|8|9|10|11|13|14|17|19|21|22|23|24|25|26|27|28|29|30|31|32           0.814815
     D5        Sonar 3.0                 5                 4             0.018441             0.023189  5.296167  7.235772      0.730778      0.783740      0.701626      0.773984                                                                                                                                                                                                   0|4|20|24|42                                                                                                                                                                                                                7|20|36|47           0.125000
     D6        Urban 3.0                 6                 6             0.409080             0.518068  4.000000  2.962963      0.583704      0.623704      0.654815      0.684444                                                                                                                                                                                              1|13|14|38|92|100                                                                                                                                                                                                       12|13|35|92|100|137           0.333333
     D7         Musk 3.0                 9                15             0.302232             0.603998  2.953947  1.881579      0.733070      0.762610      0.731075      0.749890                                                                                                                                                                                   16|30|31|36|83|87|96|148|157                                                                                                                                                                            5|11|15|16|30|31|32|36|47|60|68|96|117|137|157           0.333333
     D8        Arrhy 3.0                61                65             2.976325             3.839455  0.659341  1.777778      0.559951      0.566545      0.601783      0.619560 1|22|23|24|25|26|31|33|34|38|42|45|46|47|48|49|51|54|56|57|59|60|65|70|71|79|81|82|85|90|92|94|95|96|97|98|105|106|107|108|109|110|117|119|121|122|126|127|130|133|134|142|149|154|155|158|180|184|192|220|222 0|1|22|23|24|26|31|33|34|38|43|44|45|46|47|48|49|50|51|54|56|57|58|59|60|66|70|71|79|81|82|85|90|91|93|94|95|96|97|98|103|105|106|107|108|109|110|111|117|119|121|122|125|126|127|133|134|142|153|154|158|180|184|192|220           0.726027
     D9     Spambase 3.0                45                45            45.623618            56.562858 -0.695416 -0.956168      0.896112      0.889158      0.928060      0.918499                                                                                 1|2|3|4|5|6|7|9|11|13|15|18|19|20|21|22|23|24|25|26|27|30|31|32|33|34|35|36|37|40|41|42|43|44|45|46|47|48|49|50|51|52|53|54|56                                                                                            1|2|3|4|5|6|7|9|11|12|13|15|17|18|19|20|21|22|24|25|26|27|30|31|32|33|34|35|36|37|40|41|42|43|44|45|46|47|48|49|50|51|53|54|56           0.914894
    D10   Parkinsons 3.0                 2                 2             0.003669             0.004405  0.000000  0.000000      0.835897      0.835897      0.841026      0.841026                                                                                                                                                                                                          18|20                                                                                                                                                                                                                     18|20           1.000000
    D12       Letter 3.0                11                12            53.724030            50.171373  1.080000  2.940000      0.929500      0.940300      0.872950      0.902350                                                                                                                                                                                      0|1|3|5|7|8|9|10|11|12|14                                                                                                                                                                                              0|1|3|4|7|8|9|10|11|12|14|15           0.769231
##### 2026-09-30 15:05:03 END rc=0 python3 baseline_deng2026/run_baseline_deng2026.py --exclude D11 --t 3 --out baseline_deng2026_t3_results.csv

##### 2026-09-30 15:05:03 START python3 e0_measurement2_acc_gap_trajectory.py

============================================================
D1 Wine
============================================================
  B_init: |R|=5 (0.03s)
  moc 0 (frac=0.80, n=142): |R_current|=5 gap_3nn=0.00% gap_svm=0.00% (refit 0.03s)
  moc 1 (frac=0.85, n=151): |R_current|=6 gap_3nn=0.67% gap_svm=0.65% (refit 0.04s)
  moc 2 (frac=0.90, n=160): |R_current|=6 gap_3nn=1.25% gap_svm=1.25% (refit 0.04s)
  moc 3 (frac=0.95, n=169): |R_current|=6 gap_3nn=0.00% gap_svm=1.18% (refit 0.05s)
  moc 4 (frac=1.00, n=178): |R_current|=6 gap_3nn=0.57% gap_svm=1.13% (refit 0.05s)

============================================================
D7 Musk
============================================================
  B_init: |R|=8 (2.45s)
  moc 0 (frac=0.80, n=380): |R_current|=8 gap_3nn=0.00% gap_svm=0.00% (refit 2.40s)
  moc 1 (frac=0.85, n=404): |R_current|=7 gap_3nn=-1.23% gap_svm=0.75% (refit 2.37s)
  moc 2 (frac=0.90, n=428): |R_current|=8 gap_3nn=1.42% gap_svm=-2.82% (refit 2.85s)
  moc 3 (frac=0.95, n=452): |R_current|=5 gap_3nn=-3.33% gap_svm=-5.53% (refit 2.07s)
  moc 4 (frac=1.00, n=476): |R_current|=5 gap_3nn=0.21% gap_svm=-1.27% (refit 2.23s)

============================================================
D6 Urban
============================================================
  B_init: |R|=6 (4.77s)
  moc 0 (frac=0.80, n=540): |R_current|=6 gap_3nn=0.00% gap_svm=0.00% (refit 4.66s)
  moc 1 (frac=0.85, n=573): |R_current|=6 gap_3nn=0.00% gap_svm=0.00% (refit 5.17s)
  moc 2 (frac=0.90, n=607): |R_current|=7 gap_3nn=1.15% gap_svm=0.99% (refit 6.47s)
  moc 3 (frac=0.95, n=641): |R_current|=6 gap_3nn=-2.18% gap_svm=0.78% (refit 6.26s)
  moc 4 (frac=1.00, n=675): |R_current|=7 gap_3nn=1.19% gap_svm=4.44% (refit 7.86s)

============================================================
D9 Spambase
============================================================
  B_init: |R|=9 (37.51s)
  moc 0 (frac=0.80, n=3680): |R_current|=9 gap_3nn=0.00% gap_svm=0.00% (refit 37.11s)
  moc 1 (frac=0.85, n=3910): |R_current|=9 gap_3nn=0.38% gap_svm=-0.95% (refit 43.00s)
  moc 2 (frac=0.90, n=4140): |R_current|=9 gap_3nn=0.99% gap_svm=-0.68% (refit 46.44s)
  moc 3 (frac=0.95, n=4370): |R_current|=10 gap_3nn=0.80% gap_svm=3.09% (refit 56.87s)
  moc 4 (frac=1.00, n=4601): |R_current|=10 gap_3nn=1.02% gap_svm=1.96% (refit 62.15s)

Da luu: experiments/e0_measurement2_acc_gap_trajectory.csv
dataset dataset_name  checkpoint_idx  frac_of_data_seen  n_active  reduct_init_size  reduct_current_size   gap_3nn   gap_svm  refit_time_sec
     D1         Wine               0           0.797753       142                 5                    5  0.000000  0.000000        0.033622
     D1         Wine               1           0.848315       151                 5                    6  0.666667  0.645161        0.040060
     D1         Wine               2           0.898876       160                 5                    6  1.250000  1.250000        0.042121
     D1         Wine               3           0.949438       169                 5                    6  0.000000  1.176471        0.045580
     D1         Wine               4           1.000000       178                 5                    6  0.571429  1.126984        0.047681
     D7         Musk               0           0.798319       380                 8                    8  0.000000  0.000000        2.397988
     D7         Musk               1           0.848739       404                 8                    7 -1.231481  0.753086        2.366127
     D7         Musk               2           0.899160       428                 8                    8  1.419973 -2.823529        2.848612
     D7         Musk               3           0.949580       452                 8                    5 -3.330891 -5.526252        2.072530
     D7         Musk               4           1.000000       476                 8                    5  0.208333 -1.269737        2.231425
     D6        Urban               0           0.800000       540                 6                    6  0.000000  0.000000        4.659668
     D6        Urban               1           0.848889       573                 6                    6  0.000000  0.000000        5.165812
     D6        Urban               2           0.899259       607                 6                    7  1.152960  0.990381        6.474079
     D6        Urban               3           0.949630       641                 6                    6 -2.183866  0.778828        6.257838
     D6        Urban               4           1.000000       675                 6                    7  1.185185  4.444444        7.864228
     D9     Spambase               0           0.799826      3680                 9                    9  0.000000  0.000000       37.112898
     D9     Spambase               1           0.849815      3910                 9                    9  0.383632 -0.946292       43.002998
     D9     Spambase               2           0.899804      4140                 9                    9  0.990338 -0.676329       46.441585
     D9     Spambase               3           0.949794      4370                 9                   10  0.800915  3.089245       56.866928
     D9     Spambase               4           1.000000      4601                 9                   10  1.021692  1.956026       62.150944
##### 2026-09-30 15:10:41 END rc=0 python3 e0_measurement2_acc_gap_trajectory.py

##### 2026-09-30 15:10:41 START python3 e0_measurement6_gradual_new_classes.py
Dermatology: n=366, d=34, classes=[np.float64(1.0), np.float64(2.0), np.float64(3.0), np.float64(4.0), np.float64(5.0), np.float64(6.0)]
init: 196 doi tuong, lop [np.float64(1.0), np.float64(2.0), np.float64(3.0)]
stream: 170 doi tuong, lop [np.float64(1.0), np.float64(2.0), np.float64(3.0), np.float64(4.0), np.float64(5.0), np.float64(6.0)] (3 lop [4, 5, 6] CHUA TUNG xuat hien trong init)
B_init: |R|=5 (chi hoc tu 3 lop da biet)
  step 0: LOP MOI xuat hien lan dau (class=5), shrink_frac=0.255 gain_frac=0.000, ground-truth diff=4.55e-13
  step 13: LOP MOI xuat hien lan dau (class=6), shrink_frac=0.024 gain_frac=0.000, ground-truth diff=5.68e-13
  step 18: LOP MOI xuat hien lan dau (class=4), shrink_frac=0.000 gain_frac=0.000, ground-truth diff=6.82e-13

=== TONG KET ===
So su kien lop-moi-xuat-hien: 3 (dung ky vong: 3)
shrink_frac tai su kien lop moi: mean=0.093 min=0.000 max=0.255
shrink_frac buoc thuong (khong phai lop moi): mean=0.0124 max=0.437
Ground-truth max abs diff toan luong: 2.96e-12
Da luu: experiments/e0_measurement6_gradual_new_classes.csv
##### 2026-09-30 15:10:42 END rc=0 python3 e0_measurement6_gradual_new_classes.py

##### 2026-09-30 15:10:42 START python3 e0_measurement9_li2026_protocol_pilot.py
_split.py:805: UserWarning: The least populated class in y has only 1 members, which is less than n_splits=5.
  warnings.warn(
_split.py:805: UserWarning: The least populated class in y has only 1 members, which is less than n_splits=5.
  warnings.warn(
_split.py:805: UserWarning: The least populated class in y has only 1 members, which is less than n_splits=5.
  warnings.warn(
_split.py:805: UserWarning: The least populated class in y has only 1 members, which is less than n_splits=5.
  warnings.warn(
_split.py:805: UserWarning: The least populated class in y has only 2 members, which is less than n_splits=5.
  warnings.warn(
_split.py:805: UserWarning: The least populated class in y has only 2 members, which is less than n_splits=5.
  warnings.warn(
=== Wine: n=178, base=89, incr=89, 5 vong ~17 moi vong ===
  B_init (tren 50% base): [6, 12, 10]  (gamma=0.8100, 0.016s tim kiem)
  vong 1 (107/178=60%): B_round=[9, 12, 6, 4, 11] (|.|=5), Jaccard(init,round)=0.333, gt_diff=1.11e-16, t_incr=0.20ms, t_batch=25.1ms, speedup=105.0x, gap3=+0.95pp, gapsvm=+1.86pp
  vong 2 (125/178=70%): B_round=[9, 12, 6, 4, 0] (|.|=5), Jaccard(init,round)=0.333, gt_diff=1.11e-16, t_incr=0.17ms, t_batch=30.7ms, speedup=140.0x, gap3=+2.40pp, gapsvm=+4.00pp
  vong 3 (143/178=80%): B_round=[9, 12, 6, 0, 4] (|.|=5), Jaccard(init,round)=0.333, gt_diff=1.11e-16, t_incr=0.15ms, t_batch=34.6ms, speedup=178.3x, gap3=+4.21pp, gapsvm=+2.09pp
  vong 4 (161/178=90%): B_round=[9, 12, 6, 0, 4, 10] (|.|=6), Jaccard(init,round)=0.500, gt_diff=1.11e-16, t_incr=0.14ms, t_batch=42.9ms, speedup=226.0x, gap3=+6.25pp, gapsvm=+4.98pp
  vong 5 (178/178=100%): B_round=[9, 12, 6, 0, 4, 10] (|.|=6), Jaccard(init,round)=0.500, gt_diff=1.11e-16, t_incr=0.11ms, t_batch=48.6ms, speedup=282.8x, gap3=+3.94pp, gapsvm=+4.49pp
=== WDBC: n=569, base=284, incr=285, 5 vong ~57 moi vong ===
  B_init (tren 50% base): [22]  (gamma=0.6900, 0.071s tim kiem)
  vong 1 (341/569=60%): B_round=[22] (|.|=1), Jaccard(init,round)=1.000, gt_diff=0.00e+00, t_incr=0.20ms, t_batch=89.8ms, speedup=349.3x, gap3=+0.00pp, gapsvm=+0.00pp
  vong 2 (398/569=70%): B_round=[22, 23] (|.|=2), Jaccard(init,round)=0.500, gt_diff=0.00e+00, t_incr=0.41ms, t_batch=159.3ms, speedup=336.2x, gap3=+2.26pp, gapsvm=+0.25pp
  vong 3 (455/569=80%): B_round=[22, 7, 13, 21, 10, 20, 27] (|.|=7), Jaccard(init,round)=0.143, gt_diff=0.00e+00, t_incr=0.50ms, t_batch=469.6ms, speedup=800.8x, gap3=+6.15pp, gapsvm=+5.71pp
  vong 4 (512/569=90%): B_round=[22, 13, 27, 10, 1, 20] (|.|=6), Jaccard(init,round)=0.167, gt_diff=0.00e+00, t_incr=0.28ms, t_batch=534.3ms, speedup=1244.7x, gap3=+4.70pp, gapsvm=+4.89pp
  vong 5 (569/569=100%): B_round=[22, 7, 1, 10, 20, 27] (|.|=6), Jaccard(init,round)=0.167, gt_diff=0.00e+00, t_incr=0.62ms, t_batch=560.1ms, speedup=668.8x, gap3=+5.98pp, gapsvm=+4.22pp
=== Iono: n=351, base=175, incr=176, 5 vong ~35 moi vong ===
  B_init (tren 50% base): [20, 5, 4, 0, 13]  (gamma=0.5800, 0.125s tim kiem)
  vong 1 (211/351=60%): B_round=[4, 5, 2, 7, 0, 6] (|.|=6), Jaccard(init,round)=0.375, gt_diff=1.11e-16, t_incr=0.23ms, t_batch=182.5ms, speedup=520.5x, gap3=-0.02pp, gapsvm=+0.93pp
  vong 2 (246/351=70%): B_round=[4, 5, 15, 0, 2, 7] (|.|=6), Jaccard(init,round)=0.375, gt_diff=1.11e-16, t_incr=0.34ms, t_batch=217.1ms, speedup=453.7x, gap3=+0.83pp, gapsvm=-0.41pp
  vong 3 (281/351=80%): B_round=[4, 5, 15, 0, 8, 3, 9, 7, 6] (|.|=9), Jaccard(init,round)=0.273, gt_diff=1.11e-16, t_incr=0.41ms, t_batch=347.1ms, speedup=604.6x, gap3=+2.49pp, gapsvm=+1.41pp
  vong 4 (316/351=90%): B_round=[4, 5, 6, 7, 8, 0, 9] (|.|=7), Jaccard(init,round)=0.333, gt_diff=2.22e-16, t_incr=0.34ms, t_batch=332.3ms, speedup=630.1x, gap3=+0.96pp, gapsvm=+1.89pp
  vong 5 (351/351=100%): B_round=[4, 5, 6, 7, 8, 0] (|.|=6), Jaccard(init,round)=0.375, gt_diff=2.22e-16, t_incr=0.35ms, t_batch=339.9ms, speedup=623.0x, gap3=+1.14pp, gapsvm=+0.58pp
=== Derm: n=366, base=183, incr=183, 5 vong ~36 moi vong ===
  B_init (tren 50% base): [21, 5, 14, 33, 4, 19, 13, 28, 20, 6, 25]  (gamma=0.8600, 0.242s tim kiem)
  vong 1 (220/366=60%): B_round=[21, 5, 14, 33, 4, 19, 28, 30, 13, 20, 25, 7] (|.|=12), Jaccard(init,round)=0.769, gt_diff=2.22e-16, t_incr=0.26ms, t_batch=319.3ms, speedup=782.7x, gap3=+0.00pp, gapsvm=+0.00pp
  vong 2 (257/366=70%): B_round=[21, 5, 14, 33, 4, 19, 13, 24, 30, 25, 28] (|.|=11), Jaccard(init,round)=0.692, gt_diff=4.44e-16, t_incr=0.39ms, t_batch=360.5ms, speedup=648.7x, gap3=+1.18pp, gapsvm=+0.39pp
  vong 3 (294/366=80%): B_round=[21, 5, 14, 19, 33, 13, 4, 26, 29] (|.|=9), Jaccard(init,round)=0.538, gt_diff=4.44e-16, t_incr=0.37ms, t_batch=364.8ms, speedup=650.9x, gap3=-1.70pp, gapsvm=-1.02pp
  vong 4 (330/366=90%): B_round=[21, 26, 14, 4, 33, 19, 13, 5, 6, 25] (|.|=10), Jaccard(init,round)=0.750, gt_diff=5.55e-16, t_incr=0.33ms, t_batch=449.4ms, speedup=841.9x, gap3=+1.21pp, gapsvm=+0.61pp
  vong 5 (366/366=100%): B_round=[21, 5, 14, 19, 13, 33, 4, 26, 30, 25] (|.|=10), Jaccard(init,round)=0.615, gt_diff=4.44e-16, t_incr=0.46ms, t_batch=499.5ms, speedup=719.8x, gap3=+0.00pp, gapsvm=+0.55pp
=== Sonar: n=208, base=104, incr=104, 5 vong ~20 moi vong ===
  B_init (tren 50% base): [10, 15, 51, 16, 56]  (gamma=0.5000, 0.132s tim kiem)
  vong 1 (125/208=60%): B_round=[10, 15, 46, 16] (|.|=4), Jaccard(init,round)=0.500, gt_diff=0.00e+00, t_incr=0.18ms, t_batch=137.4ms, speedup=585.7x, gap3=-5.60pp, gapsvm=+0.80pp
  vong 2 (146/208=70%): B_round=[10, 15, 46, 16, 55] (|.|=5), Jaccard(init,round)=0.429, gt_diff=0.00e+00, t_incr=0.15ms, t_batch=185.6ms, speedup=890.6x, gap3=-0.69pp, gapsvm=-2.67pp
  vong 3 (167/208=80%): B_round=[10, 15, 46, 11] (|.|=4), Jaccard(init,round)=0.286, gt_diff=5.55e-17, t_incr=0.22ms, t_batch=182.0ms, speedup=622.0x, gap3=+3.51pp, gapsvm=+5.33pp
  vong 4 (188/208=90%): B_round=[10, 15, 46, 11] (|.|=4), Jaccard(init,round)=0.286, gt_diff=5.55e-17, t_incr=0.18ms, t_batch=211.5ms, speedup=813.5x, gap3=+5.26pp, gapsvm=+2.11pp
  vong 5 (208/208=100%): B_round=[11, 15, 46, 10] (|.|=4), Jaccard(init,round)=0.286, gt_diff=1.11e-16, t_incr=0.16ms, t_batch=240.5ms, speedup=1032.4x, gap3=+4.80pp, gapsvm=+2.89pp
=== Urban: n=675, base=337, incr=338, 5 vong ~67 moi vong ===
  B_init (tren 50% base): [8, 3, 39, 11, 7, 6, 75, 88]  (gamma=0.5100, 2.910s tim kiem)
  vong 1 (405/675=60%): B_round=[24, 18, 9, 82] (|.|=4), Jaccard(init,round)=0.000, gt_diff=1.11e-16, t_incr=1.17ms, t_batch=2147.8ms, speedup=1371.0x, gap3=-5.43pp, gapsvm=-0.49pp
  vong 2 (473/675=70%): B_round=[24, 18, 9, 6, 7, 39, 75, 88] (|.|=8), Jaccard(init,round)=0.455, gt_diff=1.11e-16, t_incr=1.41ms, t_batch=4794.7ms, speedup=2554.3x, gap3=+0.00pp, gapsvm=+2.54pp
  vong 3 (541/675=80%): B_round=[24, 18, 11, 88, 75, 3] (|.|=6), Jaccard(init,round)=0.400, gt_diff=5.55e-17, t_incr=1.53ms, t_batch=4758.2ms, speedup=2299.0x, gap3=+1.66pp, gapsvm=+0.55pp
  vong 4 (608/675=90%): B_round=[24, 18, 11, 7, 39, 88, 75] (|.|=7), Jaccard(init,round)=0.500, gt_diff=1.11e-16, t_incr=1.73ms, t_batch=6566.4ms, speedup=2805.7x, gap3=+0.32pp, gapsvm=+0.99pp
  vong 5 (675/675=100%): B_round=[24, 18, 11, 68, 6, 7, 72] (|.|=7), Jaccard(init,round)=0.250, gt_diff=1.67e-16, t_incr=1.89ms, t_batch=7710.8ms, speedup=2979.4x, gap3=-1.19pp, gapsvm=+4.59pp
=== Musk: n=476, base=238, incr=238, 5 vong ~47 moi vong ===
  B_init (tren 50% base): [133, 127, 150, 118, 49]  (gamma=0.3500, 0.926s tim kiem)
  vong 1 (286/476=60%): B_round=[107, 2, 156, 12, 29, 75] (|.|=6), Jaccard(init,round)=0.000, gt_diff=1.11e-16, t_incr=0.42ms, t_batch=1349.0ms, speedup=2159.8x, gap3=+1.06pp, gapsvm=-5.27pp
  vong 2 (334/476=70%): B_round=[2, 16, 156, 30, 149, 98] (|.|=6), Jaccard(init,round)=0.000, gt_diff=1.11e-16, t_incr=0.48ms, t_batch=1633.4ms, speedup=2212.8x, gap3=-2.69pp, gapsvm=-2.39pp
  vong 3 (382/476=80%): B_round=[107, 2, 29, 135, 9, 35, 26, 12] (|.|=8), Jaccard(init,round)=0.000, gt_diff=5.55e-17, t_incr=0.51ms, t_batch=2426.4ms, speedup=3002.6x, gap3=+2.08pp, gapsvm=+6.52pp
  vong 4 (429/476=90%): B_round=[5, 131, 11, 35, 67, 0, 3, 55] (|.|=8), Jaccard(init,round)=0.000, gt_diff=0.00e+00, t_incr=0.52ms, t_batch=2836.5ms, speedup=3346.9x, gap3=+2.34pp, gapsvm=+0.22pp
  vong 5 (476/476=100%): B_round=[67, 58, 78, 161, 150] (|.|=5), Jaccard(init,round)=0.111, gt_diff=5.55e-17, t_incr=0.59ms, t_batch=2196.5ms, speedup=2212.5x, gap3=+2.72pp, gapsvm=+2.92pp
=== Arrhy: n=452, base=226, incr=226, 5 vong ~45 moi vong ===
  B_init (tren 50% base): [258, 92, 14, 269, 1, 90, 2, 102]  (gamma=0.4100, 2.175s tim kiem)
  vong 1 (272/452=60%): B_round=[258, 92, 1, 14, 196, 102, 98, 90, 113] (|.|=9), Jaccard(init,round)=0.545, gt_diff=0.00e+00, t_incr=0.42ms, t_batch=2980.5ms, speedup=4887.4x, gap3=+3.28pp, gapsvm=+2.94pp
  vong 2 (317/452=70%): B_round=[258, 27, 90, 14, 10, 113, 102, 239] (|.|=8), Jaccard(init,round)=0.333, gt_diff=1.11e-16, t_incr=0.45ms, t_batch=3251.7ms, speedup=4866.0x, gap3=+6.93pp, gapsvm=+8.51pp
_split.py:805: UserWarning: The least populated class in y has only 2 members, which is less than n_splits=5.
  warnings.warn(
_split.py:805: UserWarning: The least populated class in y has only 2 members, which is less than n_splits=5.
  warnings.warn(
_split.py:805: UserWarning: The least populated class in y has only 2 members, which is less than n_splits=5.
  warnings.warn(
_split.py:805: UserWarning: The least populated class in y has only 2 members, which is less than n_splits=5.
  warnings.warn(
  vong 3 (362/452=80%): B_round=[258, 113, 10, 14, 90, 1, 102, 30] (|.|=8), Jaccard(init,round)=0.455, gt_diff=0.00e+00, t_incr=0.48ms, t_batch=3719.9ms, speedup=5074.1x, gap3=+1.68pp, gapsvm=+3.32pp
  vong 4 (407/452=90%): B_round=[258, 113, 276, 14, 90, 102, 1, 180, 98] (|.|=9), Jaccard(init,round)=0.417, gt_diff=0.00e+00, t_incr=0.51ms, t_batch=4845.2ms, speedup=6119.9x, gap3=+6.15pp, gapsvm=+3.68pp
  vong 5 (452/452=100%): B_round=[258, 269, 90, 14, 113, 75, 51, 102, 166] (|.|=9), Jaccard(init,round)=0.417, gt_diff=5.55e-17, t_incr=0.49ms, t_batch=5513.8ms, speedup=6808.5x, gap3=+5.99pp, gapsvm=+4.42pp
=== Spambase: n=4601, base=2300, incr=2301, 5 vong ~460 moi vong ===
  B_init (tren 50% base): [54, 26, 51, 55, 6, 24, 1]  (gamma=0.4000, 12.228s tim kiem)
  vong 1 (2761/4601=60%): B_round=[54, 51, 26, 55, 24, 6, 7] (|.|=7), Jaccard(init,round)=0.750, gt_diff=5.55e-17, t_incr=26.71ms, t_batch=16874.8ms, speedup=311.4x, gap3=+1.63pp, gapsvm=+1.99pp
  vong 2 (3221/4601=70%): B_round=[54, 24, 55, 26, 51, 6, 15, 22] (|.|=8), Jaccard(init,round)=0.667, gt_diff=0.00e+00, t_incr=31.22ms, t_batch=25200.4ms, speedup=394.0x, gap3=+2.24pp, gapsvm=+3.94pp
  vong 3 (3681/4601=80%): B_round=[54, 24, 55, 26, 51, 6, 15, 41, 56] (|.|=9), Jaccard(init,round)=0.600, gt_diff=5.55e-17, t_incr=36.39ms, t_batch=36559.8ms, speedup=528.4x, gap3=+2.36pp, gapsvm=+2.83pp
  vong 4 (4141/4601=90%): B_round=[54, 24, 55, 26, 6, 51, 15, 41, 45] (|.|=9), Jaccard(init,round)=0.600, gt_diff=1.11e-16, t_incr=41.54ms, t_batch=46478.0ms, speedup=589.5x, gap3=+2.54pp, gapsvm=+2.34pp
  vong 5 (4601/4601=100%): B_round=[54, 24, 55, 26, 6, 51, 45, 27, 41, 52] (|.|=10), Jaccard(init,round)=0.545, gt_diff=1.11e-16, t_incr=46.59ms, t_batch=62249.2ms, speedup=704.0x, gap3=+3.17pp, gapsvm=+5.24pp
=== Parkinsons: n=195, base=97, incr=98, 5 vong ~19 moi vong ===
  B_init (tren 50% base): [8, 0, 5, 9]  (gamma=0.5800, 0.036s tim kiem)
  vong 1 (117/195=60%): B_round=[12, 0, 9, 5, 10] (|.|=5), Jaccard(init,round)=0.500, gt_diff=0.00e+00, t_incr=0.14ms, t_batch=51.8ms, speedup=271.4x, gap3=-1.74pp, gapsvm=+0.00pp
  vong 2 (137/195=70%): B_round=[0, 9, 14] (|.|=3), Jaccard(init,round)=0.400, gt_diff=0.00e+00, t_incr=0.18ms, t_batch=41.4ms, speedup=176.7x, gap3=-0.71pp, gapsvm=+0.71pp
  vong 3 (157/195=81%): B_round=[0, 9, 5] (|.|=3), Jaccard(init,round)=0.750, gt_diff=0.00e+00, t_incr=0.17ms, t_batch=47.6ms, speedup=206.9x, gap3=-0.02pp, gapsvm=+0.00pp
  vong 4 (176/195=90%): B_round=[18, 0, 10, 3] (|.|=4), Jaccard(init,round)=0.143, gt_diff=2.22e-16, t_incr=0.16ms, t_batch=65.7ms, speedup=258.1x, gap3=-1.70pp, gapsvm=+3.41pp
  vong 5 (195/195=100%): B_round=[18, 0, 10] (|.|=3), Jaccard(init,round)=0.167, gt_diff=2.22e-16, t_incr=0.14ms, t_batch=62.9ms, speedup=300.4x, gap3=+1.54pp, gapsvm=+3.08pp
=== Letter: n=20000, base=10000, incr=10000, 5 vong ~2000 moi vong ===
  B_init (tren 50% base): [9]  (gamma=0.0200, 31.703s tim kiem)
  vong 1 (12000/20000=60%): B_round=[2, 9, 6, 7, 8, 14, 12, 11, 10, 15, 13] (|.|=11), Jaccard(init,round)=0.091, gt_diff=3.47e-18, t_incr=561.93ms, t_batch=187782.4ms, speedup=271.8x, gap3=+84.08pp, gapsvm=+75.33pp
  vong 2 (14000/20000=70%): B_round=[2, 9, 6, 7, 8, 14, 12, 11, 10, 13, 15] (|.|=11), Jaccard(init,round)=0.091, gt_diff=1.73e-18, t_incr=667.42ms, t_batch=252792.6ms, speedup=300.8x, gap3=+84.69pp, gapsvm=+75.86pp
  vong 3 (16000/20000=80%): B_round=[2, 9, 6, 7, 8, 14, 12, 11, 10, 13, 15] (|.|=11), Jaccard(init,round)=0.091, gt_diff=3.47e-18, t_incr=770.87ms, t_batch=332446.8ms, speedup=334.9x, gap3=+84.89pp, gapsvm=+76.79pp
  vong 4 (18000/20000=90%): B_round=[2, 9, 6, 7, 8, 14, 12, 11, 10, 15, 13] (|.|=11), Jaccard(init,round)=0.091, gt_diff=0.00e+00, t_incr=869.07ms, t_batch=414992.0ms, speedup=359.2x, gap3=+85.83pp, gapsvm=+76.65pp
  vong 5 (20000/20000=100%): B_round=[2, 9, 6, 7, 8, 14, 12, 11, 10, 15, 13, 5] (|.|=12), Jaccard(init,round)=0.083, gt_diff=0.00e+00, t_incr=984.49ms, t_batch=528581.4ms, speedup=399.5x, gap3=+86.43pp, gapsvm=+77.90pp

Da luu: experiments/e0_measurement9_li2026_protocol.csv
Sai so ground-truth lon nhat: 5.55e-16 (PASS)
##### 2026-09-30 15:46:56 END rc=0 python3 e0_measurement9_li2026_protocol_pilot.py

##### 2026-09-30 15:46:56 START python3 test_rounding_confound_musk_urban.py

============================================================
D7 Musk
============================================================
  round=2           : |R_init|=  8 |R_full|=  5 Jaccard=0.000  R_init=[2, 9, 12, 26, 29, 35, 107, 135]  R_full=[58, 67, 78, 150, 161]
  round=3           : |R_init|= 26 |R_full|= 16 Jaccard=0.167  R_init=[2, 23, 26, 29, 30, 33, 35, 49, 53, 55, 67, 75, 76, 88, 93, 94, 107, 108, 120, 128, 135, 140, 143, 146, 156, 164]  R_full=[3, 24, 33, 36, 50, 54, 55, 58, 67, 75, 78, 145, 150, 156, 161, 164]
  round=4           : |R_init|= 31 |R_full|= 20 Jaccard=0.109  R_init=[2, 6, 7, 8, 10, 16, 23, 26, 29, 30, 35, 49, 55, 67, 75, 76, 88, 93, 94, 97, 107, 108, 115, 118, 119, 128, 135, 143, 146, 156, 162]  R_full=[3, 21, 23, 24, 33, 36, 50, 54, 55, 58, 66, 67, 75, 78, 145, 150, 152, 156, 161, 164]
  round=5           : |R_init|= 29 |R_full|= 20 Jaccard=0.140  R_init=[2, 23, 26, 29, 30, 35, 45, 49, 53, 66, 67, 75, 76, 88, 93, 94, 97, 98, 107, 108, 115, 128, 135, 139, 143, 144, 146, 156, 164]  R_full=[3, 21, 23, 24, 33, 36, 50, 54, 55, 58, 66, 67, 75, 78, 145, 150, 152, 156, 161, 164]
  khong lam tron    : |R_init|= 29 |R_full|= 20 Jaccard=0.140  R_init=[2, 23, 26, 29, 30, 35, 45, 49, 53, 66, 67, 75, 76, 88, 93, 94, 97, 98, 107, 108, 115, 128, 135, 139, 143, 144, 146, 156, 164]  R_full=[3, 21, 23, 24, 33, 36, 50, 54, 55, 58, 66, 67, 75, 78, 145, 150, 152, 156, 161, 164]

============================================================
D6 Urban
============================================================
  round=2           : |R_init|=  6 |R_full|=  7 Jaccard=0.300  R_init=[3, 11, 18, 24, 75, 88]  R_full=[6, 7, 11, 18, 24, 68, 72]
  round=3           : |R_init|=  8 |R_full|= 15 Jaccard=0.278  R_init=[6, 8, 11, 18, 24, 28, 75, 88]  R_full=[6, 7, 8, 9, 10, 11, 18, 20, 24, 33, 39, 60, 68, 82, 108]
  round=4           : |R_init|= 10 |R_full|= 16 Jaccard=0.368  R_init=[6, 8, 9, 11, 18, 24, 28, 39, 75, 88]  R_full=[6, 7, 8, 10, 11, 18, 24, 27, 28, 33, 39, 60, 67, 82, 90, 95]
  round=5           : |R_init|= 10 |R_full|= 16 Jaccard=0.368  R_init=[6, 8, 9, 11, 18, 24, 28, 39, 75, 88]  R_full=[6, 7, 8, 10, 11, 18, 24, 27, 28, 33, 39, 60, 67, 82, 90, 95]
  khong lam tron    : |R_init|= 10 |R_full|= 16 Jaccard=0.368  R_init=[6, 8, 9, 11, 18, 24, 28, 39, 75, 88]  R_full=[6, 7, 8, 10, 11, 18, 24, 27, 28, 33, 39, 60, 67, 82, 90, 95]

============================================================
D1 Wine
============================================================
  round=2           : |R_init|=  5 |R_full|=  6 Jaccard=0.833  R_init=[0, 4, 6, 9, 12]  R_full=[0, 4, 6, 9, 10, 12]
  round=3           : |R_init|=  6 |R_full|=  6 Jaccard=1.000  R_init=[0, 4, 6, 9, 10, 12]  R_full=[0, 4, 6, 9, 10, 12]
  round=4           : |R_init|=  6 |R_full|=  6 Jaccard=1.000  R_init=[0, 4, 6, 9, 10, 12]  R_full=[0, 4, 6, 9, 10, 12]
  round=5           : |R_init|=  6 |R_full|=  6 Jaccard=1.000  R_init=[0, 4, 6, 9, 10, 12]  R_full=[0, 4, 6, 9, 10, 12]
  khong lam tron    : |R_init|=  6 |R_full|=  6 Jaccard=1.000  R_init=[0, 4, 6, 9, 10, 12]  R_full=[0, 4, 6, 9, 10, 12]

Saved: experiments/rounding_confound_jaccard.csv
##### 2026-09-30 15:49:36 END rc=0 python3 test_rounding_confound_musk_urban.py

##### 2026-09-30 15:49:36 START python3 ../theory/e0_incremental_energy_check.py

=== D1 Wine ===
  |R_init|=5  n_init=142  n_stream=36

=== D9 Spambase ===
  |R_init|=9  n_init=3680  n_stream=921

=== D11 Isolet ===
  |R_init|=14  n_init=960  n_stream=240
{
  "id": "D1",
  "dataset": "Wine",
  "n_total": 178,
  "n_init": 142,
  "n_stream": 36,
  "reduct_size": 5,
  "gamma_init": 0.78,
  "n_degenerate_zero_delta_new": 0,
  "n_degenerate_zero_delta_new_frac_of_stream": 0.0,
  "n_degenerate_zero_delta_existing": 0,
  "correctness_check_max_abs_K_d_diff": 2.2737367544323206e-13,
  "correctness_check_max_abs_gamma_diff": 4.440892098500626e-16,
  "friend_gain_fanout": {
    "mean": 32.416666666666664,
    "median": 31.5,
    "max": 57,
    "mean_as_frac_of_n": 0.20260416666666664
  },
  "shrink_cascade_size": {
    "n_shrink_events": 28,
    "mean": 5.035714285714286,
    "median": 4.0,
    "max": 18
  },
  "correctness_check_max_abs_E_diff": 3.410605131648481e-13,
  "correctness_check_n_points": 3
}
{
  "id": "D9",
  "dataset": "Spambase",
  "n_total": 4601,
  "n_init": 3680,
  "n_stream": 921,
  "reduct_size": 9,
  "gamma_init": 0.4,
  "n_degenerate_zero_delta_new": 24,
  "n_degenerate_zero_delta_new_frac_of_stream": 0.026058631921824105,
  "n_degenerate_zero_delta_existing": 3,
  "correctness_check_max_abs_K_d_diff": 9.458744898438454e-11,
  "correctness_check_max_abs_gamma_diff": 3.497202527569243e-15,
  "friend_gain_fanout": {
    "mean": 58.207383279044514,
    "median": 25.0,
    "max": 317,
    "mean_as_frac_of_n": 0.014058056582307575
  },
  "shrink_cascade_size": {
    "n_shrink_events": 1033,
    "mean": 74.83543078412391,
    "median": 15.0,
    "max": 479
  },
  "correctness_check_max_abs_E_diff": 1.4551915228366852e-10,
  "correctness_check_n_points": 38
}
{
  "id": "D11",
  "dataset": "Isolet",
  "n_total": 1200,
  "n_init": 960,
  "n_stream": 240,
  "reduct_size": 14,
  "gamma_init": 0.5,
  "n_degenerate_zero_delta_new": 0,
  "n_degenerate_zero_delta_new_frac_of_stream": 0.0,
  "n_degenerate_zero_delta_existing": 0,
  "correctness_check_max_abs_K_d_diff": 8.185452315956354e-12,
  "correctness_check_max_abs_gamma_diff": 2.7200464103316335e-15,
  "friend_gain_fanout": {
    "mean": 7.658333333333333,
    "median": 5.0,
    "max": 37,
    "mean_as_frac_of_n": 0.007091049382716049
  },
  "shrink_cascade_size": {
    "n_shrink_events": 292,
    "mean": 3.3767123287671232,
    "median": 2.0,
    "max": 23
  },
  "correctness_check_max_abs_E_diff": 1.4097167877480388e-11,
  "correctness_check_n_points": 11
}

Da luu: experiments/../theory/e0_check_results.json
##### 2026-09-30 15:51:09 END rc=0 python3 ../theory/e0_incremental_energy_check.py

##### 2026-09-30 15:51:10 START python3 ../theory/e0_batch_insertion_check.py

=== Wine (K=15) ===
  [Wine] A vs C (ground truth): max|delta diff|=0.00e+00, max|gsize diff|=0, |E diff|=1.14e-13, |Kd diff|=1.14e-13, |gamma diff|=0.00e+00
  [Wine] B order#0 vs C: max|delta diff|=0.00e+00, max|gsize diff|=0, |E diff|=0.00e+00, |Kd diff|=0.00e+00, |gamma diff|=0.00e+00
  [Wine] B order#1 vs C: max|delta diff|=0.00e+00, max|gsize diff|=0, |E diff|=1.14e-13, |Kd diff|=2.27e-13, |gamma diff|=0.00e+00
  [Wine] B order#2 vs C: max|delta diff|=0.00e+00, max|gsize diff|=0, |E diff|=0.00e+00, |Kd diff|=0.00e+00, |gamma diff|=0.00e+00
  [Wine] toc do: batch=0.119ms, sequential=0.413ms (K=15), speedup=3.48x

=== Spambase (K=15) ===
  [Spambase] A vs C (ground truth): max|delta diff|=0.00e+00, max|gsize diff|=0, |E diff|=1.82e-12, |Kd diff|=0.00e+00, |gamma diff|=5.55e-17
  [Spambase] B order#0 vs C: max|delta diff|=0.00e+00, max|gsize diff|=0, |E diff|=3.64e-12, |Kd diff|=1.46e-11, |gamma diff|=0.00e+00
  [Spambase] B order#1 vs C: max|delta diff|=0.00e+00, max|gsize diff|=0, |E diff|=3.64e-12, |Kd diff|=0.00e+00, |gamma diff|=1.11e-16
  [Spambase] B order#2 vs C: max|delta diff|=0.00e+00, max|gsize diff|=0, |E diff|=3.64e-12, |Kd diff|=0.00e+00, |gamma diff|=1.11e-16
  [Spambase] toc do: batch=3.135ms, sequential=3.335ms (K=15), speedup=1.06x

=== Urban (K=15) ===
  [Urban] A vs C (ground truth): max|delta diff|=0.00e+00, max|gsize diff|=0, |E diff|=2.27e-13, |Kd diff|=0.00e+00, |gamma diff|=5.55e-17
  [Urban] B order#0 vs C: max|delta diff|=0.00e+00, max|gsize diff|=0, |E diff|=0.00e+00, |Kd diff|=0.00e+00, |gamma diff|=0.00e+00
  [Urban] B order#1 vs C: max|delta diff|=0.00e+00, max|gsize diff|=0, |E diff|=0.00e+00, |Kd diff|=4.55e-13, |gamma diff|=5.55e-17
  [Urban] B order#2 vs C: max|delta diff|=0.00e+00, max|gsize diff|=0, |E diff|=2.27e-13, |Kd diff|=9.09e-13, |gamma diff|=1.67e-16
  [Urban] toc do: batch=1.130ms, sequential=1.249ms (K=15), speedup=1.11x

Da luu: experiments/../theory/e0_batch_insertion_check.csv
Sai so lon nhat tren MOI kiem tra dung dan (delta): 0.00e+00
PASS: cong thuc lo + tinh bat-bien-thu-tu khop ground-truth trong sai so dau phay dong.
##### 2026-09-30 15:51:12 END rc=0 python3 ../theory/e0_batch_insertion_check.py

##### 2026-09-30 15:51:12 START python3 ../theory/e0_batch_size_sweep.py

=== Wine ===
  [Wine] K=   3: batch=   0.068ms  sequential=   0.107ms  speedup=1.58x
  [Wine] K=   5: batch=   0.075ms  sequential=   0.155ms  speedup=2.07x
  [Wine] K=  10: batch=   0.091ms  sequential=   0.273ms  speedup=3.01x
  [Wine] K=  20: batch=   0.136ms  sequential=   0.532ms  speedup=3.92x
  [Wine] K=  35: batch=   0.207ms  sequential=   0.925ms  speedup=4.46x

=== Urban ===
  [Urban] K=   5: batch=   0.407ms  sequential=   0.411ms  speedup=1.01x
  [Urban] K=  10: batch=   0.770ms  sequential=   0.828ms  speedup=1.08x
  [Urban] K=  20: batch=   1.529ms  sequential=   1.695ms  speedup=1.11x
  [Urban] K=  40: batch=   3.137ms  sequential=   3.456ms  speedup=1.10x
  [Urban] K=  80: batch=   6.721ms  sequential=   7.093ms  speedup=1.06x
  [Urban] K= 120: batch=  10.608ms  sequential=  10.878ms  speedup=1.03x

=== Spambase ===
  [Spambase] K=   5: batch=   1.200ms  sequential=   1.101ms  speedup=0.92x
  [Spambase] K=  10: batch=   2.222ms  sequential=   2.229ms  speedup=1.00x
  [Spambase] K=  20: batch=   4.200ms  sequential=   4.482ms  speedup=1.07x
  [Spambase] K=  40: batch=   8.356ms  sequential=   8.905ms  speedup=1.07x
  [Spambase] K=  80: batch=  17.180ms  sequential=  17.845ms  speedup=1.04x
  [Spambase] K= 160: batch=  35.007ms  sequential=  36.324ms  speedup=1.04x
  [Spambase] K= 320: batch=  73.890ms  sequential=  73.664ms  speedup=1.00x
  [Spambase] K= 640: batch= 159.547ms  sequential= 152.042ms  speedup=0.95x

Da luu: experiments/../theory/e0_batch_size_sweep.csv
##### 2026-09-30 15:51:24 END rc=0 python3 ../theory/e0_batch_size_sweep.py

##### 2026-09-30 15:51:24 START python3 ../theory/e0_new_class_synthetic_test.py
Init: n=80, classes={0: 40, 1: 40}, E=428.6042, K_d=428.6042
  >> step 4: LOP MOI xuat hien lan dau (class=2)
  step 4: is_new_class=True, n_shrink=84, E_diff=2.84e-13, K_d_diff=0.00e+00 [OK]
  step 7: is_new_class=False, n_shrink=2, E_diff=2.27e-13, K_d_diff=5.68e-14 [OK]

Lop moi xuat hien tai step: 4
KET QUA: TAT CA KHOP GROUND TRUTH
##### 2026-09-30 15:51:24 END rc=0 python3 ../theory/e0_new_class_synthetic_test.py

##### ALL DONE 2026-09-30 15:51:24
