dataset,dataset_name,stream_type,step,n_active_before,n_gain,n_shrink,evicted_total,n_zero_delta_new,n_zero_delta_existing,t_delta_friend_sec,t_shrink_cascade_sec,t_kd_energy_sec,t_array_growth_sec,gamma_running
D11,Isolet,iid,0,6237,1,5,31,0,0,0.00024708299952180823,4.424999951879727e-05,2.166600006603403e-05,3.533299968694337e-05,0.4452941262433091
D11,Isolet,iid,1,6238,102,0,0,0,0,0.0063194580006893375,8.37500010675285e-06,2.7707999834092334e-05,5.8417000218469184e-05,0.44538001227967494
D11,Isolet,iid,2,6239,86,0,0,0,0,0.00021033400025771698,5.625000085274223e-06,1.9750000319618266e-05,3.56659993485664e-05,0.44546804515460187
D11,Isolet,iid,3,6240,6,7,47,0,0,0.00017220799963979516,5.795799916086253e-05,1.5999999959603883e-05,2.420900000288384e-05,0.44531084113281616
D11,Isolet,iid,4,6241,18,0,0,0,0,0.00016775000040070154,4.042000000481494e-06,1.5500000699830707e-05,2.2458999410446268e-05,0.4453140666949681
D11,Isolet,iid,5,6242,18,0,0,0,0,0.00016583300021011382,3.875000402331352e-06,1.5999999959603883e-05,2.2833000002719928e-05,0.44533200493065617
D11,Isolet,iid,6,6243,13,0,0,0,0,0.0001661669994064141,3.8749994928366505e-06,1.5334000636357814e-05,2.341700019314885e-05,0.4453366258121541
D11,Isolet,iid,7,6244,123,0,0,0,0,0.00016195799980778247,3.6669998735305853e-06,1.583399989613099e-05,2.3167000108514912e-05,0.44542996775061827
D11,Isolet,iid,8,6245,0,1,0,0,0,0.0001524579993201769,1.2415999663062394e-05,1.529200017102994e-05,2.112499987561023e-05,0.4453657666849948
D11,Isolet,iid,9,6246,4,0,0,0,0,0.00016025000059016747,3.5829998523695394e-06,1.5791999430803116e-05,2.1042000298621133e-05,0.445322737065443
D11,Isolet,iid,10,6247,7,0,0,0,0,0.0001588749992151861,3.5829998523695394e-06,1.545799932500813e-05,2.3040999622025993e-05,0.44533316647601134
D11,Isolet,iid,11,6248,8,1,0,0,0,0.00015858400001889095,1.2292000064917374e-05,1.4416000340133905e-05,2.2000000171829015e-05,0.4453544433359005
D11,Isolet,iid,12,6249,131,0,0,0,0,0.00016362499991373625,3.7500003600143827e-06,1.424999936716631e-05,2.2290999368124176e-05,0.4454531963207092
D11,Isolet,iid,13,6250,2,1,0,0,0,0.00016504100040037883,1.1582999832171481e-05,1.570799940964207e-05,2.087499979097629e-05,0.44545826687078616
D11,Isolet,iid,14,6251,3,1,0,0,0,0.00015895900014584186,1.1666999853332527e-05,1.5374999748019036e-05,2.1249999917927198e-05,0.44546842881727144
D11,Isolet,iid,15,6252,71,0,0,0,0,0.00016466599936393322,3.707999894686509e-06,1.583299945195904e-05,2.1165999896766152e-05,0.4455627408105262
D11,Isolet,iid,16,6253,26,0,0,0,0,0.00015979199997673277,3.6669998735305853e-06,1.5374999748019036e-05,2.1625000044878107e-05,0.4456266018926027
D11,Isolet,iid,17,6254,25,0,0,0,0,0.00015904199972283095,3.5829998523695394e-06,1.4666000424767844e-05,2.099999983329326e-05,0.44567173185192493
D11,Isolet,iid,18,6255,26,0,0,0,0,0.0001625419999982114,3.6669998735305853e-06,1.3584000043920241e-05,2.2249999346968252e-05,0.4457473615743809
D11,Isolet,iid,19,6256,36,1,0,0,0,0.00016083300033642445,1.183299991680542e-05,1.516599968454102e-05,2.304199915670324e-05,0.44574958218061916
D11,Isolet,iid,20,6257,0,0,0,0,0,0.00015395799982798053,3.6669998735305853e-06,1.5375000657513738e-05,2.1292000383255072e-05,0.4456854659111144
D11,Isolet,iid,21,6258,46,0,0,0,0,0.00017412499983038288,3.6249994082027115e-06,1.5334000636357814e-05,2.5791999178181868e-05,0.4457484252015323
D11,Isolet,iid,22,6259,56,0,0,0,0,0.00016104100086522521,3.7909994716756046e-06,1.4874999578751158e-05,2.1915999241173267e-05,0.4458062876425853
D11,Isolet,iid,23,6260,3,1,1,0,0,0.00015670799984945916,1.1915999493794516e-05,1.5374999748019036e-05,2.087499979097629e-05,0.44576730668488723
D11,Isolet,iid,24,6261,9,0,0,0,0,0.0001596669999344158,3.707999894686509e-06,1.4915999599907082e-05,2.1582999579550233e-05,0.44578509560244417
D11,Isolet,iid,25,6262,155,0,0,0,0,0.00016420800056948792,3.6250003176974133e-06,1.5208000149868894e-05,2.1833000573678873e-05,0.4458872702672867
D11,Isolet,iid,26,6263,1,4,8,0,0,0.00023170900021796115,3.712499983521411e-05,1.862499993876554e-05,3.129099968646187e-05,0.44577492004987435
D11,Isolet,iid,27,6264,27,0,0,0,0,0.00017299999944953015,4.417000127432402e-06,1.704099940980086e-05,2.6916999559034593e-05,0.44580159323831503
D11,Isolet,iid,28,6265,115,0,0,0,0,0.0001798329994926462,4.499999704421498e-06,1.4834000467089936e-05,2.3833999875932932e-05,0.44587637403216
D11,Isolet,iid,29,6266,51,0,0,0,0,0.00017304199991485802,4.208999598631635e-06,1.4291999832494184e-05,2.329099970665993e-05,0.4458782616207323
D11,Isolet,iid,30,6267,84,0,0,0,0,0.00017083399961848045,3.7500003600143827e-06,1.329200040345313e-05,2.312499964318704e-05,0.44595149951601376
D11,Isolet,iid,31,6268,89,0,0,0,0,0.00016466700071759988,3.583999387046788e-06,1.4332999853650108e-05,2.1208000362094026e-05,0.4459893871217632
D11,Isolet,iid,32,6269,97,0,0,0,0,0.00016420800056948792,3.6669998735305853e-06,1.2833999790018424e-05,2.1750000087195076e-05,0.4460811082521551
D11,Isolet,iid,33,6270,18,0,0,0,0,0.00016024999968067277,3.5410002965363674e-06,1.487500048824586e-05,2.204100019298494e-05,0.4461094737286539
D11,Isolet,iid,34,6271,85,0,0,0,0,0.00015908399927866412,3.6250003176974133e-06,1.3333000424609054e-05,2.204100019298494e-05,0.4462134353016375
D11,Isolet,iid,35,6272,1,0,0,0,0,0.00016108399995573564,3.6249994082027115e-06,1.5124999663385097e-05,2.245799987576902e-05,0.4461742952437325
D11,Isolet,iid,36,6273,19,0,0,0,0,0.000165417000062007,3.6669998735305853e-06,1.5083000107551925e-05,2.2833000002719928e-05,0.4461999060078558
D11,Isolet,iid,37,6274,3,0,0,0,0,0.00016141600008268142,3.6249994082027115e-06,1.4541000382450875e-05,2.2166999769979157e-05,0.4461573517053862
D11,Isolet,iid,38,6275,11,0,0,0,0,0.00016558300012547988,3.832999937003478e-06,1.383299968438223e-05,2.3249999685504008e-05,0.4461664588676559
D11,Isolet,iid,39,6276,2,0,0,0,0,0.00016395799957535928,3.709000338858459e-06,1.570799940964207e-05,2.3332999262493104e-05,0.44612897130370155
D11,Isolet,iid,40,6277,29,0,0,0,0,0.0001686670002527535,3.5829998523695394e-06,1.4624999494117219e-05,2.3209000573842786e-05,0.4461683342346014
D11,Isolet,iid,41,6278,11,1,1,0,0,0.00017512500016891863,1.2874999811174348e-05,1.4291000297816936e-05,2.5332999939564615e-05,0.44616356575487537
D11,Isolet,iid,42,6279,10,8,19,0,0,0.00015845800044189673,5.8417000218469184e-05,1.4459000340139028e-05,2.2375000298779923e-05,0.4460354947591148
D11,Isolet,iid,43,6280,29,2,0,0,0,0.00016937500004132744,2.5082999854930677e-05,1.3458000466926023e-05,2.3874999897088856e-05,0.4460462935446403
D11,Isolet,iid,44,6281,88,0,0,0,0,0.00018108400035998784,3.916999958164524e-06,1.3792000572721008e-05,2.3458000214304775e-05,0.44611228242239603
D11,Isolet,iid,45,6282,19,0,0,0,0,0.00016033399970183382,3.709000338858459e-06,1.3333999959286302e-05,2.129199947376037e-05,0.44613309024843273
D11,Isolet,iid,46,6283,70,0,0,0,0,0.00016437500016763806,3.6250003176974133e-06,1.529200017102994e-05,2.166600006603403e-05,0.44619323004345074
D11,Isolet,iid,47,6284,0,0,0,0,0,0.0001584999999977299,3.667000783025287e-06,1.4874999578751158e-05,2.1791999643028248e-05,0.4461296235701743
D11,Isolet,iid,48,6285,73,0,0,0,0,0.00016266599959635641,3.541999831213616e-06,1.2957999388163444e-05,2.2833000002719928e-05,0.4462014221200604
D11,Isolet,iid,49,6286,0,0,0,0,0,0.00015425000037794234,3.5830007618642412e-06,1.39579997266992e-05,2.195799970650114e-05,0.4461374643111946
D11,Isolet,iid,50,6287,7,1,0,0,0,0.0001601249996383558,1.183400036097737e-05,2.4166999537555967e-05,2.1625000044878107e-05,0.44615620458295246
D11,Isolet,iid,51,6288,3,0,0,0,0,0.00025224999990314245,9.70800010691164e-06,2.6707999495556578e-05,3.691700021590805e-05,0.4461230721436495
D11,Isolet,iid,52,6289,12,0,0,0,0,0.00017504199968243483,4.499999704421498e-06,1.84580003406154e-05,2.4666999706823844e-05,0.4461384927339111
D11,Isolet,iid,53,6290,39,0,0,0,0,0.00017279100029554684,5.249999958323315e-06,1.833300029829843e-05,2.7249999220657628e-05,0.44618334407330495
D11,Isolet,iid,54,6291,2,1,0,0,0,0.00017945900071936194,1.6166999557754025e-05,1.8791000002238434e-05,2.579200008767657e-05,0.4461289756324029
D11,Isolet,iid,55,6292,77,0,0,0,0,0.0001765830002113944,4.333000106271356e-06,1.770899962139083e-05,2.541699996072566e-05,0.44619395825877706
D11,Isolet,iid,56,6293,27,0,0,0,0,0.00016954099919530563,4.042000000481494e-06,1.7084000319300685e-05,2.3749999854771886e-05,0.44622295732791967
D11,Isolet,iid,57,6294,69,0,0,0,0,0.00016758400033722864,4.083999556314666e-06,1.6834000234666746e-05,2.258400036225794e-05,0.4462977417488912
D11,Isolet,iid,58,6295,0,0,0,0,0,0.00016000000050553354,3.875000402331352e-06,1.67500002135057e-05,2.2375000298779923e-05,0.4462347434200523
D11,Isolet,iid,59,6296,9,0,0,0,0,0.00017041599949152442,4.1249995774705894e-06,1.6707999748177826e-05,2.4625000150990672e-05,0.44621926151945956
D11,Isolet,iid,60,6297,1,0,0,0,0,0.00017095899966079742,4.125000486965291e-06,1.729199993860675e-05,2.5084000299102627e-05,0.44620669043114775
D11,Isolet,iid,61,6298,20,0,0,0,0,0.0001698340001894394,4.250000529282261e-06,1.6707999748177826e-05,2.579200008767657e-05,0.4462342536242476
D11,Isolet,iid,62,6299,51,0,0,0,0,0.00016962500012596138,3.916000423487276e-06,1.650000012887176e-05,2.220799979113508e-05,0.4462936771829133
D11,Isolet,iid,63,6300,3,2,0,0,0,0.0001622079998924164,2.0707999283331446e-05,1.6832999790494796e-05,2.3499999770137947e-05,0.44627022788135856
D11,Isolet,iid,64,6301,86,0,0,0,0,0.00016708299972378882,3.916999958164524e-06,1.6791999769338872e-05,2.2250000256462954e-05,0.4463434572844643
D11,Isolet,iid,65,6302,1,5,18,0,0,0.00016995900023175636,3.9292000110435765e-05,1.620799957890995e-05,2.195799970650114e-05,0.44624962075545244
D11,Isolet,iid,66,6303,23,0,0,0,0,0.00017958300031750696,3.957999979320448e-06,1.608300044608768e-05,2.195799970650114e-05,0.4462544365971001
D11,Isolet,iid,67,6304,24,0,0,0,0,0.0001606659998287796,3.707999894686509e-06,1.5125000572879799e-05,2.2500000341096893e-05,0.4462921333668139
D11,Isolet,iid,68,6305,0,3,0,0,0,0.00015720800001872703,2.445800055284053e-05,1.620800048840465e-05,2.208299974881811e-05,0.4462287048160309
D11,Isolet,iid,69,6306,8,0,0,0,0,0.00015841599997656886,3.707999894686509e-06,1.383299968438223e-05,2.166600006603403e-05,0.4461814885914745
D11,Isolet,iid,70,6307,1,0,0,0,0,0.00016016600056900643,3.6669998735305853e-06,1.5333999726863112e-05,2.2125000214145985e-05,0.4461562117702277
D11,Isolet,iid,71,6308,1,0,0,0,0,0.00016400000004068715,3.916999958164524e-06,1.6666999727021903e-05,2.2500000341096893e-05,0.4461513708757915
D11,Isolet,iid,72,6309,35,4,31,0,0,0.00017241600016859593,3.562500023690518e-05,1.437499940948328e-05,2.3334000616159756e-05,0.44617608130681646
D11,Isolet,iid,73,6310,10,0,0,0,0,0.00016729200069676153,3.666000338853337e-06,1.6416999642387964e-05,2.154200046788901e-05,0.44619016395987565
D11,Isolet,iid,74,6311,3,0,0,0,0,0.00016066700027295155,3.666000338853337e-06,1.6250000044237822e-05,2.3040999622025993e-05,0.4461594013581439
D11,Isolet,iid,75,6312,77,0,0,0,0,0.00016112499997689156,3.749999450519681e-06,1.554200025566388e-05,2.166699960071128e-05,0.44624123199305893
D11,Isolet,iid,76,6313,2,1,0,0,0,0.0002622500005600159,1.874999998108251e-05,2.1249999917927198e-05,4.537499989964999e-05,0.44622488312381225
D11,Isolet,iid,77,6314,2,1,0,0,0,0.00018075000025419286,1.3166999451641459e-05,1.583299945195904e-05,2.7207999664824456e-05,0.4461879152927887
D11,Isolet,iid,78,6315,2,3,2,0,0,0.00017100000059144804,2.699999913602369e-05,1.7082999875128735e-05,2.7249999220657628e-05,0.4461371080204086
D11,Isolet,iid,79,6316,6,0,0,0,0,0.00017183299951284425,3.8749994928366505e-06,1.6416999642387964e-05,2.6208000235783402e-05,0.446168387993538
D11,Isolet,iid,80,6317,96,0,0,0,0,0.00017449999995733378,4.458999683265574e-06,1.6334000065398868e-05,2.433400004520081e-05,0.44625047881155117
D11,Isolet,iid,81,6318,43,0,0,0,0,0.0001694170005066553,3.8749994928366505e-06,1.4332999853650108e-05,2.2540999452758115e-05,0.44630461959306394
D11,Isolet,iid,82,6319,156,0,0,0,0,0.0001710839997031144,4.084000465809368e-06,1.3666999620909337e-05,2.325000059499871e-05,0.4464031439596011
D11,Isolet,iid,83,6320,3,3,8,0,0,0.00017008400027407333,2.7457999749458395e-05,1.5625000742147677e-05,2.3292000150831882e-05,0.44632678468562165
D11,Isolet,iid,84,6321,0,0,0,0,0,0.00015870799961703597,3.6250003176974133e-06,1.4125000234344043e-05,2.3167000108514912e-05,0.4462750970284558
D11,Isolet,iid,85,6322,7,12,51,0,0,0.00016816599963931367,8.079100007307716e-05,1.5999999959603883e-05,2.220799979113508e-05,0.4461620393992045
D11,Isolet,iid,86,6323,13,0,0,0,0,0.0001610000008440693,3.6249994082027115e-06,1.558399981149705e-05,2.2959000489208847e-05,0.44615907429393015
D11,Isolet,iid,87,6324,89,0,0,0,0,0.00016204100029426627,3.5829998523695394e-06,1.5458000234502833e-05,2.3082999177859165e-05,0.44623858777628117
D11,Isolet,iid,88,6325,54,0,0,0,0,0.00016208299985009944,3.5409993870416656e-06,1.5333000192185864e-05,2.2541999896930065e-05,0.44630281430637936
D11,Isolet,iid,89,6326,0,4,12,0,0,0.00015212500056804856,3.1416000638273545e-05,1.4082999769016169e-05,2.3083000087353867e-05,0.44616032274486256
D11,Isolet,iid,90,6327,29,0,0,0,0,0.00016400000004068715,3.875000402331352e-06,1.529200017102994e-05,2.3458000214304775e-05,0.4461986173518849
D11,Isolet,iid,91,6328,5,0,0,0,0,0.0001635409998925752,3.6249994082027115e-06,1.3040999874647241e-05,2.2791999981564004e-05,0.44622398872899205
D11,Isolet,iid,92,6329,87,0,0,0,0,0.00016358299944840837,3.6669998735305853e-06,1.4958999599912204e-05,2.2834000446891878e-05,0.4462945167024455
D11,Isolet,iid,93,6330,21,0,0,0,0,0.00015808399984962307,3.6669998735305853e-06,1.4874999578751158e-05,2.2000000171829015e-05,0.4463233491514391
D11,Isolet,iid,94,6331,46,0,0,0,0,0.0001617499992789817,3.707999894686509e-06,1.3792000572721008e-05,2.2833999537397176e-05,0.44637520296805017
D11,Isolet,iid,95,6332,22,0,0,0,0,0.0001572499995745602,3.5829998523695394e-06,1.5166999219218269e-05,2.270900040457491e-05,0.446414660160639
D11,Isolet,iid,96,6333,0,1,1,0,0,0.00015299999995477265,1.170799987448845e-05,1.3457999557431322e-05,2.3042000066197943e-05,0.4463449746767535
D11,Isolet,iid,97,6334,58,0,0,0,0,0.0001615840001250035,3.6669998735305853e-06,1.5040999642224051e-05,2.28749995585531e-05,0.44642343508732685
D11,Isolet,iid,98,6335,2,2,0,0,0,0.00016212500031542731,1.9750000319618266e-05,1.5249999705702066e-05,2.3458000214304775e-05,0.4463771487937655
D11,Isolet,iid,99,6336,9,0,0,0,0,0.00016104200039990246,3.6249994082027115e-06,1.3374999980442226e-05,2.245800078526372e-05,0.4463441078075783
D11,Isolet,iid,100,6337,7,1,0,0,0,0.00015791599980730098,1.1625000297499355e-05,1.545799932500813e-05,2.3042000066197943e-05,0.4463399476545697
D11,Isolet,iid,101,6338,16,0,0,0,0,0.00027504199988470646,9.041000339493621e-06,2.3042000066197943e-05,4.9666999984765425e-05,0.4463685942996387
D11,Isolet,iid,102,6339,24,0,0,0,0,0.0001847080002335133,5.249999958323315e-06,1.541599976917496e-05,2.9833000553480815e-05,0.44643312950238234
D11,Isolet,iid,103,6340,2,1,2,0,0,0.00017549999938637484,1.4082999769016169e-05,1.5874999917286914e-05,2.5374999495397788e-05,0.4463944516531474
D11,Isolet,iid,104,6341,3,5,56,0,0,0.0001670420006121276,4.1291999878012575e-05,1.8166000700148288e-05,2.541699996072566e-05,0.44628679175215097
D11,Isolet,iid,105,6342,59,0,0,0,0,0.0001764999997249106,4.583000190905295e-06,1.6416999642387964e-05,2.6374999833933543e-05,0.4463582760303772
D11,Isolet,iid,106,6343,12,0,0,0,0,0.00016729199978726683,4.083999556314666e-06,1.5749999874969944e-05,3.5457999729260337e-05,0.44636787832301444
D11,Isolet,iid,107,6344,3,2,0,0,0,0.00016916700042202137,2.1208000362094026e-05,1.4916000509401783e-05,2.579200008767657e-05,0.4463215451830606
D11,Isolet,iid,108,6345,54,0,0,0,0,0.00017120899974543136,4.083000021637417e-06,1.487500048824586e-05,2.6499999876250513e-05,0.44638626294796563
D11,Isolet,iid,109,6346,91,0,0,0,0,0.00024170799952116795,4.749999789055437e-06,1.4417000784305856e-05,2.4041999495238997e-05,0.44649185117846657
D11,Isolet,iid,110,6347,83,0,0,0,0,0.00016537500050617382,3.749999450519681e-06,1.3582999599748291e-05,2.299999960087007e-05,0.44656485527547035
D11,Isolet,iid,111,6348,60,0,0,0,0,0.00016320799932145746,3.6669998735305853e-06,1.408400021318812e-05,2.2666999939247034e-05,0.4466357810324858
D11,Isolet,iid,112,6349,18,0,0,0,0,0.00016104200039990246,3.7500003600143827e-06,1.4792000001762062e-05,2.2707999960402958e-05,0.44665914138256396
D11,Isolet,iid,113,6350,29,0,0,0,0,0.00016245799997705035,3.5829998523695394e-06,1.2584000614879187e-05,2.274999951623613e-05,0.4466950524424605
D11,Isolet,iid,114,6351,38,0,0,0,0,0.00015979099953256082,3.6669998735305853e-06,1.329200040345313e-05,2.2666000404569786e-05,0.44674469753866647
D11,Isolet,iid,115,6352,71,0,0,0,0,0.00015954199989209883,3.5840002965414897e-06,1.2999999853491317e-05,2.274999951623613e-05,0.44682009532835987
D11,Isolet,iid,116,6353,23,0,0,0,0,0.00016066700027295155,3.5829998523695394e-06,1.4457999895967077e-05,2.2500000341096893e-05,0.4468399217406156
D11,Isolet,iid,117,6354,0,2,0,0,0,0.00015270800031430554,1.9332999727339484e-05,1.4708999515278265e-05,2.3749999854771886e-05,0.44677634421788615
D11,Isolet,iid,118,6355,0,5,86,0,0,0.0001560420005262131,4.0875000195228495e-05,1.4707999980601016e-05,2.3708000298938714e-05,0.44665763676456893
D11,Isolet,iid,119,6356,8,0,0,0,0,0.00016349999987141928,3.5829998523695394e-06,1.3582999599748291e-05,2.383299943176098e-05,0.44668524212584204
D11,Isolet,iid,120,6357,127,0,0,0,0,0.00016529200001969002,3.6249994082027115e-06,1.4416000340133905e-05,2.2500000341096893e-05,0.4467523749264647
D11,Isolet,iid,121,6358,0,0,0,0,0,0.00015325000003940659,3.5000002753804438e-06,1.4207999811333138e-05,2.274999951623613e-05,0.4467249101652966
D11,Isolet,iid,122,6359,0,2,1,0,0,0.00015691699991293717,1.795900061551947e-05,1.5124999663385097e-05,2.2500000341096893e-05,0.44665436309247497
D11,Isolet,iid,123,6360,22,0,0,0,0,0.00015999999959603883,3.6249994082027115e-06,1.4792000001762062e-05,2.1750000087195076e-05,0.4466831574664431
D11,Isolet,iid,124,6361,50,0,0,0,0,0.0001674170007390785,3.6250003176974133e-06,1.383400012855418e-05,2.2666999939247034e-05,0.4467485881058995
D11,Isolet,iid,125,6362,1,0,0,0,0,0.00016074999984994065,3.5830007618642412e-06,1.370799964206526e-05,2.220799979113508e-05,0.4466880793144768
D11,Isolet,iid,126,6363,10,17,236,0,0,0.0002459580000504502,0.0001257920002899482,2.329099970665993e-05,3.733299945452018e-05,0.44651197674444737
D11,Isolet,iid,127,6364,143,0,0,0,0,0.00018716600061452482,4.749999789055437e-06,1.8707999515754636e-05,2.4709000172151718e-05,0.44661008108003947
D11,Isolet,iid,128,6365,15,0,0,0,0,0.00017375000061292667,4.4169992179377005e-06,1.808300021366449e-05,2.354099979129387e-05,0.44665550786195385
D11,Isolet,iid,129,6366,32,0,0,0,0,0.00017350000052829273,5.124999916006345e-06,1.7625000509724487e-05,2.5708000066515524e-05,0.44669237031881853
D11,Isolet,iid,130,6367,3,0,0,0,0,0.0001850829994509695,4.8329993660445325e-06,1.7207999917445704e-05,2.6749999960884452e-05,0.44670764259487705
D11,Isolet,iid,131,6368,15,0,0,0,0,0.00017295799989369698,4.499999704421498e-06,1.741699998092372e-05,2.658300036273431e-05,0.446745499076891
D11,Isolet,iid,132,6369,51,0,0,0,0,0.00017104099970310926,3.99999953515362e-06,1.704099940980086e-05,2.262499947391916e-05,0.4468135018018138
D11,Isolet,iid,133,6370,2,7,19,0,0,0.00016979199972411152,5.533400053536752e-05,1.7208999452122953e-05,2.40420004047337e-05,0.44672956000191427
D11,Isolet,iid,134,6371,17,0,0,0,0,0.00016833399968163576,3.834000381175429e-06,1.6709000192349777e-05,2.5041999833774753e-05,0.44673824365340087
D11,Isolet,iid,135,6372,6,0,0,0,0,0.00016774999949120684,3.791999915847555e-06,1.3875000149710104e-05,2.5083999389607925e-05,0.44671707830408475
D11,Isolet,iid,136,6373,1,2,5,0,0,0.00017179099995701108,2.045800010819221e-05,1.7250000382773578e-05,2.487500023562461e-05,0.44662239246337354
D11,Isolet,iid,137,6374,2,0,0,0,0,0.00016783299997769063,3.791999915847555e-06,1.6540999240532983e-05,2.4707999727979768e-05,0.446588649607711
D11,Isolet,iid,138,6375,0,1,12,0,0,0.00016162500014615944,1.2083999536116607e-05,1.4833999557595234e-05,2.2958000045036897e-05,0.4465121323281317
D11,Isolet,iid,139,6376,42,0,0,0,0,0.00016645799951220397,3.915999513992574e-06,1.3541999578592367e-05,2.3083999622031115e-05,0.44657489412898016
D11,Isolet,iid,140,6377,39,0,0,0,0,0.0001661669994064141,3.791999915847555e-06,1.62090000230819e-05,2.2958999579714146e-05,0.44663664032662787
D11,Isolet,iid,141,6378,23,0,0,0,0,0.00021225000000413274,3.707999894686509e-06,1.3083000339975115e-05,2.1916999685345218e-05,0.44668922717466636
D11,Isolet,iid,142,6379,0,0,0,0,0,0.000156875000357104,3.6250003176974133e-06,1.5125000572879799e-05,2.2250000256462954e-05,0.44664574949937524
D11,Isolet,iid,143,6380,3,0,0,0,0,0.0001630830001886352,3.6250003176974133e-06,1.650000012887176e-05,2.1292000383255072e-05,0.4466179237102866
D11,Isolet,iid,144,6381,1,0,0,0,0,0.00016125000001920853,3.666000338853337e-06,1.595799949427601e-05,2.3083000087353867e-05,0.446577775656194
D11,Isolet,iid,145,6382,6,0,0,0,0,0.00016079099987109657,3.6249994082027115e-06,1.6166000023076776e-05,2.1458000446727965e-05,0.44656100472965826
D11,Isolet,iid,146,6383,15,0,0,0,0,0.00016170799972314853,3.7910003811703064e-06,1.4417000784305856e-05,2.3791999410605058e-05,0.4465727643282376
D11,Isolet,iid,147,6384,31,0,0,0,0,0.0001666250000198488,3.7500003600143827e-06,1.6416999642387964e-05,2.404099996056175e-05,0.4466343017861156
D11,Isolet,iid,148,6385,35,0,0,0,0,0.00016675000006216578,3.749999450519681e-06,1.4000000192027073e-05,2.4124999981722794e-05,0.4466565495068446
D11,Isolet,iid,149,6386,108,0,0,0,0,0.00016716699974494986,3.7500003600143827e-06,1.6042000424931757e-05,2.1875000129512046e-05,0.4466935731650274
D11,Isolet,iid,150,6387,159,0,0,0,0,0.0001660840007389197,3.7089994293637574e-06,1.554200025566388e-05,2.2125000214145985e-05,0.4467923853608674
D11,Isolet,iid,151,6388,8,0,0,0,0,0.0002785420001600869,9.125000360654667e-06,2.3374999727820978e-05,4.745900059788255e-05,0.4468006507751612
D11,Isolet,iid,152,6389,64,0,0,0,0,0.00018887499936681706,4.708999767899513e-06,1.7292000848101452e-05,2.5958000151149463e-05,0.44686171195027496
D11,Isolet,iid,153,6390,1,2,10,0,0,0.00018237499989481876,2.2958000045036897e-05,1.7082999875128735e-05,2.7499999305291567e-05,0.44677924447560846
D11,Isolet,iid,154,6391,6,0,0,0,0,0.00018925000040326267,4.749999789055437e-06,1.6749999304011e-05,2.845800008799415e-05,0.4467956436836478
D11,Isolet,iid,155,6392,1,3,15,0,0,0.00017654200019023847,2.7457999749458395e-05,1.8750000890577212e-05,2.6417000299261417e-05,0.44669389680738936
D11,Isolet,iid,156,6393,9,0,0,0,0,0.00017279199983022409,4.083000021637417e-06,1.620800048840465e-05,2.3041000531520694e-05,0.44671972549870964
D11,Isolet,iid,157,6394,1,0,0,0,0,0.00016770900037954561,3.99999953515362e-06,1.6041999515437055e-05,2.1709000066039152e-05,0.4466805962416792
D11,Isolet,iid,158,6395,18,0,0,0,0,0.00016854200021043653,3.834000381175429e-06,1.4666999959445093e-05,2.312500055268174e-05,0.4466823416014388
D11,Isolet,iid,159,6396,24,0,0,0,0,0.00016512500042153988,3.7089994293637574e-06,1.5250000615196768e-05,2.445800055284053e-05,0.44672667011473094
D11,Isolet,iid,160,6397,10,0,0,0,0,0.0001682920001258026,3.6669998735305853e-06,1.3916999705543276e-05,2.3249999685504008e-05,0.44676123731582623
D11,Isolet,iid,161,6398,39,0,0,0,0,0.00016504199993505608,3.6250003176974133e-06,1.4958000065234955e-05,2.2833000002719928e-05,0.4467825321850282
D11,Isolet,iid,162,6399,7,0,0,0,0,0.00016204199982894352,3.5840002965414897e-06,1.5458999769180082e-05,2.2917000023880973e-05,0.44678757986647366
D11,Isolet,iid,163,6400,41,0,0,0,0,0.00016441699972347124,3.6250003176974133e-06,1.4500000361294951e-05,2.191600015066797e-05,0.446778234620031
D11,Isolet,iid,164,6401,11,0,0,0,0,0.00016412500008300412,3.6249994082027115e-06,1.4082999769016169e-05,2.2541999896930065e-05,0.4468039581010221
D11,Isolet,iid,165,6402,44,0,0,0,0,0.00016720799976610579,3.707999894686509e-06,1.3500000022759195e-05,2.4167000447050668e-05,0.44683438279053067
D11,Isolet,iid,166,6403,47,0,0,0,0,0.00016979200063360622,3.832999937003478e-06,1.6332999621226918e-05,2.408299951639492e-05,0.4468659268868645
D11,Isolet,iid,167,6404,1,0,0,0,0,0.0001650000003792229,3.7089994293637574e-06,1.541700021334691e-05,2.2249999346968252e-05,0.44684815226045504
D11,Isolet,iid,168,6405,0,0,0,0,0,0.000158124999870779,3.707999894686509e-06,1.5333000192185864e-05,2.233299983345205e-05,0.4467862188495271
D11,Isolet,iid,169,6406,0,2,21,0,0,0.00015824999991309596,1.8958000509883277e-05,1.3708000551559962e-05,2.3292000150831882e-05,0.4466751918489366
D11,Isolet,iid,170,6407,72,0,0,0,0,0.00016487500033690594,3.6669998735305853e-06,1.3665999176737387e-05,2.6832999537873548e-05,0.4467520679906897
D11,Isolet,iid,171,6408,6,1,0,0,0,0.00017012500029522926,1.158399936684873e-05,1.3500000022759195e-05,2.2125000214145985e-05,0.44676546223247615
D11,Isolet,iid,172,6409,62,3,22,0,0,0.00016320899976562941,2.4292000489367638e-05,1.2833000255341176e-05,2.2750000425730832e-05,0.4467474525688585
D11,Isolet,iid,173,6410,3,0,0,0,0,0.00016395900001953123,3.834000381175429e-06,1.4209000255505089e-05,2.4167000447050668e-05,0.4467384203426439
D11,Isolet,iid,174,6411,45,0,0,0,0,0.0001674999994065729,3.957999979320448e-06,1.3750000107393134e-05,2.3499999770137947e-05,0.4467585841982033
D11,Isolet,iid,175,6412,2,0,0,0,0,0.00016520899953320622,3.667000783025287e-06,1.4250000276661012e-05,2.220799979113508e-05,0.4467391307761111
D11,Isolet,iid,176,6413,99,0,0,0,0,0.00028454200037231203,9.29100042412756e-06,2.2125000214145985e-05,5.2041999879293144e-05,0.4468268848996271
D11,Isolet,iid,177,6414,9,1,0,0,0,0.000194709000425064,1.5917000382614788e-05,1.7082999875128735e-05,3.3583000004000496e-05,0.44684013564566044
D11,Isolet,iid,178,6415,1,0,0,0,0,0.00018179199923906708,4.209000508126337e-06,1.704199985397281e-05,2.8500000553322025e-05,0.4468163639620842
D11,Isolet,iid,179,6416,0,1,0,0,0,0.00016725000023143366,1.304199940932449e-05,1.500000053056283e-05,2.4167000447050668e-05,0.44675434525571833
D11,Isolet,iid,180,6417,3,0,0,0,0,0.00016916700042202137,3.832999937003478e-06,1.4457999895967077e-05,2.141599998140009e-05,0.4467199102552247
D11,Isolet,iid,181,6418,0,1,1,0,0,0.00016133299959619762,1.2333999620750546e-05,1.4834000467089936e-05,2.3458999748982023e-05,0.44667252770575294
D11,Isolet,iid,182,6419,31,0,0,0,0,0.00016770900037954561,3.834000381175429e-06,1.608399998076493e-05,2.1500000002561137e-05,0.44672295338658385
D11,Isolet,iid,183,6420,7,0,0,0,0,0.0001647910003157449,3.665999429358635e-06,1.7082999875128735e-05,2.2917000023880973e-05,0.44669866444587036
D11,Isolet,iid,184,6421,1,3,6,0,0,0.00016304200016747927,2.5459000426053535e-05,1.3625000065076165e-05,2.191700059483992e-05,0.44661079384231117
D11,Isolet,iid,185,6422,81,0,0,0,0,0.00016733299980842276,3.707999894686509e-06,1.4332999853650108e-05,2.1916999685345218e-05,0.4467007245559152
D11,Isolet,iid,186,6423,155,0,0,0,0,0.0001711249997242703,3.749999450519681e-06,1.55829993673251e-05,2.191600015066797e-05,0.44680901981271764
D11,Isolet,iid,187,6424,17,0,0,0,0,0.000163166000675119,3.7500003600143827e-06,1.4582999938284047e-05,2.366599983361084e-05,0.446846849141223
D11,Isolet,iid,188,6425,1,0,0,0,0,0.00016558299921598518,3.665999429358635e-06,1.4999999621068127e-05,2.3458000214304775e-05,0.44682557434444203
D11,Isolet,iid,189,6426,0,0,0,0,0,0.0001610830004210584,4.125000486965291e-06,1.3208000382292084e-05,2.4625000150990672e-05,0.44676356119996624
D11,Isolet,iid,190,6427,6,0,0,0,0,0.00016854200021043653,3.834000381175429e-06,1.2583999705384485e-05,2.2250000256462954e-05,0.4467532750246889
D11,Isolet,iid,191,6428,28,0,0,0,0,0.00017358300010528183,4.000000444648322e-06,1.370799964206526e-05,2.191600015066797e-05,0.446772285457325
D11,Isolet,iid,192,6429,1,12,132,0,0,0.0001643329997023102,8.133299979817821e-05,1.5708000319136772e-05,2.1999999262334313e-05,0.4466421769599402
D11,Isolet,iid,193,6430,6,0,0,0,0,0.00016274999961751746,3.541999831213616e-06,1.5083999642229173e-05,2.2917000023880973e-05,0.4466542867201292
D11,Isolet,iid,194,6431,114,0,0,0,0,0.00017429099989385577,3.916999958164524e-06,1.558399981149705e-05,2.1584000023722183e-05,0.44673706376868794
D11,Isolet,iid,195,6432,43,0,0,0,0,0.00016933300048549427,3.7500003600143827e-06,1.4917000044079032e-05,2.3709000743110664e-05,0.4468040119284682
D11,Isolet,iid,196,6433,2,13,227,0,0,0.00016954199963947758,0.00010399999973742524,1.5708000319136772e-05,2.5416000426048413e-05,0.4464640343406325
D11,Isolet,iid,197,6434,64,0,0,0,0,0.00017375000061292667,3.707999894686509e-06,1.3458000466926023e-05,2.3374999727820978e-05,0.4465117336963392
D11,Isolet,iid,198,6435,5,0,0,0,0,0.0001698340001894394,3.6669998735305853e-06,1.4041000213182997e-05,2.2041999727662187e-05,0.4465061368505386
D11,Isolet,iid,199,6436,16,0,0,0,0,0.00016454099932161625,3.6669998735305853e-06,1.516700012871297e-05,2.300000051036477e-05,0.4465533946604134
D11,Isolet,iid,200,6437,116,0,0,0,0,0.0001725410002109129,3.791999915847555e-06,1.4917000044079032e-05,2.1374999960244168e-05,0.4466574669737548
D11,Isolet,iid,201,6438,71,0,0,0,0,0.0002688750000743312,7.458000254700892e-06,2.2541999896930065e-05,5.345900081010768e-05,0.4467256728627437
D11,Isolet,iid,202,6439,22,3,14,0,0,0.00019666700063680764,3.0000000151630957e-05,1.754200002324069e-05,3.3708000046317466e-05,0.44672945393231983
D11,Isolet,iid,203,6440,2,1,1,0,0,0.00018120799995813286,1.3582999599748291e-05,1.5874999917286914e-05,2.8208000003360212e-05,0.4466661156886336
D11,Isolet,iid,204,6441,3,0,0,0,0,0.00017516599928057985,4.583000190905295e-06,1.500000053056283e-05,2.366599983361084e-05,0.4466400214824965
D11,Isolet,iid,205,6442,8,3,12,0,0,0.0001691249999566935,2.6292000256944448e-05,1.4709000424772967e-05,2.3333999706665054e-05,0.44662819407555804
D11,Isolet,iid,206,6443,28,0,0,0,0,0.0001772089999576565,3.834000381175429e-06,1.4541999917128123e-05,2.7041000066674314e-05,0.4466515291085172
D11,Isolet,iid,207,6444,2,0,0,0,0,0.00017033299991453532,3.957999979320448e-06,1.6916000276978593e-05,2.8000000384054147e-05,0.4466249814168836
D11,Isolet,iid,208,6445,2,1,1,0,0,0.00017058299999916926,1.3040999874647241e-05,1.4082999769016169e-05,2.7291999685985502e-05,0.44656154027474637
D11,Isolet,iid,209,6446,0,2,0,0,0,0.000172166000083962,1.912500010803342e-05,1.4375000318977982e-05,2.2541999896930065e-05,0.44649943741609416
D11,Isolet,iid,210,6447,4,7,19,0,0,0.0001696660001471173,5.1125000027241185e-05,1.3124999895808287e-05,2.245799987576902e-05,0.44640670669409815
D11,Isolet,iid,211,6448,10,0,0,0,0,0.00016583400065428577,3.749999450519681e-06,1.4416999874811154e-05,2.262499947391916e-05,0.44640783068821566
D11,Isolet,iid,212,6449,83,1,0,0,0,0.0001702090003163903,1.1750000339816324e-05,1.4916000509401783e-05,2.195799970650114e-05,0.4464662365782294
D11,Isolet,iid,213,6450,0,3,4,0,0,0.00015987499955372186,2.4250000024039764e-05,1.287500072066905e-05,2.220799979113508e-05,0.4463669650592791
D11,Isolet,iid,214,6451,127,0,0,0,0,0.00016574999972363003,3.832999937003478e-06,1.4582999938284047e-05,2.2125000214145985e-05,0.44645381627574854
D11,Isolet,iid,215,6452,146,0,0,0,0,0.00017058299999916926,3.749999450519681e-06,1.3333000424609054e-05,2.2291000277618878e-05,0.44653359108814833
D11,Isolet,iid,216,6453,22,0,0,0,0,0.0001683330001469585,3.665999429358635e-06,1.4207999811333138e-05,2.1916999685345218e-05,0.4465656361210394
D11,Isolet,iid,217,6454,95,0,0,0,0,0.00016545800008316291,3.667000783025287e-06,1.2958999832335394e-05,2.1875000129512046e-05,0.4466372130997103
D11,Isolet,iid,218,6455,1,1,0,0,0,0.00017449999995733378,1.2500000593718141e-05,1.4000000192027073e-05,2.4375000066356733e-05,0.4465978554814053
D11,Isolet,iid,219,6456,14,0,0,0,0,0.00016933400002017152,3.6669998735305853e-06,1.5792000340297818e-05,2.4250000024039764e-05,0.44662816809583095
D11,Isolet,iid,220,6457,11,1,0,0,0,0.0001691249999566935,1.2124999557272531e-05,1.5084000551723875e-05,2.2333999368129298e-05,0.44660440846938626
D11,Isolet,iid,221,6458,1,0,0,0,0,0.00016829099968163064,3.8749994928366505e-06,1.5083000107551925e-05,2.3041000531520694e-05,0.4465650784264397
D11,Isolet,iid,222,6459,16,0,0,0,0,0.00016825000056996942,3.707999894686509e-06,1.650000012887176e-05,2.4291000045195688e-05,0.44654523262434787
D11,Isolet,iid,223,6460,44,0,0,0,0,0.00017033299991453532,3.7500003600143827e-06,1.5374999748019036e-05,2.2666999939247034e-05,0.4466017556713143
D11,Isolet,iid,224,6461,13,0,0,0,0,0.0001712909997877432,3.791999915847555e-06,1.3916999705543276e-05,2.2958000045036897e-05,0.4466099125320276
D11,Isolet,iid,225,6462,63,0,0,0,0,0.00017012500029522926,3.875000402331352e-06,1.4125000234344043e-05,2.6666999474400654e-05,0.4466722498633816
D11,Isolet,iid,226,6463,42,0,0,0,0,0.00028520900013973005,1.0042000212706625e-05,2.8250000468688086e-05,5.720900026062736e-05,0.446733172975773
D11,Isolet,iid,227,6464,129,0,0,0,0,0.00019591699947341112,5.666999641107395e-06,1.8415999875287525e-05,3.1708000278740656e-05,0.44682253695434915
D11,Isolet,iid,228,6465,11,0,0,0,0,0.0001824590008254745,4.542000169749372e-06,1.7249999473278876e-05,2.6792000426212326e-05,0.446787270772352
D11,Isolet,iid,229,6466,96,0,0,0,0,0.00018195899974671192,4.209000508126337e-06,1.6791999769338872e-05,2.3291000616154633e-05,0.4468694014706928
D11,Isolet,iid,230,6467,2,0,0,0,0,0.00016754100033722352,3.957999979320448e-06,1.5624999832652975e-05,2.433300051052356e-05,0.4468403116895284
D11,Isolet,iid,231,6468,35,0,0,0,0,0.00017033400035870727,3.916999958164524e-06,1.5999999959603883e-05,2.3708999833615962e-05,0.44687850887053754
D11,Isolet,iid,232,6469,175,0,0,0,0,0.00017349999961879803,3.916999958164524e-06,1.4332999853650108e-05,2.2833000002719928e-05,0.4469804533135243
D11,Isolet,iid,233,6470,16,0,0,0,0,0.00016395799957535928,3.707999894686509e-06,1.500000053056283e-05,2.1374999960244168e-05,0.44700071309082223
D11,Isolet,iid,234,6471,6,1,4,0,0,0.00016799999957584077,1.3792000572721008e-05,1.650000012887176e-05,2.2707999960402958e-05,0.4469583622873209
D11,Isolet,iid,235,6472,1,3,2,0,0,0.00016362499991373625,2.525000036257552e-05,1.424999936716631e-05,2.154200046788901e-05,0.44689193411946815
D11,Isolet,iid,236,6473,15,0,0,0,0,0.00016170800063264323,3.707999894686509e-06,1.5666999388486147e-05,2.220900023530703e-05,0.44691228855688486
D11,Isolet,iid,237,6474,3,2,2,0,0,0.00016116699953272473,1.8290999832970556e-05,1.4124999324849341e-05,2.2415999410441145e-05,0.44684186557979344
D11,Isolet,iid,238,6475,3,0,0,0,0,0.0001634579994060914,3.832999937003478e-06,1.6417000551882666e-05,2.4958999347290955e-05,0.4468250014654469
D11,Isolet,iid,239,6476,67,0,0,0,0,0.0001670420006121276,3.832999937003478e-06,1.4582999938284047e-05,2.445800055284053e-05,0.4468945260809571
D11,Isolet,iid,240,6477,7,2,6,0,0,0.00016295800014631823,1.9041000086872373e-05,1.4999999621068127e-05,2.220799979113508e-05,0.44685672135382287
D11,Isolet,iid,241,6478,82,0,0,0,0,0.0001688330003162264,3.7500003600143827e-06,1.5208999684546143e-05,2.1333999939088244e-05,0.44694034770322205
D11,Isolet,iid,242,6479,3,2,13,0,0,0.00016333299936377443,1.8416999409964774e-05,1.554200025566388e-05,2.249999943160219e-05,0.44688755465872354
D11,Isolet,iid,243,6480,12,0,0,0,0,0.00016195900025195442,3.6669998735305853e-06,1.3374999980442226e-05,2.3209000573842786e-05,0.44689924089059896
D11,Isolet,iid,244,6481,1,1,20,0,0,0.00016824999966047471,1.4958000065234955e-05,1.741599953675177e-05,2.3167000108514912e-05,0.44683926950198904
D11,Isolet,iid,245,6482,1,0,0,0,0,0.00016287500056932913,3.832999937003478e-06,1.5916999473120086e-05,2.3292000150831882e-05,0.4467885439859071
D11,Isolet,iid,246,6483,1,0,0,0,0,0.00016824999966047471,3.832999937003478e-06,1.5833000361453742e-05,2.34159997489769e-05,0.44673934716163616
D11,Isolet,iid,247,6484,23,0,0,0,0,0.00016700000014679972,3.707999894686509e-06,1.5374999748019036e-05,2.262499947391916e-05,0.4467910832554825
D11,Isolet,iid,248,6485,1,1,4,0,0,0.0001622080008019111,1.183299991680542e-05,1.4792000001762062e-05,2.312499964318704e-05,0.4467155882159644
D11,Isolet,iid,249,6486,84,0,0,0,0,0.00016558399966015713,3.791999915847555e-06,1.3915999261371326e-05,2.28749995585531e-05,0.4467906538666345
D11,Isolet,iid,250,6487,28,0,0,0,0,0.00016983299974526744,3.832999937003478e-06,1.5708000319136772e-05,2.3249999685504008e-05,0.4468314650414645
D11,Isolet,iid,251,6488,0,0,0,0,0,0.00023195799985842314,6.91599962010514e-06,2.087499979097629e-05,3.4500000765547156e-05,0.4467805498148379
D11,Isolet,iid,252,6489,59,0,0,0,0,0.00017449999995733378,4.083999556314666e-06,1.716699989628978e-05,2.28749995585531e-05,0.4468411430758834
D11,Isolet,iid,253,6490,1,3,63,0,0,0.00016845799927978078,2.5750000531843398e-05,1.6041999515437055e-05,2.208299974881811e-05,0.44674062963927086
D11,Isolet,iid,254,6491,0,7,15,0,0,0.00017033400035870727,4.9792000027082395e-05,1.4500000361294951e-05,2.3499999770137947e-05,0.44662516052154944
D11,Isolet,iid,255,6492,4,6,16,0,0,0.0001678749995335238,4.3000000005122274e-05,1.4457999895967077e-05,2.329199924133718e-05,0.4465579221656156
D11,Isolet,iid,256,6493,0,1,0,0,0,0.00015912500020931475,1.1625000297499355e-05,1.2874999811174348e-05,2.2791999981564004e-05,0.4465222499007242
D11,Isolet,iid,257,6494,11,1,3,0,0,0.00016358300035790307,1.1791999895649496e-05,1.583299945195904e-05,2.3208000129670836e-05,0.44653295529401776
D11,Isolet,iid,258,6495,181,0,0,0,0,0.00017004200071824016,3.916999958164524e-06,1.4250000276661012e-05,2.3083999622031115e-05,0.44663657272793006
D11,Isolet,iid,259,6496,98,0,0,0,0,0.0001692910000201664,3.791999915847555e-06,1.541700021334691e-05,2.2917000023880973e-05,0.4467197410270956
D11,Isolet,iid,260,6497,37,0,0,0,0,0.0001666250000198488,3.5829998523695394e-06,1.3541999578592367e-05,2.2917000023880973e-05,0.44676522022538345
D11,Isolet,iid,261,6498,30,0,0,0,0,0.0001658750006754417,3.541999831213616e-06,1.4792000001762062e-05,2.3083000087353867e-05,0.4468239486294784
D11,Isolet,iid,262,6499,0,2,3,0,0,0.00016070800029410748,1.8834000002243556e-05,1.5999999959603883e-05,2.2958000045036897e-05,0.4467367325924782
D11,Isolet,iid,263,6500,4,3,13,0,0,0.00016358300035790307,2.500000027794158e-05,1.5374999748019036e-05,2.3249999685504008e-05,0.4466977412459465
D11,Isolet,iid,264,6501,0,0,0,0,0,0.00015979199997673277,3.6249994082027115e-06,1.5625000742147677e-05,2.3167000108514912e-05,0.4466360812378361
D11,Isolet,iid,265,6502,3,0,0,0,0,0.0001638329995330423,3.707999894686509e-06,1.4916000509401783e-05,2.3042000066197943e-05,0.44659331066934105
D11,Isolet,iid,266,6503,43,0,0,0,0,0.00016412500008300412,3.665999429358635e-06,1.3541999578592367e-05,2.3042000066197943e-05,0.4466274770599017
D11,Isolet,iid,267,6504,5,0,0,0,0,0.00016312499974446837,3.5829998523695394e-06,1.6166999557754025e-05,2.2750000425730832e-05,0.4466370376516149
D11,Isolet,iid,268,6505,35,1,0,0,0,0.00016841700016811956,1.2083000001439359e-05,1.5333000192185864e-05,2.312499964318704e-05,0.44669316039312945
D11,Isolet,iid,269,6506,27,0,0,0,0,0.00016566700014664093,3.7080008041812107e-06,1.6125000001920853e-05,2.325000059499871e-05,0.446656239825375
D11,Isolet,iid,270,6507,33,0,0,0,0,0.00016558399966015713,3.709000338858459e-06,1.5999999959603883e-05,2.3333000171987806e-05,0.4467030303885371
D11,Isolet,iid,271,6508,0,2,1,0,0,0.00015829199946892913,1.887500002339948e-05,1.3500000022759195e-05,2.3042000066197943e-05,0.44663063716622475
D11,Isolet,iid,272,6509,5,1,0,0,0,0.00016433400014648214,1.1916999937966466e-05,1.4332999853650108e-05,2.3583000256621744e-05,0.4465859722301382
D11,Isolet,iid,273,6510,5,0,0,0,0,0.00016637499993521487,3.749999450519681e-06,1.2833000255341176e-05,2.3374999727820978e-05,0.4465736159179871
D11,Isolet,iid,274,6511,2,3,8,0,0,0.00016916700042202137,2.7875000341737177e-05,1.4917000044079032e-05,2.312499964318704e-05,0.44648519268160153
D11,Isolet,iid,275,6512,0,2,3,0,0,0.00016150000010384247,1.8916000044555403e-05,1.2458000128390267e-05,2.325000059499871e-05,0.4464021494391597
D11,Isolet,iid,276,6513,18,0,0,0,0,0.0002735410007517203,7.917000402812846e-06,2.141700042557204e-05,3.8624999433523044e-05,0.44642714039375864
D11,Isolet,iid,277,6514,0,0,0,0,0,0.00016987500021059532,4.167000042798463e-06,1.558399981149705e-05,2.258400036225794e-05,0.4463655249834859
D11,Isolet,iid,278,6515,11,5,74,0,0,0.00017054199997801334,4.233299932820955e-05,1.5791999430803116e-05,2.3709000743110664e-05,0.4463935635364932
D11,Isolet,iid,279,6516,142,0,0,0,0,0.00017720800042297924,3.7910003811703064e-06,1.554099981149193e-05,2.2833000002719928e-05,0.4464817811520739
D11,Isolet,iid,280,6517,2,1,0,0,0,0.00016845800018927548,1.2000000424450263e-05,1.5208999684546143e-05,2.270900040457491e-05,0.4464444349087662
D11,Isolet,iid,281,6518,40,0,0,0,0,0.0001672080006756005,3.666000338853337e-06,1.5042000086396001e-05,2.258400036225794e-05,0.4465148722266109
D11,Isolet,iid,282,6519,91,0,0,0,0,0.0001695829996606335,3.749999450519681e-06,1.516599968454102e-05,2.3458000214304775e-05,0.4465271378934749
D11,Isolet,iid,283,6520,3,0,0,0,0,0.00016591699932178017,3.6250003176974133e-06,1.5042000086396001e-05,2.3459000658476725e-05,0.44649743422469185
D11,Isolet,iid,284,6521,40,0,0,0,0,0.0001671250001891167,3.541999831213616e-06,1.5541999346169177e-05,2.420799955871189e-05,0.4465502406530752
D11,Isolet,iid,285,6522,33,0,0,0,0,0.00016695799968147185,3.6669998735305853e-06,1.6166999557754025e-05,2.2500000341096893e-05,0.44661079594224234
D11,Isolet,iid,286,6523,38,2,3,0,0,0.00016804200004116865,1.9707999854290392e-05,1.4500000361294951e-05,2.366700027778279e-05,0.44666205562341105
D11,Isolet,iid,287,6524,27,0,0,0,0,0.00016437500016763806,3.7080008041812107e-06,1.39579997266992e-05,2.2416000319935847e-05,0.44666391377252346
D11,Isolet,iid,288,6525,2,0,0,0,0,0.00016679200052749366,3.6250003176974133e-06,1.383400012855418e-05,2.3208999664348084e-05,0.44662653953274195
D11,Isolet,iid,289,6526,6,22,310,0,0,0.00016683300054864958,0.00015554099991277326,1.4500000361294951e-05,2.2541000362252817e-05,0.44628602747250434
D11,Isolet,iid,290,6527,1,0,0,0,0,0.00016654199953336501,3.5840002965414897e-06,1.3249999938125256e-05,2.3833000341255683e-05,0.4462469473256705
D11,Isolet,iid,291,6528,73,0,0,0,0,0.00016641699949104805,3.6249994082027115e-06,1.4416999874811154e-05,2.233299983345205e-05,0.44627311308386347
D11,Isolet,iid,292,6529,1,2,0,0,0,0.00016954100010480033,2.0041999960085377e-05,1.475000044592889e-05,2.3999999939405825e-05,0.44623459980229885
D11,Isolet,iid,293,6530,3,3,16,0,0,0.00016474999938509427,2.5082999854930677e-05,1.4833000022917986e-05,2.258299991808599e-05,0.4461748248105229
D11,Isolet,iid,294,6531,1,5,8,0,0,0.000164416000188794,3.80000001314329e-05,1.3500000022759195e-05,2.329199924133718e-05,0.446079970391733
D11,Isolet,iid,295,6532,12,0,0,0,0,0.000165082999956212,3.7500003600143827e-06,1.4707999980601016e-05,2.262499947391916e-05,0.4460749441143999
D11,Isolet,iid,296,6533,3,0,0,0,0,0.00016391700046369806,3.6250003176974133e-06,1.558399981149705e-05,2.3209000573842786e-05,0.44606544097651174
D11,Isolet,iid,297,6534,19,0,0,0,0,0.00016320900067512412,3.6249994082027115e-06,1.5708000319136772e-05,2.2166000235301908e-05,0.44608932091831366
D11,Isolet,iid,298,6535,17,0,0,0,0,0.0001647909994062502,3.5829998523695394e-06,1.4041999747860245e-05,2.354200023546582e-05,0.44610408242766986
D11,Isolet,iid,299,6536,1,0,0,0,0,0.00016379099997720914,3.875000402331352e-06,1.3666000086232089e-05,2.2291000277618878e-05,0.44607320211962903
D11,Isolet,iid,300,6537,140,0,0,0,0,0.00016991599932225654,3.6249994082027115e-06,1.5458000234502833e-05,2.3166000573837664e-05,0.446172046741237
D11,Isolet,iid,301,6538,86,0,0,0,0,0.0002513330000510905,6.125000254542101e-06,2.0540999685181305e-05,3.458299943304155e-05,0.4462435321151477
D11,Isolet,iid,302,6539,12,2,7,0,0,0.0001809170007618377,2.0166000467725098e-05,1.4416999874811154e-05,2.39589999182499e-05,0.4462232786781988
D11,Isolet,iid,303,6540,1,0,0,0,0,0.00017133300025307108,3.7910003811703064e-06,1.4207999811333138e-05,2.274999951623613e-05,0.4461983212184773
D11,Isolet,iid,304,6541,22,0,0,0,0,0.00017195799955516122,3.5829998523695394e-06,1.554099981149193e-05,2.379200032009976e-05,0.4462363547658581
D11,Isolet,iid,305,6542,0,1,0,0,0,0.00016649999997753184,1.754200002324069e-05,1.4999999621068127e-05,2.3707999389444012e-05,0.4461866861420173
D11,Isolet,iid,306,6543,21,0,0,0,0,0.00017475000004196772,3.7080008041812107e-06,1.4915999599907082e-05,2.379200032009976e-05,0.4461932997325861
D11,Isolet,iid,307,6544,7,0,0,0,0,0.0001674999994065729,3.5829998523695394e-06,1.4833000022917986e-05,2.1457999537233263e-05,0.44619944302346526
D11,Isolet,iid,308,6545,1,1,1,0,0,0.0001642500001253211,1.170799987448845e-05,1.3625000065076165e-05,2.4250000024039764e-05,0.44613530977571686
D11,Isolet,iid,309,6546,0,41,1136,0,0,0.0001629999997021514,0.00026679100028559333,1.4041999747860245e-05,2.495800072210841e-05,0.44528251129493973
D11,Isolet,iid,310,6547,44,0,0,0,0,0.0001706670000203303,3.5829998523695394e-06,1.4250000276661012e-05,2.3042000066197943e-05,0.4453480392108503
D11,Isolet,iid,311,6548,6,0,0,0,0,0.0001675000003160676,3.6249994082027115e-06,1.4582999938284047e-05,2.325000059499871e-05,0.4453126432748861
D11,Isolet,iid,312,6549,34,0,0,0,0,0.00016933400002017152,3.583999387046788e-06,1.487500048824586e-05,2.258299991808599e-05,0.4453397444844124
D11,Isolet,iid,313,6550,5,1,5,0,0,0.00016529100048501277,1.1791999895649496e-05,1.354200048808707e-05,2.1832999664184172e-05,0.4453165248275103
D11,Isolet,iid,314,6551,3,3,1,0,0,0.000165874999765947,2.4666000172146596e-05,1.4707999980601016e-05,2.4041999495238997e-05,0.4452734475459173
D11,Isolet,iid,315,6552,0,6,10,0,0,0.00016374999995605322,4.3542000639718026e-05,1.3459000001603272e-05,2.2541999896930065e-05,0.4451985078208133
D11,Isolet,iid,316,6553,3,3,3,0,0,0.00016891699942789273,2.4542000574001577e-05,1.329099995928118e-05,2.354199932597112e-05,0.4451649265125531
D11,Isolet,iid,317,6554,47,0,0,0,0,0.0001688329994067317,3.749999450519681e-06,1.2790999790013302e-05,2.166699960071128e-05,0.44522318333859573
D11,Isolet,iid,318,6555,120,0,0,0,0,0.00017020799987221835,3.707999894686509e-06,1.4666999959445093e-05,2.366700027778279e-05,0.44530014442025634
D11,Isolet,iid,319,6556,31,0,0,0,0,0.00016887499987205956,3.6250003176974133e-06,1.3916000170866027e-05,2.1458000446727965e-05,0.44534910970938096
D11,Isolet,iid,320,6557,35,0,0,0,0,0.000165540999660152,3.7080008041812107e-06,1.4082999769016169e-05,2.3333000171987806e-05,0.44536535953717965
D11,Isolet,iid,321,6558,138,0,0,0,0,0.00017129200023191515,3.749999450519681e-06,1.4999999621068127e-05,2.2165999325807206e-05,0.445452668248344
D11,Isolet,iid,322,6559,14,1,5,0,0,0.00016441700063296594,1.1874999472638592e-05,1.3291999493958429e-05,2.2541999896930065e-05,0.44544566258094764
D11,Isolet,iid,323,6560,60,0,0,0,0,0.00016604199936409714,3.749999450519681e-06,1.383400012855418e-05,2.2541999896930065e-05,0.4454903296181205
D11,Isolet,iid,324,6561,132,0,0,0,0,0.00016825000056996942,3.7089994293637574e-06,1.3500000022759195e-05,2.337500063731568e-05,0.4455792636986452
D11,Isolet,iid,325,6562,3,0,0,0,0,0.00017149999985122122,3.667000783025287e-06,1.5790999896125868e-05,2.1374999960244168e-05,0.4455605645564514
D11,Isolet,iid,326,6563,58,0,0,0,0,0.0002578749999884167,1.1000000085914508e-05,1.904199962154962e-05,3.804199968726607e-05,0.44563934441442987
D11,Isolet,iid,327,6564,14,0,0,0,0,0.00017529199976706877,3.916999958164524e-06,1.554099981149193e-05,2.341699928365415e-05,0.4456609574742718
D11,Isolet,iid,328,6565,27,0,0,0,0,0.0001745409999784897,3.916999958164524e-06,1.5042000086396001e-05,2.3708000298938714e-05,0.44568681930802817
D11,Isolet,iid,329,6566,1,0,0,0,0,0.00016924999999901047,3.7089994293637574e-06,1.5334000636357814e-05,2.249999943160219e-05,0.44570243299653145
D11,Isolet,iid,330,6567,4,2,8,0,0,0.00016899999991437653,2.045800010819221e-05,1.9500000234984327e-05,2.3292000150831882e-05,0.4456659673657552
D11,Isolet,iid,331,6568,0,2,3,0,0,0.0001716249998935382,1.9250000150350388e-05,1.5458000234502833e-05,2.2750000425730832e-05,0.4455896003859103
D11,Isolet,iid,332,6569,21,0,0,0,0,0.00017137500071839895,3.7089994293637574e-06,1.3584000043920241e-05,2.2750000425730832e-05,0.4456260810604579
D11,Isolet,iid,333,6570,2,1,0,0,0,0.00016616600078123156,1.183299991680542e-05,1.34170004457701e-05,2.3499999770137947e-05,0.4456093810413253
D11,Isolet,iid,334,6571,56,0,0,0,0,0.00016733300071791746,3.7500003600143827e-06,1.620800048840465e-05,2.3499999770137947e-05,0.44567600823074305
D11,Isolet,iid,335,6572,146,0,0,0,0,0.00017220799963979516,3.832999937003478e-06,1.5125000572879799e-05,2.3708999833615962e-05,0.4457673376100795
D11,Isolet,iid,336,6573,4,0,0,0,0,0.0001625419999982114,3.834000381175429e-06,1.4999999621068127e-05,2.3624999812454917e-05,0.4457541859932575
D11,Isolet,iid,337,6574,18,1,11,0,0,0.0001637920004213811,1.1666000318655279e-05,1.4166999790177215e-05,2.3584000700793695e-05,0.4457294753067674
D11,Isolet,iid,338,6575,11,0,0,0,0,0.00016537499959667912,3.707999894686509e-06,1.4707999980601016e-05,2.3624999812454917e-05,0.44573291113877295
D11,Isolet,iid,339,6576,0,0,0,0,0,0.00015795800027262885,3.707999894686509e-06,1.529200017102994e-05,2.3583999791298993e-05,0.44567205571824653
D11,Isolet,iid,340,6577,2,1,0,0,0,0.0001679580000200076,1.2292000064917374e-05,1.3500000022759195e-05,2.39589999182499e-05,0.44566434379358033
D11,Isolet,iid,341,6578,30,0,0,0,0,0.0001657920001889579,3.749999450519681e-06,1.3333999959286302e-05,2.4500000108673703e-05,0.4457201149897131
D11,Isolet,iid,342,6579,12,2,7,0,0,0.00016691699966031592,1.849999989644857e-05,1.5042000086396001e-05,2.3749999854771886e-05,0.44569413727723345
D11,Isolet,iid,343,6580,68,0,0,0,0,0.00016733300071791746,3.957999979320448e-06,1.4582999938284047e-05,2.3292000150831882e-05,0.4457673219346616
D11,Isolet,iid,344,6581,72,0,0,0,0,0.00016724999932193896,3.7080008041812107e-06,1.5499999790336005e-05,2.3459000658476725e-05,0.44580946084722156
D11,Isolet,iid,345,6582,1,4,8,0,0,0.000165874999765947,3.100000049016671e-05,1.5458000234502833e-05,2.34159997489769e-05,0.44572214431192514
D11,Isolet,iid,346,6583,0,0,0,0,0,0.0001596669999344158,3.707999894686509e-06,1.3458000466926023e-05,3.1333999686466996e-05,0.44568683954210786
D11,Isolet,iid,347,6584,38,0,0,0,0,0.00016991600023175124,4.083000021637417e-06,1.5624999832652975e-05,2.34159997489769e-05,0.44570820634608044
D11,Isolet,iid,348,6585,28,2,0,0,0,0.000165417000062007,1.8665999959921464e-05,1.4707999980601016e-05,2.3208000129670836e-05,0.4457458795611843
D11,Isolet,iid,349,6586,72,0,0,0,0,0.00016570800016779685,3.791999915847555e-06,1.4000000192027073e-05,2.3042000066197943e-05,0.44581275944008664
D11,Isolet,iid,350,6587,2,0,0,0,0,0.00016125000001920853,3.749999450519681e-06,1.341600000159815e-05,2.3208000129670836e-05,0.4457971296570804
D11,Isolet,iid,351,6588,8,0,0,0,0,0.00024041699998633703,8.832999810692854e-06,2.049999966402538e-05,3.1582999326928984e-05,0.4458003748371424
D11,Isolet,iid,352,6589,19,0,0,0,0,0.00017358300010528183,3.875000402331352e-06,1.5458000234502833e-05,2.4166999537555967e-05,0.44584818928469433
D11,Isolet,iid,353,6590,0,1,0,0,0,0.0001639160000195261,1.2290999620745424e-05,1.5833000361453742e-05,2.299999960087007e-05,0.4457873209893975
D11,Isolet,iid,354,6591,24,0,0,0,0,0.00016725000023143366,3.7500003600143827e-06,1.608299953659298e-05,2.2707999960402958e-05,0.4458105184532403
D11,Isolet,iid,355,6592,8,5,37,0,0,0.0001661669994064141,3.883299996232381e-05,1.5208000149868894e-05,2.274999951623613e-05,0.4457302326641262
D11,Isolet,iid,356,6593,92,0,0,0,0,0.0001768750007613562,3.916000423487276e-06,1.541700021334691e-05,2.249999943160219e-05,0.44580692502457436
D11,Isolet,iid,357,6594,0,2,11,0,0,0.00016283300010400126,1.9291000171506312e-05,1.4917000044079032e-05,2.2583999452763237e-05,0.44572541875081856
D11,Isolet,iid,358,6595,3,0,0,0,0,0.00016450000020995503,3.6250003176974133e-06,1.3791000128549058e-05,2.258299991808599e-05,0.44569640160396773
D11,Isolet,iid,359,6596,20,0,0,0,0,0.00016454100023111096,3.707999894686509e-06,1.3792000572721008e-05,2.2458999410446268e-05,0.44569290996878896
D11,Isolet,iid,360,6597,115,0,0,0,0,0.00016808300006232457,3.8749994928366505e-06,1.5083999642229173e-05,2.2166999769979157e-05,0.44578350563223873
D11,Isolet,iid,361,6598,7,0,0,0,0,0.00016520799999852898,3.7080008041812107e-06,1.3249999938125256e-05,2.249999943160219e-05,0.44579576674624505
D11,Isolet,iid,362,6599,9,0,0,0,0,0.00016608300029474776,3.707999894686509e-06,1.4582999938284047e-05,2.2541000362252817e-05,0.44580646450835776
D11,Isolet,iid,363,6600,0,2,2,0,0,0.00015883299965935294,1.862499993876554e-05,1.4582999938284047e-05,2.2500000341096893e-05,0.4457432707757223
D11,Isolet,iid,364,6601,84,0,0,0,0,0.0001699169997664285,3.7500003600143827e-06,1.6125000001920853e-05,2.2291999812296126e-05,0.44582436942675124
D11,Isolet,iid,365,6602,3,0,0,0,0,0.00016495799991389504,3.707999894686509e-06,1.554099981149193e-05,2.2416999854613096e-05,0.44582014511040924
D11,Isolet,iid,366,6603,9,0,0,0,0,0.00016333399980794638,3.6669998735305853e-06,1.5500000699830707e-05,2.2249999346968252e-05,0.4458024617918916
D11,Isolet,iid,367,6604,21,0,0,0,0,0.00016475000029458897,3.7500003600143827e-06,1.420800072082784e-05,2.245799987576902e-05,0.4458105191258208
D11,Isolet,iid,368,6605,52,0,0,0,0,0.00016512500042153988,3.6669998735305853e-06,1.487500048824586e-05,2.2208000700629782e-05,0.4458771912055473
D11,Isolet,iid,369,6606,43,0,0,0,0,0.00016524999955436215,3.707999894686509e-06,1.4916000509401783e-05,2.233300074294675e-05,0.4459097552702733
D11,Isolet,iid,370,6607,24,0,0,0,0,0.00016420799965999322,3.749999450519681e-06,1.3040999874647241e-05,2.2416999854613096e-05,0.4459479229709066
D11,Isolet,iid,371,6608,1,1,3,0,0,0.00016675000006216578,1.1874999472638592e-05,1.4707999980601016e-05,2.2666000404569786e-05,0.44587976054695766
D11,Isolet,iid,372,6609,76,0,0,0,0,0.0001688330003162264,3.7500003600143827e-06,1.4457999895967077e-05,2.2458999410446268e-05,0.44595304278657105
D11,Isolet,iid,373,6610,3,3,1,0,0,0.00016533300004084595,2.6375000743428245e-05,1.4250000276661012e-05,2.28750004680478e-05,0.44590022397165285
D11,Isolet,iid,374,6611,21,0,0,0,0,0.00016520799999852898,3.749999450519681e-06,1.5500000699830707e-05,2.2416999854613096e-05,0.44589539000045814
D11,Isolet,iid,375,6612,4,0,0,0,0,0.00016512499951204518,3.6669998735305853e-06,1.5124999663385097e-05,2.2375000298779923e-05,0.44588574808251885
D11,Isolet,iid,376,6613,100,0,0,0,0,0.0002417920004518237,6.459000360337086e-06,1.958399934665067e-05,3.204200038453564e-05,0.4459767996115657
D11,Isolet,iid,377,6614,0,4,2,0,0,0.0001678749995335238,3.2625000130792614e-05,1.6416000107710715e-05,2.4208000468206592e-05,0.4459002831856534
D11,Isolet,iid,378,6615,158,0,0,0,0,0.00017558299987285864,3.832999937003478e-06,1.4124999324849341e-05,2.300000051036477e-05,0.44599496310109205
D11,Isolet,iid,379,6616,38,0,0,0,0,0.00016812499961815774,3.709000338858459e-06,1.4333999388327356e-05,2.28750004680478e-05,0.44600952670998584
D11,Isolet,iid,380,6617,2,0,0,0,0,0.0001679580000200076,3.6250003176974133e-06,1.3500000022759195e-05,2.341700019314885e-05,0.44596323421869744
D11,Isolet,iid,381,6618,0,0,0,0,0,0.00016004100052668946,3.6669998735305853e-06,1.2792000234185252e-05,2.3291000616154633e-05,0.4459029878876654
D11,Isolet,iid,382,6619,18,0,0,0,0,0.00016504100040037883,3.7500003600143827e-06,1.4583000847778749e-05,2.3333000171987806e-05,0.44587409897999747
D11,Isolet,iid,383,6620,91,0,0,0,0,0.00016900000082387123,3.666000338853337e-06,1.3500000022759195e-05,2.3374999727820978e-05,0.445934280580268
D11,Isolet,iid,384,6621,9,0,0,0,0,0.00016320799932145746,3.707999894686509e-06,1.4292000741988886e-05,2.3208000129670836e-05,0.4459536663338561
D11,Isolet,iid,385,6622,22,0,0,0,0,0.00016475000029458897,3.6249994082027115e-06,1.34170004457701e-05,2.312500055268174e-05,0.4459921162400726
D11,Isolet,iid,386,6623,81,0,0,0,0,0.0001675829998930567,3.707999894686509e-06,1.3792000572721008e-05,2.3374999727820978e-05,0.44606619834794925
D11,Isolet,iid,387,6624,55,0,0,0,0,0.00016762500035838457,3.707999894686509e-06,1.3457999557431322e-05,2.3165999664342962e-05,0.44610732961703703
D11,Isolet,iid,388,6625,96,0,0,0,0,0.00016737500027375063,3.7080008041812107e-06,1.4707999980601016e-05,2.3082999177859165e-05,0.4461835993952567
D11,Isolet,iid,389,6626,1,0,0,0,0,0.00016520799999852898,3.5829998523695394e-06,1.4500000361294951e-05,2.3208000129670836e-05,0.44613900936743334
D11,Isolet,iid,390,6627,2,0,0,0,0,0.0002554579996285611,9.332999979960732e-06,2.2625000383413862e-05,3.487499998300336e-05,0.44611640113528944
D11,Isolet,iid,391,6628,1,1,1,0,0,0.0001749579996612738,1.3750000107393134e-05,1.820800025598146e-05,2.4957999812613707e-05,0.44607227406812744
D11,Isolet,iid,392,6629,16,0,0,0,0,0.0001744580004015006,4.041000465804245e-06,1.7500000467407517e-05,2.3833000341255683e-05,0.4460969271396384
D11,Isolet,iid,393,6630,4,0,0,0,0,0.00017062499955500243,3.832999937003478e-06,1.6916000276978593e-05,2.354099979129387e-05,0.4461051063859123
D11,Isolet,iid,394,6631,0,0,0,0,0,0.0001626250004846952,3.7500003600143827e-06,1.383400012855418e-05,2.366700027778279e-05,0.44606352983919045
D11,Isolet,iid,395,6632,17,0,0,0,0,0.00016870900071808137,3.791999915847555e-06,2.0250000488886144e-05,2.354199932597112e-05,0.4460946805571444
D11,Isolet,iid,396,6633,29,0,0,0,0,0.00016608300029474776,3.7500003600143827e-06,1.5374999748019036e-05,2.341700019314885e-05,0.4461365843356518
D11,Isolet,iid,397,6634,4,2,8,0,0,0.00016729100025258958,1.9207999685022514e-05,1.7458000002079643e-05,2.3499999770137947e-05,0.44609051403766337
D11,Isolet,iid,398,6635,25,0,0,0,0,0.00016870900071808137,3.7089994293637574e-06,1.5042000086396001e-05,2.366599983361084e-05,0.4461228808798219
D11,Isolet,iid,399,6636,1,1,0,0,0,0.00021374999960244168,1.2083000001439359e-05,1.7166000361612532e-05,2.3208000129670836e-05,0.44608901045326094
D11,Isolet,iid,400,6637,1,0,0,0,0,0.00016716700065444456,3.749999450519681e-06,1.6791999769338872e-05,2.3458999748982023e-05,0.44604733864053525
D11,Isolet,iid,401,6638,3,0,0,0,0,0.0002455829999234993,7.04200010659406e-06,2.129199947376037e-05,3.4124999729101546e-05,0.44603866448930546
D11,Isolet,iid,402,6639,2,3,19,0,0,0.00017708399991533952,2.700000004551839e-05,1.6375000086554792e-05,2.383299943176098e-05,0.4460017874998301
D11,Isolet,iid,403,6640,4,3,79,0,0,0.0001708330000838032,2.554200000304263e-05,1.5792000340297818e-05,2.312500055268174e-05,0.44594751747461714
D11,Isolet,iid,404,6641,3,3,5,0,0,0.0001683330001469585,2.5165999431919772e-05,1.3750000107393134e-05,2.2625000383413862e-05,0.4458771129335522
D11,Isolet,iid,405,6642,0,0,0,0,0,0.00016295800014631823,3.875000402331352e-06,1.554099981149193e-05,2.2791999981564004e-05,0.4458170900289683
D11,Isolet,iid,406,6643,14,0,0,0,0,0.00016620799942757003,3.832999937003478e-06,1.5749999874969944e-05,2.379200032009976e-05,0.4458014170346087
D11,Isolet,iid,407,6644,4,0,0,0,0,0.0001649999994697282,3.749999450519681e-06,1.7459000446251594e-05,2.262499947391916e-05,0.44580582631400967
D11,Isolet,iid,408,6645,35,0,0,0,0,0.00017020799987221835,3.707999894686509e-06,1.6250000044237822e-05,2.379099987592781e-05,0.44585317200660585
D11,Isolet,iid,409,6646,0,0,0,0,0,0.00016087499989225762,3.7500003600143827e-06,1.4833000022917986e-05,2.3458000214304775e-05,0.4458177541571483
D11,Isolet,iid,410,6647,12,0,0,0,0,0.00016725000023143366,3.749999450519681e-06,1.4999999621068127e-05,2.3374999727820978e-05,0.4458461013434704
D11,Isolet,iid,411,6648,81,0,0,0,0,0.00016937500004132744,3.7909994716756046e-06,1.6166999557754025e-05,2.3459000658476725e-05,0.44590921328641764
D11,Isolet,iid,412,6649,1,1,2,0,0,0.00016691699966031592,1.249999968422344e-05,1.5915999938442837e-05,2.366700027778279e-05,0.44584563713925657
D11,Isolet,iid,413,6650,4,0,0,0,0,0.00017983399993681815,4.083000021637417e-06,1.462500040361192e-05,2.2625000383413862e-05,0.44584528850964267
D11,Isolet,iid,414,6651,93,0,0,0,0,0.00017241699970327318,4.000000444648322e-06,1.6375000086554792e-05,2.337500063731568e-05,0.44591384506440646
D11,Isolet,iid,415,6652,2,1,0,0,0,0.00016729199978726683,1.2791000699508004e-05,1.39579997266992e-05,2.245799987576902e-05,0.44589224390115273
D11,Isolet,iid,416,6653,1,1,2,0,0,0.00016929200046433834,1.2208999578433577e-05,1.5874999917286914e-05,2.4041999495238997e-05,0.4458196549895496
D11,Isolet,iid,417,6654,17,1,0,0,0,0.00016858300023159245,1.2208000043756329e-05,1.6375000086554792e-05,2.3459000658476725e-05,0.445774586410501
D11,Isolet,iid,418,6655,0,23,327,0,0,0.00016112499997689156,0.00016074999984994065,1.62090000230819e-05,2.4292000489367638e-05,0.44535639054316417
D11,Isolet,iid,419,6656,3,3,43,0,0,0.0001682920001258026,2.6208000235783402e-05,1.5833000361453742e-05,2.3333000171987806e-05,0.4452592390839204
D11,Isolet,iid,420,6657,1,0,0,0,0,0.00016695799968147185,3.7080008041812107e-06,1.4166000255499966e-05,2.337500063731568e-05,0.44522614998619536
D11,Isolet,iid,421,6658,1,5,11,0,0,0.00016799999957584077,4.229199930705363e-05,1.4167000699671917e-05,2.2500000341096893e-05,0.44513157451789354
D11,Isolet,iid,422,6659,0,4,11,0,0,0.00016158300059032626,3.454099987720838e-05,1.370799964206526e-05,2.3916999452922028e-05,0.44506616890735706
D11,Isolet,iid,423,6660,3,0,0,0,0,0.00017283400029555196,3.791999915847555e-06,1.5041000551718753e-05,2.2375000298779923e-05,0.44504711611165826
D11,Isolet,iid,424,6661,0,3,2,0,0,0.0001667080005063326,2.6749999960884452e-05,1.608299953659298e-05,2.3624999812454917e-05,0.4449650816173029
D11,Isolet,iid,425,6662,0,0,0,0,0,0.0001619160002519493,3.707999894686509e-06,1.5083000107551925e-05,2.3374999727820978e-05,0.4449049569962219
D11,Isolet,iid,426,6663,85,1,0,0,0,0.0002541249996284023,1.9875000361935236e-05,2.4667000616318546e-05,4.816699947696179e-05,0.4449701036209006
D11,Isolet,iid,427,6664,6,0,0,0,0,0.0001837919999161386,4.999999873689376e-06,1.9375000192667358e-05,2.5750000531843398e-05,0.44494687203108335
D11,Isolet,iid,428,6665,1,4,87,0,0,0.000180125000042608,3.3208999411726836e-05,1.754200002324069e-05,2.4166000002878718e-05,0.4448085889558508
D11,Isolet,iid,429,6666,0,1,6,0,0,0.0001695000000836444,1.195799995912239e-05,1.8124999769497663e-05,2.3208999664348084e-05,0.44473865839306365
D11,Isolet,iid,430,6667,26,0,0,0,0,0.0001665839999986929,3.875000402331352e-06,1.8167000234825537e-05,2.3083999622031115e-05,0.4447686904355696
D11,Isolet,iid,431,6668,40,0,0,0,0,0.00017008400027407333,3.833999471680727e-06,2.354200023546582e-05,2.3334000616159756e-05,0.4447839728562531
D11,Isolet,iid,432,6669,44,0,0,0,0,0.00017358300010528183,3.875000402331352e-06,1.6957999832811765e-05,2.2790999537392054e-05,0.44483231637743825
D11,Isolet,iid,433,6670,15,0,0,0,0,0.00016637499993521487,3.7910003811703064e-06,1.6832999790494796e-05,2.258299991808599e-05,0.4448446612712098
D11,Isolet,iid,434,6671,77,0,0,0,0,0.00017070800004148623,3.749999450519681e-06,1.7082999875128735e-05,2.300000051036477e-05,0.44491760565243144
D11,Isolet,iid,435,6672,1,1,5,0,0,0.00016975000016827835,1.2334000530245248e-05,1.6416999642387964e-05,2.2791000446886756e-05,0.44487265444558227
D11,Isolet,iid,436,6673,69,1,3,0,0,0.00017554099940753076,1.4541999917128123e-05,1.5458999769180082e-05,2.2625000383413862e-05,0.44491012641970884
D11,Isolet,iid,437,6674,3,0,0,0,0,0.00016570800016779685,3.957999979320448e-06,1.4041000213182997e-05,2.2750000425730832e-05,0.4448962550111234
D11,Isolet,iid,438,6675,12,0,0,0,0,0.00016720799976610579,3.6669998735305853e-06,1.67500002135057e-05,2.3708999833615962e-05,0.4449177904139792
D11,Isolet,iid,439,6676,120,0,0,0,0,0.00017083400052797515,3.833999471680727e-06,1.716699989628978e-05,2.249999943160219e-05,0.4449982085880021
D11,Isolet,iid,440,6677,0,1,0,0,0,0.00016225000035774428,1.195900040329434e-05,1.6791999769338872e-05,2.2707999960402958e-05,0.4449492185398398
D11,Isolet,iid,441,6678,99,0,0,0,0,0.00017237500014744,3.7909994716756046e-06,1.6707999748177826e-05,2.249999943160219e-05,0.44500212989320487
D11,Isolet,iid,442,6679,112,0,0,0,0,0.0001737080001475988,3.832999937003478e-06,1.6707999748177826e-05,2.2666999939247034e-05,0.44508044240670375
D11,Isolet,iid,443,6680,35,0,0,0,0,0.00016979100018943427,3.832999937003478e-06,1.6042000424931757e-05,2.341700019314885e-05,0.4451416945706703
D11,Isolet,iid,444,6681,91,0,0,0,0,0.00017483300052845152,3.957999979320448e-06,1.570799940964207e-05,2.3582999347127043e-05,0.44522549805950273
D11,Isolet,iid,445,6682,12,1,0,0,0,0.00016924999999901047,1.2708999747701455e-05,1.6417000551882666e-05,2.2916000489203725e-05,0.44521186361275644
D11,Isolet,iid,446,6683,21,0,0,0,0,0.0001727500002743909,3.916000423487276e-06,1.4250000276661012e-05,2.2750000425730832e-05,0.4452232302887119
D11,Isolet,iid,447,6684,37,0,0,0,0,0.00017050000042218016,3.915999513992574e-06,1.3666999620909337e-05,2.391700036241673e-05,0.4452403054004672
D11,Isolet,iid,448,6685,18,0,0,0,0,0.00016870800027390942,3.957999979320448e-06,1.3875000149710104e-05,2.3624999812454917e-05,0.4452425145204695
D11,Isolet,iid,449,6686,10,1,8,0,0,0.00017166700035886606,1.2584000614879187e-05,1.6916999811655842e-05,2.3875000806583557e-05,0.44523167215340365
D11,Isolet,iid,450,6687,8,0,0,0,0,0.00017033400035870727,3.749999450519681e-06,1.766700006555766e-05,2.312499964318704e-05,0.4452413006760711
D11,Isolet,iid,451,6688,129,0,0,0,0,0.00030241700005717576,8.582999726058915e-06,2.8707999263133388e-05,4.595800055540167e-05,0.44532762489088445
D11,Isolet,iid,452,6689,103,1,14,0,0,0.00019050000082643237,1.6375000086554792e-05,1.9916999917768408e-05,3.058299989788793e-05,0.44535796545305456
D11,Isolet,iid,453,6690,52,0,0,0,0,0.00018166599966207286,4.91700029670028e-06,1.862499993876554e-05,2.500000027794158e-05,0.44539423867787764
D11,Isolet,iid,454,6691,24,8,89,0,0,0.00017574999947100878,6.941700030438369e-05,1.5790999896125868e-05,2.5457999981881585e-05,0.44535501035066644
D11,Isolet,iid,455,6692,2,0,0,0,0,0.00017704200035950635,4.3340005504433066e-06,1.770899962139083e-05,2.40420004047337e-05,0.44532077179879354
D11,Isolet,iid,456,6693,0,5,10,0,0,0.0001658750006754417,4.2333000237704255e-05,1.7166000361612532e-05,2.341700019314885e-05,0.44521519392909525
D11,Isolet,iid,457,6694,1,1,2,0,0,0.00017404099980922183,1.2708000213024206e-05,1.662500017118873e-05,2.3084000531525817e-05,0.44517083478721586
D11,Isolet,iid,458,6695,83,0,0,0,0,0.00017149999985122122,3.957999979320448e-06,1.516599968454102e-05,2.2958000045036897e-05,0.4452427184706103
D11,Isolet,iid,459,6696,132,0,0,0,0,0.00017533400023239665,3.916999958164524e-06,1.6040999980759807e-05,2.258299991808599e-05,0.445289875933851
D11,Isolet,iid,460,6697,1,0,0,0,0,0.0001695000000836444,3.832999937003478e-06,1.4582999938284047e-05,2.2958000045036897e-05,0.4452609657523972
D11,Isolet,iid,461,6698,0,0,0,0,0,0.0001638329995330423,3.957999979320448e-06,1.5166000594035722e-05,2.2791999981564004e-05,0.4452124400822133
D11,Isolet,iid,462,6699,2,0,0,0,0,0.00016745799985073972,3.749999450519681e-06,1.712500034045661e-05,2.2416999854613096e-05,0.4452193913482541
D11,Isolet,iid,463,6700,3,0,0,0,0,0.00016725000023143366,3.749999450519681e-06,1.6707999748177826e-05,2.2707999960402958e-05,0.4451953585198033
D11,Isolet,iid,464,6701,2,0,0,0,0,0.0001744170003803447,4.041000465804245e-06,1.7207999917445704e-05,2.3292000150831882e-05,0.4451621780183486
D11,Isolet,iid,465,6702,106,0,0,0,0,0.00017620800008444348,3.749999450519681e-06,1.7459000446251594e-05,2.3249999685504008e-05,0.44521571909935853
D11,Isolet,iid,466,6703,79,0,0,0,0,0.00017262499932257924,3.834000381175429e-06,1.529200017102994e-05,2.2250000256462954e-05,0.44529707389891793
D11,Isolet,iid,467,6704,0,3,5,0,0,0.0001675000003160676,3.1541000680590514e-05,1.741699998092372e-05,2.3167000108514912e-05,0.4452103224970329
D11,Isolet,iid,468,6705,0,1,2,0,0,0.00016349999987141928,1.195799995912239e-05,1.4000000192027073e-05,2.2707999960402958e-05,0.44514801491238914
D11,Isolet,iid,469,6706,47,0,0,0,0,0.00016966699968179455,3.7910003811703064e-06,1.7500000467407517e-05,2.2750000425730832e-05,0.44517552568129837
D11,Isolet,iid,470,6707,0,0,0,0,0,0.00016333399980794638,3.7089994293637574e-06,1.7250000382773578e-05,2.2500000341096893e-05,0.4451157932185709
D11,Isolet,iid,471,6708,11,2,1,0,0,0.00016975000016827835,1.874999998108251e-05,1.687500025582267e-05,2.2665999495075084e-05,0.4450989851300203
D11,Isolet,iid,472,6709,2,0,0,0,0,0.00016929199955484364,3.917000867659226e-06,1.6250000044237822e-05,2.3042000066197943e-05,0.44507627284900975
D11,Isolet,iid,473,6710,56,0,0,0,0,0.00017079200006264728,3.832999937003478e-06,1.6666000192344654e-05,2.3083000087353867e-05,0.44513973047911365
D11,Isolet,iid,474,6711,132,0,0,0,0,0.00017441699947085,3.915999513992574e-06,1.545799932500813e-05,2.2625000383413862e-05,0.44523047262515136
D11,Isolet,iid,475,6712,79,0,0,0,0,0.00017537499934405787,4.000000444648322e-06,1.6791999769338872e-05,2.3499999770137947e-05,0.44529191149779124
D11,Isolet,iid,476,6713,10,1,0,0,0,0.0002564169999459409,1.858300038293237e-05,1.8792000446410384e-05,3.841600027953973e-05,0.44530529385339185
D11,Isolet,iid,477,6714,0,1,5,0,0,0.00018125000042346073,1.5125000572879799e-05,1.6582999705860857e-05,3.199999991920777e-05,0.44521227828952853
D11,Isolet,iid,478,6715,52,0,0,0,0,0.00018791700040310388,4.7909998102113605e-06,1.754200002324069e-05,2.6249999791616574e-05,0.4452750039035068
D11,Isolet,iid,479,6716,2,1,0,0,0,0.00017595799999980954,1.2832999345846474e-05,1.5749999874969944e-05,2.6125000658794306e-05,0.44523928484390674
D11,Isolet,iid,480,6717,5,0,0,0,0,0.00017500000012660166,4.1249995774705894e-06,1.7458000002079643e-05,2.5166000341414474e-05,0.44525227854228827
D11,Isolet,iid,481,6718,46,5,49,0,0,0.00017745799959811848,4.562499998428393e-05,1.5999999959603883e-05,2.541699996072566e-05,0.44528082680262443
D11,Isolet,iid,482,6719,2,0,0,0,0,0.00017254199974559015,3.8749994928366505e-06,1.6582999705860857e-05,2.4500000108673703e-05,0.4452718253250168
D11,Isolet,iid,483,6720,181,0,0,0,0,0.00017829200078267604,3.834000381175429e-06,1.6250000044237822e-05,2.2542000806424767e-05,0.4453540969342792
D11,Isolet,iid,484,6721,2,1,0,0,0,0.00016804200004116865,1.237499964190647e-05,1.424999936716631e-05,2.3999999939405825e-05,0.4452986821308331
D11,Isolet,iid,485,6722,99,0,0,0,0,0.0001733330000206479,3.7080008041812107e-06,1.4833000022917986e-05,2.2500000341096893e-05,0.44537590472058947
D11,Isolet,iid,486,6723,50,0,0,0,0,0.00016933299957599957,3.832999937003478e-06,1.5333000192185864e-05,2.3749999854771886e-05,0.44542019205064914
D11,Isolet,iid,487,6724,53,0,0,0,0,0.00017087499963963637,3.832999937003478e-06,1.6667000636516605e-05,2.2791999981564004e-05,0.44550451216789044
D11,Isolet,iid,488,6725,2,8,34,0,0,0.00016791699999885168,5.85409998166142e-05,2.4707999727979768e-05,2.4500000108673703e-05,0.445359729533954
D11,Isolet,iid,489,6726,2,2,1,0,0,0.0001679580000200076,1.9084000086877495e-05,1.6709000192349777e-05,2.2416999854613096e-05,0.44530322122362503
D11,Isolet,iid,490,6727,5,0,0,0,0,0.0001678750004430185,3.832999937003478e-06,1.6416999642387964e-05,2.354200023546582e-05,0.44530393927846823
D11,Isolet,iid,491,6728,17,0,0,0,0,0.00016812499961815774,3.791999915847555e-06,1.4250000276661012e-05,2.2541999896930065e-05,0.445294359642363
D11,Isolet,iid,492,6729,0,91,3072,0,0,0.00016341599985025823,0.0005816670000058366,1.4999999621068127e-05,2.6167000214627478e-05,0.44432007063342005
D11,Isolet,iid,493,6730,1,0,0,0,0,0.00017412499983038288,4.125000486965291e-06,1.5166000594035722e-05,2.2917000023880973e-05,0.4442634071049709
D11,Isolet,iid,494,6731,68,0,0,0,0,0.00017154099987237714,3.7910003811703064e-06,1.5125000572879799e-05,2.341700019314885e-05,0.44424421489312055
D11,Isolet,iid,495,6732,1,0,0,0,0,0.00016841700016811956,3.832999937003478e-06,1.56659998538089e-05,2.2666999939247034e-05,0.4442146681906171
D11,Isolet,iid,496,6733,7,1,0,0,0,0.00017245900016860105,1.2708999747701455e-05,1.3374999980442226e-05,2.3791999410605058e-05,0.4442252129990545
D11,Isolet,iid,497,6734,169,1,0,0,0,0.00017466600002080668,1.1999999514955562e-05,1.437499940948328e-05,2.2625000383413862e-05,0.44429150226893405
D11,Isolet,iid,498,6735,88,0,0,0,0,0.00017095900057029212,3.8749994928366505e-06,1.4833000022917986e-05,2.3708000298938714e-05,0.44437001019174943
D11,Isolet,iid,499,6736,127,0,0,0,0,0.00017295799989369698,3.8749994928366505e-06,1.3374999980442226e-05,2.262499947391916e-05,0.44444347716625376
D11,Isolet,iid,500,6737,177,0,0,0,0,0.0001720000000204891,3.834000381175429e-06,1.287500072066905e-05,2.3167000108514912e-05,0.44452350796505363
D11,Isolet,iid,501,6738,7,0,0,0,0,0.0002360419994147378,6.791000487282872e-06,2.408399996056687e-05,3.533400013111532e-05,0.4445342831804613
D11,Isolet,iid,502,6739,1,2,2,0,0,0.00017708299947116757,2.087499979097629e-05,1.704099940980086e-05,2.433299960102886e-05,0.4444987343244704
D11,Isolet,iid,503,6740,127,0,0,0,0,0.00017699999989417847,3.957999979320448e-06,1.7207999917445704e-05,2.2416999854613096e-05,0.4446040680734783
D11,Isolet,iid,504,6741,21,0,0,0,0,0.00017041699993569637,4.083999556314666e-06,1.7334000403934624e-05,2.3374999727820978e-05,0.44463908269348906
D11,Isolet,iid,505,6742,25,0,0,0,0,0.000173166999957175,3.959000423492398e-06,1.8708000425249338e-05,2.5875000574160367e-05,0.4446651393595847
D11,Isolet,iid,506,6743,1,0,0,0,0,0.0001739170002110768,4.042000000481494e-06,1.6999999388644937e-05,2.4917000700952485e-05,0.44463657022616565
D11,Isolet,iid,507,6744,102,1,9,0,0,0.0001782079998520203,1.3333000424609054e-05,1.658300061535556e-05,2.354099979129387e-05,0.4446771268754936
D11,Isolet,iid,508,6745,4,1,6,0,0,0.00017312500040134182,1.2415999663062394e-05,1.529200017102994e-05,2.3458999748982023e-05,0.44465497381264457
D11,Isolet,iid,509,6746,4,0,0,0,0,0.00016849999974510865,3.832999937003478e-06,1.6166000023076776e-05,2.366700027778279e-05,0.44466013504321517
D11,Isolet,iid,510,6747,5,1,0,0,0,0.0001675000003160676,1.1916000403289218e-05,1.6375000086554792e-05,2.3333000171987806e-05,0.4446180138603627
D11,Isolet,iid,511,6748,111,0,0,0,0,0.00017420800031686667,3.7500003600143827e-06,1.6749999304011e-05,2.354200023546582e-05,0.44471226362622235
D11,Isolet,iid,512,6749,36,0,0,0,0,0.00017699999989417847,4.000000444648322e-06,1.662500017118873e-05,2.3874999897088856e-05,0.4447665344534899
D11,Isolet,iid,513,6750,21,0,0,0,0,0.00016783299997769063,3.749999450519681e-06,1.650000012887176e-05,2.354099979129387e-05,0.4447943796882821
D11,Isolet,iid,514,6751,91,0,0,0,0,0.0001711249997242703,3.7500003600143827e-06,1.6666000192344654e-05,2.366700027778279e-05,0.4448682832304096
D11,Isolet,iid,515,6752,12,0,0,0,0,0.00016724999932193896,3.7500003600143827e-06,1.6250000044237822e-05,2.3292000150831882e-05,0.4449018611717306
D11,Isolet,iid,516,6753,1,0,0,0,0,0.00016708400016796077,3.791999915847555e-06,1.56659998538089e-05,2.341700019314885e-05,0.4448808445548054
D11,Isolet,iid,517,6754,14,1,0,0,0,0.00016745799985073972,1.1917000847461168e-05,1.424999936716631e-05,2.3374999727820978e-05,0.4448410463046929
D11,Isolet,iid,518,6755,3,0,0,0,0,0.0001677919999565347,3.791999915847555e-06,1.5999999959603883e-05,2.3624999812454917e-05,0.44480074239181816
D11,Isolet,iid,519,6756,11,2,0,0,0,0.0001675000003160676,1.9375000192667358e-05,1.4416999874811154e-05,2.3374999727820978e-05,0.4447550323601203
D11,Isolet,iid,520,6757,2,0,0,0,0,0.00017245900016860105,3.791999915847555e-06,1.7332999959762674e-05,2.354099979129387e-05,0.4447174582469577
D11,Isolet,iid,521,6758,7,0,0,0,0,0.0001682089996393188,3.791999915847555e-06,1.6749999304011e-05,2.3458000214304775e-05,0.4447088919784262
D11,Isolet,iid,522,6759,6,1,2,0,0,0.00017125000067608198,1.237499964190647e-05,1.7041000319295563e-05,2.3958000383572653e-05,0.44468746918586277
D11,Isolet,iid,523,6760,12,1,1,0,0,0.00017179099995701108,1.2208000043756329e-05,1.687500025582267e-05,2.4416000087512657e-05,0.4446679820776542
D11,Isolet,iid,524,6761,87,0,0,0,0,0.00017395800023223273,3.99999953515362e-06,1.7124999430961907e-05,2.4250000024039764e-05,0.4447478942818345
D11,Isolet,iid,525,6762,1,1,1,0,0,0.0001734589995976421,1.2999999853491317e-05,1.4707999980601016e-05,2.4292000489367638e-05,0.4447120234946984
D11,Isolet,iid,526,6763,0,0,0,0,0,0.000277041000117606,8.166000043274835e-06,2.2500000341096893e-05,5.454100028146058e-05,0.4446532305394433
D11,Isolet,iid,527,6764,1,0,0,0,0,0.00020166600006632507,6.250000296859071e-06,1.8000000636675395e-05,3.4916999538836535e-05,0.44461480899564354
D11,Isolet,iid,528,6765,10,0,0,0,0,0.00019300000076327706,5.5840000641183e-06,1.7583000044396613e-05,2.883300021494506e-05,0.44460717590609344
D11,Isolet,iid,529,6766,8,0,0,0,0,0.00020670899994001957,6.041999768058304e-06,1.8666999494598713e-05,3.733399989869213e-05,0.4446236866883688
D11,Isolet,iid,530,6767,15,0,0,0,0,0.00018945800002256874,4.999999873689376e-06,1.437499940948328e-05,2.9832999643986113e-05,0.44461390308766524
D11,Isolet,iid,531,6768,8,1,27,0,0,0.00017912499970407225,1.5083000107551925e-05,1.8124999769497663e-05,2.924999989772914e-05,0.4446507547599694
D11,Isolet,iid,532,6769,35,0,0,0,0,0.00018775000080495374,4.167000042798463e-06,1.7084000319300685e-05,2.512499941076385e-05,0.44468525715769264
D11,Isolet,iid,533,6770,103,0,0,0,0,0.00017741700048645725,3.916999958164524e-06,1.4459000340139028e-05,2.2791999981564004e-05,0.4447618444262083
D11,Isolet,iid,534,6771,176,0,0,0,0,0.0001792919993022224,3.834000381175429e-06,1.570899985381402e-05,2.28749995585531e-05,0.44485898449109895
D11,Isolet,iid,535,6772,58,0,0,0,0,0.00017495900010544574,3.791999915847555e-06,1.541600067866966e-05,2.2625000383413862e-05,0.44492654654839026
D11,Isolet,iid,536,6773,0,0,0,0,0,0.00016249999953288352,3.707999894686509e-06,1.529199926153524e-05,2.3042000066197943e-05,0.4449011803801794
D11,Isolet,iid,537,6774,0,4,3,0,0,0.00018825000006472692,3.23329995808308e-05,1.4792000001762062e-05,2.2708999495080207e-05,0.4448254339847951
D11,Isolet,iid,538,6775,54,0,0,0,0,0.00017166699944937136,3.8749994928366505e-06,1.6959000276983716e-05,2.3167000108514912e-05,0.4448760337588397
D11,Isolet,iid,539,6776,0,2,1,0,0,0.00016275000052701216,1.874999998108251e-05,1.5207999240374193e-05,2.2541000362252817e-05,0.4448270383492835
D11,Isolet,iid,540,6777,123,0,0,0,0,0.00017512500016891863,3.7910003811703064e-06,1.6167000467248727e-05,2.379200032009976e-05,0.4449030837142406
D11,Isolet,iid,541,6778,1,3,4,0,0,0.00017129200023191515,2.6417000299261417e-05,1.449999945180025e-05,2.3749999854771886e-05,0.44484382154070984
D11,Isolet,iid,542,6779,0,0,0,0,0,0.00016400000004068715,3.832999937003478e-06,1.4874999578751158e-05,2.354099979129387e-05,0.444785122902915
D11,Isolet,iid,543,6780,27,0,0,0,0,0.00016983299974526744,3.832999937003478e-06,1.4833000022917986e-05,2.258299991808599e-05,0.44483865402851874
D11,Isolet,iid,544,6781,11,1,0,0,0,0.00016945900006248849,1.208400044561131e-05,1.3333999959286302e-05,2.354199932597112e-05,0.44482551277062504
D11,Isolet,iid,545,6782,88,0,0,0,0,0.00017020800078171305,3.7910003811703064e-06,1.3583000509242993e-05,2.258299991808599e-05,0.4448858844242152
D11,Isolet,iid,546,6783,0,2,0,0,0,0.00016150000010384247,1.8415999875287525e-05,1.3833000593876932e-05,2.3292000150831882e-05,0.4448268997136908
D11,Isolet,iid,547,6784,0,8,99,0,0,0.00016141699961735867,6.0832999224658124e-05,1.5249999705702066e-05,2.3167000108514912e-05,0.4446342557084553
D11,Isolet,iid,548,6785,27,0,0,0,0,0.00017174999993585516,3.875000402331352e-06,1.4833999557595234e-05,2.325000059499871e-05,0.4446800770090831
D11,Isolet,iid,549,6786,2,0,0,0,0,0.0001715419994070544,3.791999915847555e-06,1.4915999599907082e-05,2.5207999897247646e-05,0.4446661309588079
D11,Isolet,iid,550,6787,9,1,0,0,0,0.00017179200040118303,1.237499964190647e-05,1.34170004457701e-05,2.2500000341096893e-05,0.4446430345227418
D11,Isolet,iid,551,6788,1,0,0,0,0,0.00026004200026363833,6.582999958482105e-06,2.1582999579550233e-05,3.6916999306413345e-05,0.4446404833822165
D11,Isolet,iid,552,6789,0,3,8,0,0,0.00017241700061276788,3.004199970746413e-05,1.5041000551718753e-05,2.4625000150990672e-05,0.44453431042518415
D11,Isolet,iid,553,6790,25,0,0,0,0,0.00017566699989401968,3.957999979320448e-06,1.6457999663543887e-05,2.354200023546582e-05,0.4445685076726362
D11,Isolet,iid,554,6791,2,1,0,0,0,0.00017266699978790712,1.2667000191868283e-05,1.6957999832811765e-05,2.391599991824478e-05,0.444546580135299
D11,Isolet,iid,555,6792,24,0,0,0,0,0.00017091700010496425,3.7910003811703064e-06,1.7082999875128735e-05,2.34159997489769e-05,0.4445865773215717
D11,Isolet,iid,556,6793,4,0,0,0,0,0.00017012499938573455,3.875000402331352e-06,1.462500040361192e-05,2.391599991824478e-05,0.4446098675219838
D11,Isolet,iid,557,6794,7,0,0,0,0,0.00016820799919514684,3.7500003600143827e-06,1.6332999621226918e-05,2.3833000341255683e-05,0.4446223675736677
D11,Isolet,iid,558,6795,1,0,0,0,0,0.00016887499987205956,3.749999450519681e-06,1.6166999557754025e-05,2.366700027778279e-05,0.44456694489320775
D11,Isolet,iid,559,6796,1,0,0,0,0,0.00016879199938557576,3.7500003600143827e-06,1.541700021334691e-05,2.40420004047337e-05,0.44450896973842174
D11,Isolet,iid,560,6797,0,0,0,0,0,0.00016274999961751746,3.749999450519681e-06,1.5874999917286914e-05,2.391700036241673e-05,0.4444501487882162
D11,Isolet,iid,561,6798,0,0,0,0,0,0.0001633749998291023,3.832999937003478e-06,1.554200025566388e-05,2.366699936828809e-05,0.4444098753583707
D11,Isolet,iid,562,6799,9,4,5,0,0,0.00016724999932193896,3.245799962314777e-05,1.5749999874969944e-05,2.391700036241673e-05,0.44439313568079714
D11,Isolet,iid,563,6800,11,0,0,0,0,0.00016916599997784942,3.791999915847555e-06,1.4917000044079032e-05,2.3583000256621744e-05,0.4444053669740825
D11,Isolet,iid,564,6801,11,0,0,0,0,0.00016899999991437653,3.749999450519681e-06,1.3999999282532372e-05,2.408399996056687e-05,0.44439005482221433
D11,Isolet,iid,565,6802,0,0,0,0,0,0.0001632920002521132,3.832999937003478e-06,1.3625000065076165e-05,2.3833999875932932e-05,0.44437871599542045
D11,Isolet,iid,566,6803,25,3,55,0,0,0.00016916699951252667,2.566599960118765e-05,1.4457999895967077e-05,2.408299951639492e-05,0.44426943002074243
D11,Isolet,iid,567,6804,7,0,0,0,0,0.00016887499987205956,3.7500003600143827e-06,1.3749999197898433e-05,2.3833000341255683e-05,0.4442590229930051
D11,Isolet,iid,568,6805,9,1,16,0,0,0.00016883399985090364,1.1791999895649496e-05,1.3916999705543276e-05,2.3709000743110664e-05,0.4442252296821372
D11,Isolet,iid,569,6806,20,0,0,0,0,0.0001695829996606335,3.791999915847555e-06,1.4208999346010387e-05,2.366700027778279e-05,0.4442126595180235
D11,Isolet,iid,570,6807,2,0,0,0,0,0.00017041600040101912,3.99999953515362e-06,1.6375000086554792e-05,2.4916999791457783e-05,0.4441856422864438
D11,Isolet,iid,571,6808,35,0,0,0,0,0.0001752500002112356,4.209000508126337e-06,1.3833000593876932e-05,2.4292000489367638e-05,0.444248048851287
D11,Isolet,iid,572,6809,0,1,2,0,0,0.00016716699974494986,1.2999999853491317e-05,1.4749999536434188e-05,2.408299951639492e-05,0.44417112849964296
D11,Isolet,iid,573,6810,5,2,1,0,0,0.00018450000061420724,1.9625000277301297e-05,1.3458000466926023e-05,2.391599991824478e-05,0.4441489807322516
D11,Isolet,iid,574,6811,7,3,11,0,0,0.00016862499978742562,2.500000027794158e-05,1.3208000382292084e-05,2.3958000383572653e-05,0.4440559915273221
D11,Isolet,iid,575,6812,4,1,0,0,0,0.00016858300023159245,1.1875000382133294e-05,1.3875000149710104e-05,2.3458000214304775e-05,0.44403493663098953
D11,Isolet,iid,576,6813,51,0,0,0,0,0.00029770799937978154,9.500000487605575e-06,2.73750001724693e-05,4.85420005134074e-05,0.44409096108420637
D11,Isolet,iid,577,6814,1,0,0,0,0,0.00019133299974782858,5.416999556473456e-06,1.7750000552041456e-05,2.8417000066838227e-05,0.4440338592685383
D11,Isolet,iid,578,6815,1,0,0,0,0,0.00017912500061356695,4.083000021637417e-06,1.7583000044396613e-05,2.3249999685504008e-05,0.4439967412521514
D11,Isolet,iid,579,6816,109,0,0,0,0,0.00017912499970407225,3.791999915847555e-06,1.6709000192349777e-05,2.3084000531525817e-05,0.4440677491060984
D11,Isolet,iid,580,6817,119,0,0,0,0,0.00017608300004212651,3.749999450519681e-06,1.4042000657354947e-05,2.220900023530703e-05,0.4441344991491811
D11,Isolet,iid,581,6818,1,3,14,0,0,0.00017179100086650578,2.7082999622507486e-05,1.662500017118873e-05,2.2916000489203725e-05,0.4440801001663865
D11,Isolet,iid,582,6819,0,1,7,0,0,0.0001655410005696467,1.2000000424450263e-05,1.6375000086554792e-05,2.3833999875932932e-05,0.4439821422926319
D11,Isolet,iid,583,6820,5,0,0,0,0,0.000173624999661115,3.959000423492398e-06,1.5874999917286914e-05,2.433300051052356e-05,0.44398759033228874
D11,Isolet,iid,584,6821,3,12,98,0,0,0.00017145800029538805,8.612499914306682e-05,1.6917000721150544e-05,2.329099970665993e-05,0.44385426128987254
D11,Isolet,iid,585,6822,0,0,0,0,0,0.0001662499998928979,3.875000402331352e-06,1.633300053072162e-05,2.208299974881811e-05,0.4438143027417202
D11,Isolet,iid,586,6823,0,1,0,0,0,0.00016758400033722864,1.3291999493958429e-05,1.6125000001920853e-05,2.258299991808599e-05,0.4437561810028833
D11,Isolet,iid,587,6824,0,1,3,0,0,0.0001657089997024741,1.2417000107234344e-05,1.6665999282849953e-05,2.2958000045036897e-05,0.4436794121412865
D11,Isolet,iid,588,6825,9,0,0,0,0,0.00017241700061276788,3.875000402331352e-06,1.5124999663385097e-05,2.316699919902021e-05,0.44370188828399154
D11,Isolet,iid,589,6826,7,0,0,0,0,0.00016849999974510865,3.832999937003478e-06,1.6291000065393746e-05,2.2958000045036897e-05,0.4436832328830217
D11,Isolet,iid,590,6827,13,0,0,0,0,0.000173624999661115,3.8749994928366505e-06,1.6125000001920853e-05,2.3374999727820978e-05,0.4436829942369522
D11,Isolet,iid,591,6828,53,0,0,0,0,0.00017500000012660166,3.915999513992574e-06,1.4207999811333138e-05,2.366700027778279e-05,0.44376485521704134
D11,Isolet,iid,592,6829,0,0,0,0,0,0.0001662500008023926,3.957999979320448e-06,1.637499917706009e-05,2.28749995585531e-05,0.44370639874834505
D11,Isolet,iid,593,6830,0,27,275,0,0,0.00016516699997737305,0.00018804199953592615,1.62090000230819e-05,2.3374999727820978e-05,0.44320591004288534
D11,Isolet,iid,594,6831,2,2,0,0,0,0.00017179200040118303,1.9709000298462342e-05,1.4624999494117219e-05,2.3249999685504008e-05,0.4431625878070311
D11,Isolet,iid,595,6832,1,0,0,0,0,0.0001663330003793817,3.666000338853337e-06,1.6292000509565696e-05,2.1791999643028248e-05,0.44311568161182274
D11,Isolet,iid,596,6833,42,0,0,0,0,0.00017262500023207394,3.791999915847555e-06,1.475000044592889e-05,2.2917000023880973e-05,0.4431672203087442
D11,Isolet,iid,597,6834,1,1,0,0,0,0.00017062500046449713,1.2749999768857379e-05,1.4915999599907082e-05,2.2707999960402958e-05,0.4431437324539766
D11,Isolet,iid,598,6835,92,0,0,0,0,0.00017304199991485802,3.749999450519681e-06,1.6041999515437055e-05,2.258400036225794e-05,0.44319797761736723
D11,Isolet,iid,599,6836,70,0,0,0,0,0.00017312500040134182,3.916000423487276e-06,1.541700021334691e-05,2.208400019299006e-05,0.44325764953249974
D11,Isolet,iid,600,6837,4,0,0,0,0,0.00017133300025307108,3.707999894686509e-06,1.5374999748019036e-05,2.350000067963265e-05,0.4432424026883571
D11,Isolet,iid,601,6838,2,1,1,0,0,0.000270292000095651,2.099999983329326e-05,2.4916000256780535e-05,3.883299996232381e-05,0.4431923079496245
D11,Isolet,iid,602,6839,5,0,0,0,0,0.0001797499999156571,4.667000212066341e-06,2.00829999812413e-05,2.5249999453080818e-05,0.4432050604242019
D11,Isolet,iid,603,6840,18,0,0,0,0,0.0001747090000208118,4.1249995774705894e-06,1.8042000192508567e-05,2.329199924133718e-05,0.4432431853752042
D11,Isolet,iid,604,6841,45,0,0,0,0,0.0001699579997875844,3.99999953515362e-06,1.754099957906874e-05,2.3916999452922028e-05,0.4432898668202029
D11,Isolet,iid,605,6842,83,0,0,0,0,0.00019420800072111888,3.875000402331352e-06,1.712500034045661e-05,2.2666999939247034e-05,0.44335862350375543
D11,Isolet,iid,606,6843,4,3,5,0,0,0.00016862499978742562,2.750000021478627e-05,1.729199993860675e-05,2.3708999833615962e-05,0.4433296028853042
D11,Isolet,iid,607,6844,2,2,4,0,0,0.00017770799968275242,1.900000006571645e-05,1.6125000001920853e-05,2.3833000341255683e-05,0.44327761794431253
D11,Isolet,iid,608,6845,0,0,0,0,0,0.0001629170001251623,3.7910003811703064e-06,1.712500034045661e-05,2.3333000171987806e-05,0.4432199914272367
D11,Isolet,iid,609,6846,21,0,0,0,0,0.00016766699991421774,3.8749994928366505e-06,1.7875000594358426e-05,2.2416999854613096e-05,0.4432369617966179
D11,Isolet,iid,610,6847,40,1,5,0,0,0.00017104200014728121,1.2250000509084202e-05,1.3916999705543276e-05,2.354200023546582e-05,0.44326781604671245
D11,Isolet,iid,611,6848,4,0,0,0,0,0.00017108300016843714,3.916999958164524e-06,1.4334000297822058e-05,2.2708999495080207e-05,0.4432420083818168
D11,Isolet,iid,612,6849,0,1,0,0,0,0.00016187499932129867,1.2041999980283435e-05,1.2874999811174348e-05,2.312499964318704e-05,0.4431840197968317
D11,Isolet,iid,613,6850,25,0,0,0,0,0.0001708330000838032,4.125000486965291e-06,1.6791000234661624e-05,2.4791999749140814e-05,0.44318817853336184
D11,Isolet,iid,614,6851,4,4,8,0,0,0.0001700000002529123,3.287499930593185e-05,1.5833000361453742e-05,2.4083000425889622e-05,0.44310856719044694
D11,Isolet,iid,615,6852,3,1,3,0,0,0.00017337499957648106,1.2292000064917374e-05,1.7207999917445704e-05,2.2375000298779923e-05,0.4430652978900138
D11,Isolet,iid,616,6853,1,10,55,0,0,0.0001708330000838032,7.216599988169037e-05,1.541700021334691e-05,2.3499999770137947e-05,0.4429070360318422
D11,Isolet,iid,617,6854,26,0,0,0,0,0.00016945799961831653,3.8749994928366505e-06,1.5749999874969944e-05,2.233299983345205e-05,0.4429494532384575
D11,Isolet,iid,618,6855,6,1,1,0,0,0.00016945900006248849,1.2542000149551313e-05,1.4541999917128123e-05,2.3166000573837664e-05,0.4429109976389159
D11,Isolet,iid,619,6856,2,2,3,0,0,0.0001700410002740682,2.0375000531203113e-05,1.4958000065234955e-05,2.3208000129670836e-05,0.442901296720059
D11,Isolet,iid,620,6857,33,0,0,0,0,0.00017141699936473742,3.7910003811703064e-06,1.4166999790177215e-05,2.2791999981564004e-05,0.4429276661336919
D11,Isolet,iid,621,6858,2,0,0,0,0,0.0001711249997242703,3.7909994716756046e-06,1.662500017118873e-05,2.2916000489203725e-05,0.4428919923406365
D11,Isolet,iid,622,6859,120,0,0,0,0,0.00017337500048597576,3.832999937003478e-06,1.7124999430961907e-05,2.3040999622025993e-05,0.4429787224251212
D11,Isolet,iid,623,6860,8,1,2,0,0,0.0001719170004435,1.2417000107234344e-05,1.3875000149710104e-05,2.1916999685345218e-05,0.44296430080514193
D11,Isolet,iid,624,6861,6,0,0,0,0,0.00017033299991453532,3.957999979320448e-06,1.704099940980086e-05,2.312499964318704e-05,0.4429749050389979
D11,Isolet,iid,625,6862,30,0,0,0,0,0.0001719170004435,3.7910003811703064e-06,1.4250000276661012e-05,2.1875000129512046e-05,0.4430145106923394
D11,Isolet,iid,626,6863,4,0,0,0,0,0.0003063340000153403,9.04199987417087e-06,2.6249999791616574e-05,5.5541999245178886e-05,0.44298659231336995
D11,Isolet,iid,627,6864,0,0,0,0,0,0.0001870420001068851,4.624999746738467e-06,1.6040999980759807e-05,2.4792000658635516e-05,0.4429393367817223
D11,Isolet,iid,628,6865,8,0,0,0,0,0.00017320799997833092,3.83300084649818e-06,1.6707999748177826e-05,2.2833000002719928e-05,0.44295058818272054
D11,Isolet,iid,629,6866,2,0,0,0,0,0.00016908300040086033,3.707999894686509e-06,1.5874999917286914e-05,2.2915999579709023e-05,0.4429183254235978
D11,Isolet,iid,630,6867,47,0,0,0,0,0.00016870800027390942,3.707999894686509e-06,1.620800048840465e-05,2.366700027778279e-05,0.4429724578912918
D11,Isolet,iid,631,6868,22,0,0,0,0,0.00016729199978726683,3.7500003600143827e-06,1.4415999430639204e-05,2.2375000298779923e-05,0.4429913324481191
D11,Isolet,iid,632,6869,96,0,0,0,0,0.0001716659999146941,3.6669998735305853e-06,1.6459000107715838e-05,2.28750004680478e-05,0.4430681848578204
D11,Isolet,iid,633,6870,3,0,0,0,0,0.00017379200016875984,3.6669998735305853e-06,1.5749999874969944e-05,2.191700059483992e-05,0.4430466954293097
D11,Isolet,iid,634,6871,15,2,7,0,0,0.00017337500048597576,2.1249999917927198e-05,1.487500048824586e-05,2.325000059499871e-05,0.4430606529474427
D11,Isolet,iid,635,6872,30,0,0,0,0,0.00017437499991501682,3.832999937003478e-06,1.5999999959603883e-05,2.383299943176098e-05,0.4431010843591086
D11,Isolet,iid,636,6873,4,12,98,0,0,0.00017379200016875984,9.541700001136633e-05,1.3916000170866027e-05,2.4208000468206592e-05,0.4430042776825146
D11,Isolet,iid,637,6874,3,1,6,0,0,0.00017537500025355257,1.2208999578433577e-05,1.2917000276502222e-05,2.258299991808599e-05,0.4429438985917213
D11,Isolet,iid,638,6875,91,0,0,0,0,0.00017033299991453532,3.791999915847555e-06,1.5749999874969944e-05,2.2790999537392054e-05,0.443019007449653
D11,Isolet,iid,639,6876,48,0,0,0,0,0.00016954100010480033,3.791999915847555e-06,1.3625000065076165e-05,2.2375000298779923e-05,0.4430750736773062
D11,Isolet,iid,640,6877,72,0,0,0,0,0.00017158300033770502,3.832999937003478e-06,1.4624999494117219e-05,2.249999943160219e-05,0.4431370800537767
D11,Isolet,iid,641,6878,2,2,0,0,0,0.00016970799970295047,1.8540999917604495e-05,1.595800040377071e-05,2.2500000341096893e-05,0.44311359901120767
D11,Isolet,iid,642,6879,12,1,8,0,0,0.00017070900048565818,1.1624999388004653e-05,1.4582999938284047e-05,2.2166000235301908e-05,0.4430705682588407
D11,Isolet,iid,643,6880,0,0,0,0,0,0.0001637920004213811,3.6250003176974133e-06,1.570899985381402e-05,2.2375000298779923e-05,0.44301305001030356
D11,Isolet,iid,644,6881,100,0,0,0,0,0.00017250000018975697,3.6669998735305853e-06,1.5499999790336005e-05,2.2292000721790828e-05,0.4430852800545483
D11,Isolet,iid,645,6882,3,0,0,0,0,0.00016791699999885168,3.6669998735305853e-06,1.5874999917286914e-05,2.2292000721790828e-05,0.4430509265684827
D11,Isolet,iid,646,6883,14,0,0,0,0,0.00016700000014679972,3.7089994293637574e-06,1.5042000086396001e-05,2.2249999346968252e-05,0.4430880349831105
D11,Isolet,iid,647,6884,1,0,0,0,0,0.00016883399985090364,3.7500003600143827e-06,1.5374999748019036e-05,2.1500000002561137e-05,0.4430512971022721
D11,Isolet,iid,648,6885,60,0,0,0,0,0.0001694169995971606,3.7909994716756046e-06,1.4082999769016169e-05,2.258299991808599e-05,0.4431127741521837
D11,Isolet,iid,649,6886,0,4,4,0,0,0.00016225000035774428,3.149999974993989e-05,1.4416000340133905e-05,2.3374999727820978e-05,0.4430487642516391
D11,Isolet,iid,650,6887,115,0,0,0,0,0.00018512499991629738,3.7089994293637574e-06,1.650000012887176e-05,2.312499964318704e-05,0.44313503974932966
D11,Isolet,iid,651,6888,6,3,5,0,0,0.00028170799942017766,3.51250000676373e-05,2.34159997489769e-05,3.96250006815535e-05,0.44308381121532736
D11,Isolet,iid,652,6889,1,0,0,0,0,0.00018075000025419286,4.958999852533452e-06,1.8374999854131602e-05,2.470800063747447e-05,0.44305818503916766
D11,Isolet,iid,653,6890,46,0,0,0,0,0.00017116700018959818,4.041000465804245e-06,1.7375000425090548e-05,2.3708000298938714e-05,0.4431147781393742
D11,Isolet,iid,654,6891,21,0,0,0,0,0.00017225000010512304,3.791999915847555e-06,1.7499999557912815e-05,2.220900023530703e-05,0.44314438869918893
D11,Isolet,iid,655,6892,2,0,0,0,0,0.00016608300029474776,3.791999915847555e-06,1.704199985397281e-05,2.2790999537392054e-05,0.44311897828778773
D11,Isolet,iid,656,6893,54,0,0,0,0,0.00017024999942805152,3.957999979320448e-06,1.7207999917445704e-05,2.2415999410441145e-05,0.4431233072426462
D11,Isolet,iid,657,6894,0,20,210,0,0,0.00016258300001936732,0.00014529100008076057,1.7250000382773578e-05,2.4083000425889622e-05,0.443019464984737
D11,Isolet,iid,658,6895,0,6,71,0,0,0.00016629099991405383,4.704200000560377e-05,1.7584000488568563e-05,2.4916999791457783e-05,0.44294275670266814
D11,Isolet,iid,659,6896,5,0,0,0,0,0.00016987499930110062,4.1249995774705894e-06,2.0292000044719316e-05,2.3165999664342962e-05,0.44292682667785765
D11,Isolet,iid,660,6897,95,0,0,0,0,0.00017575000038050348,4.000000444648322e-06,1.8374999854131602e-05,2.3083000087353867e-05,0.4430306400010178
D11,Isolet,iid,661,6898,0,2,16,0,0,0.00016466699980810517,1.995899947360158e-05,1.4334000297822058e-05,2.3874999897088856e-05,0.44294052741626205
D11,Isolet,iid,662,6899,133,0,0,0,0,0.00018033299966191407,4.083000021637417e-06,1.6917000721150544e-05,2.366700027778279e-05,0.4430218630183909
D11,Isolet,iid,663,6900,27,0,0,0,0,0.00016854200021043653,3.833999471680727e-06,1.7084000319300685e-05,2.3583999791298993e-05,0.44301294264596236
D11,Isolet,iid,664,6901,69,0,0,0,0,0.0001720829995974782,4.083000021637417e-06,1.700000029813964e-05,2.2500000341096893e-05,0.4430818408861411
D11,Isolet,iid,665,6902,71,0,0,0,0,0.000173624999661115,3.7909994716756046e-06,1.3500000022759195e-05,2.3208000129670836e-05,0.44313800652082375
D11,Isolet,iid,666,6903,14,1,2,0,0,0.00016854200021043653,1.2083000001439359e-05,1.487500048824586e-05,2.2791999981564004e-05,0.443107222312783
D11,Isolet,iid,667,6904,35,0,0,0,0,0.00016999999934341758,3.834000381175429e-06,1.3416999536275398e-05,2.2250000256462954e-05,0.44316081881587716
D11,Isolet,iid,668,6905,7,0,0,0,0,0.00016895800035854336,3.791999915847555e-06,1.5874999917286914e-05,2.195900015067309e-05,0.443158029515848
D11,Isolet,iid,669,6906,0,3,0,0,0,0.0001626249995752005,2.5958000151149463e-05,1.6250000044237822e-05,2.325000059499871e-05,0.44311082262411705
D11,Isolet,iid,670,6907,0,1,1,0,0,0.00016308399972331244,1.1750000339816324e-05,1.6791999769338872e-05,2.3333999706665054e-05,0.4430612945377503
D11,Isolet,iid,671,6908,5,0,0,0,0,0.0001682920001258026,3.832999937003478e-06,1.5790999896125868e-05,2.2625000383413862e-05,0.44304460118940925
D11,Isolet,iid,672,6909,6,2,8,0,0,0.00016895800035854336,1.8707999515754636e-05,1.6874999346327968e-05,2.2415999410441145e-05,0.44300163952667615
D11,Isolet,iid,673,6910,17,18,257,0,0,0.00016845899972395273,0.00012024999978166306,1.67500002135057e-05,2.366599983361084e-05,0.4428371162185786
D11,Isolet,iid,674,6911,9,1,12,0,0,0.00016962500012596138,1.1958999493799638e-05,1.34170004457701e-05,2.3416000658471603e-05,0.4428449027594674
D11,Isolet,iid,675,6912,57,0,0,0,0,0.0001707500005068141,3.791999915847555e-06,1.5333999726863112e-05,2.258400036225794e-05,0.44290389665803415
D11,Isolet,iid,676,6913,2,4,3,0,0,0.00027512500037119025,3.979200027970364e-05,2.0792000213987194e-05,3.945800017390866e-05,0.44287014237634686
D11,Isolet,iid,677,6914,1,2,0,0,0,0.0001782910003385041,1.916699966386659e-05,1.650000012887176e-05,2.341700019314885e-05,0.44282551577257895
D11,Isolet,iid,678,6915,0,0,0,0,0,0.00017212500006280607,3.7910003811703064e-06,1.6292000509565696e-05,2.220899932581233e-05,0.4427917000180587
D11,Isolet,iid,679,6916,1,1,0,0,0,0.00017320799997833092,1.2500000593718141e-05,1.4708999515278265e-05,2.2416999854613096e-05,0.44274167447758417
D11,Isolet,iid,680,6917,25,0,0,0,0,0.0001739169993015821,3.749999450519681e-06,1.6250000044237822e-05,2.2833000002719928e-05,0.4427439450467659
D11,Isolet,iid,681,6918,3,0,0,0,0,0.00016812500052765245,3.667000783025287e-06,1.4458999430644326e-05,2.2541999896930065e-05,0.4427361244815528
D11,Isolet,iid,682,6919,19,0,0,0,0,0.00017016699985106243,3.7910003811703064e-06,1.4457999895967077e-05,2.1582999579550233e-05,0.4427402867776279
D11,Isolet,iid,683,6920,45,0,0,0,0,0.00016962500012596138,3.665999429358635e-06,1.4999999621068127e-05,2.233299983345205e-05,0.4427949650470503
D11,Isolet,iid,684,6921,101,0,0,0,0,0.0001730840003801859,3.7089994293637574e-06,1.687500025582267e-05,2.2833000002719928e-05,0.4428503238985469
D11,Isolet,iid,685,6922,4,0,0,0,0,0.00016887499987205956,3.707999894686509e-06,1.712500034045661e-05,2.2958000045036897e-05,0.44283077952123595
D11,Isolet,iid,686,6923,3,3,3,0,0,0.00016791699999885168,2.6290999812772498e-05,1.6125000001920853e-05,2.1750000087195076e-05,0.4427680993314411
D11,Isolet,iid,687,6924,3,0,0,0,0,0.0001662499998928979,3.7089994293637574e-06,1.650000012887176e-05,2.1750000087195076e-05,0.4427513355285159
D11,Isolet,iid,688,6925,34,0,0,0,0,0.00017254199974559015,3.791999915847555e-06,1.4124999324849341e-05,2.258400036225794e-05,0.44280386237254826
D11,Isolet,iid,689,6926,7,0,0,0,0,0.0001674169998295838,3.6250003176974133e-06,1.6166999557754025e-05,2.2416999854613096e-05,0.442800250608109
D11,Isolet,iid,690,6927,8,0,0,0,0,0.00016879199938557576,3.6250003176974133e-06,1.5915999938442837e-05,2.1583000489044935e-05,0.4427818342080024
D11,Isolet,iid,691,6928,5,0,0,0,0,0.00017124999976658728,3.749999450519681e-06,1.650000012887176e-05,2.2750000425730832e-05,0.4427905065458955
D11,Isolet,iid,692,6929,5,3,0,0,0,0.00016700000014679972,2.6249999791616574e-05,1.5250000615196768e-05,2.166699960071128e-05,0.4427608429636403
D11,Isolet,iid,693,6930,0,0,0,0,0,0.00016312500065396307,3.7500003600143827e-06,1.3875000149710104e-05,2.1791999643028248e-05,0.4427035160603262
D11,Isolet,iid,694,6931,53,0,0,0,0,0.00017091699919546954,3.832999937003478e-06,1.475000044592889e-05,2.258400036225794e-05,0.4427671791883214
D11,Isolet,iid,695,6932,19,0,0,0,0,0.00016916699951252667,3.7500003600143827e-06,1.462500040361192e-05,2.258299991808599e-05,0.44277835233318064
D11,Isolet,iid,696,6933,96,1,0,0,0,0.00017933399976755027,1.2124999557272531e-05,1.6375000086554792e-05,2.154100002371706e-05,0.4428200720479876
D11,Isolet,iid,697,6934,5,0,0,0,0,0.0001686670002527535,3.791999915847555e-06,1.3541999578592367e-05,2.166700051020598e-05,0.44279916977222183
D11,Isolet,iid,698,6935,42,0,0,0,0,0.00017012499938573455,3.832999937003478e-06,1.3875000149710104e-05,2.2541999896930065e-05,0.4428060086102368
D11,Isolet,iid,699,6936,104,0,0,0,0,0.00017291699987254106,3.7910003811703064e-06,1.6457999663543887e-05,2.2500000341096893e-05,0.44286502216677187
D11,Isolet,iid,700,6937,163,0,0,0,0,0.0001744170003803447,3.749999450519681e-06,1.5124999663385097e-05,2.1791000108351e-05,0.4429526353791954
D11,Isolet,iid,701,6938,0,81,2886,0,0,0.0002770000000964501,0.0005672919996868586,2.5209000341419596e-05,6.000000030326191e-05,0.4411651867881144
D11,Isolet,iid,702,6939,78,0,0,0,0,0.00021208399994065985,5.666999641107395e-06,1.8292000277142506e-05,3.058299989788793e-05,0.44125670039458725
D11,Isolet,iid,703,6940,69,0,0,0,0,0.00018258399995829677,4.459000592760276e-06,1.758399957907386e-05,2.3708999833615962e-05,0.4412985996010859
D11,Isolet,iid,704,6941,27,0,0,0,0,0.00017537499934405787,4.1249995774705894e-06,1.7458000002079643e-05,2.3208000129670836e-05,0.4413051822896382
D11,Isolet,iid,705,6942,42,0,0,0,0,0.00017387499974574894,3.916999958164524e-06,1.6834000234666746e-05,2.299999960087007e-05,0.4413416434952875
D11,Isolet,iid,706,6943,9,1,7,0,0,0.00016891700033738744,1.304199940932449e-05,1.650000012887176e-05,2.3292000150831882e-05,0.4413301494068465
D11,Isolet,iid,707,6944,107,0,0,0,0,0.0001727499993648962,3.834000381175429e-06,1.6291999600070994e-05,2.249999943160219e-05,0.44140584486859535
D11,Isolet,iid,708,6945,37,1,8,0,0,0.00017654100065556122,1.2041999980283435e-05,1.608399998076493e-05,2.366700027778279e-05,0.44142096020121846
D11,Isolet,iid,709,6946,3,0,0,0,0,0.00016754199987190077,3.749999450519681e-06,1.487500048824586e-05,2.2541999896930065e-05,0.4413879847561916
D11,Isolet,iid,710,6947,13,1,0,0,0,0.0001672080006756005,1.183299991680542e-05,1.570799940964207e-05,2.274999951623613e-05,0.4413916506901863
D11,Isolet,iid,711,6948,124,0,0,0,0,0.0001786659995559603,3.8749994928366505e-06,1.6790999325166922e-05,2.2917000023880973e-05,0.44147209419350625
D11,Isolet,iid,712,6949,4,0,0,0,0,0.0001708330000838032,3.7080008041812107e-06,1.566700029798085e-05,2.3791999410605058e-05,0.4414621478093087
D11,Isolet,iid,713,6950,49,0,0,0,0,0.00016879200029507047,3.832999937003478e-06,1.383299968438223e-05,2.2541000362252817e-05,0.4415115747344839
D11,Isolet,iid,714,6951,8,0,0,0,0,0.0001699169997664285,3.7500003600143827e-06,1.608300044608768e-05,2.2125000214145985e-05,0.4415243406068776
D11,Isolet,iid,715,6952,11,0,0,0,0,0.00016816599963931367,3.791999915847555e-06,1.5125000572879799e-05,2.2000000171829015e-05,0.4415323290157573
D11,Isolet,iid,716,6953,0,0,0,0,0,0.0001642500001253211,3.7500003600143827e-06,1.6707999748177826e-05,2.3040999622025993e-05,0.4414753056956435
D11,Isolet,iid,717,6954,23,0,0,0,0,0.00016987499930110062,3.832999937003478e-06,1.6250000044237822e-05,2.258400036225794e-05,0.4414792340300338
D11,Isolet,iid,718,6955,86,0,0,0,0,0.00017187499997817213,3.832999937003478e-06,1.5833000361453742e-05,2.4500000108673703e-05,0.44153377772585994
D11,Isolet,iid,719,6956,1,0,0,0,0,0.00017287500031670788,3.832999937003478e-06,1.662500017118873e-05,2.3208999664348084e-05,0.44149548161308527
D11,Isolet,iid,720,6957,69,0,0,0,0,0.0001733330000206479,3.707999894686509e-06,1.6166000023076776e-05,2.300000051036477e-05,0.4415459963241189
D11,Isolet,iid,721,6958,9,0,0,0,0,0.00016791599955467973,3.832999937003478e-06,1.4541999917128123e-05,2.2416999854613096e-05,0.4415421926191618
D11,Isolet,iid,722,6959,43,0,0,0,0,0.00017025000033754623,3.7910003811703064e-06,1.4332999853650108e-05,2.3292000150831882e-05,0.44160745615228253
D11,Isolet,iid,723,6960,4,2,58,0,0,0.00016729100025258958,1.9499999325489625e-05,1.56659998538089e-05,2.2416999854613096e-05,0.4416031788635086
D11,Isolet,iid,724,6961,0,4,62,0,0,0.00016374999995605322,3.149999974993989e-05,1.4958999599912204e-05,2.3583999791298993e-05,0.4414799615419076
D11,Isolet,iid,725,6962,3,3,29,0,0,0.00016808299915282987,2.7457999749458395e-05,1.4958000065234955e-05,2.4083000425889622e-05,0.4414323860514604
D11,Isolet,iid,726,6963,67,0,0,0,0,0.00026199999956588726,6.749999556632247e-06,1.9458000679151155e-05,3.666599968710216e-05,0.4414867766171893
D11,Isolet,iid,727,6964,62,0,0,0,0,0.0001810829999158159,3.957999979320448e-06,1.5999999959603883e-05,2.300000051036477e-05,0.4415115647532005
D11,Isolet,iid,728,6965,63,0,0,0,0,0.0001722089991744724,3.709000338858459e-06,1.5999999959603883e-05,2.3749999854771886e-05,0.4415602766409957
D11,Isolet,iid,729,6966,0,0,0,0,0,0.0001641669996388373,3.6249994082027115e-06,1.6250000044237822e-05,2.341700019314885e-05,0.44150376020191073
D11,Isolet,iid,730,6967,127,0,0,0,0,0.00017341700004180893,3.749999450519681e-06,1.62090000230819e-05,2.354200023546582e-05,0.44159127894122907
D11,Isolet,iid,731,6968,1,3,0,0,0,0.00016937500004132744,2.6416999389766715e-05,1.6292000509565696e-05,2.34159997489769e-05,0.4415374955754113
D11,Isolet,iid,732,6969,11,0,0,0,0,0.00017041599949152442,3.8749994928366505e-06,1.5624999832652975e-05,2.391700036241673e-05,0.4415136077856502
D11,Isolet,iid,733,6970,25,0,0,0,0,0.0001689589998932206,3.791999915847555e-06,1.4332999853650108e-05,2.3458000214304775e-05,0.44155846772598106
D11,Isolet,iid,734,6971,78,0,0,0,0,0.00017241699970327318,3.915999513992574e-06,1.5124999663385097e-05,2.433299960102886e-05,0.4416239863348516
D11,Isolet,iid,735,6972,6,0,0,0,0,0.00017454199951316696,3.959000423492398e-06,1.6416999642387964e-05,2.420799955871189e-05,0.44161565783928824
D11,Isolet,iid,736,6973,2,0,0,0,0,0.00017099999968195334,3.957999979320448e-06,1.462500040361192e-05,2.354199932597112e-05,0.44159936564250746
D11,Isolet,iid,737,6974,1,3,3,0,0,0.00017791600021155318,2.7207999664824456e-05,1.4624999494117219e-05,2.383299943176098e-05,0.44152511662594734
D11,Isolet,iid,738,6975,0,0,0,0,0,0.0001658750006754417,3.832999937003478e-06,1.650000012887176e-05,2.391599991824478e-05,0.4414680975754488
D11,Isolet,iid,739,6976,1,2,2,0,0,0.00017225000010512304,1.8834000002243556e-05,1.4375000318977982e-05,2.3707999389444012e-05,0.44141207011111966
D11,Isolet,iid,740,6977,11,0,0,0,0,0.0001700000002529123,3.749999450519681e-06,1.6166999557754025e-05,2.3999999939405825e-05,0.44142549799361114
D11,Isolet,iid,741,6978,2,1,2,0,0,0.00017212500006280607,1.1874999472638592e-05,1.6250000044237822e-05,2.379099987592781e-05,0.4413968266622069
D11,Isolet,iid,742,6979,46,0,0,0,0,0.00017104099970310926,3.791999915847555e-06,1.4874999578751158e-05,2.3583000256621744e-05,0.44145937752325587
D11,Isolet,iid,743,6980,0,5,1,0,0,0.00016420900010416517,3.837500025838381e-05,1.4582999938284047e-05,2.354200023546582e-05,0.44139229055293067
D11,Isolet,iid,744,6981,10,0,0,0,0,0.00016891700033738744,3.7500003600143827e-06,1.4209000255505089e-05,2.3249999685504008e-05,0.441416408576496
D11,Isolet,iid,745,6982,15,1,0,0,0,0.00016904099993553245,1.183299991680542e-05,1.4166999790177215e-05,2.391700036241673e-05,0.44138223403304244
D11,Isolet,iid,746,6983,71,0,0,0,0,0.00017233299968211213,3.8749994928366505e-06,1.354200048808707e-05,2.3499999770137947e-05,0.4414500716402676
D11,Isolet,iid,747,6984,0,0,0,0,0,0.00016470900027343305,3.749999450519681e-06,1.6250000044237822e-05,2.34159997489769e-05,0.44139331811960864
D11,Isolet,iid,748,6985,1,0,0,0,0,0.00016887499987205956,3.749999450519681e-06,1.6791000234661624e-05,2.3499999770137947e-05,0.441364678425781
D11,Isolet,iid,749,6986,10,0,0,0,0,0.0001702090003163903,3.709000338858459e-06,1.4291999832494184e-05,2.4083000425889622e-05,0.4413812616225302
D11,Isolet,iid,750,6987,1,0,0,0,0,0.0001691249999566935,3.916999958164524e-06,1.4624999494117219e-05,2.3874999897088856e-05,0.44137052213608213
D11,Isolet,iid,751,6988,3,1,10,0,0,0.0002488330001142458,1.7625000509724487e-05,2.1875000129512046e-05,3.7042000258225016e-05,0.44132876133673904
D11,Isolet,iid,752,6989,46,0,0,0,0,0.00017629200010560453,4.249999619787559e-06,1.7499999557912815e-05,2.4166000002878718e-05,0.4413896368056409
D11,Isolet,iid,753,6990,10,1,0,0,0,0.00017170899991469923,1.2582999261212535e-05,1.583299945195904e-05,2.4250000024039764e-05,0.4413478862809997
D11,Isolet,iid,754,6991,12,0,0,0,0,0.00017099999968195334,3.8749994928366505e-06,1.67500002135057e-05,2.39589999182499e-05,0.4413874518145953
D11,Isolet,iid,755,6992,68,0,0,0,0,0.0001739999997880659,3.7909994716756046e-06,1.6541999684704933e-05,2.2917000023880973e-05,0.44145689115919134
D11,Isolet,iid,756,6993,0,0,0,0,0,0.0001671250001891167,3.832999937003478e-06,1.4375000318977982e-05,2.3749999854771886e-05,0.4414279903346704
D11,Isolet,iid,757,6994,0,0,0,0,0,0.00016570800016779685,3.832999937003478e-06,1.6375000086554792e-05,2.3583999791298993e-05,0.44138168943553596
D11,Isolet,iid,758,6995,44,0,0,0,0,0.00017020799987221835,3.791999915847555e-06,1.5999999959603883e-05,2.366700027778279e-05,0.44142453142786175
D11,Isolet,iid,759,6996,7,2,11,0,0,0.00016841700016811956,1.9332999727339484e-05,1.6125000001920853e-05,2.3749999854771886e-05,0.4414254225988993
D11,Isolet,iid,760,6997,1,0,0,0,0,0.00016879200029507047,3.791999915847555e-06,1.608399998076493e-05,2.3791999410605058e-05,0.4413941155267483
D11,Isolet,iid,761,6998,5,0,0,0,0,0.00017070900048565818,3.749999450519681e-06,1.6332999621226918e-05,2.258299991808599e-05,0.4413930291096584
D11,Isolet,iid,762,6999,76,0,0,0,0,0.0001747920005072956,3.832999937003478e-06,1.4124999324849341e-05,2.34159997489769e-05,0.4414637324043735
D11,Isolet,iid,763,7000,3,0,0,0,0,0.00017166700035886606,3.8749994928366505e-06,1.620799957890995e-05,2.2416999854613096e-05,0.44147669146328683
D11,Isolet,iid,764,7001,29,0,0,0,0,0.00017124999976658728,3.8749994928366505e-06,1.4709000424772967e-05,2.366700027778279e-05,0.4415265352559025
D11,Isolet,iid,765,7002,80,0,0,0,0,0.00017337499957648106,3.834000381175429e-06,1.5124999663385097e-05,2.3457999304810073e-05,0.441558153293298
D11,Isolet,iid,766,7003,1,34,424,0,0,0.00017066599957615836,0.0002348749994780519,1.4665999515273143e-05,2.379200032009976e-05,0.44109843680168953
D11,Isolet,iid,767,7004,29,1,1,0,0,0.0001695000000836444,1.2041999980283435e-05,1.6334000065398868e-05,2.3458999748982023e-05,0.44110987157981524
D11,Isolet,iid,768,7005,110,0,0,0,0,0.00017174999993585516,3.8749994928366505e-06,1.649999921937706e-05,2.3624999812454917e-05,0.44119099555941516
D11,Isolet,iid,769,7006,1,2,0,0,0,0.00016825000056996942,1.858300038293237e-05,1.6040999980759807e-05,2.274999951623613e-05,0.4411384655856548
D11,Isolet,iid,770,7007,87,0,0,0,0,0.00017804100025387015,4.042000000481494e-06,1.649999921937706e-05,2.379200032009976e-05,0.44120686379081686
D11,Isolet,iid,771,7008,8,0,0,0,0,0.00016825000056996942,3.749999450519681e-06,1.39579997266992e-05,2.3583000256621744e-05,0.4412030984840251
D11,Isolet,iid,772,7009,1,3,2,0,0,0.00016850000065460335,2.5958000151149463e-05,1.6166000023076776e-05,2.3333000171987806e-05,0.4411309264376868
D11,Isolet,iid,773,7010,20,0,0,0,0,0.0001692910000201664,3.791999915847555e-06,1.4125000234344043e-05,2.3749999854771886e-05,0.4411621964799495
D11,Isolet,iid,774,7011,1,2,6,0,0,0.00017004199980874546,1.8583999917609617e-05,1.570899985381402e-05,2.337500063731568e-05,0.4410910579458524
D11,Isolet,iid,775,7012,1,2,3,0,0,0.00016920899997785455,1.8792000446410384e-05,1.4375000318977982e-05,2.3249999685504008e-05,0.4410130623333815
D11,Isolet,iid,776,7013,19,4,60,0,0,0.00024687499990250217,3.641700004664017e-05,2.0125000446569175e-05,3.2500000088475645e-05,0.44093656225534067
D11,Isolet,iid,777,7014,89,0,0,0,0,0.00018016699959844118,3.915999513992574e-06,1.4416999874811154e-05,2.3249999685504008e-05,0.4410055851028198
D11,Isolet,iid,778,7015,2,4,28,0,0,0.0001698339992799447,3.154200021526776e-05,1.6457999663543887e-05,2.383299943176098e-05,0.4408956751579773
D11,Isolet,iid,779,7016,0,1,1,0,0,0.00016737500027375063,1.4041999747860245e-05,1.6584000150032807e-05,2.354199932597112e-05,0.4408339808827434
D11,Isolet,iid,780,7017,1,1,0,0,0,0.00029549999999289867,2.0124999537074473e-05,2.4750000193307642e-05,4.558300042845076e-05,0.4407786218578671
D11,Isolet,iid,781,7018,0,3,7,0,0,0.00017962499987334013,2.7874999432242475e-05,1.8665999959921464e-05,2.6292000256944448e-05,0.44069714372121077
D11,Isolet,iid,782,7019,2,0,0,0,0,0.00017949999983102316,4.749999789055437e-06,1.8292000277142506e-05,2.3874999897088856e-05,0.44066243985862624
D11,Isolet,iid,783,7020,1,0,0,0,0,0.00017604099957679864,4.083000021637417e-06,1.766700006555766e-05,2.4375000066356733e-05,0.4406100386663403
D11,Isolet,iid,784,7021,0,0,0,0,0,0.00016937500004132744,3.875000402331352e-06,1.795800017134752e-05,2.2916000489203725e-05,0.44055365429686244
D11,Isolet,iid,785,7022,72,0,0,0,0,0.00017404200025339378,3.791999915847555e-06,1.8000000636675395e-05,2.3916999452922028e-05,0.4405580628630302
D11,Isolet,iid,786,7023,79,0,0,0,0,0.000173166999957175,3.749999450519681e-06,1.5084000551723875e-05,2.2958999579714146e-05,0.44061950579392684
D11,Isolet,iid,787,7024,0,1,2,0,0,0.00016708300063328352,1.2417000107234344e-05,1.754200002324069e-05,2.4000000848900527e-05,0.44054557931819005
D11,Isolet,iid,788,7025,42,0,0,0,0,0.00017133399978774833,3.7920008253422566e-06,1.595800040377071e-05,2.3833000341255683e-05,0.4405926311695684
D11,Isolet,iid,789,7026,5,2,1,0,0,0.00017258299976674607,2.0915999812132213e-05,1.7250000382773578e-05,2.4250000024039764e-05,0.44058133874109123
D11,Isolet,iid,790,7027,31,2,6,0,0,0.00017504200059192954,2.0625000615837052e-05,1.7790999663702678e-05,2.445799964334583e-05,0.44055382405348753
D11,Isolet,iid,791,7028,1,0,0,0,0,0.00017320799997833092,3.832999937003478e-06,1.7458000002079643e-05,2.379100078542251e-05,0.44050865086485164
D11,Isolet,iid,792,7029,66,0,0,0,0,0.00017595799999980954,3.8749994928366505e-06,1.6792000678833574e-05,2.299999960087007e-05,0.44055901033298156
D11,Isolet,iid,793,7030,4,1,0,0,0,0.00017050000042218016,1.2250000509084202e-05,1.687500025582267e-05,2.3833999875932932e-05,0.4405396822368833
D11,Isolet,iid,794,7031,2,3,1,0,0,0.00017095799921662547,2.633300027810037e-05,1.5999999959603883e-05,2.391700036241673e-05,0.44048607755825425
D11,Isolet,iid,795,7032,4,1,0,0,0,0.00016991600023175124,1.2292000064917374e-05,1.4125000234344043e-05,2.391700036241673e-05,0.44044837780384705
D11,Isolet,iid,796,7033,1,0,0,0,0,0.0001721659991744673,4.000000444648322e-06,1.316700036113616e-05,2.3708000298938714e-05,0.44041684623654637
D11,Isolet,iid,797,7034,49,0,0,0,0,0.0001743339998938609,3.916999958164524e-06,1.4874999578751158e-05,2.4625000150990672e-05,0.4404808712065758
D11,Isolet,iid,798,7035,13,0,0,0,0,0.0001752500002112356,3.832999937003478e-06,1.6957999832811765e-05,2.4625000150990672e-05,0.4405070346033859
D11,Isolet,iid,799,7036,1,1,2,0,0,0.00017420800031686667,1.3249999938125256e-05,1.7332999959762674e-05,2.487500023562461e-05,0.44044128357364304
D11,Isolet,iid,800,7037,35,0,0,0,0,0.00017708299947116757,3.7909994716756046e-06,1.716699989628978e-05,2.379200032009976e-05,0.44048851109426423
D11,Isolet,iid,801,7038,9,1,0,0,0,0.0003423750004003523,2.2500000341096893e-05,2.1915999241173267e-05,6.054200002836296e-05,0.44049594035673606
D11,Isolet,iid,802,7039,20,0,0,0,0,0.00021058399943285622,6.082999789214227e-06,1.7332999959762674e-05,3.291600023658248e-05,0.44050872774387745
D11,Isolet,iid,803,7040,1,0,0,0,0,0.000186750000466418,4.249999619787559e-06,1.754200002324069e-05,2.5291999918408692e-05,0.44047333485265977
D11,Isolet,iid,804,7041,30,0,0,0,0,0.00018437499966239557,4.167000042798463e-06,1.5874999917286914e-05,2.8125000426371116e-05,0.44049771289087664
D11,Isolet,iid,805,7042,2,2,1,0,0,0.00017712499993649544,2.3082999177859165e-05,1.6332999621226918e-05,2.4625000150990672e-05,0.4404567287346225
D11,Isolet,iid,806,7043,40,0,0,0,0,0.00018195899974671192,3.7500003600143827e-06,1.6125000001920853e-05,2.2958999579714146e-05,0.4405292635659528
D11,Isolet,iid,807,7044,14,5,51,0,0,0.0001735420000841259,3.991700032202061e-05,1.6250000044237822e-05,2.4250000024039764e-05,0.4404044575110369
D11,Isolet,iid,808,7045,4,0,0,0,0,0.00017337499957648106,3.832999937003478e-06,1.6375000086554792e-05,2.3165999664342962e-05,0.4403644346392732
D11,Isolet,iid,809,7046,13,1,0,0,0,0.00017341700004180893,1.2458999663067516e-05,1.650000012887176e-05,2.4250000024039764e-05,0.44034602763943864
D11,Isolet,iid,810,7047,1,1,6,0,0,0.00017545800074003637,1.2708000213024206e-05,1.6792000678833574e-05,2.341700019314885e-05,0.44028499253311326
D11,Isolet,iid,811,7048,74,0,0,0,0,0.00017437499991501682,3.832999937003478e-06,1.6582999705860857e-05,2.3292000150831882e-05,0.4403320150165875
D11,Isolet,iid,812,7049,17,0,0,0,0,0.00017341599959763698,3.791999915847555e-06,1.4333999388327356e-05,2.2959000489208847e-05,0.4403196023518897
D11,Isolet,iid,813,7050,156,0,0,0,0,0.00018050000016955892,3.875000402331352e-06,1.662500017118873e-05,2.366700027778279e-05,0.4403945711893576
D11,Isolet,iid,814,7051,4,0,0,0,0,0.00017312500040134182,3.834000381175429e-06,1.475000044592889e-05,2.2500000341096893e-05,0.44038648547335896
D11,Isolet,iid,815,7052,0,1,0,0,0,0.00016858300023159245,1.2457999218895566e-05,1.5999999959603883e-05,2.2917000023880973e-05,0.4403308461768308
D11,Isolet,iid,816,7053,137,0,0,0,0,0.00018358299985266058,3.915999513992574e-06,1.4749999536434188e-05,2.3165999664342962e-05,0.4404127782768394
D11,Isolet,iid,817,7054,80,0,0,0,0,0.00017629099966143258,3.832999937003478e-06,1.4500000361294951e-05,2.3208000129670836e-05,0.4404700057714766
D11,Isolet,iid,818,7055,1,0,0,0,0,0.0001736250005706097,3.791999915847555e-06,1.6375000086554792e-05,2.2666999939247034e-05,0.44041438899759244
D11,Isolet,iid,819,7056,62,1,1,0,0,0.0001741660007610335,1.2167000022600405e-05,1.541700021334691e-05,2.312500055268174e-05,0.44042649872645456
D11,Isolet,iid,820,7057,5,2,0,0,0,0.00018499999987398041,1.9709000298462342e-05,1.3416999536275398e-05,2.2665999495075084e-05,0.4404340419244874
D11,Isolet,iid,821,7058,3,0,0,0,0,0.0001753329997882247,3.7920008253422566e-06,1.462500040361192e-05,2.474999928381294e-05,0.44044015001624404
D11,Isolet,iid,822,7059,89,0,0,0,0,0.00017720800042297924,3.832999937003478e-06,1.4250000276661012e-05,2.312499964318704e-05,0.4405151700290926
D11,Isolet,iid,823,7060,61,0,0,0,0,0.00018679200002225116,3.875000402331352e-06,1.5541999346169177e-05,2.3583000256621744e-05,0.44055990360403896
D11,Isolet,iid,824,7061,109,0,0,0,0,0.0001775840000846074,3.749999450519681e-06,1.5249999705702066e-05,2.3249999685504008e-05,0.44062515184786005
D11,Isolet,iid,825,7062,1,8,19,0,0,0.00017233299968211213,6.30410004305304e-05,1.595800040377071e-05,2.487500023562461e-05,0.44053648165049025
D11,Isolet,iid,826,7063,1,0,0,0,0,0.00025762500081327744,7.249999725900125e-06,2.3249999685504008e-05,3.404200015211245e-05,0.4405010953272548
D11,Isolet,iid,827,7064,29,0,0,0,0,0.00018087500029650982,4.4169992179377005e-06,1.7375000425090548e-05,2.4250000024039764e-05,0.44053610148048505
D11,Isolet,iid,828,7065,14,0,0,0,0,0.00017474999913247302,3.916999958164524e-06,1.6834000234666746e-05,2.433400004520081e-05,0.44054933866939594
D11,Isolet,iid,829,7066,7,0,0,0,0,0.00017520799974590773,3.875000402331352e-06,1.662499926169403e-05,2.3209000573842786e-05,0.4405455817702603
D11,Isolet,iid,830,7067,8,3,2,0,0,0.00017574999947100878,2.7875000341737177e-05,1.6000000869098585e-05,2.4375000066356733e-05,0.44053513166782843
D11,Isolet,iid,831,7068,11,1,0,0,0,0.00017287499940721318,1.2083999536116607e-05,1.650000012887176e-05,2.4041999495238997e-05,0.4405425288060406
D11,Isolet,iid,832,7069,0,3,0,0,0,0.00016708400016796077,2.5332999939564615e-05,1.6582999705860857e-05,2.3750000764266588e-05,0.44048664674222143
D11,Isolet,iid,833,7070,0,3,3,0,0,0.00016445799974462716,2.4916000256780535e-05,1.6291999600070994e-05,2.2959000489208847e-05,0.4404030043833714
D11,Isolet,iid,834,7071,32,0,0,0,0,0.00017249999928026227,3.957999979320448e-06,1.4958000065234955e-05,2.3874999897088856e-05,0.44044289889701665
D11,Isolet,iid,835,7072,19,0,0,0,0,0.00017095800012612017,3.832999937003478e-06,1.5833000361453742e-05,2.350000067963265e-05,0.44048649158949377
D11,Isolet,iid,836,7073,71,0,0,0,0,0.00017287500031670788,3.791999915847555e-06,1.6375000086554792e-05,2.379200032009976e-05,0.44053635030573174
D11,Isolet,iid,837,7074,41,2,8,0,0,0.00017295799989369698,1.941700065799523e-05,1.595899993844796e-05,2.3833999875932932e-05,0.44055480966140614
D11,Isolet,iid,838,7075,7,0,0,0,0,0.00016979199972411152,3.834000381175429e-06,1.6125000001920853e-05,2.3958000383572653e-05,0.44055561073809957
D11,Isolet,iid,839,7076,44,0,0,0,0,0.00017141700027423212,3.915999513992574e-06,1.6041999515437055e-05,2.2750000425730832e-05,0.4406118138031883
D11,Isolet,iid,840,7077,93,0,0,0,0,0.00017599999955564272,3.8749994928366505e-06,1.6291999600070994e-05,2.3624999812454917e-05,0.4406872005765347
D11,Isolet,iid,841,7078,0,2,8,0,0,0.00016458299978694413,1.858300038293237e-05,1.595800040377071e-05,2.3582999347127043e-05,0.44061210766493397
D11,Isolet,iid,842,7079,15,0,0,0,0,0.00017095800012612017,3.8749994928366505e-06,1.6292000509565696e-05,2.3874999897088856e-05,0.44057842922528956
D11,Isolet,iid,843,7080,131,0,0,0,0,0.00017800000023271423,4.000000444648322e-06,1.4416000340133905e-05,2.362500072194962e-05,0.4406513220799757
D11,Isolet,iid,844,7081,0,4,21,0,0,0.00016545899961784016,3.1708999813417904e-05,1.6125000001920853e-05,2.3874999897088856e-05,0.4405881335080598
D11,Isolet,iid,845,7082,1,1,4,0,0,0.00017374999970343197,1.170799987448845e-05,1.620799957890995e-05,2.274999951623613e-05,0.44053265410154124
D11,Isolet,iid,846,7083,24,0,0,0,0,0.00017216700052813394,3.832999937003478e-06,1.5040999642224051e-05,2.395799947407795e-05,0.44059170143784787
D11,Isolet,iid,847,7084,54,0,0,0,0,0.00017508300061308546,3.916999958164524e-06,1.554200025566388e-05,2.2416000319935847e-05,0.4406250449071649
D11,Isolet,iid,848,7085,65,0,0,0,0,0.00017295799989369698,3.916999958164524e-06,1.4792000001762062e-05,2.3458000214304775e-05,0.4406973049541353
D11,Isolet,iid,849,7086,0,2,14,0,0,0.0001650000003792229,1.8791999536915682e-05,1.570799940964207e-05,2.3874999897088856e-05,0.4405893507461753
D11,Isolet,iid,850,7087,5,0,0,0,0,0.0001699579997875844,3.875000402331352e-06,1.3750000107393134e-05,2.3624999812454917e-05,0.4405716969493164
D11,Isolet,iid,851,7088,149,0,0,0,0,0.000257291999332665,7.915999958640896e-06,2.4375000066356733e-05,3.5832999856211245e-05,0.44066182316832414
D11,Isolet,iid,852,7089,42,1,0,0,0,0.0001810829999158159,1.433300076314481e-05,1.8917000488727354e-05,2.5291999918408692e-05,0.44070467240208955
D11,Isolet,iid,853,7090,95,0,0,0,0,0.00018112500038114376,4.125000486965291e-06,1.8583999917609617e-05,2.4541999664506875e-05,0.44079298681401574
D11,Isolet,iid,854,7091,41,0,0,0,0,0.00017629200010560453,3.915999513992574e-06,1.7917000150191598e-05,2.4542000574001577e-05,0.4408511582605856
D11,Isolet,iid,855,7092,69,0,0,0,0,0.00017599999955564272,3.83300084649818e-06,1.7166000361612532e-05,2.4208000468206592e-05,0.4408264404898337
D11,Isolet,iid,856,7093,8,0,0,0,0,0.0001739999997880659,3.834000381175429e-06,1.7499999557912815e-05,2.312499964318704e-05,0.44081919606244085
D11,Isolet,iid,857,7094,0,0,0,0,0,0.0001675830008025514,3.916000423487276e-06,1.729199993860675e-05,2.4417000531684607e-05,0.4407634590961341
D11,Isolet,iid,858,7095,163,0,0,0,0,0.00018745799934549723,3.8749994928366505e-06,1.700000029813964e-05,2.4166000002878718e-05,0.4408508598947685
D11,Isolet,iid,859,7096,8,0,0,0,0,0.00017291699987254106,3.7500003600143827e-06,1.741600044624647e-05,2.3833000341255683e-05,0.44083513574781397
D11,Isolet,iid,860,7097,23,0,0,0,0,0.00017579200084583135,3.833999471680727e-06,1.729199993860675e-05,2.383299943176098e-05,0.44084138541870216
D11,Isolet,iid,861,7098,11,4,47,0,0,0.00017266699978790712,3.387500055396231e-05,1.7333999494439922e-05,2.4167000447050668e-05,0.44071523430799053
D11,Isolet,iid,862,7099,10,1,0,0,0,0.00017195799955516122,1.237499964190647e-05,1.5209000594040845e-05,2.299999960087007e-05,0.4407098792243734
D11,Isolet,iid,863,7100,12,1,0,0,0,0.00017187499997817213,1.2083000001439359e-05,1.6457999663543887e-05,2.3874999897088856e-05,0.44069027552487966
D11,Isolet,iid,864,7101,88,0,0,0,0,0.0001745409999784897,3.875000402331352e-06,1.6375000086554792e-05,2.366700027778279e-05,0.4407252385463707
D11,Isolet,iid,865,7102,80,0,0,0,0,0.0001744579994920059,3.832999937003478e-06,1.370799964206526e-05,2.3958000383572653e-05,0.4407602185444744
D11,Isolet,iid,866,7103,33,0,0,0,0,0.00017320799997833092,3.7909994716756046e-06,1.741699998092372e-05,2.3749999854771886e-05,0.44080939270208025
D11,Isolet,iid,867,7104,3,0,0,0,0,0.00017166699944937136,3.7909994716756046e-06,1.7458000002079643e-05,2.354099979129387e-05,0.4407815813472338
D11,Isolet,iid,868,7105,7,0,0,0,0,0.00017212500006280607,3.833999471680727e-06,1.6125000001920853e-05,2.3707999389444012e-05,0.44080326293183686
D11,Isolet,iid,869,7106,10,0,0,0,0,0.0001716249998935382,3.791999915847555e-06,1.704199985397281e-05,2.404099996056175e-05,0.44080500864739847
D11,Isolet,iid,870,7107,27,0,0,0,0,0.00017383300018991577,3.834000381175429e-06,1.4874999578751158e-05,2.4041999495238997e-05,0.4408234719853503
D11,Isolet,iid,871,7108,1,0,0,0,0,0.00017416699938621605,3.875000402331352e-06,1.7249999473278876e-05,2.3833999875932932e-05,0.4407705031922362
D11,Isolet,iid,872,7109,3,0,0,0,0,0.00017174999993585516,3.832999937003478e-06,1.4000000192027073e-05,2.3708000298938714e-05,0.4407503677813411
D11,Isolet,iid,873,7110,0,5,64,0,0,0.00016808300006232457,3.945800017390866e-05,1.741600044624647e-05,2.379200032009976e-05,0.4405924904315075
D11,Isolet,iid,874,7111,202,0,0,0,0,0.00018554199959908146,3.916999958164524e-06,1.570799940964207e-05,2.3083000087353867e-05,0.4406801830297899
D11,Isolet,iid,875,7112,9,0,0,0,0,0.0001732500004436588,3.832999937003478e-06,1.704199985397281e-05,2.3708999833615962e-05,0.440696780455481
D11,Isolet,iid,876,7113,1,3,5,0,0,0.0002615829998831032,3.5041000046476256e-05,1.9291000171506312e-05,3.604199991968926e-05,0.44064713837411
D11,Isolet,iid,877,7114,141,0,0,0,0,0.00019225000050937524,4.415999683260452e-06,1.766700006555766e-05,2.4791999749140814e-05,0.440736844186539
D11,Isolet,iid,878,7115,9,0,0,0,0,0.00018504199942981359,4.167000042798463e-06,1.7499999557912815e-05,2.4500000108673703e-05,0.44076319658138596
D11,Isolet,iid,879,7116,7,1,0,0,0,0.00018529199951444753,1.3249999938125256e-05,1.6791999769338872e-05,2.5625000489526428e-05,0.44073875630355275
D11,Isolet,iid,880,7117,13,0,0,0,0,0.00019266600065748207,4.333000106271356e-06,1.5374999748019036e-05,2.5541000468365382e-05,0.44078630418157233
D11,Isolet,iid,881,7118,3,0,0,0,0,0.00018995800019183662,4.583000190905295e-06,1.6582999705860857e-05,2.6624999918567482e-05,0.44077535670253554
D11,Isolet,iid,882,7119,33,0,0,0,0,0.00019720799991773674,4.167000042798463e-06,1.637499917706009e-05,2.9417000405373983e-05,0.4407529338883998
D11,Isolet,iid,883,7120,0,1,4,0,0,0.0001797499999156571,1.354200048808707e-05,1.712500034045661e-05,2.4958999347290955e-05,0.4406873502070125
D11,Isolet,iid,884,7121,78,0,0,0,0,0.00020854200010944624,4.91700029670028e-06,1.8041999283013865e-05,2.8500000553322025e-05,0.44075693774195507
D11,Isolet,iid,885,7122,5,5,25,0,0,0.0001843330001065624,4.429199998412514e-05,1.5999999959603883e-05,2.6166999305132776e-05,0.4406531275000715
D11,Isolet,iid,886,7123,54,0,0,0,0,0.00018766700031846995,4.499999704421498e-06,1.67500002135057e-05,2.5374999495397788e-05,0.44071056056889024
D11,Isolet,iid,887,7124,113,0,0,0,0,0.00019945900021411944,4.583000190905295e-06,1.6999999388644937e-05,2.5166000341414474e-05,0.4407906161956195
D11,Isolet,iid,888,7125,2,0,0,0,0,0.00017825000031734817,4.042000000481494e-06,1.6459000107715838e-05,2.445900008751778e-05,0.4407575301455087
D11,Isolet,iid,889,7126,3,1,0,0,0,0.00017883299915411044,1.383299968438223e-05,1.6916000276978593e-05,2.4541999664506875e-05,0.44072035075240557
D11,Isolet,iid,890,7127,11,0,0,0,0,0.00017966599989449605,3.916999958164524e-06,1.5166999219218269e-05,2.5334000383736566e-05,0.4407075890507465
D11,Isolet,iid,891,7128,35,0,0,0,0,0.000180916999852343,3.99999953515362e-06,1.6999999388644937e-05,2.4916999791457783e-05,0.44075937954725486
D11,Isolet,iid,892,7129,22,0,0,0,0,0.00018733300021267496,4.125000486965291e-06,1.5083999642229173e-05,2.525000036257552e-05,0.4407971349359708
D11,Isolet,iid,893,7130,7,1,0,0,0,0.00017737500002112938,1.2833000255341176e-05,1.595799949427601e-05,2.433299960102886e-05,0.4407608950762873
D11,Isolet,iid,894,7131,12,0,0,0,0,0.00017658400065556634,3.916999958164524e-06,1.487500048824586e-05,2.437499915686203e-05,0.4407679540632876
D11,Isolet,iid,895,7132,9,2,4,0,0,0.00017300000035902485,1.9707999854290392e-05,1.4291999832494184e-05,2.4250000024039764e-05,0.44070524994300275
D11,Isolet,iid,896,7133,10,0,0,0,0,0.00017708300038066227,3.8749994928366505e-06,1.5458999769180082e-05,2.2917000023880973e-05,0.44068176833681855
D11,Isolet,iid,897,7134,16,0,0,0,0,0.00017237500014744,3.791999915847555e-06,1.3750000107393134e-05,2.391700036241673e-05,0.44071910374702167
D11,Isolet,iid,898,7135,87,0,0,0,0,0.0001760420000209706,3.99999953515362e-06,1.4082999769016169e-05,2.2917000023880973e-05,0.44079451678951515
D11,Isolet,iid,899,7136,22,0,0,0,0,0.00017208400004165014,3.7500003600143827e-06,1.6542000594199635e-05,2.3833000341255683e-05,0.4408345268312307
D11,Isolet,iid,900,7137,2,0,0,0,0,0.00017987499995797407,3.7500003600143827e-06,1.67500002135057e-05,2.3749999854771886e-05,0.44082868810925047
D11,Isolet,iid,901,7138,3,1,4,0,0,0.00026037499992526136,1.8791999536915682e-05,2.4250000024039764e-05,3.5834000300383195e-05,0.4407653997609432
D11,Isolet,iid,902,7139,75,0,0,0,0,0.0001841670000430895,4.458000148588326e-06,1.9041000086872373e-05,2.3749999854771886e-05,0.44083877681354505
D11,Isolet,iid,903,7140,6,0,0,0,0,0.00017874999957712134,3.917000867659226e-06,1.8165999790653586e-05,2.3374999727820978e-05,0.44083416440127937
D11,Isolet,iid,904,7141,4,1,3,0,0,0.0001764170001479215,1.2667000191868283e-05,1.7625000509724487e-05,2.3292000150831882e-05,0.4407857955895843
D11,Isolet,iid,905,7142,0,0,0,0,0,0.0001691249999566935,3.832999937003478e-06,1.7708000086713582e-05,2.3083000087353867e-05,0.44073038471730086
D11,Isolet,iid,906,7143,115,0,0,0,0,0.0001780419997885474,3.875000402331352e-06,1.8166999325330835e-05,2.3458999748982023e-05,0.44082144198041734
D11,Isolet,iid,907,7144,1,0,0,0,0,0.00017762500010576332,4.0409995563095436e-06,1.8042000192508567e-05,2.39589999182499e-05,0.4407863189678254
D11,Isolet,iid,908,7145,195,0,0,0,0,0.00018458400063536828,4.042000000481494e-06,1.754100048856344e-05,2.379200032009976e-05,0.44087952484157994
D11,Isolet,iid,909,7146,10,0,0,0,0,0.00017624999964027666,3.915999513992574e-06,1.5249999705702066e-05,2.3332999262493104e-05,0.44087339412410154
D11,Isolet,iid,910,7147,1,1,1,0,0,0.00017458299953432288,1.2874999811174348e-05,1.3291999493958429e-05,2.4250000024039764e-05,0.4408180144540074
D11,Isolet,iid,911,7148,10,0,0,0,0,0.0001739999997880659,3.916999958164524e-06,1.7166000361612532e-05,2.3333000171987806e-05,0.44083848534587194
D11,Isolet,iid,912,7149,4,0,0,0,0,0.00017337499957648106,3.749999450519681e-06,1.7332999959762674e-05,2.3291000616154633e-05,0.44081641158608825
D11,Isolet,iid,913,7150,3,1,14,0,0,0.00017333400046481984,1.2167000022600405e-05,1.712500034045661e-05,2.3333999706665054e-05,0.44080067667639916
D11,Isolet,iid,914,7151,11,0,0,0,0,0.00017341599959763698,3.791999915847555e-06,1.729199993860675e-05,2.3833000341255683e-05,0.4408068422319917
D11,Isolet,iid,915,7152,14,1,4,0,0,0.0001741659998515388,1.2041000445606187e-05,1.7458000002079643e-05,2.28749995585531e-05,0.44077192712458263
D11,Isolet,iid,916,7153,57,0,0,0,0,0.0001740000006975606,3.7920008253422566e-06,1.7250000382773578e-05,2.3042000066197943e-05,0.44082661146909924
D11,Isolet,iid,917,7154,5,0,0,0,0,0.00017429099989385577,3.791999915847555e-06,1.6375000086554792e-05,2.3167000108514912e-05,0.440839235686629
D11,Isolet,iid,918,7155,60,0,0,0,0,0.00017391600067639956,3.791999915847555e-06,1.78339996637078e-05,2.391700036241673e-05,0.4408655110806274
D11,Isolet,iid,919,7156,3,2,0,0,0,0.00017366700012644287,1.8917000488727354e-05,1.4375000318977982e-05,2.3208999664348084e-05,0.4408279337876316
D11,Isolet,iid,920,7157,5,0,0,0,0,0.00018041600014839787,3.791999915847555e-06,1.7334000403934624e-05,2.325000059499871e-05,0.44081571722583474
D11,Isolet,iid,921,7158,84,0,0,0,0,0.00017674999980954453,3.8749994928366505e-06,1.4958000065234955e-05,2.2958000045036897e-05,0.44088054067439214
D11,Isolet,iid,922,7159,107,0,0,0,0,0.00017762500010576332,3.834000381175429e-06,1.6375000086554792e-05,2.391700036241673e-05,0.44095792870174616
D11,Isolet,iid,923,7160,2,0,0,0,0,0.00020270900040486595,3.791999915847555e-06,1.7207999917445704e-05,2.3083000087353867e-05,0.440923707310485
D11,Isolet,iid,924,7161,1,0,0,0,0,0.00017404200025339378,3.7500003600143827e-06,1.7082999875128735e-05,2.2833000002719928e-05,0.44089804080328227
D11,Isolet,iid,925,7162,22,1,0,0,0,0.00017595799999980954,1.2041000445606187e-05,1.4582999938284047e-05,2.3042000066197943e-05,0.4409308568025141
D11,Isolet,iid,926,7163,31,0,0,0,0,0.0002508749994376558,6.665999535471201e-06,2.129199947376037e-05,3.300000025774352e-05,0.4409337706861828
D11,Isolet,iid,927,7164,99,0,0,0,0,0.00018499999987398041,4.084000465809368e-06,1.6125000001920853e-05,2.354200023546582e-05,0.44101419805410463
D11,Isolet,iid,928,7165,39,0,0,0,0,0.00018245799947180785,3.8749994928366505e-06,1.5374999748019036e-05,2.3333000171987806e-05,0.44105242751945956
D11,Isolet,iid,929,7166,7,1,1,0,0,0.00017633300012676045,1.275000067835208e-05,1.6459000107715838e-05,2.337500063731568e-05,0.4410086478196555
D11,Isolet,iid,930,7167,1,1,21,0,0,0.00017737500002112938,1.2041000445606187e-05,1.4666999959445093e-05,2.3833999875932932e-05,0.4409387527146242
D11,Isolet,iid,931,7168,14,0,0,0,0,0.00017579199993633665,3.749999450519681e-06,1.5124999663385097e-05,2.299999960087007e-05,0.4409520719780675
D11,Isolet,iid,932,7169,58,0,0,0,0,0.0001798330004021409,4.91700029670028e-06,1.4749999536434188e-05,2.28749995585531e-05,0.4410054694671149
D11,Isolet,iid,933,7170,1,0,0,0,0,0.0001755419998517027,3.791999915847555e-06,1.570799940964207e-05,2.3165999664342962e-05,0.4409531582811003
D11,Isolet,iid,934,7171,17,0,0,0,0,0.0001732500004436588,3.7910003811703064e-06,1.5999999959603883e-05,2.3833000341255683e-05,0.44096719095200443
D11,Isolet,iid,935,7172,2,2,0,0,0,0.0001722920005704509,1.8999999156221747e-05,1.6375000086554792e-05,2.299999960087007e-05,0.440929513869343
D11,Isolet,iid,936,7173,105,0,0,0,0,0.00017654200019023847,3.8749994928366505e-06,1.6666999727021903e-05,2.2541999896930065e-05,0.4410020755111793
D11,Isolet,iid,937,7174,1,0,0,0,0,0.00017591699997865362,3.915999513992574e-06,1.5624999832652975e-05,2.1874999220017344e-05,0.4409543303296609
D11,Isolet,iid,938,7175,3,0,0,0,0,0.00017312500040134182,3.832999937003478e-06,1.6166999557754025e-05,2.258400036225794e-05,0.4409025845795948
D11,Isolet,iid,939,7176,0,1,3,0,0,0.0001671250001891167,1.2000000424450263e-05,1.4458999430644326e-05,2.300000051036477e-05,0.4408549376702916
D11,Isolet,iid,940,7177,67,0,0,0,0,0.00017491600010544062,3.707999894686509e-06,1.6125000001920853e-05,2.274999951623613e-05,0.44090381157978425
D11,Isolet,iid,941,7178,21,0,0,0,0,0.00017549999938637484,3.832999937003478e-06,1.662500017118873e-05,2.3249999685504008e-05,0.4409335224696341
D11,Isolet,iid,942,7179,1,11,221,0,0,0.00017250000018975697,7.787499998812564e-05,1.712500034045661e-05,2.2791999981564004e-05,0.4407396099484726
D11,Isolet,iid,943,7180,4,1,14,0,0,0.00017350000052829273,1.17090003186604e-05,1.5458999769180082e-05,2.312499964318704e-05,0.440691563662649
D11,Isolet,iid,944,7181,25,0,0,0,0,0.0001764170001479215,3.832999937003478e-06,1.4500000361294951e-05,2.2959000489208847e-05,0.44072803429935153
D11,Isolet,iid,945,7182,8,0,0,0,0,0.00017445899993617786,3.791999915847555e-06,1.645800057303859e-05,2.28750004680478e-05,0.44073135278665937
D11,Isolet,iid,946,7183,5,1,0,0,0,0.0001748750000842847,1.2208000043756329e-05,1.4165999346005265e-05,2.3624999812454917e-05,0.44069099958571406
D11,Isolet,iid,947,7184,16,0,0,0,0,0.00017437499991501682,3.791999915847555e-06,1.6457999663543887e-05,2.28749995585531e-05,0.4406405913704092
D11,Isolet,iid,948,7185,0,2,1,0,0,0.00016808399959700182,1.887500002339948e-05,1.620799957890995e-05,2.245799987576902e-05,0.4405814054161979
D11,Isolet,iid,949,7186,49,0,0,0,0,0.00017529200067656348,3.916000423487276e-06,1.4125000234344043e-05,2.2083000658312812e-05,0.4405850848520063
D11,Isolet,iid,950,7187,0,1,0,0,0,0.00016945800052781124,1.2208000043756329e-05,1.3875000149710104e-05,2.3083000087353867e-05,0.44054042195551735
D11,Isolet,iid,951,7188,15,1,0,0,0,0.00029266699948493624,2.3292000150831882e-05,2.4833999304973986e-05,5.4707999879610725e-05,0.44050890482560745
D11,Isolet,iid,952,7189,0,2,0,0,0,0.00018562500008556526,2.3458000214304775e-05,1.862499993876554e-05,2.8708999707305338e-05,0.44046390992585194
D11,Isolet,iid,953,7190,14,0,0,0,0,0.00018275000002176967,4.458999683265574e-06,1.6916999811655842e-05,2.4124999981722794e-05,0.44048205258616596
D11,Isolet,iid,954,7191,1,0,0,0,0,0.00017870900046546012,4.1249995774705894e-06,1.704199985397281e-05,2.433400004520081e-05,0.4404634655633921
D11,Isolet,iid,955,7192,1,1,0,0,0,0.00017670799934421666,1.249999968422344e-05,1.7209000361617655e-05,2.3499999770137947e-05,0.4404363778976276
D11,Isolet,iid,956,7193,9,1,0,0,0,0.0001768749998518615,1.1833999451482669e-05,1.595899993844796e-05,2.40420004047337e-05,0.4404348777309363
D11,Isolet,iid,957,7194,49,0,0,0,0,0.00017529199976706877,4.083999556314666e-06,1.7375000425090548e-05,2.3999999939405825e-05,0.4404772103849458
D11,Isolet,iid,958,7195,58,0,0,0,0,0.00017804099934437545,4.167000042798463e-06,1.6375000086554792e-05,2.5291999918408692e-05,0.4405446462826651
D11,Isolet,iid,959,7196,10,0,0,0,0,0.0001809999994293321,4.167000042798463e-06,1.6416000107710715e-05,2.391700036241673e-05,0.4405699433966916
D11,Isolet,iid,960,7197,0,0,0,0,0,0.0001715420003165491,4.042000000481494e-06,1.712500034045661e-05,2.262499947391916e-05,0.4405150263172214
D11,Isolet,iid,961,7198,0,2,2,0,0,0.0001692079995336826,1.8832999558071606e-05,1.67500002135057e-05,2.4167000447050668e-05,0.440440109843609
D11,Isolet,iid,962,7199,45,2,3,0,0,0.00017920800019055605,1.916599921969464e-05,1.6832999790494796e-05,2.3040999622025993e-05,0.4404807082797281
D11,Isolet,iid,963,7200,13,0,0,0,0,0.00017437499991501682,3.7500003600143827e-06,1.6542000594199635e-05,2.3333999706665054e-05,0.4404772581926487
D11,Isolet,iid,964,7201,99,0,0,0,0,0.00017833299989433726,3.832999937003478e-06,1.4792000001762062e-05,2.420900000288384e-05,0.4405477511811079
D11,Isolet,iid,965,7202,2,0,0,0,0,0.00017458299953432288,3.8749994928366505e-06,1.6457999663543887e-05,2.3834000785427634e-05,0.44052629335100285
D11,Isolet,iid,966,7203,20,0,0,0,0,0.00017995799953496316,3.8749994928366505e-06,1.6707999748177826e-05,2.3875000806583557e-05,0.44053844505129536
D11,Isolet,iid,967,7204,1,1,11,0,0,0.0001780419997885474,1.2917000276502222e-05,1.6291000065393746e-05,2.4041999495238997e-05,0.4404767801478356
D11,Isolet,iid,968,7205,1,0,0,0,0,0.00017662499976722756,3.915999513992574e-06,1.608299953659298e-05,2.45829996856628e-05,0.4404326621443301
D11,Isolet,iid,969,7206,8,1,0,0,0,0.0001784999994924874,1.2583000170707237e-05,1.4958000065234955e-05,2.4625000150990672e-05,0.44040166662382063
D11,Isolet,iid,970,7207,152,0,0,0,0,0.00018149999959859997,3.957999979320448e-06,1.6708000657672528e-05,2.3374999727820978e-05,0.44048255072497355
D11,Isolet,iid,971,7208,18,2,3,0,0,0.0001749579996612738,1.979100034077419e-05,1.5874999917286914e-05,2.3083000087353867e-05,0.4405009381847304
D11,Isolet,iid,972,7209,18,0,0,0,0,0.00017466699955548393,3.8749994928366505e-06,1.62090000230819e-05,2.433400004520081e-05,0.44045093108779343
D11,Isolet,iid,973,7210,0,0,0,0,0,0.00016845800018927548,3.875000402331352e-06,1.558399981149705e-05,2.341700019314885e-05,0.44039638788607693
D11,Isolet,iid,974,7211,4,0,0,0,0,0.00017691700031718938,3.957999979320448e-06,1.4582999938284047e-05,2.2916000489203725e-05,0.4403724561205314
D11,Isolet,iid,975,7212,5,0,0,0,0,0.00017637499968259363,3.8749994928366505e-06,1.5874999917286914e-05,2.312499964318704e-05,0.44034842100087224
D11,Isolet,iid,976,7213,177,0,0,0,0,0.00027958400005445583,7.125000593077857e-06,2.0125000446569175e-05,3.591600034269504e-05,0.44043116352610906
D11,Isolet,iid,977,7214,1,0,0,0,0,0.00018233399987366283,4.084000465809368e-06,1.4707999980601016e-05,2.3333000171987806e-05,0.4403963472525114
D11,Isolet,iid,978,7215,5,0,0,0,0,0.00017808300071919803,4.000000444648322e-06,1.5874999917286914e-05,2.4625000150990672e-05,0.44040202108821286
D11,Isolet,iid,979,7216,73,0,0,0,0,0.00018037499921774724,3.875000402331352e-06,1.5792000340297818e-05,2.354200023546582e-05,0.44036445484942655
D11,Isolet,iid,980,7217,13,0,0,0,0,0.00017658399974607164,3.875000402331352e-06,1.6042000424931757e-05,2.3208999664348084e-05,0.440329062701474
D11,Isolet,iid,981,7218,37,0,0,0,0,0.0001761250005074544,3.875000402331352e-06,1.3875000149710104e-05,2.2625000383413862e-05,0.4403850859111288
D11,Isolet,iid,982,7219,9,0,0,0,0,0.00018158300008508377,3.957999979320448e-06,1.516599968454102e-05,2.487500023562461e-05,0.4403892658997481
D11,Isolet,iid,983,7220,3,2,2,0,0,0.0001870420001068851,2.1249999917927198e-05,1.4999999621068127e-05,2.6624999918567482e-05,0.44036560412448794
D11,Isolet,iid,984,7221,2,0,0,0,0,0.00018762499985314207,4.5000006139162e-06,1.7500000467407517e-05,2.3916999452922028e-05,0.44033085662583044
D11,Isolet,iid,985,7222,45,0,0,0,0,0.0001957909998964169,4.374999662104528e-06,1.6541999684704933e-05,2.395799947407795e-05,0.4403825151819151
D11,Isolet,iid,986,7223,22,0,0,0,0,0.00018845800059352769,4.083000021637417e-06,1.5666999388486147e-05,2.404099996056175e-05,0.4404051857185812
D11,Isolet,iid,987,7224,105,0,0,0,0,0.00018908299989561783,4.333000106271356e-06,1.6708000657672528e-05,2.354099979129387e-05,0.4404795655238085
D11,Isolet,iid,988,7225,68,0,0,0,0,0.0001863329998741392,4.165999598626513e-06,1.700000029813964e-05,2.3457999304810073e-05,0.44053132503475356
D11,Isolet,iid,989,7226,126,0,0,0,0,0.00018783299947244814,4.1249995774705894e-06,1.491699913458433e-05,2.3084000531525817e-05,0.44058664858696006
D11,Isolet,iid,990,7227,13,0,0,0,0,0.00018429200008540647,4.208000063954387e-06,1.5041000551718753e-05,2.40420004047337e-05,0.4406171497106091
D11,Isolet,iid,991,7228,12,2,1,0,0,0.00018366699987382162,2.0374999621708412e-05,1.4834000467089936e-05,2.4500000108673703e-05,0.4406255508699535
D11,Isolet,iid,992,7229,54,0,0,0,0,0.00018662500042410102,4.37500057159923e-06,1.7041000319295563e-05,2.4250000024039764e-05,0.4406797171428167
D11,Isolet,iid,993,7230,1,0,0,0,0,0.00018516699947213056,4.083000021637417e-06,1.7082999875128735e-05,2.4083000425889622e-05,0.44064495093908
D11,Isolet,iid,994,7231,29,0,0,0,0,0.0001819159997467068,4.1249995774705894e-06,1.5249999705702066e-05,2.4167000447050668e-05,0.4406607227217578
D11,Isolet,iid,995,7232,17,0,0,0,0,0.0001872909997473471,4.167000042798463e-06,1.700000029813964e-05,2.4666999706823844e-05,0.440696087513894
D11,Isolet,iid,996,7233,17,1,1,0,0,0.00019295899983262643,1.4917000044079032e-05,1.5749999874969944e-05,2.9083999834256247e-05,0.4406918977308119
D11,Isolet,iid,997,7234,109,0,0,0,0,0.00018862500019167783,4.750000698550139e-06,1.808300021366449e-05,2.5625000489526428e-05,0.44078134792830903
D11,Isolet,iid,998,7235,1,0,0,0,0,0.00018266600000060862,4.417000127432402e-06,1.5374999748019036e-05,2.4832999770296738e-05,0.44074679015345736
D11,Isolet,iid,999,7236,3,1,0,0,0,0.00018124999951396603,1.3625000065076165e-05,1.4416000340133905e-05,2.4167000447050668e-05,0.4407174509323103
D11,Isolet,iid,1000,7237,21,0,0,0,0,0.0001810000003388268,3.959000423492398e-06,1.704199985397281e-05,2.4375000066356733e-05,0.4407415255470736
D11,Isolet,iid,1001,7238,2,6,16,0,0,0.0002704580001591239,5.899999996472616e-05,2.433299960102886e-05,5.345799945644103e-05,0.44062507529475897
D11,Isolet,iid,1002,7239,17,0,0,0,0,0.00019645799966383493,5.500000042957254e-06,1.7917000150191598e-05,2.5958000151149463e-05,0.440608233358298
D11,Isolet,iid,1003,7240,4,0,0,0,0,0.00018612499934533844,4.333000106271356e-06,1.700000029813964e-05,2.4166999537555967e-05,0.44061835529018256
D11,Isolet,iid,1004,7241,21,0,0,0,0,0.00018200000067736255,4.083999556314666e-06,1.6375000086554792e-05,2.433299960102886e-05,0.4406450843252118
D11,Isolet,iid,1005,7242,2,0,0,0,0,0.00017883300006360514,3.959000423492398e-06,1.662499926169403e-05,2.4291999579872936e-05,0.44062869200396254
D11,Isolet,iid,1006,7243,3,0,0,0,0,0.00017983399993681815,3.958999513997696e-06,1.6042000424931757e-05,2.350000067963265e-05,0.4405792647875544
D11,Isolet,iid,1007,7244,44,0,0,0,0,0.00018000000000029104,4.042000000481494e-06,1.4792000001762062e-05,2.39589999182499e-05,0.4406329676010972
D11,Isolet,iid,1008,7245,3,2,2,0,0,0.00017825000031734817,1.9832999896607362e-05,1.6166999557754025e-05,2.4250000024039764e-05,0.440590828643139
D11,Isolet,iid,1009,7246,29,0,0,0,0,0.00017916599972522818,4.083000021637417e-06,1.5583000276819803e-05,2.4124999981722794e-05,0.4406248116725458
D11,Isolet,iid,1010,7247,3,0,0,0,0,0.00017883300006360514,3.99999953515362e-06,1.6709000192349777e-05,2.379200032009976e-05,0.44064478720318945
D11,Isolet,iid,1011,7248,24,0,0,0,0,0.00017904200012708316,3.959000423492398e-06,1.541700021334691e-05,2.4124999981722794e-05,0.4406171321553594
D11,Isolet,iid,1012,7249,0,0,0,0,0,0.00017299999944953015,3.916999958164524e-06,1.5125000572879799e-05,2.4250000024039764e-05,0.4405894870758551
D11,Isolet,iid,1013,7250,4,3,10,0,0,0.00017866700000013225,2.6959000024362467e-05,1.595899993844796e-05,2.445900008751778e-05,0.44053165395968313
D11,Isolet,iid,1014,7251,1,0,0,0,0,0.00018025000008492498,3.916999958164524e-06,1.408400021318812e-05,2.3749999854771886e-05,0.44049953124362734
D11,Isolet,iid,1015,7252,105,0,0,0,0,0.000181832999260223,3.99999953515362e-06,1.4417000784305856e-05,2.4166000002878718e-05,0.4405757602369226
D11,Isolet,iid,1016,7253,17,1,4,0,0,0.00018774999989545904,1.4166999790177215e-05,1.5500000699830707e-05,4.224999975122046e-05,0.4405259911937723
D11,Isolet,iid,1017,7254,1,3,1,0,0,0.00018179200014856178,2.804199993988732e-05,1.5250000615196768e-05,2.4292000489367638e-05,0.44047170588576406
D11,Isolet,iid,1018,7255,0,1,1,0,0,0.0001745409999784897,1.2957999388163444e-05,1.4207999811333138e-05,2.383299943176098e-05,0.44041293986902813
D11,Isolet,iid,1019,7256,0,0,0,0,0,0.00017633300012676045,3.957999979320448e-06,1.5332999282691162e-05,2.404099996056175e-05,0.44035830371801377
D11,Isolet,iid,1020,7257,0,5,9,0,0,0.00017299999944953015,4.199999966658652e-05,1.6540999240532983e-05,2.3999999939405825e-05,0.44026353033559334
D11,Isolet,iid,1021,7258,3,1,0,0,0,0.00019241699919803068,1.2584000614879187e-05,1.5249999705702066e-05,2.6916999559034593e-05,0.4402275379566393
D11,Isolet,iid,1022,7259,22,0,0,0,0,0.00018083299983118195,3.957999979320448e-06,1.4332999853650108e-05,2.3875000806583557e-05,0.44024058801980076
D11,Isolet,iid,1023,7260,129,0,0,0,0,0.00018841700057237176,4.415999683260452e-06,1.5874999917286914e-05,2.404100087005645e-05,0.4403271755017405
D11,Isolet,iid,1024,7261,140,0,0,0,0,0.00018745800025499193,4.37500057159923e-06,1.4874999578751158e-05,2.487499932612991e-05,0.44041006168829683
D11,Isolet,iid,1025,7262,9,0,0,0,0,0.00019750000046769856,5.666000106430147e-06,1.741699998092372e-05,2.6499999876250513e-05,0.4403966865840033
D11,Isolet,iid,1026,7263,27,0,0,0,0,0.00028529199971671915,7.5420002758619376e-06,2.087499979097629e-05,3.9708999793219846e-05,0.44044028002338104
D11,Isolet,iid,1027,7264,8,0,0,0,0,0.00018958400050905766,4.292000085115433e-06,1.6291000065393746e-05,2.4083000425889622e-05,0.4404608164724004
D11,Isolet,iid,1028,7265,32,0,0,0,0,0.00018724999972619116,3.915999513992574e-06,1.4457999895967077e-05,2.437499915686203e-05,0.44048291785255195
D11,Isolet,iid,1029,7266,5,0,0,0,0,0.00018762499985314207,3.916999958164524e-06,1.5375000657513738e-05,2.420799955871189e-05,0.4405018134904692
D11,Isolet,iid,1030,7267,79,0,0,0,0,0.00018395799997961149,3.99999953515362e-06,1.6334000065398868e-05,2.4625000150990672e-05,0.44057028050349667
D11,Isolet,iid,1031,7268,5,0,0,0,0,0.00018037500012724195,3.916999958164524e-06,1.4707999980601016e-05,2.325000059499871e-05,0.4405508174081221
D11,Isolet,iid,1032,7269,1,1,0,0,0,0.00018404200000077253,1.3333999959286302e-05,1.583399989613099e-05,2.354200023546582e-05,0.44051100246176483
D11,Isolet,iid,1033,7270,16,1,2,0,0,0.00017995799953496316,1.237499964190647e-05,1.545799932500813e-05,2.3249999685504008e-05,0.44050727247533733
D11,Isolet,iid,1034,7271,4,0,0,0,0,0.0001924580001286813,3.957999979320448e-06,1.7209000361617655e-05,2.3208999664348084e-05,0.44052564297543395
D11,Isolet,iid,1035,7272,5,1,0,0,0,0.0001795839998521842,1.2333999620750546e-05,1.5874999917286914e-05,2.2958000045036897e-05,0.4404852175838106
D11,Isolet,iid,1036,7273,9,0,0,0,0,0.00018058400019071996,3.916999958164524e-06,1.5915999938442837e-05,2.3292000150831882e-05,0.44050257393321474
D11,Isolet,iid,1037,7274,177,0,0,0,0,0.00018833299964171601,3.832999937003478e-06,1.620800048840465e-05,2.4124999981722794e-05,0.4405476682251531
D11,Isolet,iid,1038,7275,6,0,0,0,0,0.00018112500038114376,3.875000402331352e-06,1.4833999557595234e-05,2.4417000531684607e-05,0.4405080721726581
D11,Isolet,iid,1039,7276,8,1,2,0,0,0.00017954099985217908,1.2292000064917374e-05,1.6541999684704933e-05,2.3167000108514912e-05,0.44047486428924515
D11,Isolet,iid,1040,7277,1,2,2,0,0,0.00018295900008524768,1.9832999896607362e-05,1.5624999832652975e-05,2.3499999770137947e-05,0.44041063666582153
D11,Isolet,iid,1041,7278,3,0,0,0,0,0.0001819159997467068,4.250000529282261e-06,1.5791999430803116e-05,2.433299960102886e-05,0.4403856662982884
D11,Isolet,iid,1042,7279,3,3,2,0,0,0.00018199999976786785,2.700000004551839e-05,1.6166000023076776e-05,2.4500000108673703e-05,0.44034684641409577
D11,Isolet,iid,1043,7280,18,0,0,0,0,0.00018629099940881133,4.1249995774705894e-06,1.4290999388322234e-05,2.3083000087353867e-05,0.44033701543501624
D11,Isolet,iid,1044,7281,20,1,1,0,0,0.00018179099970438983,1.2125000466767233e-05,1.3249999938125256e-05,2.3249999685504008e-05,0.440338516698371
D11,Isolet,iid,1045,7282,1,0,0,0,0,0.00017912499970407225,3.957999979320448e-06,1.462500040361192e-05,2.3999999939405825e-05,0.4402912028902832
D11,Isolet,iid,1046,7283,60,0,0,0,0,0.00018154200006392784,3.99999953515362e-06,1.5083000107551925e-05,2.3999999939405825e-05,0.4403595671052613
D11,Isolet,iid,1047,7284,0,3,2,0,0,0.00017354100054944865,2.6499999876250513e-05,1.4666000424767844e-05,2.3167000108514912e-05,0.4403025052837971
D11,Isolet,iid,1048,7285,31,0,0,0,0,0.0001833749993238598,4.209000508126337e-06,1.5666999388486147e-05,2.3749999854771886e-05,0.4403437079745029
D11,Isolet,iid,1049,7286,0,9,27,0,0,0.0001785829999789712,6.816600034653675e-05,1.662499926169403e-05,2.4250000024039764e-05,0.4402490635719244
D11,Isolet,iid,1050,7287,3,0,0,0,0,0.00018179200014856178,3.916999958164524e-06,1.4000000192027073e-05,2.3999999939405825e-05,0.4402235664801935
D11,Isolet,iid,1051,7288,5,0,0,0,0,0.000286708999738039,9.124999451159965e-06,2.5166999876091722e-05,3.9958999877853785e-05,0.44020319803561936
D11,Isolet,iid,1052,7289,7,0,0,0,0,0.0001887500002339948,4.708999767899513e-06,1.770899962139083e-05,2.537500040489249e-05,0.4401991401322706
D11,Isolet,iid,1053,7290,0,0,0,0,0,0.00018079100027534878,4.1249995774705894e-06,1.7333000869257376e-05,2.5833000108832493e-05,0.44015485053366393
D11,Isolet,iid,1054,7291,1,0,0,0,0,0.00018529200042394223,4.208999598631635e-06,1.7459000446251594e-05,2.5041999833774753e-05,0.44010610393552063
D11,Isolet,iid,1055,7292,17,0,0,0,0,0.00018454100063536316,4.1249995774705894e-06,1.7499999557912815e-05,2.4792000658635516e-05,0.4401369329043425
D11,Isolet,iid,1056,7293,2,0,0,0,0,0.00017954099985217908,3.917000867659226e-06,1.6791999769338872e-05,2.554200000304263e-05,0.4401138403223188
D11,Isolet,iid,1057,7294,2,0,0,0,0,0.00018349999936617678,3.957999979320448e-06,1.633300053072162e-05,2.5084000299102627e-05,0.4400869395693762
D11,Isolet,iid,1058,7295,0,2,2,0,0,0.00017604099957679864,2.3332999262493104e-05,1.729199993860675e-05,2.541699996072566e-05,0.4400343383002269
D11,Isolet,iid,1059,7296,2,3,43,0,0,0.0001827080004659365,2.7707999834092334e-05,1.5999999959603883e-05,2.512499941076385e-05,0.4399977993254449
D11,Isolet,iid,1060,7297,6,0,0,0,0,0.00018237500080431346,4.041000465804245e-06,1.370799964206526e-05,2.4541999664506875e-05,0.4400105099323372
D11,Isolet,iid,1061,7298,6,1,0,0,0,0.00018158300008508377,1.2708000213024206e-05,1.7207999917445704e-05,2.4957999812613707e-05,0.43996272246305906
D11,Isolet,iid,1062,7299,1,1,0,0,0,0.00018195899974671192,1.2708999747701455e-05,1.558399981149705e-05,2.500000027794158e-05,0.4399282294001047
D11,Isolet,iid,1063,7300,2,2,10,0,0,0.000180582999746548,2.0292000044719316e-05,1.5916999473120086e-05,2.4832999770296738e-05,0.43985702990388625
D11,Isolet,iid,1064,7301,79,0,0,0,0,0.00018545800048741512,4.083000021637417e-06,1.7207999917445704e-05,2.470800063747447e-05,0.43992690463009315
D11,Isolet,iid,1065,7302,21,0,0,0,0,0.00018474999978934648,4.083999556314666e-06,1.687500025582267e-05,2.499999936844688e-05,0.43991496798132235
D11,Isolet,iid,1066,7303,21,0,0,0,0,0.00018283300050825346,4.000000444648322e-06,1.4541999917128123e-05,2.487500023562461e-05,0.43992153197162165
D11,Isolet,iid,1067,7304,2,2,30,0,0,0.00017916599972522818,2.0332999156380538e-05,1.4375000318977982e-05,2.4916999791457783e-05,0.43988591246443337
D11,Isolet,iid,1068,7305,1,0,0,0,0,0.0001835410002968274,4.083000021637417e-06,1.716699989628978e-05,2.4834000214468688e-05,0.43984313021954796
D11,Isolet,iid,1069,7306,43,0,0,0,0,0.00018325000019103754,4.125000486965291e-06,1.6375000086554792e-05,2.4957999812613707e-05,0.439883360316191
D11,Isolet,iid,1070,7307,4,0,0,0,0,0.00018079199981002603,4.1249995774705894e-06,1.529200017102994e-05,2.4791000214463565e-05,0.4398692991249158
D11,Isolet,iid,1071,7308,65,0,0,0,0,0.00018441700012772344,4.000000444648322e-06,1.4250000276661012e-05,2.483300067979144e-05,0.43992625386062356
D11,Isolet,iid,1072,7309,6,0,0,0,0,0.00018187499972555088,3.957999979320448e-06,1.475000044592889e-05,2.5207999897247646e-05,0.43992539988367235
D11,Isolet,iid,1073,7310,56,7,57,0,0,0.000187874999937776,5.58339997951407e-05,1.3792000572721008e-05,2.5541000468365382e-05,0.4398634670499368
D11,Isolet,iid,1074,7311,0,2,0,0,0,0.00018312499923922587,1.9250000150350388e-05,1.6834000234666746e-05,2.4917000700952485e-05,0.4398097077938445
D11,Isolet,iid,1075,7312,98,0,0,0,0,0.00018612500025483314,4.084000465809368e-06,2.2375000298779923e-05,2.537500040489249e-05,0.43988085650437037
D11,Isolet,iid,1076,7313,5,0,0,0,0,0.00028429099984350614,9.707999197416939e-06,2.2166999769979157e-05,3.804199968726607e-05,0.43989316475761886
D11,Isolet,iid,1077,7314,0,1,2,0,0,0.00019254200014984235,1.4166000255499966e-05,1.6791999769338872e-05,2.525000036257552e-05,0.43984312229372186
D11,Isolet,iid,1078,7315,2,0,0,0,0,0.00018583300061436603,3.959000423492398e-06,1.595800040377071e-05,2.433300051052356e-05,0.43981131203723645
D11,Isolet,iid,1079,7316,0,1,3,0,0,0.00018220800029666862,1.2708000213024206e-05,1.7332999959762674e-05,2.40420004047337e-05,0.4397407414334585
D11,Isolet,iid,1080,7317,9,2,1,0,0,0.00018345900025451556,1.958399934665067e-05,1.6959000276983716e-05,2.4291999579872936e-05,0.43972005614552456
D11,Isolet,iid,1081,7318,9,0,0,0,0,0.00018091599940817105,4.1249995774705894e-06,1.4790999557590112e-05,2.420799955871189e-05,0.43973065082417256
D11,Isolet,iid,1082,7319,58,0,0,0,0,0.00018133399953512708,4.084000465809368e-06,1.754200002324069e-05,2.3042000066197943e-05,0.43977217497407084
D11,Isolet,iid,1083,7320,3,1,0,0,0,0.00018095799987349892,1.2415999663062394e-05,1.5042000086396001e-05,2.28749995585531e-05,0.43976563233705196
D11,Isolet,iid,1084,7321,26,0,0,0,0,0.00018187499972555088,3.916999958164524e-06,1.7708000086713582e-05,2.299999960087007e-05,0.43978301804373915
D11,Isolet,iid,1085,7322,18,0,0,0,0,0.00018170799921790604,4.167000042798463e-06,1.5874999917286914e-05,2.3167000108514912e-05,0.4397984932270973
D11,Isolet,iid,1086,7323,2,1,5,0,0,0.00018062500021187589,1.2957999388163444e-05,1.5208000149868894e-05,2.3958000383572653e-05,0.4397377356033995
D11,Isolet,iid,1087,7324,0,0,0,0,0,0.00017620899961912073,4.042000000481494e-06,1.620799957890995e-05,2.541699996072566e-05,0.43968380417353886
D11,Isolet,iid,1088,7325,16,0,0,0,0,0.0001815409996197559,4.042000000481494e-06,1.558399981149705e-05,2.4166999537555967e-05,0.4397187021922214
D11,Isolet,iid,1089,7326,4,0,0,0,0,0.00018233300033898558,4.125000486965291e-06,1.6916000276978593e-05,2.3040999622025993e-05,0.43971517552263145
D11,Isolet,iid,1090,7327,1,0,0,0,0,0.00018304200057173148,4.042000000481494e-06,1.4375000318977982e-05,2.408399996056687e-05,0.43968106633058684
D11,Isolet,iid,1091,7328,0,7,75,0,0,0.00017783299972506939,5.558400062000146e-05,1.7124999430961907e-05,2.4291000045195688e-05,0.43950146464501944
D11,Isolet,iid,1092,7329,53,0,0,0,0,0.00018612500025483314,3.99999953515362e-06,1.716699989628978e-05,2.3333999706665054e-05,0.43955712676768327
D11,Isolet,iid,1093,7330,43,0,0,0,0,0.00018437500057189027,4.041000465804245e-06,1.6167000467248727e-05,2.4416999622189905e-05,0.4395920862852564
D11,Isolet,iid,1094,7331,10,0,0,0,0,0.00018474999978934648,3.916999958164524e-06,1.566700029798085e-05,2.4124999981722794e-05,0.43960219998242633
D11,Isolet,iid,1095,7332,94,1,6,0,0,0.00018745800025499193,1.300000076298602e-05,1.7291000403929502e-05,2.4750000193307642e-05,0.43965768942546174
D11,Isolet,iid,1096,7333,19,0,0,0,0,0.00018420800006424543,4.000000444648322e-06,1.4582999938284047e-05,2.3708000298938714e-05,0.43965521783343586
D11,Isolet,iid,1097,7334,2,0,0,0,0,0.0001858749992607045,4.459000592760276e-06,1.6291999600070994e-05,2.299999960087007e-05,0.43963220570629813
D11,Isolet,iid,1098,7335,1,3,2,0,0,0.00018133399953512708,2.687500000320142e-05,1.529199926153524e-05,2.391700036241673e-05,0.4395743448981211
D11,Isolet,iid,1099,7336,10,0,0,0,0,0.00018233300033898558,3.916999958164524e-06,1.3916999705543276e-05,2.3874999897088856e-05,0.4395931866692118
D11,Isolet,iid,1100,7337,11,0,0,0,0,0.0001818330001697177,3.957999979320448e-06,1.5666999388486147e-05,2.300000051036477e-05,0.43958478186854694
D11,Isolet,iid,1101,7338,1,3,3,0,0,0.0002763330003290321,3.362499955983367e-05,2.2083000658312812e-05,3.699999979289714e-05,0.4395213622099167
D11,Isolet,iid,1102,7339,20,0,0,0,0,0.00021358400044846348,6.000000212225132e-06,1.8332999388803728e-05,3.5957999898528215e-05,0.43954145851594273
D11,Isolet,iid,1103,7340,54,0,0,0,0,0.00020320899966463912,5.167000381334219e-06,1.7750000552041456e-05,2.9000000722589903e-05,0.43958877482316133
D11,Isolet,iid,1104,7341,72,0,0,0,0,0.0002017090000663302,4.999999873689376e-06,1.5499999790336005e-05,2.9875000109313987e-05,0.4396599287446813
D11,Isolet,iid,1105,7342,0,0,0,0,0,0.00019062499995925464,4.624999746738467e-06,1.704199985397281e-05,2.5833999643509742e-05,0.4396228438748662
D11,Isolet,iid,1106,7343,41,0,0,0,0,0.00019283399979030946,4.417000127432402e-06,1.6916000276978593e-05,2.6749999960884452e-05,0.43964956854407927
D11,Isolet,iid,1107,7344,1,1,2,0,0,0.0001936250000653672,1.4290999388322234e-05,1.4999999621068127e-05,3.0665999474877026e-05,0.43960298446987434
D11,Isolet,iid,1108,7345,140,0,0,0,0,0.00019887500002369052,4.999999873689376e-06,1.7458000002079643e-05,2.8417000066838227e-05,0.43964615009168667
D11,Isolet,iid,1109,7346,44,0,0,0,0,0.00020124999991821824,4.750000698550139e-06,1.5250000615196768e-05,2.9000000722589903e-05,0.43968067387096577
D11,Isolet,iid,1110,7347,40,0,0,0,0,0.00019366699962120038,4.291000550438184e-06,1.5999999959603883e-05,2.7707999834092334e-05,0.43972024964519624
D11,Isolet,iid,1111,7348,20,0,0,0,0,0.00018854199970519403,3.957999979320448e-06,1.6541999684704933e-05,2.3624999812454917e-05,0.4397598192401676
D11,Isolet,iid,1112,7349,25,0,0,0,0,0.00018745800025499193,3.99999953515362e-06,1.6291000065393746e-05,2.4957999812613707e-05,0.43980355783336944
D11,Isolet,iid,1113,7350,11,0,0,0,0,0.00018658299995877314,4.082999112142716e-06,1.5583000276819803e-05,2.5207999897247646e-05,0.43979978197990954
D11,Isolet,iid,1114,7351,44,0,0,0,0,0.0001857090001067263,4.042000000481494e-06,1.583399989613099e-05,2.5333999474241864e-05,0.4398455893243184
D11,Isolet,iid,1115,7352,51,1,0,0,0,0.00018295799964107573,1.445800080546178e-05,3.895800000464078e-05,2.6166999305132776e-05,0.43989669092206174
D11,Isolet,iid,1116,7353,20,1,3,0,0,0.00018566600010672119,1.2624999726540409e-05,1.5916999473120086e-05,2.45829996856628e-05,0.4399182956167497
D11,Isolet,iid,1117,7354,1,2,2,0,0,0.0001817499996832339,1.9457999769656453e-05,1.4124999324849341e-05,2.4417000531684607e-05,0.43987185484174957
D11,Isolet,iid,1118,7355,0,2,5,0,0,0.00017899999966175528,2.0582999241014477e-05,1.608299953659298e-05,2.6374999833933543e-05,0.4398000159969378
D11,Isolet,iid,1119,7356,3,3,0,0,0,0.00024041699998633703,3.4249999771418516e-05,2.2375000298779923e-05,3.137500061711762e-05,0.43976968483136863
D11,Isolet,iid,1120,7357,0,4,9,0,0,0.00018941599955724087,3.500000002532033e-05,1.9458000679151155e-05,2.754199977061944e-05,0.439686018960387
D11,Isolet,iid,1121,7358,8,0,0,0,0,0.00018720900061452994,4.249999619787559e-06,1.8957999600388575e-05,2.6041999262815807e-05,0.43969309380000765
D11,Isolet,iid,1122,7359,16,0,0,0,0,0.0001869589996204013,4.167000042798463e-06,1.8333999832975678e-05,2.4750000193307642e-05,0.4397092008838383
D11,Isolet,iid,1123,7360,0,4,6,0,0,0.00017558299987285864,3.333299991936656e-05,1.5042000086396001e-05,2.500000027794158e-05,0.4396201683455468
D11,Isolet,iid,1124,7361,1,0,0,0,0,0.00018187500063504558,4.000000444648322e-06,1.4207999811333138e-05,2.529099947423674e-05,0.43958610878756393
D11,Isolet,iid,1125,7362,64,0,0,0,0,0.0001879580004242598,4.083000021637417e-06,1.6125000001920853e-05,2.40420004047337e-05,0.43965832124078025
D11,Isolet,iid,1126,7363,6,4,9,0,0,0.00030487500043818727,4.316600006859517e-05,2.487500023562461e-05,4.5417000364977866e-05,0.43960158598004
D11,Isolet,iid,1127,7364,1,0,0,0,0,0.00019995799993921537,4.833000275539234e-06,1.8707999515754636e-05,2.6624999918567482e-05,0.4395504612189682
D11,Isolet,iid,1128,7365,0,3,1,0,0,0.00018395799997961149,2.9667000490007922e-05,1.7374999515595846e-05,2.89999998130952e-05,0.4394873203887715
D11,Isolet,iid,1129,7366,40,0,0,0,0,0.0001968750002561137,6.250000296859071e-06,1.804100065783132e-05,3.712499983521411e-05,0.43953909152765913
D11,Isolet,iid,1130,7367,15,1,0,0,0,0.00018683300004340708,1.3625000065076165e-05,1.7083000784623437e-05,2.6208000235783402e-05,0.43954248338671903
D11,Isolet,iid,1131,7368,37,0,0,0,0,0.0001873339997473522,4.209000508126337e-06,1.6291999600070994e-05,2.5583000024198554e-05,0.43960782205508103
D11,Isolet,iid,1132,7369,83,0,0,0,0,0.00019249999968451448,4.125000486965291e-06,1.4666000424767844e-05,2.579200008767657e-05,0.4396599198688398
D11,Isolet,iid,1133,7370,2,2,0,0,0,0.0001838750004026224,2.1291000848577823e-05,1.6916999811655842e-05,2.5166999876091722e-05,0.4396152812167466
D11,Isolet,iid,1134,7371,1,0,0,0,0,0.00018529199951444753,4.209000508126337e-06,1.687500025582267e-05,2.4915999347285833e-05,0.4395760330242389
D11,Isolet,iid,1135,7372,0,0,0,0,0,0.0001809170007618377,4.167000042798463e-06,1.700000029813964e-05,2.39589999182499e-05,0.4395225774554073
D11,Isolet,iid,1136,7373,38,1,0,0,0,0.00018641699989530025,1.4749999536434188e-05,1.741699998092372e-05,2.579200008767657e-05,0.4395030845048038
D11,Isolet,iid,1137,7374,0,2,0,0,0,0.00018104199989465997,2.1249999917927198e-05,1.6583999240538105e-05,2.500000027794158e-05,0.4394594608614985
D11,Isolet,iid,1138,7375,0,1,0,0,0,0.00018825000006472692,1.3582999599748291e-05,1.6457999663543887e-05,2.5958000151149463e-05,0.43940612434777726
D11,Isolet,iid,1139,7376,7,4,0,0,0,0.000202707999960694,3.591599943320034e-05,1.5749999874969944e-05,2.687500000320142e-05,0.43938675609896516
D11,Isolet,iid,1140,7377,77,0,0,0,0,0.00021025000023655593,5.083000360173173e-06,1.650000012887176e-05,2.6415999855089467e-05,0.43946299425914676
D11,Isolet,iid,1141,7378,4,0,0,0,0,0.0002006249997066334,4.750000698550139e-06,1.487500048824586e-05,2.6290999812772498e-05,0.4394303934709553
D11,Isolet,iid,1142,7379,1,3,4,0,0,0.00020312499964347808,2.8542000109155197e-05,1.4541999917128123e-05,2.7709000278264284e-05,0.439371777925054
D11,Isolet,iid,1143,7380,58,0,0,0,0,0.00020525000036286656,4.750000698550139e-06,1.8165999790653586e-05,2.5958000151149463e-05,0.4394297107127587
D11,Isolet,iid,1144,7381,1,0,0,0,0,0.00019874999998137355,4.957999408361502e-06,1.4457999895967077e-05,2.500000027794158e-05,0.4393983151029361
D11,Isolet,iid,1145,7382,8,0,0,0,0,0.00019679100023495266,4.91700029670028e-06,1.7917000150191598e-05,2.4625000150990672e-05,0.4393838459176407
D11,Isolet,iid,1146,7383,6,4,5,0,0,0.000196416999642679,3.5042000490648206e-05,1.6291000065393746e-05,2.500000027794158e-05,0.4393423585413122
D11,Isolet,iid,1147,7384,84,0,0,0,0,0.0001997499994104146,4.5000006139162e-06,1.833300029829843e-05,2.541699996072566e-05,0.43939510712595237
D11,Isolet,iid,1148,7385,98,0,0,0,0,0.00019933300063712522,4.667000212066341e-06,1.8583999917609617e-05,2.604200017231051e-05,0.4394443626035953
D11,Isolet,iid,1149,7386,17,0,0,0,0,0.0001961250000022119,4.499999704421498e-06,1.7500000467407517e-05,2.4832999770296738e-05,0.43942517492950034
D11,Isolet,iid,1150,7387,0,0,0,0,0,0.00018937500044557964,4.333000106271356e-06,1.849999989644857e-05,2.4916999791457783e-05,0.43939384730153164
D11,Isolet,iid,1151,7388,69,0,0,0,0,0.0002640000002429588,6.874999598949216e-06,2.1333999939088244e-05,3.404200015211245e-05,0.43945327658024497
D11,Isolet,iid,1152,7389,3,0,0,0,0,0.00019100000008620555,4.249999619787559e-06,1.7499999557912815e-05,2.5583000024198554e-05,0.4394283523370567
D11,Isolet,iid,1153,7390,47,0,0,0,0,0.00018762499985314207,4.084000465809368e-06,1.7209000361617655e-05,2.4583999220340047e-05,0.4394667951883964
D11,Isolet,iid,1154,7391,5,0,0,0,0,0.00018345900025451556,3.99999953515362e-06,1.7249999473278876e-05,2.45829996856628e-05,0.43943279993231227
D11,Isolet,iid,1155,7392,0,0,0,0,0,0.0002042500000243308,4.083000021637417e-06,1.6042000424931757e-05,2.4541999664506875e-05,0.4393795371030592
D11,Isolet,iid,1156,7393,59,0,0,0,0,0.00018829100008588284,3.8749994928366505e-06,1.704099940980086e-05,2.4291999579872936e-05,0.43943045446782664
D11,Isolet,iid,1157,7394,0,1,5,0,0,0.00018391699995845556,1.3666000086232089e-05,1.7874999684863724e-05,2.45829996856628e-05,0.43939241691565517
D11,Isolet,iid,1158,7395,10,0,0,0,0,0.0001822499998525018,3.959000423492398e-06,1.5791999430803116e-05,2.529099947423674e-05,0.4394135715205896
D11,Isolet,iid,1159,7396,2,3,42,0,0,0.00018499999987398041,2.8125000426371116e-05,1.5040999642224051e-05,2.5332999939564615e-05,0.43936738664684294
D11,Isolet,iid,1160,7397,3,0,0,0,0,0.0001865840004029451,4.167000042798463e-06,1.5166000594035722e-05,2.5750000531843398e-05,0.4393398917239506
D11,Isolet,iid,1161,7398,81,1,3,0,0,0.00019541700021363795,1.2792000234185252e-05,1.7291000403929502e-05,2.4167000447050668e-05,0.4393665814289096
D11,Isolet,iid,1162,7399,8,0,0,0,0,0.0001883750001070439,3.959000423492398e-06,1.6874999346327968e-05,2.4416999622189905e-05,0.43937733371636106
D11,Isolet,iid,1163,7400,1,0,0,0,0,0.0001833750002333545,3.957999979320448e-06,1.4124999324849341e-05,2.433400004520081e-05,0.43935310093037727
D11,Isolet,iid,1164,7401,91,0,0,0,0,0.00019270799930382054,4.167000042798463e-06,1.6834000234666746e-05,2.4375000066356733e-05,0.4393603149961467
D11,Isolet,iid,1165,7402,28,3,9,0,0,0.00018545799957792042,2.712500008783536e-05,1.7166000361612532e-05,2.3958000383572653e-05,0.43935169941172303
D11,Isolet,iid,1166,7403,190,0,0,0,0,0.00019308300034026615,3.99999953515362e-06,1.5208999684546143e-05,2.4167000447050668e-05,0.43943396878085916
D11,Isolet,iid,1167,7404,11,0,0,0,0,0.0001928329993461375,3.957999979320448e-06,1.541700021334691e-05,2.408399996056687e-05,0.43943509853965385
D11,Isolet,iid,1168,7405,2,1,1,0,0,0.00018304199966223678,1.3124999895808287e-05,1.5375000657513738e-05,2.4500000108673703e-05,0.4393798750827778
D11,Isolet,iid,1169,7406,65,0,0,0,0,0.00018783299947244814,3.99999953515362e-06,1.5458000234502833e-05,2.4124999981722794e-05,0.4394424137465215
D11,Isolet,iid,1170,7407,56,0,0,0,0,0.0002957919996333658,8.540999260731041e-06,2.5041000299097504e-05,3.8207999750738963e-05,0.4394839021308171
D11,Isolet,iid,1171,7408,2,1,12,0,0,0.0001965000001291628,1.5541999346169177e-05,2.020899955823552e-05,2.6125000658794306e-05,0.43945025446163755
D11,Isolet,iid,1172,7409,42,0,0,0,0,0.00019320799947308842,4.125000486965291e-06,1.941699974850053e-05,2.4750000193307642e-05,0.43950333108384715
D11,Isolet,iid,1173,7410,7,0,0,0,0,0.00019070799953624373,4.083000021637417e-06,1.849999989644857e-05,2.4667000616318546e-05,0.4395088001884886
D11,Isolet,iid,1174,7411,12,0,0,0,0,0.0001908330004880554,3.957999979320448e-06,1.8541999452281743e-05,2.433400004520081e-05,0.4395191058691361
D11,Isolet,iid,1175,7412,2,1,2,0,0,0.00019100000008620555,1.4000000192027073e-05,1.8374999854131602e-05,2.4666000172146596e-05,0.439480633491522
D11,Isolet,iid,1176,7413,8,2,24,0,0,0.00026329200045438483,2.8957999347767327e-05,2.5457999981881585e-05,3.9540999750897754e-05,0.43942902184965366
D11,Isolet,iid,1177,7414,35,0,0,0,0,0.0001931670003614272,4.874999831372406e-06,2.0667000171670225e-05,2.6084000637638383e-05,0.43947347545420373
D11,Isolet,iid,1178,7415,109,0,0,0,0,0.00019425000027695205,4.4169992179377005e-06,1.966700074262917e-05,2.5207999897247646e-05,0.4395534089328056
D11,Isolet,iid,1179,7416,84,0,0,0,0,0.00018841700057237176,4.166000508121215e-06,1.8542000361776445e-05,2.462499924149597e-05,0.43961378699046977
D11,Isolet,iid,1180,7417,10,0,0,0,0,0.0001841670000430895,4.1249995774705894e-06,1.849999989644857e-05,2.4707999727979768e-05,0.4395988408335687
D11,Isolet,iid,1181,7418,0,0,0,0,0,0.00017529199976706877,4.125000486965291e-06,1.862499993876554e-05,2.4291000045195688e-05,0.4395456973183602
D11,Isolet,iid,1182,7419,8,2,1,0,0,0.00018287500006408663,2.00829999812413e-05,1.8250000721309334e-05,2.445799964334583e-05,0.4395361902571762
D11,Isolet,iid,1183,7420,94,0,0,0,0,0.00018470899976819055,4.208999598631635e-06,1.6291999600070994e-05,2.541699996072566e-05,0.43959607404066103
D11,Isolet,iid,1184,7421,11,4,35,0,0,0.00018195900065620663,3.487499998300336e-05,1.7874999684863724e-05,2.445799964334583e-05,0.43956305082677605
D11,Isolet,iid,1185,7422,0,0,0,0,0,0.00017791699974623043,4.125000486965291e-06,1.7917000150191598e-05,2.366700027778279e-05,0.439509983498948
D11,Isolet,iid,1186,7423,1,0,0,0,0,0.0001862499993876554,4.125000486965291e-06,1.6292000509565696e-05,2.4666999706823844e-05,0.4394942032377502
D11,Isolet,iid,1187,7424,178,0,0,0,0,0.00019008299932465889,4.1249995774705894e-06,1.7915999706019647e-05,2.4416999622189905e-05,0.4395714241403354
D11,Isolet,iid,1188,7425,9,0,0,0,0,0.0001834579998103436,4.0409995563095436e-06,1.5708000319136772e-05,2.433300051052356e-05,0.43956685132123663
D11,Isolet,iid,1189,7426,24,0,0,0,0,0.00018391699995845556,4.083000021637417e-06,1.8040999748336617e-05,2.3457999304810073e-05,0.43959965661708633
D11,Isolet,iid,1190,7427,1,66,1914,0,0,0.00018179200014856178,0.00044795800022257026,1.8292000277142506e-05,2.4707999727979768e-05,0.43872832564796577
D11,Isolet,iid,1191,7428,7,0,0,0,0,0.00018325000019103754,4.167000042798463e-06,1.820800025598146e-05,2.362500072194962e-05,0.43871124907234876
D11,Isolet,iid,1192,7429,2,5,8,0,0,0.0001857919996837154,3.9958999877853785e-05,1.808399974834174e-05,2.445799964334583e-05,0.4386444251042527
D11,Isolet,iid,1193,7430,38,0,0,0,0,0.0001833750002333545,4.083000021637417e-06,1.874999998108251e-05,2.354099979129387e-05,0.4386807282368583
D11,Isolet,iid,1194,7431,6,2,9,0,0,0.00018179199923906708,1.9332999727339484e-05,1.7916999240696896e-05,2.4500000108673703e-05,0.4386013055747489
D11,Isolet,iid,1195,7432,41,0,0,0,0,0.00018562500008556526,4.000000444648322e-06,1.7083000784623437e-05,2.3374999727820978e-05,0.43863095814718905
D11,Isolet,iid,1196,7433,5,3,14,0,0,0.00018291600008524256,2.6542000341578387e-05,1.7624999600229785e-05,2.4124999981722794e-05,0.43859560592177527
D11,Isolet,iid,1197,7434,136,0,0,0,0,0.0001863329998741392,4.083000021637417e-06,1.6541000150027685e-05,2.3457999304810073e-05,0.43866598688094616
D11,Isolet,iid,1198,7435,50,0,0,0,0,0.00018491700029699132,4.084000465809368e-06,1.7874999684863724e-05,2.433300051052356e-05,0.438715800963931
D11,Isolet,iid,1199,7436,0,0,0,0,0,0.00017620799917494878,3.957999979320448e-06,1.5333000192185864e-05,2.354099979129387e-05,0.43866328319269576
D11,Isolet,iid,1200,7437,14,0,0,0,0,0.0001827080004659365,3.957999979320448e-06,1.7666999156062957e-05,2.4500000108673703e-05,0.4386250837325588
D11,Isolet,iid,1201,7438,1,1,0,0,0,0.00026987499950337224,1.7625000509724487e-05,2.154100002371706e-05,3.470799947535852e-05,0.43857491391244957
D11,Isolet,iid,1202,7439,2,2,3,0,0,0.00018933299998025177,2.1708000531361904e-05,1.7833000129030552e-05,2.9333000384212937e-05,0.4385265114022742
D11,Isolet,iid,1203,7440,1,9,67,0,0,0.00019454199991741916,7.904199992481153e-05,1.7458999536756892e-05,3.162500070175156e-05,0.4384166333789264
D11,Isolet,iid,1204,7441,4,0,0,0,0,0.00019949999932578066,4.165999598626513e-06,1.5374999748019036e-05,2.7499999305291567e-05,0.4383907086849868
D11,Isolet,iid,1205,7442,26,0,0,0,0,0.00019395799972699024,4.208000063954387e-06,1.662500017118873e-05,2.6417000299261417e-05,0.43842197962334417
D11,Isolet,iid,1206,7443,20,1,0,0,0,0.00019145799979014555,1.4250000276661012e-05,1.4375000318977982e-05,2.7166000108991284e-05,0.4384229658864463
D11,Isolet,iid,1207,7444,0,0,0,0,0,0.00019133299974782858,4.083000021637417e-06,1.687500025582267e-05,2.700000004551839e-05,0.4383866729999892
D11,Isolet,iid,1208,7445,0,1,3,0,0,0.00018116699993697694,1.2540999705379363e-05,1.4541000382450875e-05,2.4292000489367638e-05,0.4383254488944476
D11,Isolet,iid,1209,7446,3,0,0,0,0,0.00018799999998009298,4.1249995774705894e-06,1.4334000297822058e-05,2.541699996072566e-05,0.4382970427866755
D11,Isolet,iid,1210,7447,26,0,0,0,0,0.0001860410002336721,4.125000486965291e-06,1.6541000150027685e-05,2.604200017231051e-05,0.43834072338184976
D11,Isolet,iid,1211,7448,54,0,0,0,0,0.00018491700029699132,4.083999556314666e-06,1.566700029798085e-05,2.5249999453080818e-05,0.4383170789403369
D11,Isolet,iid,1212,7449,94,0,0,0,0,0.00018708300012804102,4.042000000481494e-06,1.4124999324849341e-05,2.3208000129670836e-05,0.43833213375316066
D11,Isolet,iid,1213,7450,8,0,0,0,0,0.00018529199951444753,4.042000000481494e-06,1.700000029813964e-05,2.40420004047337e-05,0.4383159598657216
D11,Isolet,iid,1214,7451,3,0,0,0,0,0.0001843330001065624,4.208000063954387e-06,1.700000029813964e-05,2.5749999622348696e-05,0.43832070777167204
D11,Isolet,iid,1215,7452,1,0,0,0,0,0.0001863329998741392,4.1249995774705894e-06,1.4707999980601016e-05,2.3416000658471603e-05,0.4382787427066204
D11,Isolet,iid,1216,7453,0,0,0,0,0,0.0001831659992603818,4.167000042798463e-06,1.4416999874811154e-05,2.4250000024039764e-05,0.43822602762229607
D11,Isolet,iid,1217,7454,5,0,0,0,0,0.00018408300002192846,4.042000000481494e-06,1.7374999515595846e-05,2.354200023546582e-05,0.43824361230634246
D11,Isolet,iid,1218,7455,30,0,0,0,0,0.00018400000044493936,4.042000000481494e-06,1.650000012887176e-05,2.5207999897247646e-05,0.4382797003443346
D11,Isolet,iid,1219,7456,3,0,0,0,0,0.00018320800063520437,4.083000021637417e-06,1.7124999430961907e-05,2.512500032025855e-05,0.43824475264352586
D11,Isolet,iid,1220,7457,20,0,0,0,0,0.00018545799957792042,4.000000444648322e-06,1.687500025582267e-05,2.433300051052356e-05,0.43824535403297543
D11,Isolet,iid,1221,7458,87,0,0,0,0,0.00018654100040293997,3.957999979320448e-06,1.729199993860675e-05,2.445900008751778e-05,0.43830462676321613
D11,Isolet,iid,1222,7459,16,1,2,0,0,0.00019275000067864312,1.3625000065076165e-05,1.716599945211783e-05,2.433299960102886e-05,0.43833929649130754
D11,Isolet,iid,1223,7460,49,0,0,0,0,0.0001844159996835515,4.291999175620731e-06,1.462500040361192e-05,2.3374999727820978e-05,0.438390141619306
D11,Isolet,iid,1224,7461,82,0,0,0,0,0.00018958399959956296,4.084000465809368e-06,1.758399957907386e-05,2.4542000574001577e-05,0.4384541272233202
D11,Isolet,iid,1225,7462,1,0,0,0,0,0.00018758399983198615,4.000000444648322e-06,1.4416000340133905e-05,2.3791999410605058e-05,0.438420610286685
D11,Isolet,iid,1226,7463,20,0,0,0,0,0.00026833300034923013,8.084000000962988e-06,2.270900040457491e-05,3.6249999538995326e-05,0.43842721749995095
D11,Isolet,iid,1227,7464,132,0,0,0,0,0.0001982079993467778,4.499999704421498e-06,1.766599962138571e-05,2.5249999453080818e-05,0.4385010758278782
D11,Isolet,iid,1228,7465,11,0,0,0,0,0.00018654199993761722,4.042000000481494e-06,1.7584000488568563e-05,2.4791999749140814e-05,0.43852258587731485
D11,Isolet,iid,1229,7466,35,1,2,0,0,0.00018716700014920207,1.370900008623721e-05,1.7375000425090548e-05,2.4083000425889622e-05,0.43857297562928843
D11,Isolet,iid,1230,7467,53,0,0,0,0,0.00018862499928218313,4.208000063954387e-06,1.7624999600229785e-05,2.354200023546582e-05,0.4386267441059173
D11,Isolet,iid,1231,7468,114,0,0,0,0,0.0001884160001281998,4.000000444648322e-06,1.662500017118873e-05,2.5166999876091722e-05,0.43869843110172846
D11,Isolet,iid,1232,7469,53,0,0,0,0,0.0001980419992833049,4.165999598626513e-06,1.5499999790336005e-05,2.4000000848900527e-05,0.438737418025815
D11,Isolet,iid,1233,7470,24,3,56,0,0,0.00018383400038146647,2.6666999474400654e-05,1.5374999748019036e-05,2.3499999770137947e-05,0.43860351648073054
D11,Isolet,iid,1234,7471,0,1,0,0,0,0.00017970899989450118,1.2417000107234344e-05,1.6250000044237822e-05,2.4667000616318546e-05,0.438550972153804
D11,Isolet,iid,1235,7472,127,0,0,0,0,0.00019283399979030946,4.083999556314666e-06,1.4834000467089936e-05,2.5374999495397788e-05,0.43862685072864327
D11,Isolet,iid,1236,7473,16,23,227,0,0,0.0001826249999794527,0.00016133400004036957,1.554200025566388e-05,2.4124999981722794e-05,0.43849560738654814
D11,Isolet,iid,1237,7474,114,0,0,0,0,0.00019129200063616736,3.958999513997696e-06,1.4792000001762062e-05,2.4416999622189905e-05,0.4385748210244991
D11,Isolet,iid,1238,7475,6,2,7,0,0,0.00018537500000093132,1.9625000277301297e-05,1.6375000086554792e-05,2.4665999262651894e-05,0.4385215607450453
D11,Isolet,iid,1239,7476,0,7,49,0,0,0.0001782079998520203,5.4042000556364655e-05,1.7374999515595846e-05,2.3374999727820978e-05,0.43841494878950504
D11,Isolet,iid,1240,7477,14,0,0,0,0,0.00018770899987430312,4.083000021637417e-06,1.4417000784305856e-05,2.362500072194962e-05,0.438399086406018
D11,Isolet,iid,1241,7478,14,0,0,0,0,0.00018458300019119633,4.042000000481494e-06,1.6416999642387964e-05,2.34159997489769e-05,0.4384141466503105
D11,Isolet,iid,1242,7479,28,0,0,0,0,0.00018508399989514146,4.042000000481494e-06,1.5124999663385097e-05,2.4750000193307642e-05,0.43843759365296775
D11,Isolet,iid,1243,7480,0,2,3,0,0,0.00017970799945032923,1.9582999811973423e-05,1.6832999790494796e-05,2.341700019314885e-05,0.43836623732391783
D11,Isolet,iid,1244,7481,20,0,0,0,0,0.0001837089994296548,4.042000000481494e-06,1.6291000065393746e-05,2.3833000341255683e-05,0.43834448631002804
D11,Isolet,iid,1245,7482,1,0,0,0,0,0.00018412499957776163,4.042000000481494e-06,1.6709000192349777e-05,2.3374999727820978e-05,0.43830361669211176
D11,Isolet,iid,1246,7483,60,0,0,0,0,0.00018420799915475072,4.083000021637417e-06,1.433300076314481e-05,2.4500000108673703e-05,0.43833776339789693
D11,Isolet,iid,1247,7484,48,0,0,0,0,0.00018687499959924025,4.084000465809368e-06,1.5208000149868894e-05,2.366700027778279e-05,0.4383882651869696
D11,Isolet,iid,1248,7485,164,0,0,0,0,0.00019054200038226554,4.042000000481494e-06,1.658300061535556e-05,2.3499999770137947e-05,0.43846648721295717
D11,Isolet,iid,1249,7486,1,1,2,0,0,0.0001827910000429256,1.2667000191868283e-05,1.5666999388486147e-05,2.337500063731568e-05,0.4384204880064283
D11,Isolet,iid,1250,7487,3,0,0,0,0,0.00018499999987398041,4.083000021637417e-06,1.6916999811655842e-05,2.4417000531684607e-05,0.43840218671202796
D11,Isolet,iid,1251,7488,2,1,0,0,0,0.0002584160001788405,1.9791999875451438e-05,2.4416000087512657e-05,4.7957999413483776e-05,0.4383780047767109
D11,Isolet,iid,1252,7489,2,2,0,0,0,0.00020391599991853582,2.2500000341096893e-05,1.874999998108251e-05,3.345799996168353e-05,0.43834864466827517
D11,Isolet,iid,1253,7490,20,0,0,0,0,0.00020008299998153234,4.916000762023032e-06,1.820800025598146e-05,2.6250000701111276e-05,0.43837836094634963
D11,Isolet,iid,1254,7491,42,0,0,0,0,0.0001965000001291628,4.167000042798463e-06,1.7374999515595846e-05,2.766699981293641e-05,0.4384140744759437
D11,Isolet,iid,1255,7492,1,2,2,0,0,0.000195624999832944,2.2540999452758115e-05,1.7917000150191598e-05,2.6499999876250513e-05,0.4383738752035143
D11,Isolet,iid,1256,7493,14,2,4,0,0,0.0002055000004475005,2.0375000531203113e-05,1.7375000425090548e-05,2.608399972814368e-05,0.43835018247038315
D11,Isolet,iid,1257,7494,19,0,0,0,0,0.00018825000006472692,4.083000021637417e-06,1.5749999874969944e-05,2.4124999981722794e-05,0.4383791777749703
D11,Isolet,iid,1258,7495,3,8,101,0,0,0.00018483300027583027,6.116700023994781e-05,1.716699989628978e-05,2.458400012983475e-05,0.4383073240300023
D11,Isolet,iid,1259,7496,1,0,0,0,0,0.00018533299953560345,3.99999953515362e-06,1.7374999515595846e-05,2.4292000489367638e-05,0.4382710942266956
D11,Isolet,iid,1260,7497,15,0,0,0,0,0.00018608400023367722,3.958999513997696e-06,1.7209000361617655e-05,2.474999928381294e-05,0.4382908348162937
D11,Isolet,iid,1261,7498,22,0,0,0,0,0.0001838750004026224,4.042000000481494e-06,1.6291000065393746e-05,2.445799964334583e-05,0.43829734904541773
D11,Isolet,iid,1262,7499,19,0,0,0,0,0.00018404200000077253,4.249999619787559e-06,1.4416999874811154e-05,2.537500040489249e-05,0.4383144625430829
D11,Isolet,iid,1263,7500,26,0,0,0,0,0.00018408300002192846,4.083000021637417e-06,1.766600053088041e-05,2.4625000150990672e-05,0.4383537159885552
D11,Isolet,iid,1264,7501,5,1,0,0,0,0.00018695800008572405,1.2749999768857379e-05,1.7499999557912815e-05,2.445900008751778e-05,0.4383273205802842
D11,Isolet,iid,1265,7502,22,0,0,0,0,0.000186750000466418,4.000000444648322e-06,1.4458999430644326e-05,2.4542000574001577e-05,0.43833905238687954
D11,Isolet,iid,1266,7503,110,0,0,0,0,0.0001879580004242598,4.167000042798463e-06,1.7375000425090548e-05,2.554200000304263e-05,0.43841997517064973
D11,Isolet,iid,1267,7504,122,0,0,0,0,0.00018945800002256874,3.99999953515362e-06,1.7459000446251594e-05,2.512499941076385e-05,0.43849386121588146
D11,Isolet,iid,1268,7505,34,2,0,0,0,0.00018979200012836372,2.1167000340938102e-05,1.7250000382773578e-05,3.1042000045999885e-05,0.43854468353833437
D11,Isolet,iid,1269,7506,0,16,128,0,0,0.0001867080000010901,0.00012770800003636396,1.766700006555766e-05,2.766699981293641e-05,0.4382976561486575
D11,Isolet,iid,1270,7507,5,0,0,0,0,0.0001937079996423563,4.167000042798463e-06,1.7749999642546754e-05,2.5833000108832493e-05,0.4383002634584614
D11,Isolet,iid,1271,7508,135,0,0,0,0,0.00019799999972747173,4.499999704421498e-06,1.6541000150027685e-05,2.7042000510846265e-05,0.43837960541625415
D11,Isolet,iid,1272,7509,159,0,0,0,0,0.00020158400002401322,4.542000169749372e-06,1.849999989644857e-05,2.6625000828062184e-05,0.43846361690508706
D11,Isolet,iid,1273,7510,0,1,0,0,0,0.0002096250000249711,1.541599976917496e-05,1.9375000192667358e-05,2.9208000341895968e-05,0.4384113069900163
D11,Isolet,iid,1274,7511,15,0,0,0,0,0.00021541699970839545,5.5840000641183e-06,1.8917000488727354e-05,3.0083000638114754e-05,0.4384267226105421
D11,Isolet,iid,1275,7512,0,1,2,0,0,0.00020212500021443702,1.462500040361192e-05,1.9250000150350388e-05,2.8290999580349308e-05,0.43837716414569705
D11,Isolet,iid,1276,7513,6,1,0,0,0,0.0003254999992350349,2.2833999537397176e-05,2.6000000616477337e-05,7.095799992384855e-05,0.4383664465339775
D11,Isolet,iid,1277,7514,81,0,0,0,0,0.00023387500004901085,6.332999873848166e-06,1.7207999917445704e-05,3.641600051196292e-05,0.43842007253820553
D11,Isolet,iid,1278,7515,27,0,0,0,0,0.00019837499985442264,4.624999746738467e-06,1.779100057319738e-05,2.6667000383895356e-05,0.43847018474147714
D11,Isolet,iid,1279,7516,18,1,3,0,0,0.00019312499989609933,1.370900008623721e-05,1.6959000276983716e-05,2.604200017231051e-05,0.43846416521960185
D11,Isolet,iid,1280,7517,2,3,11,0,0,0.00018812500002240995,2.73750001724693e-05,1.6959000276983716e-05,2.5874999664665665e-05,0.43842717349661275
D11,Isolet,iid,1281,7518,2,0,0,0,0,0.00019579200034058886,4.292000085115433e-06,1.7250000382773578e-05,2.595899968582671e-05,0.43840741271433153
D11,Isolet,iid,1282,7519,0,0,0,0,0,0.0001824589999159798,3.916999958164524e-06,1.7375000425090548e-05,2.5207999897247646e-05,0.4383552569065457
D11,Isolet,iid,1283,7520,49,2,8,0,0,0.00018595900019136025,1.9750000319618266e-05,1.7250000382773578e-05,2.5624999580031727e-05,0.4383201324081127
D11,Isolet,iid,1284,7521,133,0,0,0,0,0.0001965830006156466,4.249999619787559e-06,1.5084000551723875e-05,2.7583999326452613e-05,0.43839468416743005
D11,Isolet,iid,1285,7522,3,1,0,0,0,0.0001905409999380936,1.3750000107393134e-05,1.4999999621068127e-05,2.8208000003360212e-05,0.43839384194030306
D11,Isolet,iid,1286,7523,5,7,116,0,0,0.00019150000025547342,5.704199975298252e-05,1.4708999515278265e-05,2.5750000531843398e-05,0.43826565341695917
D11,Isolet,iid,1287,7524,65,0,0,0,0,0.0001904580003611045,4.041000465804245e-06,1.420800072082784e-05,2.550000044720946e-05,0.43832168512417113
D11,Isolet,iid,1288,7525,3,0,0,0,0,0.0001907500000015716,3.99999953515362e-06,1.741600044624647e-05,2.4250000024039764e-05,0.4382923277922013
D11,Isolet,iid,1289,7526,78,0,0,0,0,0.00018850000014936086,3.957999979320448e-06,1.4041999747860245e-05,2.5583000024198554e-05,0.4383173908645635
D11,Isolet,iid,1290,7527,0,0,0,0,0,0.00017912499970407225,4.0409995563095436e-06,1.5374999748019036e-05,2.4499999199179e-05,0.43826527830819345
D11,Isolet,iid,1291,7528,18,0,0,0,0,0.00018841699966287706,4.083000021637417e-06,1.687500025582267e-05,2.7834000320581254e-05,0.4382846870104109
D11,Isolet,iid,1292,7529,1,3,8,0,0,0.00019266700019215932,3.1042000045999885e-05,1.5040999642224051e-05,2.779199985525338e-05,0.43826290039142196
D11,Isolet,iid,1293,7530,208,0,0,0,0,0.0001978330001293216,4.167000042798463e-06,1.7209000361617655e-05,2.608399972814368e-05,0.4383405647350032
D11,Isolet,iid,1294,7531,1,1,1,0,0,0.00018612500025483314,1.2417000107234344e-05,1.7624999600229785e-05,2.5291000383731443e-05,0.4382976889449668
D11,Isolet,iid,1295,7532,14,0,0,0,0,0.00018570799966255436,3.957999979320448e-06,1.7583000044396613e-05,2.641600076458417e-05,0.4383090577352213
D11,Isolet,iid,1296,7533,88,0,0,0,0,0.00019049999991693767,3.99999953515362e-06,1.5250000615196768e-05,2.5249999453080818e-05,0.4383742197997707
D11,Isolet,iid,1297,7534,30,0,0,0,0,0.00018908400033978978,4.042000000481494e-06,1.7250000382773578e-05,2.5374999495397788e-05,0.43838797177226674
D11,Isolet,iid,1298,7535,3,8,63,0,0,0.0007899580004959716,7.283299964910839e-05,1.9707999854290392e-05,4.599999920174014e-05,0.4382944179753712
D11,Isolet,iid,1299,7536,68,0,0,0,0,0.00021416700019472046,4.459000592760276e-06,1.7250000382773578e-05,3.0374999369087163e-05,0.43836824596402574
D11,Isolet,iid,1300,7537,68,0,0,0,0,0.00019383300059416797,4.292000085115433e-06,1.795799926185282e-05,2.4625000150990672e-05,0.4384292049571111
D11,Isolet,iid,1301,7538,17,0,0,0,0,0.00031237500024872134,1.0583000403130427e-05,3.0000000151630957e-05,6.120800026110373e-05,0.4384442942160766
D11,Isolet,iid,1302,7539,3,5,26,0,0,0.0002230000000054133,4.812499992112862e-05,2.1249999917927198e-05,3.6541999179462437e-05,0.4383995287166381
D11,Isolet,iid,1303,7540,8,1,0,0,0,0.00020570800006680656,1.4457999895967077e-05,1.9707999854290392e-05,3.3166999855893664e-05,0.43840419497459804
D11,Isolet,iid,1304,7541,26,0,0,0,0,0.00020687500000349246,4.792000254383311e-06,1.9790999431279488e-05,3.2625000130792614e-05,0.43842373276821334
D11,Isolet,iid,1305,7542,1,12,181,0,0,0.00020670800040534232,9.937499999068677e-05,2.1458999981405213e-05,2.7957999918726273e-05,0.4382724468354321
D11,Isolet,iid,1306,7543,0,0,0,0,0,0.00019133399928250583,4.542000169749372e-06,1.9207999685022514e-05,2.6707999495556578e-05,0.4382298371548542
D11,Isolet,iid,1307,7544,9,0,0,0,0,0.0002133329999196576,4.583000190905295e-06,2.0374999621708412e-05,3.0166999749781098e-05,0.43820244761795646
D11,Isolet,iid,1308,7545,1,2,17,0,0,0.00018637499942997238,1.9791999875451438e-05,1.8249999811814632e-05,2.5207999897247646e-05,0.4381498292775348
D11,Isolet,iid,1309,7546,30,0,0,0,0,0.00018662500042410102,4.208000063954387e-06,1.6666999727021903e-05,2.5459000426053535e-05,0.4382044608226302
D11,Isolet,iid,1310,7547,3,1,4,0,0,0.00018512499991629738,1.2749999768857379e-05,1.8249999811814632e-05,2.595899968582671e-05,0.43817734060425556
D11,Isolet,iid,1311,7548,0,0,0,0,0,0.00018395899951428873,4.125000486965291e-06,1.8125000678992365e-05,2.5583000024198554e-05,0.43814666845294387
D11,Isolet,iid,1312,7549,112,0,0,0,0,0.00019716699989658082,4.5000006139162e-06,1.8792000446410384e-05,2.7874999432242475e-05,0.43820830412352985
D11,Isolet,iid,1313,7550,0,1,2,0,0,0.00018591600019135512,1.3750000107393134e-05,1.67500002135057e-05,2.6624999918567482e-05,0.43815900199115315
D11,Isolet,iid,1314,7551,1,0,0,0,0,0.0001900830002341536,4.125000486965291e-06,1.3958999261376448e-05,2.487500023562461e-05,0.4381335185548113
D11,Isolet,iid,1315,7552,24,0,0,0,0,0.00018629199985298328,4.041000465804245e-06,1.8042000192508567e-05,2.341700019314885e-05,0.4381859611067729
D11,Isolet,iid,1316,7553,7,0,0,0,0,0.00019054200038226554,4.041000465804245e-06,1.8167000234825537e-05,2.7167000553163234e-05,0.4382009136147775
D11,Isolet,iid,1317,7554,26,0,0,0,0,0.00019133299974782858,3.99999953515362e-06,1.808400065783644e-05,2.4291999579872936e-05,0.4382438100380582
D11,Isolet,iid,1318,7555,56,0,0,0,0,0.00018816600004356587,4.249999619787559e-06,1.849999989644857e-05,2.5458999516558833e-05,0.4382980452096652
D11,Isolet,iid,1319,7556,11,3,16,0,0,0.00019304199940961553,2.8915999791934155e-05,1.754200002324069e-05,2.6291999347449746e-05,0.43829005107567764
D11,Isolet,iid,1320,7557,0,1,3,0,0,0.00018466700021235738,1.3083999874652363e-05,1.8124999769497663e-05,2.474999928381294e-05,0.43821657910071155
D11,Isolet,iid,1321,7558,86,0,0,0,0,0.00018958400050905766,4.083999556314666e-06,1.8000000636675395e-05,2.3374999727820978e-05,0.43826804669914404
D11,Isolet,iid,1322,7559,2,0,0,0,0,0.0001853339999797754,3.99999953515362e-06,1.8166999325330835e-05,2.5209000341419596e-05,0.4382197397151514
D11,Isolet,iid,1323,7560,2,0,0,0,0,0.00018604199976834934,4.042000000481494e-06,1.6291999600070994e-05,2.5708000066515524e-05,0.43819860099086727
D11,Isolet,iid,1324,7561,12,1,3,0,0,0.00018766700031846995,1.2833999790018424e-05,1.4041999747860245e-05,2.3333000171987806e-05,0.43818946826638205
D11,Isolet,iid,1325,7562,0,0,0,0,0,0.00018491599985281937,4.167000042798463e-06,1.5625000742147677e-05,2.45830005951575e-05,0.4381375879446497
D11,Isolet,iid,1326,7563,0,0,0,0,0,0.00029570800052169943,8.042000445129815e-06,2.39589999182499e-05,4.8208999942289665e-05,0.4380856181813535
D11,Isolet,iid,1327,7564,78,0,0,0,0,0.00020612499974959064,5.000000783184078e-06,1.9333999262016732e-05,3.1584000680595636e-05,0.43814967260375853
D11,Isolet,iid,1328,7565,5,1,8,0,0,0.00019516600059432676,1.329200040345313e-05,1.4999999621068127e-05,2.5708000066515524e-05,0.4381216694537282
D11,Isolet,iid,1329,7566,24,0,0,0,0,0.00018845900012820493,4.083999556314666e-06,1.5999999959603883e-05,2.6417000299261417e-05,0.43813812687022086
D11,Isolet,iid,1330,7567,150,0,0,0,0,0.00019266699928266462,4.750000698550139e-06,1.700000029813964e-05,2.5750000531843398e-05,0.4382140234150423
D11,Isolet,iid,1331,7568,51,0,0,0,0,0.00018495800031814724,4.083000021637417e-06,1.7375000425090548e-05,2.4833999304973986e-05,0.43826227979456595
D11,Isolet,iid,1332,7569,29,4,84,0,0,0.00019195899949409068,4.1667000004963484e-05,1.7458999536756892e-05,2.487500023562461e-05,0.4382615973309038
D11,Isolet,iid,1333,7570,4,1,0,0,0,0.00018974999966303585,1.4125000234344043e-05,1.7625000509724487e-05,2.5750000531843398e-05,0.43822875938931605
D11,Isolet,iid,1334,7571,0,2,3,0,0,0.0001802079996195971,2.049999966402538e-05,1.700000029813964e-05,2.6374999833933543e-05,0.4381556317698
D11,Isolet,iid,1335,7572,1,1,0,0,0,0.0001885840001705219,1.2375000551401172e-05,1.712500034045661e-05,2.512499941076385e-05,0.4381160065260869
D11,Isolet,iid,1336,7573,28,0,0,0,0,0.00018779200036078691,4.125000486965291e-06,1.7249999473278876e-05,2.4707999727979768e-05,0.43814159497607746
D11,Isolet,iid,1337,7574,3,0,0,0,0,0.0001825419994929689,4.083000021637417e-06,1.645800057303859e-05,2.3833000341255683e-05,0.4381267947903751
D11,Isolet,iid,1338,7575,4,0,0,0,0,0.00018520800040278118,4.000000444648322e-06,1.8708999959926587e-05,2.5249999453080818e-05,0.43808825579726063
D11,Isolet,iid,1339,7576,2,0,0,0,0,0.0001866669999799342,4.041000465804245e-06,1.516700012871297e-05,2.7584000235947315e-05,0.43806806709284735
D11,Isolet,iid,1340,7577,56,0,0,0,0,0.00018995800019183662,4.000000444648322e-06,1.558399981149705e-05,2.6499999876250513e-05,0.4381108697295407
D11,Isolet,iid,1341,7578,1,0,0,0,0,0.00019320799947308842,4.333000106271356e-06,1.5083000107551925e-05,2.487500023562461e-05,0.4380727526385415
D11,Isolet,iid,1342,7579,2,1,1,0,0,0.00018566600010672119,1.237499964190647e-05,1.4332999853650108e-05,2.379099987592781e-05,0.4380397963402281
D11,Isolet,iid,1343,7580,1,1,4,0,0,0.00018312499923922587,1.249999968422344e-05,1.583399989613099e-05,2.45830005951575e-05,0.4379837087936312
D11,Isolet,iid,1344,7581,50,0,0,0,0,0.0001857919996837154,4.083000021637417e-06,1.6666999727021903e-05,2.4916999791457783e-05,0.43800617319441765
D11,Isolet,iid,1345,7582,21,0,0,0,0,0.00018708300012804102,4.0409995563095436e-06,1.5416999303852208e-05,2.4709000172151718e-05,0.4380241757065468
D11,Isolet,iid,1346,7583,23,0,0,0,0,0.0001855000000432483,4.083999556314666e-06,1.558399981149705e-05,2.5209000341419596e-05,0.43804213606404524
D11,Isolet,iid,1347,7584,3,1,0,0,0,0.0001859579997471883,1.3500000022759195e-05,1.4417000784305856e-05,2.487500023562461e-05,0.43801946568606465
D11,Isolet,iid,1348,7585,26,4,34,0,0,0.00018891700074163964,3.712499983521411e-05,1.529200017102994e-05,2.633299936860567e-05,0.438003946270343
D11,Isolet,iid,1349,7586,27,0,0,0,0,0.00018825000006472692,4.083000021637417e-06,1.408300067851087e-05,2.6417000299261417e-05,0.4380382711697557
D11,Isolet,iid,1350,7587,112,0,0,0,0,0.00019375000010768417,4.083000021637417e-06,1.7249999473278876e-05,2.6417000299261417e-05,0.4381094718511627
D11,Isolet,iid,1351,7588,131,0,0,0,0,0.0002711670003918698,1.2167000022600405e-05,2.3709000743110664e-05,3.633399956015637e-05,0.4381919879887757
D11,Isolet,iid,1352,7589,9,0,0,0,0,0.00019112500012852252,4.292000085115433e-06,1.858300038293237e-05,2.5875000574160367e-05,0.4381942180704942
D11,Isolet,iid,1353,7590,3,0,0,0,0,0.00018958400050905766,5.083999894850422e-06,1.7917000150191598e-05,2.712500008783536e-05,0.4381637737283037
D11,Isolet,iid,1354,7591,0,1,0,0,0,0.00018358299985266058,1.6166000023076776e-05,1.7708000086713582e-05,2.5833000108832493e-05,0.43813736220224453
D11,Isolet,iid,1355,7592,31,0,0,0,0,0.00018604199976834934,4.084000465809368e-06,1.741699998092372e-05,2.3499999770137947e-05,0.43817586521388957
D11,Isolet,iid,1356,7593,70,0,0,0,0,0.00018854200061468873,3.958999513997696e-06,1.6250000044237822e-05,2.4832999770296738e-05,0.43822319682225647
D11,Isolet,iid,1357,7594,30,0,0,0,0,0.0001826249999794527,4.0409995563095436e-06,1.6874999346327968e-05,2.404099996056175e-05,0.43822338563536606
D11,Isolet,iid,1358,7595,18,3,10,0,0,0.00018162499964091694,2.712500008783536e-05,1.7249999473278876e-05,2.3874999897088856e-05,0.4381378731159314
D11,Isolet,iid,1359,7596,0,0,0,0,0,0.00017625000054977136,4.000000444648322e-06,1.7041000319295563e-05,2.4083000425889622e-05,0.43809549410255033
D11,Isolet,iid,1360,7597,6,0,0,0,0,0.00018545900002209237,4.499999704421498e-06,1.7332999959762674e-05,2.633300027810037e-05,0.43810456703410455
D11,Isolet,iid,1361,7598,0,4,2,0,0,0.00018083300074067665,3.6374999581312295e-05,1.7209000361617655e-05,2.391700036241673e-05,0.4380457770364544
D11,Isolet,iid,1362,7599,56,0,0,0,0,0.00018516700038162526,4.292000085115433e-06,1.7625000509724487e-05,2.4166999537555967e-05,0.43808415962987296
D11,Isolet,iid,1363,7600,54,0,0,0,0,0.00018454100063536316,3.957999979320448e-06,1.6957999832811765e-05,2.3874999897088856e-05,0.43805856914975694
D11,Isolet,iid,1364,7601,58,0,0,0,0,0.00018325000019103754,3.957999979320448e-06,1.6999999388644937e-05,2.3875000806583557e-05,0.4380988447634553
D11,Isolet,iid,1365,7602,5,1,2,0,0,0.000180916999852343,1.2583000170707237e-05,1.7082999875128735e-05,2.2915999579709023e-05,0.4380652079862126
D11,Isolet,iid,1366,7603,47,0,0,0,0,0.00018312500014872057,3.957999979320448e-06,1.7041000319295563e-05,2.3833000341255683e-05,0.438126414388544
D11,Isolet,iid,1367,7604,29,0,0,0,0,0.0001866669999799342,4.249999619787559e-06,1.7167000805784483e-05,2.500000027794158e-05,0.43816923905002825
D11,Isolet,iid,1368,7605,23,0,0,0,0,0.00018816699957824312,4.250000529282261e-06,1.5374999748019036e-05,2.566599960118765e-05,0.43819877080542846
D11,Isolet,iid,1369,7606,4,0,0,0,0,0.00018804199953592615,4.0409995563095436e-06,1.6166999557754025e-05,2.4834000214468688e-05,0.4381977578482019
D11,Isolet,iid,1370,7607,4,2,1,0,0,0.00018570799966255436,2.2915999579709023e-05,1.7332999959762674e-05,2.433299960102886e-05,0.4381659147337788
D11,Isolet,iid,1371,7608,3,3,1,0,0,0.0001903749998746207,2.9208999876573216e-05,1.608399998076493e-05,2.4542000574001577e-05,0.43814153500301883
D11,Isolet,iid,1372,7609,4,1,0,0,0,0.00018437500057189027,1.3750000107393134e-05,1.650000012887176e-05,2.5207999897247646e-05,0.43810158207127187
D11,Isolet,iid,1373,7610,48,0,0,0,0,0.00018591699972603237,3.99999953515362e-06,1.5999999959603883e-05,2.2958000045036897e-05,0.4381353071866665
D11,Isolet,iid,1374,7611,64,0,0,0,0,0.00018691700006456813,3.958999513997696e-06,1.4125000234344043e-05,2.3916999452922028e-05,0.43818577009919396
D11,Isolet,iid,1375,7612,39,0,0,0,0,0.0001839159995142836,3.957999979320448e-06,1.5250000615196768e-05,2.3874999897088856e-05,0.43822692077928727
D11,Isolet,iid,1376,7613,0,1,0,0,0,0.00027808300001197495,2.1292000383255072e-05,3.070900038437685e-05,4.974999956175452e-05,0.43817533810790943
D11,Isolet,iid,1377,7614,22,0,0,0,0,0.0002021669997702702,5.541000064113177e-06,2.0167000002402347e-05,2.7874999432242475e-05,0.43817658652923935
D11,Isolet,iid,1378,7615,16,0,0,0,0,0.00019308300034026615,4.91700029670028e-06,1.874999998108251e-05,2.554200000304263e-05,0.43820106970707184
D11,Isolet,iid,1379,7616,99,0,0,0,0,0.0001932499999384163,4.333000106271356e-06,1.9167000573361292e-05,2.4375000066356733e-05,0.43826307648010954
D11,Isolet,iid,1380,7617,1,0,0,0,0,0.00019095900006504962,4.417000127432402e-06,1.6375000086554792e-05,2.3707999389444012e-05,0.4382326825678443
D11,Isolet,iid,1381,7618,8,0,0,0,0,0.0001834579998103436,4.0409995563095436e-06,1.8291999367647804e-05,2.4792000658635516e-05,0.43824310922604715
D11,Isolet,iid,1382,7619,1,0,0,0,0,0.0001855830005297321,4.000000444648322e-06,1.595800040377071e-05,2.5166000341414474e-05,0.43819338746199477
D11,Isolet,iid,1383,7620,32,0,0,0,0,0.00018679200002225116,4.208000063954387e-06,1.8916000044555403e-05,2.4291999579872936e-05,0.4382224566725859
D11,Isolet,iid,1384,7621,0,4,23,0,0,0.0001826249999794527,3.587499941204442e-05,1.8292000277142506e-05,2.3458999748982023e-05,0.4381471628618811
D11,Isolet,iid,1385,7622,21,0,0,0,0,0.00018795899995893706,4.042000000481494e-06,1.7332999959762674e-05,2.3207999220176134e-05,0.4381718642870597
D11,Isolet,iid,1386,7623,9,0,0,0,0,0.00018404099955660058,3.83300084649818e-06,1.8124999769497663e-05,2.4041999495238997e-05,0.43819409804186293
D11,Isolet,iid,1387,7624,70,0,0,0,0,0.00018770800033962587,3.957999979320448e-06,1.7915999706019647e-05,2.4124999981722794e-05,0.43826128665024394
D11,Isolet,iid,1388,7625,2,2,2,0,0,0.00018620799983182224,2.0832999325648416e-05,1.7790999663702678e-05,2.3208000129670836e-05,0.4381993678625485
D11,Isolet,iid,1389,7626,18,0,0,0,0,0.00018483300027583027,4.084000465809368e-06,1.7875000594358426e-05,2.300000051036477e-05,0.4382322462197579
D11,Isolet,iid,1390,7627,13,0,0,0,0,0.00018491600076231407,3.957999979320448e-06,1.6541999684704933e-05,2.4124999981722794e-05,0.4382029642197883
D11,Isolet,iid,1391,7628,33,0,0,0,0,0.00018591599928186042,4.042000000481494e-06,1.5124999663385097e-05,2.3916999452922028e-05,0.4382257482392653
D11,Isolet,iid,1392,7629,12,1,0,0,0,0.00018487499983166344,1.2583999705384485e-05,1.7917000150191598e-05,2.3208000129670836e-05,0.43824890645201453
D11,Isolet,iid,1393,7630,17,0,0,0,0,0.00018533299953560345,3.915999513992574e-06,1.7999999727180693e-05,2.2915999579709023e-05,0.43824110206259503
D11,Isolet,iid,1394,7631,2,0,0,0,0,0.0001838750004026224,4.000000444648322e-06,1.766700006555766e-05,2.4208000468206592e-05,0.4382446532986834
D11,Isolet,iid,1395,7632,2,2,8,0,0,0.0001850830003604642,1.966699983313447e-05,1.7709000530885532e-05,2.4124999981722794e-05,0.43819356482168137
D11,Isolet,iid,1396,7633,198,0,0,0,0,0.00019258300017099828,4.000000444648322e-06,1.7708000086713582e-05,2.34159997489769e-05,0.43827982547983835
D11,Isolet,iid,1397,7634,16,0,0,0,0,0.00018400000044493936,3.916000423487276e-06,1.529200017102994e-05,2.3042000066197943e-05,0.4383197096445741
D11,Isolet,iid,1398,7635,1,0,0,0,0,0.00018212499981018482,3.959000423492398e-06,1.5792000340297818e-05,2.3999999939405825e-05,0.43829374253067516
D11,Isolet,iid,1399,7636,1,0,0,0,0,0.00018116699993697694,4.000000444648322e-06,1.516700012871297e-05,2.3874999897088856e-05,0.4382726665959721
D11,Isolet,iid,1400,7637,38,0,0,0,0,0.00018458300019119633,3.99999953515362e-06,1.6125000001920853e-05,2.3334000616159756e-05,0.43830905794660013
D11,Isolet,iid,1401,7638,1,4,5,0,0,0.0002623750006023329,3.908300004695775e-05,2.1708000531361904e-05,3.35000004270114e-05,0.43824460624221523
D11,Isolet,iid,1402,7639,4,2,1,0,0,0.0001904579994516098,2.0000000404252205e-05,1.7124999430961907e-05,2.5999999706982635e-05,0.43820397721763166
D11,Isolet,iid,1403,7640,1,25,555,0,0,0.00019174999943061266,0.0001772089999576565,1.716699989628978e-05,2.4707999727979768e-05,0.43794006839996985
D11,Isolet,iid,1404,7641,11,0,0,0,0,0.00018983300014951965,4.042000000481494e-06,1.554099981149193e-05,2.541699996072566e-05,0.4379664514325639
D11,Isolet,iid,1405,7642,11,0,0,0,0,0.0001862500002971501,3.957999979320448e-06,1.5917000382614788e-05,2.408399996056687e-05,0.4380029281145386
D11,Isolet,iid,1406,7643,64,0,0,0,0,0.00018720900061452994,4.042000000481494e-06,1.4166000255499966e-05,2.3999999939405825e-05,0.438057646672279
D11,Isolet,iid,1407,7644,0,14,79,0,0,0.00018141700002161087,9.970799965230981e-05,1.662500017118873e-05,2.3333999706665054e-05,0.43789711723440544
D11,Isolet,iid,1408,7645,111,0,0,0,0,0.00018954100050905254,4.083000021637417e-06,1.5666999388486147e-05,2.487500023562461e-05,0.4379614416985958
D11,Isolet,iid,1409,7646,55,2,2,0,0,0.00018683300004340708,2.0124999537074473e-05,1.704099940980086e-05,2.4041999495238997e-05,0.4379195624319822
D11,Isolet,iid,1410,7647,1,0,0,0,0,0.0001847909998105024,3.99999953515362e-06,1.7207999917445704e-05,2.5166999876091722e-05,0.43788409411927764
D11,Isolet,iid,1411,7648,11,0,0,0,0,0.00018791700040310388,4.041000465804245e-06,1.5333000192185864e-05,2.2958000045036897e-05,0.43787502555517516
D11,Isolet,iid,1412,7649,26,0,0,0,0,0.00018774999989545904,3.916999958164524e-06,1.39579997266992e-05,2.554099955887068e-05,0.43792819762144086
D11,Isolet,iid,1413,7650,83,0,0,0,0,0.00019079200046689948,3.958999513997696e-06,1.7375000425090548e-05,2.525000036257552e-05,0.437998770044577
D11,Isolet,iid,1414,7651,0,0,0,0,0,0.00018674999955692329,3.99999953515362e-06,1.6042000424931757e-05,2.433300051052356e-05,0.43795663387957595
D11,Isolet,iid,1415,7652,41,0,0,0,0,0.0001861669998106663,3.957999979320448e-06,1.554099981149193e-05,2.408299951639492e-05,0.4380064115345228
D11,Isolet,iid,1416,7653,19,0,0,0,0,0.00018529199951444753,3.957999979320448e-06,1.7291000403929502e-05,2.5208000806742348e-05,0.43804207825095615
D11,Isolet,iid,1417,7654,0,0,0,0,0,0.00018070799978886498,4.000000444648322e-06,1.5874999917286914e-05,2.4959000256785657e-05,0.4379906773061162
D11,Isolet,iid,1418,7655,35,0,0,0,0,0.000187208000170358,3.916999958164524e-06,1.5042000086396001e-05,2.5209000341419596e-05,0.43799104288466356
D11,Isolet,iid,1419,7656,76,0,0,0,0,0.0001875830002973089,3.957999979320448e-06,1.4416000340133905e-05,2.4167000447050668e-05,0.43805962896987044
D11,Isolet,iid,1420,7657,132,0,0,0,0,0.0001891250003609457,3.957999979320448e-06,1.4125000234344043e-05,2.4916999791457783e-05,0.4381306174199132
D11,Isolet,iid,1421,7658,1,0,0,0,0,0.00018420900050841738,4.083999556314666e-06,1.6959000276983716e-05,2.3874999897088856e-05,0.43808243560674276
D11,Isolet,iid,1422,7659,8,0,0,0,0,0.00018374999945081072,3.957999979320448e-06,1.7250000382773578e-05,2.5084000299102627e-05,0.43807678053790733
D11,Isolet,iid,1423,7660,3,5,43,0,0,0.00018329199974687072,3.9957999433681834e-05,1.3666000086232089e-05,2.4166000002878718e-05,0.4379744896040418
D11,Isolet,iid,1424,7661,33,0,0,0,0,0.00018537500000093132,3.957999979320448e-06,1.7124999430961907e-05,2.487500023562461e-05,0.4380106008358788
D11,Isolet,iid,1425,7662,45,0,0,0,0,0.00018637499942997238,4.083000021637417e-06,1.4042000657354947e-05,2.408399996056687e-05,0.4379994963718347
D11,Isolet,iid,1426,7663,2,0,0,0,0,0.00026558399986242875,6.91599962010514e-06,2.354200023546582e-05,3.587500032153912e-05,0.43798173237175647
D11,Isolet,iid,1427,7664,0,2,0,0,0,0.0001838750004026224,2.1208000362094026e-05,1.7458000002079643e-05,2.6790999982040375e-05,0.4379303519615586
D11,Isolet,iid,1428,7665,0,0,0,0,0,0.00018399999953544466,4.042000000481494e-06,1.7082999875128735e-05,2.4957999812613707e-05,0.43790774190962617
D11,Isolet,iid,1429,7666,9,0,0,0,0,0.00018554100006440422,4.083000021637417e-06,1.6833000699989498e-05,2.445800055284053e-05,0.4379003370020274
D11,Isolet,iid,1430,7667,6,12,32,0,0,0.00018370799989497755,8.86249999894062e-05,1.6916000276978593e-05,2.4791999749140814e-05,0.43778904014877573
D11,Isolet,iid,1431,7668,2,0,0,0,0,0.0001833750002333545,3.99999953515362e-06,1.5166999219218269e-05,2.4250000024039764e-05,0.43776948844801716
D11,Isolet,iid,1432,7669,136,0,0,0,0,0.00018841699966287706,3.99999953515362e-06,1.5374999748019036e-05,2.4541999664506875e-05,0.43784371893214546
D11,Isolet,iid,1433,7670,1,0,0,0,0,0.00018474999978934648,4.041000465804245e-06,1.6166000023076776e-05,2.350000067963265e-05,0.43784475296395636
D11,Isolet,iid,1434,7671,4,0,0,0,0,0.0001825420004024636,3.958999513997696e-06,1.5916999473120086e-05,2.408399996056687e-05,0.4378107787941019
D11,Isolet,iid,1435,7672,110,0,0,0,0,0.00018608299978950527,3.99999953515362e-06,1.6167000467248727e-05,2.4124999981722794e-05,0.437862806521618
D11,Isolet,iid,1436,7673,109,0,0,0,0,0.00018841699966287706,4.0409995563095436e-06,1.4416999874811154e-05,2.420900000288384e-05,0.43791165299362117
D11,Isolet,iid,1437,7674,42,0,0,0,0,0.0001855829996202374,3.99999953515362e-06,1.5915999938442837e-05,2.350000067963265e-05,0.4379632356374718
D11,Isolet,iid,1438,7675,7,0,0,0,0,0.0001822499998525018,3.916999958164524e-06,1.6959000276983716e-05,2.4124999981722794e-05,0.43796147973372324
D11,Isolet,iid,1439,7676,124,0,0,0,0,0.00018791699949360918,3.957999979320448e-06,1.4125000234344043e-05,2.3874999897088856e-05,0.4380084635740713
D11,Isolet,iid,1440,7677,17,5,18,0,0,0.00018600000021251617,4.041600004711654e-05,1.5374999748019036e-05,2.4124999981722794e-05,0.4379966566783295
D11,Isolet,iid,1441,7678,29,0,0,0,0,0.0001842499996200786,3.99999953515362e-06,1.7625000509724487e-05,2.379200032009976e-05,0.43799032733334614
D11,Isolet,iid,1442,7679,9,1,0,0,0,0.00018575000012788223,1.2458999663067516e-05,1.6791999769338872e-05,2.4166000002878718e-05,0.43798234000038305
D11,Isolet,iid,1443,7680,6,0,0,0,0,0.00018333299976802664,3.95800088881515e-06,1.5208000149868894e-05,2.45830005951575e-05,0.43795291369306194
D11,Isolet,iid,1444,7681,2,2,18,0,0,0.00019191600040358026,1.966700074262917e-05,1.7208999452122953e-05,2.4542000574001577e-05,0.4378965549321747
D11,Isolet,iid,1445,7682,6,0,0,0,0,0.00018583400014904328,4.083999556314666e-06,1.6125000001920853e-05,2.3458000214304775e-05,0.4379033182560076
D11,Isolet,iid,1446,7683,33,0,0,0,0,0.00018520899993745843,4.042000000481494e-06,1.5583000276819803e-05,2.408299951639492e-05,0.43792471362652474
D11,Isolet,iid,1447,7684,1,7,51,0,0,0.00018545900002209237,5.3084000683156773e-05,1.5333999726863112e-05,2.4250000024039764e-05,0.43781896150476324
D11,Isolet,iid,1448,7685,43,0,0,0,0,0.00018808299955708208,3.957999979320448e-06,1.4874999578751158e-05,2.3874999897088856e-05,0.4378644521378631
D11,Isolet,iid,1449,7686,1,1,7,0,0,0.00018358299985266058,1.2790999790013302e-05,1.6749999304011e-05,2.354099979129387e-05,0.43785659411437405
D11,Isolet,iid,1450,7687,84,0,0,0,0,0.00018820800050889375,4.000000444648322e-06,1.558399981149705e-05,2.4292000489367638e-05,0.4379269370765511
D11,Isolet,iid,1451,7688,1,0,0,0,0,0.0002709159998630639,7.58399983169511e-06,2.420799955871189e-05,3.762500000448199e-05,0.43790095280923264
D11,Isolet,iid,1452,7689,10,0,0,0,0,0.00019100000008620555,4.1249995774705894e-06,1.849999989644857e-05,2.458400012983475e-05,0.43791784201409373
D11,Isolet,iid,1453,7690,58,0,0,0,0,0.00019133299974782858,4.249999619787559e-06,1.84580003406154e-05,2.5707999157020822e-05,0.43798891099694054
D11,Isolet,iid,1454,7691,3,0,0,0,0,0.000187665999874298,4.000000444648322e-06,1.7875000594358426e-05,2.5708999601192772e-05,0.43800468054656155
D11,Isolet,iid,1455,7692,2,0,0,0,0,0.0001871250005933689,4.041000465804245e-06,1.729199993860675e-05,2.56670000453596e-05,0.4379955408037427
D11,Isolet,iid,1456,7693,17,6,48,0,0,0.00018595900019136025,4.983399958291557e-05,1.78339996637078e-05,2.550000044720946e-05,0.43793842159196417
D11,Isolet,iid,1457,7694,106,0,0,0,0,0.00019429199983278522,4.041000465804245e-06,1.795800017134752e-05,2.5332999939564615e-05,0.4380040693479545
D11,Isolet,iid,1458,7695,18,1,0,0,0,0.0001871250005933689,1.2874999811174348e-05,1.766599962138571e-05,2.4166999537555967e-05,0.43798584963651
D11,Isolet,iid,1459,7696,1,1,0,0,0,0.00018545799957792042,1.2458000128390267e-05,1.7500000467407517e-05,2.5166999876091722e-05,0.4379460914092957
D11,Isolet,iid,1460,7697,0,0,0,0,0,0.00017950000074051786,4.083000021637417e-06,1.7749999642546754e-05,2.4666999706823844e-05,0.43789514386824463
D11,Isolet,iid,1461,7698,4,0,0,0,0,0.00019554200025595492,3.99999953515362e-06,1.4959000509406906e-05,2.5249999453080818e-05,0.437875709207297
D11,Isolet,iid,1462,7699,1,2,3,0,0,0.00018483300027583027,1.9916999917768408e-05,1.7875000594358426e-05,2.525000036257552e-05,0.4378150460743093
D11,Isolet,iid,1463,7700,54,0,0,0,0,0.0001872079992608633,3.957999979320448e-06,1.7790999663702678e-05,2.5583000024198554e-05,0.43786563252744326
D11,Isolet,iid,1464,7701,4,0,0,0,0,0.00018737500067800283,3.958999513997696e-06,1.795799926185282e-05,2.4041999495238997e-05,0.43786498254651396
D11,Isolet,iid,1465,7702,3,0,0,0,0,0.0001842499996200786,4.041000465804245e-06,1.4833000022917986e-05,2.4291000045195688e-05,0.43784404931952725
D11,Isolet,iid,1466,7703,59,0,0,0,0,0.00018633400031831115,4.042000000481494e-06,1.5708000319136772e-05,2.5082999854930677e-05,0.43789449937197067
D11,Isolet,iid,1467,7704,0,0,0,0,0,0.00017787500019039726,3.957999979320448e-06,1.6125000001920853e-05,2.39589999182499e-05,0.4378435125948219
D11,Isolet,iid,1468,7705,111,0,0,0,0,0.0001867910004875739,4.000000444648322e-06,1.5166000594035722e-05,2.5207999897247646e-05,0.437918291930417
D11,Isolet,iid,1469,7706,51,2,3,0,0,0.00018499999987398041,2.0000000404252205e-05,1.741699998092372e-05,2.5166999876091722e-05,0.4379140626137405
D11,Isolet,iid,1470,7707,152,0,0,0,0,0.00019183299991709646,4.1249995774705894e-06,1.6959000276983716e-05,2.5084000299102627e-05,0.43798923086292274
D11,Isolet,iid,1471,7708,27,1,0,0,0,0.00018537500000093132,1.2959000741830096e-05,1.758399957907386e-05,2.445900008751778e-05,0.43802756671701415
D11,Isolet,iid,1472,7709,111,0,0,0,0,0.00018745799934549723,4.0409995563095436e-06,1.7749999642546754e-05,2.4250000024039764e-05,0.4381058506031854
D11,Isolet,iid,1473,7710,144,0,0,0,0,0.00019133400019200053,4.083999556314666e-06,1.5250000615196768e-05,2.5291999918408692e-05,0.4381781282003201
D11,Isolet,iid,1474,7711,181,0,0,0,0,0.00019291700027679326,4.083000021637417e-06,1.729199993860675e-05,2.404099996056175e-05,0.4382418754973832
D11,Isolet,iid,1475,7712,0,0,0,0,0,0.00017870800002128817,4.083000021637417e-06,1.6541000150027685e-05,2.5875000574160367e-05,0.43819096545250796
D11,Isolet,iid,1476,7713,21,0,0,0,0,0.0002802500002871966,7.041999197099358e-06,2.1083000319777057e-05,3.454100078670308e-05,0.4381892646867787
D11,Isolet,iid,1477,7714,4,1,0,0,0,0.00019041699943045387,1.3625000065076165e-05,1.6457999663543887e-05,2.4832999770296738e-05,0.43818728937958634
D11,Isolet,iid,1478,7715,18,0,0,0,0,0.00018708300012804102,4.042000000481494e-06,1.4459000340139028e-05,2.5458999516558833e-05,0.43822193136885706
D11,Isolet,iid,1479,7716,0,1,1,0,0,0.0001818330001697177,1.2624999726540409e-05,1.7375000425090548e-05,2.4500000108673703e-05,0.43816179798831467
D11,Isolet,iid,1480,7717,47,0,0,0,0,0.00018900000031862874,4.167000042798463e-06,1.595800040377071e-05,2.34159997489769e-05,0.4382069950616468
D11,Isolet,iid,1481,7718,6,0,0,0,0,0.00018420800006424543,4.083000021637417e-06,1.583299945195904e-05,2.4250000024039764e-05,0.4381964216513076
D11,Isolet,iid,1482,7719,1,1,7,0,0,0.00018404200000077253,1.2417000107234344e-05,1.55829993673251e-05,2.4250000024039764e-05,0.4381256327617054
D11,Isolet,iid,1483,7720,38,0,0,0,0,0.00018762499985314207,4.083000021637417e-06,1.6791000234661624e-05,2.40420004047337e-05,0.43817695046024696
D11,Isolet,iid,1484,7721,1,0,0,0,0,0.00018412499957776163,4.165999598626513e-06,1.5999999959603883e-05,2.4291000045195688e-05,0.4381673285209165
D11,Isolet,iid,1485,7722,18,0,0,0,0,0.000186416000360623,4.000000444648322e-06,1.6666000192344654e-05,2.4000000848900527e-05,0.4381635033608196
D11,Isolet,iid,1486,7723,110,0,0,0,0,0.00018895799985330086,4.042000000481494e-06,1.6125000001920853e-05,2.4208000468206592e-05,0.4382312152934081
D11,Isolet,iid,1487,7724,21,1,0,0,0,0.0001887500002339948,1.2749999768857379e-05,1.4958000065234955e-05,2.445800055284053e-05,0.4382041360305911
D11,Isolet,iid,1488,7725,5,4,8,0,0,0.0001826249999794527,3.412500063859625e-05,1.7624999600229785e-05,2.4500000108673703e-05,0.43819720672603857
D11,Isolet,iid,1489,7726,163,0,0,0,0,0.0001903749998746207,4.000000444648322e-06,1.4375000318977982e-05,2.4166999537555967e-05,0.4382614049871187
D11,Isolet,iid,1490,7727,40,0,0,0,0,0.00018520799949328648,3.99999953515362e-06,1.6125000001920853e-05,2.445800055284053e-05,0.438313384914601
D11,Isolet,iid,1491,7728,4,1,0,0,0,0.00018295900008524768,1.2458999663067516e-05,1.5083999642229173e-05,2.4167000447050668e-05,0.43829550311473603
D11,Isolet,iid,1492,7729,17,0,0,0,0,0.00018458300019119633,4.000000444648322e-06,1.5666999388486147e-05,2.404099996056175e-05,0.4383141553796915
D11,Isolet,iid,1493,7730,1,0,0,0,0,0.0001830000001064036,4.083000021637417e-06,1.4874999578751158e-05,2.4083000425889622e-05,0.4382840723074789
D11,Isolet,iid,1494,7731,5,4,4,0,0,0.00018408300002192846,3.354099953867262e-05,1.7124999430961907e-05,2.4124999981722794e-05,0.43821645259134523
D11,Isolet,iid,1495,7732,3,3,57,0,0,0.00018487500074115815,2.6499999876250513e-05,1.7082999875128735e-05,2.408299951639492e-05,0.43817785036165974
D11,Isolet,iid,1496,7733,7,1,0,0,0,0.0001840840004661004,1.2792000234185252e-05,1.7082999875128735e-05,2.4083000425889622e-05,0.43813825703930254
D11,Isolet,iid,1497,7734,1,0,0,0,0,0.00018437499966239557,3.959000423492398e-06,1.6291999600070994e-05,2.420799955871189e-05,0.4381072262741844
D11,Isolet,iid,1498,7735,1,65,1460,0,0,0.00018404100046609528,0.0004593330004354357,1.7500000467407517e-05,2.9959000130475033e-05,0.4374485046322237
D11,Isolet,iid,1499,7736,0,1,6,0,0,0.00018195899974671192,1.279199932469055e-05,1.5999999959603883e-05,2.445799964334583e-05,0.43742943433093784
D11,Isolet,iid,1500,7737,8,0,0,0,0,0.0001842499996200786,4.042000000481494e-06,1.4874999578751158e-05,2.4500000108673703e-05,0.4374279213746631
D11,Isolet,iid,1501,7738,42,1,1,0,0,0.00031383400073536905,2.1208000362094026e-05,2.337500063731568e-05,3.7709000025643036e-05,0.43741676174786087
D11,Isolet,iid,1502,7739,30,0,0,0,0,0.00019462499949440826,4.3340005504433066e-06,1.7083999409805983e-05,2.6000000616477337e-05,0.43746195299363466
D11,Isolet,iid,1503,7740,9,0,0,0,0,0.00018954100050905254,4.125000486965291e-06,1.662500017118873e-05,2.5291999918408692e-05,0.43746912022846196
D11,Isolet,iid,1504,7741,96,0,0,0,0,0.00019595800040406175,4.083000021637417e-06,1.7207999917445704e-05,2.591700012999354e-05,0.43751424273958966
D11,Isolet,iid,1505,7742,7,0,0,0,0,0.00018933399951492902,4.042000000481494e-06,1.650000012887176e-05,2.445900008751778e-05,0.43750656461804927
D11,Isolet,iid,1506,7743,0,6,13,0,0,0.0001847079993240186,4.879199968854664e-05,1.766700006555766e-05,2.3499999770137947e-05,0.43740259790647623
D11,Isolet,iid,1507,7744,19,5,99,0,0,0.0001890420007839566,4.158299998380244e-05,1.6790999325166922e-05,2.4916999791457783e-05,0.4373622110233684
D11,Isolet,iid,1508,7745,28,1,0,0,0,0.00018774999989545904,1.249999968422344e-05,1.6416999642387964e-05,2.445900008751778e-05,0.4373260940395489
D11,Isolet,iid,1509,7746,76,0,0,0,0,0.00018799999998009298,4.0409995563095436e-06,1.7124999430961907e-05,2.445799964334583e-05,0.43735039336247
D11,Isolet,iid,1510,7747,4,1,0,0,0,0.00018854199970519403,1.2333999620750546e-05,1.5999999959603883e-05,2.579200008767657e-05,0.43732856234369105
D11,Isolet,iid,1511,7748,32,0,0,0,0,0.0001857919996837154,4.084000465809368e-06,1.716699989628978e-05,2.5583000024198554e-05,0.43737426991399003
D11,Isolet,iid,1512,7749,21,0,0,0,0,0.00018666599953576224,4.1249995774705894e-06,1.7041000319295563e-05,2.4124999981722794e-05,0.43734840388664836
D11,Isolet,iid,1513,7750,22,0,0,0,0,0.00018900000031862874,4.041000465804245e-06,1.6833000699989498e-05,2.3208000129670836e-05,0.4373459223652247
D11,Isolet,iid,1514,7751,0,1,0,0,0,0.00018579099923954345,1.2708000213024206e-05,1.650000012887176e-05,2.5499999537714757e-05,0.437295348272794
D11,Isolet,iid,1515,7752,39,0,0,0,0,0.0001890419998744619,4.000000444648322e-06,1.5874999917286914e-05,2.6499999876250513e-05,0.4373498739991575
D11,Isolet,iid,1516,7753,2,3,23,0,0,0.0001887499993245001,2.7875000341737177e-05,1.7207999917445704e-05,2.512499941076385e-05,0.43729194083849504
D11,Isolet,iid,1517,7754,52,0,0,0,0,0.00019558300027711084,4.292000085115433e-06,1.529200017102994e-05,2.4916000256780535e-05,0.4373447059298299
D11,Isolet,iid,1518,7755,57,0,0,0,0,0.00018987499970535282,4.000000444648322e-06,1.541700021334691e-05,2.5166999876091722e-05,0.43740552759403406
D11,Isolet,iid,1519,7756,11,0,0,0,0,0.00018383400038146647,3.99999953515362e-06,1.5208000149868894e-05,2.4500000108673703e-05,0.437425059352435
D11,Isolet,iid,1520,7757,0,1,1,0,0,0.00018704100057220785,1.2708000213024206e-05,1.704199985397281e-05,2.4541999664506875e-05,0.43736940834490795
D11,Isolet,iid,1521,7758,2,0,0,0,0,0.00018499999987398041,4.000000444648322e-06,1.662500017118873e-05,2.4291000045195688e-05,0.4373670574361847
D11,Isolet,iid,1522,7759,4,2,7,0,0,0.0001840840004661004,1.995899947360158e-05,1.541700021334691e-05,2.5207999897247646e-05,0.4373491111432332
D11,Isolet,iid,1523,7760,1,0,0,0,0,0.0001892079999379348,4.000000444648322e-06,1.6916999811655842e-05,2.3040999622025993e-05,0.43733610925310706
D11,Isolet,iid,1524,7761,33,0,0,0,0,0.00018524999995861435,4.042000000481494e-06,1.487500048824586e-05,2.5457999981881585e-05,0.4373730194780022
D11,Isolet,iid,1525,7762,2,1,1,0,0,0.0001863329998741392,1.249999968422344e-05,1.554099981149193e-05,2.5208000806742348e-05,0.43733906954865337
D11,Isolet,iid,1526,7763,0,2,3,0,0,0.0003003330002684379,2.8000000384054147e-05,2.2791999981564004e-05,5.358399994292995e-05,0.4372871305714225
D11,Isolet,iid,1527,7764,0,3,1,0,0,0.000195624999832944,2.8124999516876414e-05,1.6542000594199635e-05,2.591600059531629e-05,0.43723251426404913
D11,Isolet,iid,1528,7765,16,0,0,0,0,0.00019116600014967844,4.208000063954387e-06,1.8124999769497663e-05,2.408299951639492e-05,0.43725279135349504
D11,Isolet,iid,1529,7766,58,0,0,0,0,0.00019337499998073326,4.250000529282261e-06,1.6542000594199635e-05,2.4791999749140814e-05,0.4373048169273169
D11,Isolet,iid,1530,7767,4,0,0,0,0,0.00018791700040310388,4.167000042798463e-06,1.7708000086713582e-05,2.4500000108673703e-05,0.437325466958062
D11,Isolet,iid,1531,7768,24,0,0,0,0,0.00018883400025515584,4.084000465809368e-06,1.754200002324069e-05,2.4625000150990672e-05,0.437363790922338
D11,Isolet,iid,1532,7769,25,1,0,0,0,0.00018979100059368648,1.2958000297658145e-05,1.5333000192185864e-05,2.5624999580031727e-05,0.43736903207940936
D11,Isolet,iid,1533,7770,39,1,10,0,0,0.00018925000040326267,1.316700036113616e-05,1.6291999600070994e-05,2.3249999685504008e-05,0.4373858239046298
D11,Isolet,iid,1534,7771,32,0,0,0,0,0.00018870799976866692,4.083000021637417e-06,1.662500017118873e-05,2.3624999812454917e-05,0.43742047197401
D11,Isolet,iid,1535,7772,13,2,18,0,0,0.00018887500027631177,1.9832999896607362e-05,1.56659998538089e-05,2.354199932597112e-05,0.4373531284630817
D11,Isolet,iid,1536,7773,51,0,0,0,0,0.00020183400010864716,4.292000085115433e-06,1.7332999959762674e-05,2.474999928381294e-05,0.43739099797444253
D11,Isolet,iid,1537,7774,94,0,0,0,0,0.00019062499995925464,4.083000021637417e-06,1.7500000467407517e-05,2.525000036257552e-05,0.4374548015416123
D11,Isolet,iid,1538,7775,0,0,0,0,0,0.0001850420003393083,4.083000021637417e-06,1.5458000234502833e-05,2.4625000150990672e-05,0.43740436118571663
D11,Isolet,iid,1539,7776,0,4,4,0,0,0.00018258300042361952,3.420799930609064e-05,1.570799940964207e-05,2.4375000066356733e-05,0.4373318901964294
D11,Isolet,iid,1540,7777,8,0,0,0,0,0.0002038750008068746,4.417000127432402e-06,1.650000012887176e-05,2.89999998130952e-05,0.4373444276419171
D11,Isolet,iid,1541,7778,41,1,1,0,0,0.0001894999995784019,1.2624999726540409e-05,1.608299953659298e-05,2.4791999749140814e-05,0.43737015160318854
D11,Isolet,iid,1542,7779,56,0,0,0,0,0.00019125000017083948,4.042000000481494e-06,1.6957999832811765e-05,2.4291000045195688e-05,0.4374196253274463
D11,Isolet,iid,1543,7780,42,0,0,0,0,0.00018929199995909585,4.042000000481494e-06,1.5749999874969944e-05,2.512500032025855e-05,0.4374543249676178
D11,Isolet,iid,1544,7781,0,0,0,0,0,0.00018470899976819055,4.083999556314666e-06,1.5209000594040845e-05,2.4375000066356733e-05,0.43742864379484553
D11,Isolet,iid,1545,7782,0,0,0,0,0,0.00018312500014872057,4.042000000481494e-06,1.4582999938284047e-05,2.433300051052356e-05,0.43737822771721646
D11,Isolet,iid,1546,7783,30,1,2,0,0,0.0001899999997476698,1.2624999726540409e-05,1.67500002135057e-05,2.4916999791457783e-05,0.4373780233502156
D11,Isolet,iid,1547,7784,0,0,0,0,0,0.00018545900002209237,4.167000042798463e-06,1.5583000276819803e-05,2.354099979129387e-05,0.4373367591492839
D11,Isolet,iid,1548,7785,59,0,0,0,0,0.00019625000004452886,4.208000063954387e-06,1.7375000425090548e-05,2.4500000108673703e-05,0.43739227757558985
D11,Isolet,iid,1549,7786,4,0,0,0,0,0.0002021670006797649,4.417000127432402e-06,1.7082999875128735e-05,2.6540999897406437e-05,0.43739516807745854
D11,Isolet,iid,1550,7787,13,0,0,0,0,0.00020120800036238506,4.624999746738467e-06,1.6457999663543887e-05,2.5249999453080818e-05,0.4374028382719232
D11,Isolet,iid,1551,7788,2,2,7,0,0,0.0002750409994405345,2.6749999960884452e-05,2.2750000425730832e-05,3.6916999306413345e-05,0.4373188522658524
D11,Isolet,iid,1552,7789,26,0,0,0,0,0.00019895800051017432,4.666000677389093e-06,1.8542000361776445e-05,2.791699989757035e-05,0.4373449922495365
D11,Isolet,iid,1553,7790,9,0,0,0,0,0.00020141700042586308,4.542000169749372e-06,1.6709000192349777e-05,2.4750000193307642e-05,0.43734150628455565
D11,Isolet,iid,1554,7791,40,0,0,0,0,0.00019916699966415763,4.417000127432402e-06,1.7041000319295563e-05,2.579200008767657e-05,0.4373125260350887
D11,Isolet,iid,1555,7792,73,0,0,0,0,0.00019941699974879157,4.165999598626513e-06,1.7374999515595846e-05,2.579099964350462e-05,0.4373648319972877
D11,Isolet,iid,1556,7793,0,1,0,0,0,0.00019241599966335343,1.3875000149710104e-05,1.8249999811814632e-05,2.6916999559034593e-05,0.43731450908387387
D11,Isolet,iid,1557,7794,0,6,66,0,0,0.00019195799995941343,4.837500000576256e-05,1.6250000044237822e-05,2.8624999686144292e-05,0.4371963645568247
D11,Isolet,iid,1558,7795,101,0,0,0,0,0.00020266699993953807,4.542000169749372e-06,1.7458000002079643e-05,2.9165999876568094e-05,0.4372632335768115
D11,Isolet,iid,1559,7796,2,0,0,0,0,0.00021133300015208079,4.749999789055437e-06,1.7082999875128735e-05,2.6916000024357345e-05,0.4372510334826869
D11,Isolet,class_sorted,0,6237,18,0,0,0,0,0.0002274999997098348,8.208000508602709e-06,2.045800010819221e-05,3.6124999496678356e-05,0.4453749074306155
D11,Isolet,class_sorted,1,6238,8,1,0,0,0,0.00020716600010928232,2.0000000404252205e-05,2.195900015067309e-05,4.600000011123484e-05,0.44539621680802555
D11,Isolet,class_sorted,2,6239,31,0,0,0,0,0.00015583300046273507,4.958000317856204e-06,1.5792000340297818e-05,2.6249999791616574e-05,0.44545966905109524
D11,Isolet,class_sorted,3,6240,6,0,0,0,0,0.00015050000001792796,4.125000486965291e-06,1.2667000191868283e-05,2.3167000108514912e-05,0.44547678742071634
D11,Isolet,class_sorted,4,6241,10,0,0,0,0,0.00014970800020819297,3.832999937003478e-06,1.2708000213024206e-05,2.258299991808599e-05,0.44551261357797545
D11,Isolet,class_sorted,5,6242,22,3,13,0,0,0.00014979099978518207,2.6749999960884452e-05,1.2083000001439359e-05,2.249999943160219e-05,0.4455183442631986
D11,Isolet,class_sorted,6,6243,1,0,0,0,0,0.00014908299999660812,3.666000338853337e-06,1.2292000064917374e-05,2.100000074278796e-05,0.4454671479852341
D11,Isolet,class_sorted,7,6244,30,0,0,0,0,0.0001482499992562225,3.5000002753804438e-06,1.2208999578433577e-05,2.1584000023722183e-05,0.44552895218536226
D11,Isolet,class_sorted,8,6245,11,5,70,0,0,0.00014816600014455616,3.924999964510789e-05,1.2333000086073298e-05,2.2125000214145985e-05,0.445558343512506
D11,Isolet,class_sorted,9,6246,38,2,3,0,0,0.0001502089999121381,1.758399957907386e-05,1.1791999895649496e-05,2.1958000615995843e-05,0.44561249611446124
D11,Isolet,class_sorted,10,6247,44,0,0,0,0,0.0001483329997427063,3.499999365885742e-06,1.1999999514955562e-05,2.087499979097629e-05,0.44568164419060274
D11,Isolet,class_sorted,11,6248,11,0,0,0,0,0.0001473339998483425,3.541999831213616e-06,1.183299991680542e-05,2.1582999579550233e-05,0.4456852081200629
D11,Isolet,class_sorted,12,6249,2,1,0,0,0,0.00014904099953128025,1.1499999345687684e-05,1.1790999451477546e-05,2.1374999960244168e-05,0.44567701388374575
D11,Isolet,class_sorted,13,6250,2,0,0,0,0,0.00014699999974254752,3.6669998735305853e-06,1.2167000022600405e-05,2.179200055252295e-05,0.4456671350754406
D11,Isolet,class_sorted,14,6251,8,0,0,0,0,0.0001461670008211513,3.583999387046788e-06,1.2167000022600405e-05,2.1165999896766152e-05,0.4457130267915553
D11,Isolet,class_sorted,15,6252,0,0,0,0,0,0.00014637500044045737,3.5000002753804438e-06,1.1915999493794516e-05,2.1999999262334313e-05,0.44568499952023416
D11,Isolet,class_sorted,16,6253,27,0,0,0,0,0.00015133299984881887,3.4580007195472717e-06,1.1750000339816324e-05,2.1625000044878107e-05,0.445734956179017
D11,Isolet,class_sorted,17,6254,4,0,0,0,0,0.00014745800035598222,3.5000002753804438e-06,1.1791999895649496e-05,2.1374999960244168e-05,0.4457604131807395
D11,Isolet,class_sorted,18,6255,20,0,0,0,0,0.00014829100018687313,3.499999365885742e-06,1.1790999451477546e-05,2.0833000235143118e-05,0.44574623476417496
D11,Isolet,class_sorted,19,6256,35,0,0,0,0,0.00014795900005992735,3.5000002753804438e-06,1.1833000826300122e-05,2.1458000446727965e-05,0.445813938272185
D11,Isolet,class_sorted,20,6257,8,0,0,0,0,0.00014754199946764857,3.3750002330634743e-06,1.1999999514955562e-05,2.1749999177700374e-05,0.4458331880597976
D11,Isolet,class_sorted,21,6258,17,2,6,0,0,0.00014766700041946024,1.7625000509724487e-05,1.1874999472638592e-05,2.1584000023722183e-05,0.4458573712077117
D11,Isolet,class_sorted,22,6259,4,11,77,0,0,0.00015549999989161734,7.349999941652641e-05,1.370799964206526e-05,2.0792000213987194e-05,0.4457597484596148
D11,Isolet,class_sorted,23,6260,3,1,6,0,0,0.0001461669999116566,1.1125000128231477e-05,1.2167000022600405e-05,2.1708000531361904e-05,0.4456885904830975
D11,Isolet,class_sorted,24,6261,25,0,0,0,0,0.00014704099976370344,3.5830007618642412e-06,1.1791999895649496e-05,2.1875000129512046e-05,0.4456905090939854
D11,Isolet,class_sorted,25,6262,53,0,0,0,0,0.00014745899989065947,3.45900025422452e-06,1.2167000022600405e-05,2.1707999621867202e-05,0.4457615838536984
D11,Isolet,class_sorted,26,6263,5,0,0,0,0,0.00020520900034171063,6.499999471998308e-06,1.7999999727180693e-05,3.1292000130633824e-05,0.4457374550990955
D11,Isolet,class_sorted,27,6264,13,1,0,0,0,0.0001512079998065019,1.2958000297658145e-05,1.2833999790018424e-05,2.4416999622189905e-05,0.44574060801045107
D11,Isolet,class_sorted,28,6265,11,0,0,0,0,0.00015987500046321657,4.042000000481494e-06,1.3042000318819191e-05,2.325000059499871e-05,0.44571243226160606
D11,Isolet,class_sorted,29,6266,10,0,0,0,0,0.00014891699993313523,3.99999953515362e-06,1.2667000191868283e-05,2.28749995585531e-05,0.4457316956329893
D11,Isolet,class_sorted,30,6267,7,1,2,0,0,0.00014962499972170917,1.2792000234185252e-05,1.2749999768857379e-05,2.2917000023880973e-05,0.4457396561379782
D11,Isolet,class_sorted,31,6268,1,30,319,0,0,0.0001504580004620948,0.00020133300040470203,1.2208000043756329e-05,2.4208000468206592e-05,0.4452882508325396
D11,Isolet,class_sorted,32,6269,37,0,0,0,0,0.0001523749997431878,3.5000002753804438e-06,1.2500000593718141e-05,2.2334000277624e-05,0.4453463486968042
D11,Isolet,class_sorted,33,6270,8,3,2,0,0,0.00014891599948896328,2.5499999537714757e-05,1.2708000213024206e-05,2.1791000108351e-05,0.445332754301252
D11,Isolet,class_sorted,34,6271,32,0,0,0,0,0.000150584000039089,3.541999831213616e-06,1.2291000530240126e-05,2.2833000002719928e-05,0.4453776913827137
D11,Isolet,class_sorted,35,6272,22,0,0,0,0,0.00014887499946780736,3.667000783025287e-06,1.2415999663062394e-05,2.087499979097629e-05,0.4454233735748969
D11,Isolet,class_sorted,36,6273,9,0,0,0,0,0.0001564999993206584,4.208999598631635e-06,1.2749999768857379e-05,2.28750004680478e-05,0.44543782638561397
D11,Isolet,class_sorted,37,6274,16,1,0,0,0,0.00014979200022935402,1.1874999472638592e-05,1.208400044561131e-05,2.2541999896930065e-05,0.4454003442895989
D11,Isolet,class_sorted,38,6275,10,1,0,0,0,0.0001485840002715122,1.1249999261053745e-05,1.1874999472638592e-05,2.1207999452599324e-05,0.4453967049870611
D11,Isolet,class_sorted,39,6276,8,1,0,0,0,0.00014720800027134828,1.1083000572398305e-05,1.170799987448845e-05,2.0250000488886144e-05,0.44535920656477895
D11,Isolet,class_sorted,40,6277,22,0,0,0,0,0.0001482500001657172,3.6250003176974133e-06,1.1916999937966466e-05,2.1249999917927198e-05,0.445384383625689
D11,Isolet,class_sorted,41,6278,13,1,0,0,0,0.00014687500060972525,1.0833000487764366e-05,1.1750000339816324e-05,1.9791999875451438e-05,0.4454018580500751
D11,Isolet,class_sorted,42,6279,17,1,1,0,0,0.00014645800001744647,1.0917000508925412e-05,1.1875000382133294e-05,2.0791999304492492e-05,0.4453953411315121
D11,Isolet,class_sorted,43,6280,8,1,2,0,0,0.00014637500044045737,1.1166999684064649e-05,1.1875000382133294e-05,2.0958000277460087e-05,0.445354906577104
D11,Isolet,class_sorted,44,6281,5,0,0,0,0,0.00014604199986933963,3.45799981005257e-06,1.2292000064917374e-05,2.0666999262175523e-05,0.44536851773898184
D11,Isolet,class_sorted,45,6282,10,0,0,0,0,0.0001461669999116566,3.5000002753804438e-06,1.1916999937966466e-05,2.00829999812413e-05,0.4453790110796127
D11,Isolet,class_sorted,46,6283,20,0,0,0,0,0.0001474999999118154,3.583999387046788e-06,1.1750000339816324e-05,2.1374999960244168e-05,0.4454143048596484
D11,Isolet,class_sorted,47,6284,1,1,0,0,0,0.00014858299982734025,1.1625000297499355e-05,1.1874999472638592e-05,2.1457999537233263e-05,0.44536382296136623
D11,Isolet,class_sorted,48,6285,61,0,0,0,0,0.00014962499972170917,3.6250003176974133e-06,1.2332999176578596e-05,2.1249999917927198e-05,0.44542620478865924
D11,Isolet,class_sorted,49,6286,3,0,0,0,0,0.0001471659998060204,3.541999831213616e-06,1.2083000001439359e-05,1.9874999452440534e-05,0.4453917352679738
D11,Isolet,class_sorted,50,6287,1,0,0,0,0,0.00014666599963675253,3.499999365885742e-06,1.170799987448845e-05,2.087500070047099e-05,0.4453612167913478
D11,Isolet,class_sorted,51,6288,0,5,23,0,0,0.00019425000027695205,4.429199998412514e-05,2.1709000066039152e-05,3.4124999729101546e-05,0.44530375458582994
D11,Isolet,class_sorted,52,6289,29,0,0,0,0,0.00015450000046257628,4.000000444648322e-06,1.4541000382450875e-05,2.366700027778279e-05,0.4453462610444568
D11,Isolet,class_sorted,53,6290,36,1,0,0,0,0.00015087500014487887,1.170799987448845e-05,1.275000067835208e-05,2.2541000362252817e-05,0.44541479632102254
D11,Isolet,class_sorted,54,6291,26,0,0,0,0,0.00015024999993329402,3.6669998735305853e-06,1.2708000213024206e-05,2.2166999769979157e-05,0.445437517611459
D11,Isolet,class_sorted,55,6292,30,0,0,0,0,0.00014987500071583781,3.45799981005257e-06,1.2458000128390267e-05,2.179200055252295e-05,0.4455066923290151
D11,Isolet,class_sorted,56,6293,24,0,0,0,0,0.00015004199940449325,3.417000698391348e-06,1.2083000001439359e-05,2.195799970650114e-05,0.44554064512725994
D11,Isolet,class_sorted,57,6294,27,2,13,0,0,0.00014929200006008614,1.8000000636675395e-05,1.2292000064917374e-05,2.191600015066797e-05,0.44554426471579717
D11,Isolet,class_sorted,58,6295,29,0,0,0,0,0.00014924999959475826,3.541999831213616e-06,1.2040999536111485e-05,2.0915999812132213e-05,0.44558715798618054
D11,Isolet,class_sorted,59,6296,6,0,0,0,0,0.00014837499929853948,3.5410002965363674e-06,1.195799995912239e-05,2.1707999621867202e-05,0.4455970282332479
D11,Isolet,class_sorted,60,6297,9,0,0,0,0,0.00015149999944696901,3.8749994928366505e-06,1.2500000593718141e-05,2.195799970650114e-05,0.445622207527007
D11,Isolet,class_sorted,61,6298,4,0,0,0,0,0.0001482090001445613,3.5000002753804438e-06,1.2041999980283435e-05,2.1916999685345218e-05,0.445601527373207
D11,Isolet,class_sorted,62,6299,43,0,0,0,0,0.000150374999975611,3.45799981005257e-06,1.1999999514955562e-05,2.1875000129512046e-05,0.44566334490872034
D11,Isolet,class_sorted,63,6300,59,0,0,0,0,0.00015254200025083264,3.4589993447298184e-06,1.195900040329434e-05,2.2000000171829015e-05,0.4457511736390135
D11,Isolet,class_sorted,64,6301,31,1,0,0,0,0.00014954199923522538,1.1584000276343431e-05,1.208400044561131e-05,2.11669994314434e-05,0.44576021653209424
D11,Isolet,class_sorted,65,6302,0,0,0,0,0,0.00014433300020755269,3.5410002965363674e-06,1.6582999705860857e-05,2.204200063715689e-05,0.44569665072508113
D11,Isolet,class_sorted,66,6303,1,4,8,0,0,0.00015016699944681022,3.1292000130633824e-05,1.3457999557431322e-05,2.2415999410441145e-05,0.4455851990716075
D11,Isolet,class_sorted,67,6304,0,0,0,0,0,0.00014404199919226812,3.5000002753804438e-06,1.2624999726540409e-05,2.2083000658312812e-05,0.445521584743445
D11,Isolet,class_sorted,68,6305,3,0,0,0,0,0.00014854199980618432,3.45799981005257e-06,1.2166000487923156e-05,2.179200055252295e-05,0.4454886831919486
D11,Isolet,class_sorted,69,6306,7,1,0,0,0,0.000149125000461936,1.1499999345687684e-05,1.1916999937966466e-05,2.1750000087195076e-05,0.44548466036004053
D11,Isolet,class_sorted,70,6307,1,1,2,0,0,0.00014908299999660812,1.1208000614715274e-05,1.2000000424450263e-05,2.1040999854449183e-05,0.4454062131725153
D11,Isolet,class_sorted,71,6308,3,0,0,0,0,0.00014833400018687826,3.45900025422452e-06,1.2208999578433577e-05,2.1625000044878107e-05,0.4453866588700981
D11,Isolet,class_sorted,72,6309,1,4,9,0,0,0.00014887499946780736,2.9957999686303083e-05,1.1874999472638592e-05,2.208399928349536e-05,0.4452943177693549
D11,Isolet,class_sorted,73,6310,1,3,3,0,0,0.00015004200031398796,2.3708000298938714e-05,1.195799995912239e-05,2.208299974881811e-05,0.44522526482785874
D11,Isolet,class_sorted,74,6311,5,0,0,0,0,0.000148791000356141,3.4580007195472717e-06,1.1916999937966466e-05,2.2000000171829015e-05,0.4452374904742358
D11,Isolet,class_sorted,75,6312,0,0,0,0,0,0.00014412499967875192,3.45900025422452e-06,1.1916999937966466e-05,2.1791000108351e-05,0.4451935961921695
D11,Isolet,class_sorted,76,6313,0,0,0,0,0,0.0001867080000010901,5.083000360173173e-06,1.6707999748177826e-05,3.0125000193947926e-05,0.44515609584647575
D11,Isolet,class_sorted,77,6314,3,0,0,0,0,0.00015179199999693083,3.665999429358635e-06,1.2542000149551313e-05,2.1625000044878107e-05,0.44513173095957864
D11,Isolet,class_sorted,78,6315,0,4,9,0,0,0.00014433300020755269,3.300000025774352e-05,1.3083999874652363e-05,2.3708999833615962e-05,0.44506274465667256
D11,Isolet,class_sorted,79,6316,0,1,0,0,0,0.0001471250006943592,1.1541000276338309e-05,1.6417000551882666e-05,2.208399928349536e-05,0.4450104334282468
D11,Isolet,class_sorted,80,6317,1,2,2,0,0,0.00015224999970087083,1.795800017134752e-05,1.3083000339975115e-05,2.4750000193307642e-05,0.4449719851981059
D11,Isolet,class_sorted,81,6318,1,0,0,0,0,0.0001504580004620948,3.7500003600143827e-06,1.22499995995895e-05,2.1750000087195076e-05,0.44494924309639355
D11,Isolet,class_sorted,82,6319,1,1,1,0,0,0.00014999999984866008,1.1750000339816324e-05,1.2041999980283435e-05,2.2125000214145985e-05,0.44491035823472586
D11,Isolet,class_sorted,83,6320,0,4,3,0,0,0.00014429200018639676,3.0124999284453224e-05,1.1750000339816324e-05,2.166600006603403e-05,0.4448281696240126
D11,Isolet,class_sorted,84,6321,0,1,2,0,0,0.00014604100033466239,1.1457999789854512e-05,1.1916999937966466e-05,2.204100019298494e-05,0.4447441069372856
D11,Isolet,class_sorted,85,6322,5,2,1,0,0,0.00014879199989081826,1.8124999769497663e-05,1.1916999937966466e-05,2.191600015066797e-05,0.4447198262952245
D11,Isolet,class_sorted,86,6323,0,0,0,0,0,0.00014341699989017798,3.45900025422452e-06,1.1791999895649496e-05,2.1875000129512046e-05,0.44465564800887863
D11,Isolet,class_sorted,87,6324,2,2,0,0,0,0.00014808400010224432,1.7666999156062957e-05,1.1625000297499355e-05,2.1584000023722183e-05,0.44462944137320737
D11,Isolet,class_sorted,88,6325,0,4,2,0,0,0.00014329100031318376,2.9417000405373983e-05,1.1791999895649496e-05,2.1624999135383405e-05,0.44456137038962606
D11,Isolet,class_sorted,89,6326,1,2,0,0,0,0.00014862500029266812,1.7792000107874628e-05,1.17090003186604e-05,2.1500000002561137e-05,0.4445115044068567
D11,Isolet,class_sorted,90,6327,3,0,0,0,0,0.00014829100018687313,3.499999365885742e-06,1.1915999493794516e-05,2.1582999579550233e-05,0.4445024827191699
D11,Isolet,class_sorted,91,6328,0,0,0,0,0,0.0001515420008217916,3.5829998523695394e-06,1.1874999472638592e-05,2.220799979113508e-05,0.4444498139265136
D11,Isolet,class_sorted,92,6329,1,2,5,0,0,0.00014862500029266812,1.758399957907386e-05,1.1625000297499355e-05,2.1583000489044935e-05,0.44437278419017995
D11,Isolet,class_sorted,93,6330,0,1,2,0,0,0.00014341600035550073,1.1042000551242381e-05,1.1666999853332527e-05,2.141599998140009e-05,0.4442885204210467
D11,Isolet,class_sorted,94,6331,2,3,1,0,0,0.00014833400018687826,2.3458000214304775e-05,1.1666999853332527e-05,2.179200055252295e-05,0.4442271654433419
D11,Isolet,class_sorted,95,6332,0,2,2,0,0,0.00014399999963643495,1.7584000488568563e-05,1.1708999409165699e-05,2.1834000108356122e-05,0.4441428676666862
D11,Isolet,class_sorted,96,6333,3,1,0,0,0,0.000148333000652201,1.1250000170548446e-05,1.195799995912239e-05,2.1333000404410996e-05,0.44409950976937457
D11,Isolet,class_sorted,97,6334,5,0,0,0,0,0.0001493339996159193,3.541999831213616e-06,1.1915999493794516e-05,2.2250000256462954e-05,0.4440847837284261
D11,Isolet,class_sorted,98,6335,1,0,0,0,0,0.00015045899999677204,3.541999831213616e-06,1.183400036097737e-05,2.3083999622031115e-05,0.4440236846739224
D11,Isolet,class_sorted,99,6336,2,5,14,0,0,0.00015020799946796615,3.987499985669274e-05,1.2041999980283435e-05,2.2165999325807206e-05,0.4438917450349624
D11,Isolet,class_sorted,100,6337,0,0,0,0,0,0.00014533299963659374,3.5410002965363674e-06,1.2167000022600405e-05,2.2291999812296126e-05,0.4438587398978762
D11,Isolet,class_sorted,101,6338,1,0,0,0,0,0.00023062499985826435,6.749999556632247e-06,2.4124999981722794e-05,4.070799968758365e-05,0.4438204745313869
D11,Isolet,class_sorted,102,6339,5,0,0,0,0,0.0001536250001663575,4.042000000481494e-06,1.487500048824586e-05,2.3208000129670836e-05,0.44380339248919143
D11,Isolet,class_sorted,103,6340,1,0,0,0,0,0.0001512080007159966,3.666000338853337e-06,1.2917000276502222e-05,2.1500000002561137e-05,0.44374704613048477
D11,Isolet,class_sorted,104,6341,3,0,0,0,0,0.00014870900031382916,3.5000002753804438e-06,1.2125000466767233e-05,2.245799987576902e-05,0.4437163523574686
D11,Isolet,class_sorted,105,6342,4,0,0,0,0,0.00014766699950996554,3.415999344724696e-06,1.1916999937966466e-05,2.2000000171829015e-05,0.4437132612808933
D11,Isolet,class_sorted,106,6343,0,0,0,0,0,0.00014358299995365087,3.5829998523695394e-06,1.1833000826300122e-05,2.220900023530703e-05,0.44366844316804527
D11,Isolet,class_sorted,107,6344,1,0,0,0,0,0.00014829200063104508,3.5000002753804438e-06,1.1874999472638592e-05,2.1167000340938102e-05,0.44363520898400527
D11,Isolet,class_sorted,108,6345,3,0,0,0,0,0.0001510420006525237,3.45799981005257e-06,1.1999999514955562e-05,2.1082999410282355e-05,0.44360459749681713
D11,Isolet,class_sorted,109,6346,10,2,1,0,0,0.00014783400001761038,2.1208000362094026e-05,1.2250000509084202e-05,2.1208999896771275e-05,0.44359658373329774
D11,Isolet,class_sorted,110,6347,0,0,0,0,0,0.00014283299969974905,3.5829998523695394e-06,1.2124999557272531e-05,2.195799970650114e-05,0.4435434110095329
D11,Isolet,class_sorted,111,6348,6,1,0,0,0,0.0001477920004617772,1.249999968422344e-05,1.2167000022600405e-05,2.0792000213987194e-05,0.44352935905839624
D11,Isolet,class_sorted,112,6349,0,0,0,0,0,0.00014320799982669996,3.416000254219398e-06,1.1749999430321623e-05,2.1750000087195076e-05,0.44349074651078474
D11,Isolet,class_sorted,113,6350,0,0,0,0,0,0.0001430000002073939,3.499999365885742e-06,1.1750000339816324e-05,2.112499987561023e-05,0.4434258950260457
D11,Isolet,class_sorted,114,6351,5,1,10,0,0,0.00014783300048293313,1.2917000276502222e-05,1.22499995995895e-05,2.2291999812296126e-05,0.4433873899972113
D11,Isolet,class_sorted,115,6352,2,2,8,0,0,0.00014791599915042752,1.887500002339948e-05,1.1625000297499355e-05,2.0917000256304163e-05,0.44332070062183804
D11,Isolet,class_sorted,116,6353,1,0,0,0,0,0.0001482090001445613,3.4589993447298184e-06,1.1750000339816324e-05,2.191600015066797e-05,0.4433133913529346
D11,Isolet,class_sorted,117,6354,2,0,0,0,0,0.00014745799944648752,3.499999365885742e-06,1.170799987448845e-05,2.1042000298621133e-05,0.4432862299125652
D11,Isolet,class_sorted,118,6355,0,0,0,0,0,0.0001429169997209101,3.5000002753804438e-06,1.1875000382133294e-05,2.2416999854613096e-05,0.44322126394525724
D11,Isolet,class_sorted,119,6356,0,1,5,0,0,0.0001429999992978992,1.1915999493794516e-05,1.1582999832171481e-05,2.0832999325648416e-05,0.44319596659484944
D11,Isolet,class_sorted,120,6357,2,0,0,0,0,0.00014708399976370856,3.5000002753804438e-06,1.2375000551401172e-05,2.2000000171829015e-05,0.44319188056241826
D11,Isolet,class_sorted,121,6358,1,1,0,0,0,0.0001478750000387663,1.1582999832171481e-05,1.1625000297499355e-05,2.1292000383255072e-05,0.4431320497419248
D11,Isolet,class_sorted,122,6359,102,0,0,0,0,0.00015295799948944477,3.5829998523695394e-06,1.5750000784464646e-05,2.2124999304651283e-05,0.4432163629884596
D11,Isolet,class_sorted,123,6360,56,0,0,0,0,0.00015287499991245568,3.5410002965363674e-06,1.3374999980442226e-05,2.087499979097629e-05,0.4432735744745065
D11,Isolet,class_sorted,124,6361,89,0,0,0,0,0.00015079200056788977,3.583999387046788e-06,1.2459000572562218e-05,2.2166999769979157e-05,0.4433530471004944
D11,Isolet,class_sorted,125,6362,108,0,0,0,0,0.0001519999996162369,3.6250003176974133e-06,1.22499995995895e-05,2.0917000256304163e-05,0.4433908063645631
D11,Isolet,class_sorted,126,6363,16,0,0,0,0,0.00020679199951700866,6.0409993238863535e-06,1.7250000382773578e-05,3.066600038437173e-05,0.44337120167830585
D11,Isolet,class_sorted,127,6364,4,3,13,0,0,0.00015120900025067385,2.5583000024198554e-05,1.2999999853491317e-05,2.28750004680478e-05,0.44333177452238365
D11,Isolet,class_sorted,128,6365,140,0,0,0,0,0.00015412500033562537,3.5410002965363674e-06,1.2417000107234344e-05,2.2375000298779923e-05,0.4434341120327046
D11,Isolet,class_sorted,129,6366,9,0,0,0,0,0.00014895799995429115,3.45799981005257e-06,1.1791999895649496e-05,2.1834000108356122e-05,0.443414561206987
D11,Isolet,class_sorted,130,6367,112,0,0,0,0,0.00015162500039878068,3.541999831213616e-06,1.1915999493794516e-05,2.2124999304651283e-05,0.4434976577537657
D11,Isolet,class_sorted,131,6368,129,0,0,0,0,0.00015091699970071204,3.6250003176974133e-06,1.1791999895649496e-05,2.1916999685345218e-05,0.4435893855787581
D11,Isolet,class_sorted,132,6369,134,0,0,0,0,0.00015387500025099143,3.707999894686509e-06,1.2125000466767233e-05,2.195900015067309e-05,0.4436425274612837
D11,Isolet,class_sorted,133,6370,132,0,0,0,0,0.00015066600008140085,3.3329997677356005e-06,1.1874999472638592e-05,2.2375000298779923e-05,0.443739132133412
D11,Isolet,class_sorted,134,6371,68,0,0,0,0,0.0001556249999339343,3.499999365885742e-06,1.1791999895649496e-05,2.2166999769979157e-05,0.44371873465468425
D11,Isolet,class_sorted,135,6372,123,0,0,0,0,0.00015162499948928598,3.3749993235687725e-06,1.1874999472638592e-05,2.220900023530703e-05,0.44380066333282864
D11,Isolet,class_sorted,136,6373,0,0,0,0,0,0.0001433749994248501,3.4169997888966464e-06,1.1916999937966466e-05,2.1999999262334313e-05,0.4437378974722332
D11,Isolet,class_sorted,137,6374,4,0,0,0,0,0.0001490419999754522,3.4169997888966464e-06,1.170799987448845e-05,2.1707999621867202e-05,0.4437014940392694
D11,Isolet,class_sorted,138,6375,133,0,0,0,0,0.000150832999679551,3.45799981005257e-06,1.1874999472638592e-05,2.1875000129512046e-05,0.44379446326908084
D11,Isolet,class_sorted,139,6376,124,0,0,0,0,0.0001502920003986219,3.3750002330634743e-06,1.17090003186604e-05,2.1916999685345218e-05,0.4438829458685767
D11,Isolet,class_sorted,140,6377,127,0,0,0,0,0.00015249999978550477,3.5410002965363674e-06,1.2292000064917374e-05,2.2250000256462954e-05,0.44397944591349103
D11,Isolet,class_sorted,141,6378,72,0,0,0,0,0.00015045799955260009,3.416000254219398e-06,1.2000000424450263e-05,2.166600006603403e-05,0.44398372050636564
D11,Isolet,class_sorted,142,6379,79,0,0,0,0,0.0001502920003986219,3.45799981005257e-06,1.3249999938125256e-05,2.2291000277618878e-05,0.4440518326192099
D11,Isolet,class_sorted,143,6380,6,1,0,0,0,0.00014812500012340024,1.2208000043756329e-05,1.2167000022600405e-05,2.1749999177700374e-05,0.4440169906518498
D11,Isolet,class_sorted,144,6381,1,0,0,0,0,0.0001487499994254904,3.5829998523695394e-06,1.1708000783983152e-05,2.1916999685345218e-05,0.4439809754497061
D11,Isolet,class_sorted,145,6382,137,0,0,0,0,0.00015124999936233507,3.5000002753804438e-06,1.262500063603511e-05,2.191600015066797e-05,0.4440722802691913
D11,Isolet,class_sorted,146,6383,15,0,0,0,0,0.00014887499946780736,3.541999831213616e-06,1.1584000276343431e-05,2.195799970650114e-05,0.444033591056933
D11,Isolet,class_sorted,147,6384,70,0,0,0,0,0.00015016700035630492,3.45900025422452e-06,1.1833999451482669e-05,2.1584000023722183e-05,0.4440051602990397
D11,Isolet,class_sorted,148,6385,34,0,0,0,0,0.00014900000041961903,3.5000002753804438e-06,1.1750000339816324e-05,2.1832999664184172e-05,0.44397923644170345
D11,Isolet,class_sorted,149,6386,11,0,0,0,0,0.00014854199980618432,3.541999831213616e-06,1.1791000360972248e-05,2.166600006603403e-05,0.4439640943307865
D11,Isolet,class_sorted,150,6387,105,0,0,0,0,0.00015087499923538417,3.541999831213616e-06,1.195900040329434e-05,2.1791999643028248e-05,0.4440466382440751
D11,Isolet,class_sorted,151,6388,18,0,0,0,0,0.0002231660000688862,7.5420002758619376e-06,2.6165999770455528e-05,3.829199977190001e-05,0.4439883236184073
D11,Isolet,class_sorted,152,6389,74,0,0,0,0,0.00015699999948992627,4.208000063954387e-06,1.5083000107551925e-05,2.3374999727820978e-05,0.44397065857057105
D11,Isolet,class_sorted,153,6390,25,0,0,0,0,0.00015179100046225358,3.6250003176974133e-06,1.2915999832330272e-05,2.233299983345205e-05,0.44393829180008726
D11,Isolet,class_sorted,154,6391,105,0,0,0,0,0.00015370900018751854,3.6250003176974133e-06,1.2707999303529505e-05,2.2707999960402958e-05,0.44402594851882576
D11,Isolet,class_sorted,155,6392,140,0,0,0,0,0.0001553329993839725,3.5829998523695394e-06,1.2375000551401172e-05,2.1500000002561137e-05,0.44412136621112974
D11,Isolet,class_sorted,156,6393,140,0,0,0,0,0.00015645799976482522,4.042000000481494e-06,1.2375000551401172e-05,2.2250000256462954e-05,0.4441712710262777
D11,Isolet,class_sorted,157,6394,18,0,0,0,0,0.00014991700027167099,3.5410002965363674e-06,1.1916999937966466e-05,2.2000000171829015e-05,0.4441506424977928
D11,Isolet,class_sorted,158,6395,85,0,0,0,0,0.0001522920001661987,3.5829998523695394e-06,1.237499964190647e-05,2.1834000108356122e-05,0.44422195155003846
D11,Isolet,class_sorted,159,6396,43,0,0,0,0,0.000150374999975611,3.5840002965414897e-06,1.2333999620750546e-05,2.1167000340938102e-05,0.44425834845079804
D11,Isolet,class_sorted,160,6397,0,0,0,0,0,0.0001446249998480198,3.541999831213616e-06,1.2375000551401172e-05,2.1875000129512046e-05,0.4441946306480436
D11,Isolet,class_sorted,161,6398,56,0,0,0,0,0.0001507500001025619,3.5410002965363674e-06,1.2083000001439359e-05,2.208299974881811e-05,0.44417084736325857
D11,Isolet,class_sorted,162,6399,96,0,0,0,0,0.00015187499957391992,3.5000002753804438e-06,1.2250000509084202e-05,2.1875000129512046e-05,0.4441907782933914
D11,Isolet,class_sorted,163,6400,25,3,47,0,0,0.00014920899957360234,2.6542000341578387e-05,1.2291000530240126e-05,2.1625000044878107e-05,0.4440363074474221
D11,Isolet,class_sorted,164,6401,127,0,0,0,0,0.00015233400063152658,3.583999387046788e-06,1.208400044561131e-05,2.1916999685345218e-05,0.44412622909471544
D11,Isolet,class_sorted,165,6402,122,0,0,0,0,0.0001515829999334528,3.5420007407083176e-06,1.2124999557272531e-05,2.166699960071128e-05,0.4442141494041046
D11,Isolet,class_sorted,166,6403,135,0,0,0,0,0.00015204099963739282,3.499999365885742e-06,1.2165999578428455e-05,2.1916999685345218e-05,0.44430850880664075
D11,Isolet,class_sorted,167,6404,81,0,0,0,0,0.00015166699995461386,3.6250003176974133e-06,1.2167000022600405e-05,2.1083999854454305e-05,0.4443720696106384
D11,Isolet,class_sorted,168,6405,133,0,0,0,0,0.00015166699995461386,3.5409993870416656e-06,1.22499995995895e-05,2.2000000171829015e-05,0.4444609161491873
D11,Isolet,class_sorted,169,6406,65,0,0,0,0,0.00015162499948928598,3.5410002965363674e-06,1.2125000466767233e-05,2.1750000087195076e-05,0.44452743762216484
D11,Isolet,class_sorted,170,6407,79,0,0,0,0,0.0001512080007159966,3.5000002753804438e-06,1.2124999557272531e-05,2.1582999579550233e-05,0.44455667288321865
D11,Isolet,class_sorted,171,6408,18,3,10,0,0,0.0001489590003984631,2.7291999685985502e-05,1.2208000043756329e-05,2.1208999896771275e-05,0.44444573756953176
D11,Isolet,class_sorted,172,6409,99,0,0,0,0,0.00015187499957391992,3.541999831213616e-06,1.2208000043756329e-05,2.1791000108351e-05,0.44452047651662735
D11,Isolet,class_sorted,173,6410,1,1,2,0,0,0.00015150000035646372,1.2333000086073298e-05,1.195799995912239e-05,2.1750000087195076e-05,0.4444439331085333
D11,Isolet,class_sorted,174,6411,33,0,0,0,0,0.00015033299951028312,3.5410002965363674e-06,1.249999968422344e-05,2.204100019298494e-05,0.4444707011621322
D11,Isolet,class_sorted,175,6412,111,0,0,0,0,0.00015150000035646372,3.541999831213616e-06,1.22499995995895e-05,2.0958999812137336e-05,0.4445484980555266
D11,Isolet,class_sorted,176,6413,36,0,0,0,0,0.00023662500007048948,7.165999704739079e-06,2.1290999939083122e-05,3.758300044864882e-05,0.44455809322613954
D11,Isolet,class_sorted,177,6414,132,0,0,0,0,0.00015762499970151111,4.1249995774705894e-06,1.2999999853491317e-05,2.2791999981564004e-05,0.444644203967335
D11,Isolet,class_sorted,178,6415,138,0,0,0,0,0.00016154199965967564,3.7909994716756046e-06,1.249999968422344e-05,2.2375000298779923e-05,0.4447350626034205
D11,Isolet,class_sorted,179,6416,152,0,0,0,0,0.00015366699972219067,3.666000338853337e-06,1.2665999747696333e-05,2.2291999812296126e-05,0.4448268158826084
D11,Isolet,class_sorted,180,6417,145,0,0,0,0,0.00015483399965887656,3.7500003600143827e-06,1.2375000551401172e-05,2.245799987576902e-05,0.4449153582761769
D11,Isolet,class_sorted,181,6418,23,1,0,0,0,0.00015062499915075023,1.249999968422344e-05,1.2583000170707237e-05,2.208400019299006e-05,0.44488090322558754
D11,Isolet,class_sorted,182,6419,163,0,0,0,0,0.00015441599953192053,3.6249994082027115e-06,1.2458000128390267e-05,2.245799987576902e-05,0.4449593605828139
D11,Isolet,class_sorted,183,6420,94,0,0,0,0,0.00015337500008172356,3.5840002965414897e-06,1.2083999536116607e-05,2.179200055252295e-05,0.4450394255483065
D11,Isolet,class_sorted,184,6421,40,0,0,0,0,0.00015204200008156477,3.5410002965363674e-06,1.2041999980283435e-05,2.2041999727662187e-05,0.4450015901595201
D11,Isolet,class_sorted,185,6422,7,0,0,0,0,0.00014954099970054813,3.541999831213616e-06,1.6417000551882666e-05,2.1750000087195076e-05,0.4450117386455862
D11,Isolet,class_sorted,186,6423,19,0,0,0,0,0.0001498749998063431,3.541999831213616e-06,1.3625000065076165e-05,2.195799970650114e-05,0.44503684545948685
D11,Isolet,class_sorted,187,6424,11,0,0,0,0,0.00014945899965823628,3.541999831213616e-06,1.2665999747696333e-05,2.1707999621867202e-05,0.44504590504921204
D11,Isolet,class_sorted,188,6425,29,2,0,0,0,0.00015012500080047175,1.808400065783644e-05,1.2542000149551313e-05,2.195799970650114e-05,0.44505659315737217
D11,Isolet,class_sorted,189,6426,2,1,0,0,0,0.00014891699993313523,1.1291999726381619e-05,1.1791999895649496e-05,2.1833000573678873e-05,0.44500380488703595
D11,Isolet,class_sorted,190,6427,16,0,0,0,0,0.00015025000084278872,3.5410002965363674e-06,1.1916999937966466e-05,2.1875000129512046e-05,0.44503221505442725
D11,Isolet,class_sorted,191,6428,0,2,0,0,0,0.00014495899995381478,1.900000006571645e-05,1.195799995912239e-05,2.1582999579550233e-05,0.4449698654341807
D11,Isolet,class_sorted,192,6429,1,1,11,0,0,0.00015095800063136267,1.1666999853332527e-05,1.195900040329434e-05,2.195900015067309e-05,0.4448577025026514
D11,Isolet,class_sorted,193,6430,1,0,0,0,0,0.0001498340006946819,3.5840002965414897e-06,1.2250000509084202e-05,2.2291999812296126e-05,0.44483002975765157
D11,Isolet,class_sorted,194,6431,2,1,1,0,0,0.00014870799986965721,1.1208999239897821e-05,1.154200072051026e-05,2.2000000171829015e-05,0.4447669699966412
D11,Isolet,class_sorted,195,6432,5,0,0,0,0,0.00014891599948896328,3.541999831213616e-06,1.1833999451482669e-05,2.1875000129512046e-05,0.4447769947867814
D11,Isolet,class_sorted,196,6433,5,1,0,0,0,0.00014924999959475826,1.0957999620586634e-05,1.1666999853332527e-05,2.1875000129512046e-05,0.44473207241122414
D11,Isolet,class_sorted,197,6434,24,0,0,0,0,0.00015054199957376113,3.5000002753804438e-06,1.2292000064917374e-05,2.233299983345205e-05,0.444756120992889
D11,Isolet,class_sorted,198,6435,9,0,0,0,0,0.00014945800012355903,3.5000002753804438e-06,1.2124999557272531e-05,2.1832999664184172e-05,0.44476732116446127
D11,Isolet,class_sorted,199,6436,4,0,0,0,0,0.0001491249995524413,3.5840002965414897e-06,1.1875000382133294e-05,2.208299974881811e-05,0.44477208749197317
D11,Isolet,class_sorted,200,6437,12,0,0,0,0,0.00014916599957359722,3.45799981005257e-06,1.170799987448845e-05,2.1750000087195076e-05,0.4448017061241401
D11,Isolet,class_sorted,201,6438,2,2,1,0,0,0.0002213750003647874,2.391700036241673e-05,1.662500017118873e-05,3.3666000490484294e-05,0.44474233990009476
D11,Isolet,class_sorted,202,6439,1,0,0,0,0,0.00015791599980730098,3.791999915847555e-06,1.2917000276502222e-05,2.3166000573837664e-05,0.444682598383113
D11,Isolet,class_sorted,203,6440,8,1,2,0,0,0.0001547920001030434,1.1582999832171481e-05,1.2333000086073298e-05,2.2833000002719928e-05,0.44469145492702844
D11,Isolet,class_sorted,204,6441,10,0,0,0,0,0.00015708299997641006,3.7500003600143827e-06,1.2458999663067516e-05,2.2917000023880973e-05,0.44470896452188213
D11,Isolet,class_sorted,205,6442,7,0,0,0,0,0.00015333299961639568,3.6249994082027115e-06,1.2290999620745424e-05,2.1875000129512046e-05,0.4446884784750391
D11,Isolet,class_sorted,206,6443,4,2,0,0,0,0.00015374999929917976,2.0708000192826148e-05,1.2500000593718141e-05,2.487500023562461e-05,0.4446488275331582
D11,Isolet,class_sorted,207,6444,10,0,0,0,0,0.0001556249999339343,3.6669998735305853e-06,1.2624999726540409e-05,2.3374999727820978e-05,0.44464216910243515
D11,Isolet,class_sorted,208,6445,32,0,0,0,0,0.00015758300014567794,3.6669998735305853e-06,1.2415999663062394e-05,2.354200023546582e-05,0.4446692195545275
D11,Isolet,class_sorted,209,6446,0,0,0,0,0,0.00014979199931985931,3.5840002965414897e-06,1.237499964190647e-05,2.2958000045036897e-05,0.44460627988571383
D11,Isolet,class_sorted,210,6447,12,0,0,0,0,0.00015354099923570175,3.707999894686509e-06,1.2208000043756329e-05,2.2707999960402958e-05,0.4446246935415132
D11,Isolet,class_sorted,211,6448,1,3,2,0,0,0.0001539999993838137,2.4957999812613707e-05,1.195799995912239e-05,2.1624999135383405e-05,0.4445444735988598
D11,Isolet,class_sorted,212,6449,0,0,0,0,0,0.0001478750000387663,3.541999831213616e-06,1.22499995995895e-05,2.2541999896930065e-05,0.44448145386395116
D11,Isolet,class_sorted,213,6450,14,0,0,0,0,0.00015337500008172356,3.6669998735305853e-06,1.2167000022600405e-05,2.258299991808599e-05,0.4445115141219027
D11,Isolet,class_sorted,214,6451,7,1,0,0,0,0.00015283399989129975,1.1958999493799638e-05,1.2125000466767233e-05,2.354200023546582e-05,0.4444700716266193
D11,Isolet,class_sorted,215,6452,22,2,3,0,0,0.0001564999993206584,1.900000006571645e-05,1.2250000509084202e-05,2.3374999727820978e-05,0.4444354685137765
D11,Isolet,class_sorted,216,6453,20,0,0,0,0,0.0001556249999339343,3.6250003176974133e-06,1.2334000530245248e-05,2.3624999812454917e-05,0.44447899468685403
D11,Isolet,class_sorted,217,6454,18,0,0,0,0,0.0001565829998071422,3.6249994082027115e-06,1.2415999663062394e-05,2.2249999346968252e-05,0.4445266309028096
D11,Isolet,class_sorted,218,6455,5,0,0,0,0,0.00016700000014679972,4.458999683265574e-06,1.2667000191868283e-05,2.420900000288384e-05,0.44446821674293696
D11,Isolet,class_sorted,219,6456,2,0,0,0,0,0.00015454200001840945,3.6249994082027115e-06,1.2417000107234344e-05,2.2540999452758115e-05,0.4444273254347499
D11,Isolet,class_sorted,220,6457,7,0,0,0,0,0.00015416699989145854,3.5829998523695394e-06,1.2207999134261627e-05,2.2833000002719928e-05,0.4444487824016336
D11,Isolet,class_sorted,221,6458,9,0,0,0,0,0.0001553329993839725,3.6249994082027115e-06,1.2250000509084202e-05,2.2917000023880973e-05,0.444426697765772
D11,Isolet,class_sorted,222,6459,3,0,0,0,0,0.00015279200033546658,3.6250003176974133e-06,1.2041999980283435e-05,2.2750000425730832e-05,0.44439475045709115
D11,Isolet,class_sorted,223,6460,0,0,0,0,0,0.00014929200006008614,3.6669998735305853e-06,1.2208000043756329e-05,2.1916999685345218e-05,0.4443313944113866
D11,Isolet,class_sorted,224,6461,34,0,0,0,0,0.00015441699997609248,3.707999894686509e-06,1.2000000424450263e-05,2.3167000108514912e-05,0.4443859229752218
D11,Isolet,class_sorted,225,6462,6,0,0,0,0,0.00015375000020867446,3.541999831213616e-06,1.2000000424450263e-05,2.2958999579714146e-05,0.44434515593814256
D11,Isolet,class_sorted,226,6463,16,0,0,0,0,0.0002445420004733023,8.416999662586022e-06,2.4957999812613707e-05,5.220800085226074e-05,0.4443738943934029
D11,Isolet,class_sorted,227,6464,22,0,0,0,0,0.00016845800018927548,5.166999471839517e-06,1.5416999303852208e-05,3.033400025742594e-05,0.444401840261436
D11,Isolet,class_sorted,228,6465,1,1,0,0,0,0.00016341599985025823,1.4500000361294951e-05,1.3374999980442226e-05,2.337500063731568e-05,0.4443416220063619
D11,Isolet,class_sorted,229,6466,1,2,3,0,0,0.00015699999948992627,1.9084000086877495e-05,1.3249999938125256e-05,2.4249999114545062e-05,0.444290801675432
D11,Isolet,class_sorted,230,6467,33,0,0,0,0,0.00015737499961687718,3.7920008253422566e-06,1.2833999790018424e-05,2.3458999748982023e-05,0.4443456194282481
D11,Isolet,class_sorted,231,6468,6,0,0,0,0,0.00015829200037842384,3.541999831213616e-06,1.2584000614879187e-05,2.2791999981564004e-05,0.4443046378786089
D11,Isolet,class_sorted,232,6469,11,0,0,0,0,0.00015637500018783612,3.499999365885742e-06,1.2292000064917374e-05,2.262499947391916e-05,0.4443164407315475
D11,Isolet,class_sorted,233,6470,11,1,0,0,0,0.00015541700031462824,1.1624999388004653e-05,1.2375000551401172e-05,2.3042000066197943e-05,0.44430941691936116
D11,Isolet,class_sorted,234,6471,1,0,0,0,0,0.00015541700031462824,3.5000002753804438e-06,1.2292000064917374e-05,2.2791999981564004e-05,0.4442595061689745
D11,Isolet,class_sorted,235,6472,5,0,0,0,0,0.00015516599978582235,3.5829998523695394e-06,1.2332999176578596e-05,2.2707999960402958e-05,0.4442335549223741
D11,Isolet,class_sorted,236,6473,0,5,15,0,0,0.00015033399995445507,3.7583999983326066e-05,1.2583999705384485e-05,2.3208999664348084e-05,0.44407932815629503
D11,Isolet,class_sorted,237,6474,6,0,0,0,0,0.00015691600037825992,3.6249994082027115e-06,1.3541999578592367e-05,2.40420004047337e-05,0.4440955901072212
D11,Isolet,class_sorted,238,6475,13,0,0,0,0,0.00015741700008220505,3.791999915847555e-06,1.2665999747696333e-05,2.354199932597112e-05,0.4441112298001652
D11,Isolet,class_sorted,239,6476,0,0,0,0,0,0.0001520000005257316,3.6250003176974133e-06,1.237499964190647e-05,2.258299991808599e-05,0.44407812903086735
D11,Isolet,class_sorted,240,6477,2,0,0,0,0,0.00015537500075879507,3.6249994082027115e-06,1.716699989628978e-05,2.274999951623613e-05,0.4440424137306545
D11,Isolet,class_sorted,241,6478,1,4,3,0,0,0.00015579200044157915,3.091600046900567e-05,1.4000000192027073e-05,2.2625000383413862e-05,0.44399173154253624
D11,Isolet,class_sorted,242,6479,3,0,0,0,0,0.0001535419996798737,3.5840002965414897e-06,1.3374999980442226e-05,2.2791000446886756e-05,0.4439649071452091
D11,Isolet,class_sorted,243,6480,1,0,0,0,0,0.00015383299978566356,3.5829998523695394e-06,1.2999999853491317e-05,2.2458999410446268e-05,0.4439353113361382
D11,Isolet,class_sorted,244,6481,2,1,1,0,0,0.00015483300012419932,1.129100019170437e-05,1.2333000086073298e-05,2.262499947391916e-05,0.4438728166623347
D11,Isolet,class_sorted,245,6482,1,0,0,0,0,0.00015529200027231127,3.709000338858459e-06,1.2542000149551313e-05,2.433299960102886e-05,0.44382266465079706
D11,Isolet,class_sorted,246,6483,2,1,0,0,0,0.0001673340002525947,1.2417000107234344e-05,1.2375000551401172e-05,2.3458999748982023e-05,0.443785596552646
D11,Isolet,class_sorted,247,6484,2,0,0,0,0,0.00015670799984945916,3.6669998735305853e-06,1.22499995995895e-05,2.258299991808599e-05,0.44375177884947836
D11,Isolet,class_sorted,248,6485,1,5,5,0,0,0.00015662499936297536,3.683400063891895e-05,1.2250000509084202e-05,2.3083000087353867e-05,0.44368219437663786
D11,Isolet,class_sorted,249,6486,0,1,0,0,0,0.00015058300050441176,1.1250000170548446e-05,1.2041999980283435e-05,2.2625000383413862e-05,0.4436206096579315
D11,Isolet,class_sorted,250,6487,1,1,4,0,0,0.0001551670002299943,1.1374999303370714e-05,1.2250000509084202e-05,2.2791999981564004e-05,0.44354847854824886
D11,Isolet,class_sorted,251,6488,1,0,0,0,0,0.0002046250001512817,5.83300061407499e-06,1.6125000001920853e-05,3.183299941156292e-05,0.4435061678479458
D11,Isolet,class_sorted,252,6489,1,1,2,0,0,0.00016266599959635641,1.3332999515114352e-05,1.4874999578751158e-05,2.4625000150990672e-05,0.44344122103827877
D11,Isolet,class_sorted,253,6490,0,0,0,0,0,0.0001511250002295128,3.8749994928366505e-06,1.2957999388163444e-05,2.34159997489769e-05,0.44337953247586903
D11,Isolet,class_sorted,254,6491,2,0,0,0,0,0.0001567919998706202,3.5829998523695394e-06,1.2790999790013302e-05,2.2541999896930065e-05,0.4433404139522616
D11,Isolet,class_sorted,255,6492,8,4,5,0,0,0.00015775000065332279,3.129199922113912e-05,1.2665999747696333e-05,2.3624999812454917e-05,0.4433186500489842
D11,Isolet,class_sorted,256,6493,1,3,14,0,0,0.0001571669999975711,2.5209000341419596e-05,1.2542000149551313e-05,2.2541000362252817e-05,0.4432604177280023
D11,Isolet,class_sorted,257,6494,3,1,3,0,0,0.00015754099968035007,1.1332999747537542e-05,1.2582999261212535e-05,2.3208999664348084e-05,0.44321612324211257
D11,Isolet,class_sorted,258,6495,2,2,3,0,0,0.0001570409995110822,1.795800017134752e-05,1.2208000043756329e-05,2.3707999389444012e-05,0.44320857518693985
D11,Isolet,class_sorted,259,6496,8,1,2,0,0,0.00015754200012452202,1.1666000318655279e-05,1.287500072066905e-05,2.329099970665993e-05,0.443193164536326
D11,Isolet,class_sorted,260,6497,1,0,0,0,0,0.00015787499978614505,3.6250003176974133e-06,1.2833999790018424e-05,2.354200023546582e-05,0.4431425558106935
D11,Isolet,class_sorted,261,6498,0,16,163,0,0,0.00015158400037762476,0.00010820799980137963,1.2874999811174348e-05,2.3583000256621744e-05,0.44303909098969796
D11,Isolet,class_sorted,262,6499,0,2,0,0,0,0.00015333400006056763,1.8042000192508567e-05,1.2541000614874065e-05,2.3333000171987806e-05,0.44298843652257003
D11,Isolet,class_sorted,263,6500,0,0,0,0,0,0.0001526670002931496,3.5840002965414897e-06,1.3208999916969333e-05,2.354199932597112e-05,0.44292647565629256
D11,Isolet,class_sorted,264,6501,0,3,41,0,0,0.0001543750004202593,2.5874999664665665e-05,1.3625000065076165e-05,2.7209000108996406e-05,0.442799252837153
D11,Isolet,class_sorted,265,6502,3,0,0,0,0,0.0001604999997653067,4.249999619787559e-06,1.316599991696421e-05,2.5749999622348696e-05,0.44281313470816297
D11,Isolet,class_sorted,266,6503,0,1,2,0,0,0.00015470800008188235,1.2624999726540409e-05,1.2958999832335394e-05,2.5041999833774753e-05,0.44273690126477105
D11,Isolet,class_sorted,267,6504,1,1,1,0,0,0.0001626249995752005,1.4166999790177215e-05,1.2749999768857379e-05,2.3749999854771886e-05,0.442674570623679
D11,Isolet,class_sorted,268,6505,3,0,0,0,0,0.00015829199946892913,3.832999937003478e-06,1.2833000255341176e-05,2.2791999981564004e-05,0.44265164944296564
D11,Isolet,class_sorted,269,6506,1,4,11,0,0,0.00016083299942692975,3.6499999623629265e-05,1.2542000149551313e-05,2.5165999431919772e-05,0.4425739967615624
D11,Isolet,class_sorted,270,6507,0,0,0,0,0,0.00015358300061052432,3.791999915847555e-06,1.2999999853491317e-05,2.3499999770137947e-05,0.44251187498319866
D11,Isolet,class_sorted,271,6508,0,2,2,0,0,0.00015404100031446433,2.1167000340938102e-05,1.2708999747701455e-05,2.700000004551839e-05,0.44242720666234675
D11,Isolet,class_sorted,272,6509,1,0,0,0,0,0.0001615840001250035,4.208999598631635e-06,1.4459000340139028e-05,2.6249999791616574e-05,0.4423875665587435
D11,Isolet,class_sorted,273,6510,0,6,22,0,0,0.00015541700031462824,5.2458000027399976e-05,1.2540999705379363e-05,2.7166999643668532e-05,0.44222474560372677
D11,Isolet,class_sorted,274,6511,1,2,3,0,0,0.00016283300010400126,2.087499979097629e-05,1.3500000022759195e-05,2.6167000214627478e-05,0.44215130054396357
D11,Isolet,class_sorted,275,6512,3,3,0,0,0,0.0001601249996383558,2.5999999706982635e-05,1.3040999874647241e-05,2.354200023546582e-05,0.4421158797384994
D11,Isolet,class_sorted,276,6513,0,0,0,0,0,0.0002222500006610062,8.166999577952083e-06,2.445799964334583e-05,3.74589999410091e-05,0.44207907434564103
D11,Isolet,class_sorted,277,6514,0,1,13,0,0,0.0001548749996800325,1.3207999472797383e-05,1.437499940948328e-05,2.420799955871189e-05,0.4420003150498179
D11,Isolet,class_sorted,278,6515,2,1,21,0,0,0.00015808300031494582,1.2500000593718141e-05,1.3333999959286302e-05,2.3916999452922028e-05,0.4419566716898876
D11,Isolet,class_sorted,279,6516,0,0,0,0,0,0.00015500000063184416,3.6669998735305853e-06,1.2624999726540409e-05,2.3042000066197943e-05,0.44189437211148036
D11,Isolet,class_sorted,280,6517,1,0,0,0,0,0.00015774999974382808,3.6250003176974133e-06,1.262500063603511e-05,2.3499999770137947e-05,0.4418755510798183
D11,Isolet,class_sorted,281,6518,0,2,3,0,0,0.00015154099946812494,1.9207999685022514e-05,1.237499964190647e-05,2.3083000087353867e-05,0.44179398583773616
D11,Isolet,class_sorted,282,6519,0,1,0,0,0,0.00015154100037761964,1.170799987448845e-05,1.2333000086073298e-05,2.329199924133718e-05,0.44173162228395557
D11,Isolet,class_sorted,283,6520,1,1,0,0,0,0.00015729099959571613,1.183299991680542e-05,1.237499964190647e-05,2.3416000658471603e-05,0.4416837411681588
D11,Isolet,class_sorted,284,6521,1,0,0,0,0,0.00015720800001872703,3.749999450519681e-06,1.316700036113616e-05,2.3458000214304775e-05,0.4416376237588316
D11,Isolet,class_sorted,285,6522,0,4,2,0,0,0.00015258300027198857,3.40409997079405e-05,1.2375000551401172e-05,2.391599991824478e-05,0.44156665514414367
D11,Isolet,class_sorted,286,6523,2,2,2,0,0,0.000156875000357104,1.862499993876554e-05,1.237499964190647e-05,2.274999951623613e-05,0.44149149769118023
D11,Isolet,class_sorted,287,6524,1,0,0,0,0,0.00015729200003988808,3.665999429358635e-06,1.2292000064917374e-05,2.3749999854771886e-05,0.44143273485180795
D11,Isolet,class_sorted,288,6525,0,0,0,0,0,0.00015187500048341462,3.7089994293637574e-06,1.2749999768857379e-05,2.3708000298938714e-05,0.4413702546088538
D11,Isolet,class_sorted,289,6526,0,0,0,0,0,0.00015354100014519645,3.7500003600143827e-06,1.2416999197739642e-05,2.3165999664342962e-05,0.44130775592637095
D11,Isolet,class_sorted,290,6527,1,1,7,0,0,0.00015749999965919415,1.1874999472638592e-05,1.2540999705379363e-05,2.3791999410605058e-05,0.44122100660039487
D11,Isolet,class_sorted,291,6528,1,0,0,0,0,0.00015862500004004687,4.1249995774705894e-06,1.2874999811174348e-05,2.3332999262493104e-05,0.4412043661442462
D11,Isolet,class_sorted,292,6529,0,2,3,0,0,0.00015345800056820735,1.820800025598146e-05,1.2457999218895566e-05,2.379099987592781e-05,0.44114002341760084
D11,Isolet,class_sorted,293,6530,0,0,0,0,0,0.0001645419997657882,4.292000085115433e-06,1.2665999747696333e-05,2.383299943176098e-05,0.4410774489699926
D11,Isolet,class_sorted,294,6531,2,0,0,0,0,0.0001584999999977299,3.791999915847555e-06,1.2417000107234344e-05,2.3458999748982023e-05,0.4410617274051959
D11,Isolet,class_sorted,295,6532,3,1,0,0,0,0.00015762499970151111,1.22499995995895e-05,1.7792000107874628e-05,2.341699928365415e-05,0.4410721498901708
D11,Isolet,class_sorted,296,6533,26,0,0,0,0,0.00015845800044189673,3.7500003600143827e-06,1.4000000192027073e-05,2.354200023546582e-05,0.44114475892960514
D11,Isolet,class_sorted,297,6534,10,8,19,0,0,0.00015895900014584186,6.054200002836296e-05,1.2999999853491317e-05,2.408399996056687e-05,0.4410235176371936
D11,Isolet,class_sorted,298,6535,19,0,0,0,0,0.00015941699984978186,3.7080008041812107e-06,1.2583000170707237e-05,2.3874999897088856e-05,0.4410442692188485
D11,Isolet,class_sorted,299,6536,39,0,0,0,0,0.00015945799987093778,3.749999450519681e-06,1.2208000043756329e-05,2.3708000298938714e-05,0.44108801018468874
D11,Isolet,class_sorted,300,6537,23,0,0,0,0,0.000158582999574719,3.8749994928366505e-06,1.2124999557272531e-05,2.3583000256621744e-05,0.4410935400279228
D11,Isolet,class_sorted,301,6538,8,0,0,0,0,0.0002240839994556154,6.750000466126949e-06,1.8834000002243556e-05,3.712499983521411e-05,0.44104924514675475
D11,Isolet,class_sorted,302,6539,0,4,40,0,0,0.0001565000002301531,3.51250000676373e-05,1.316599991696421e-05,2.45830005951575e-05,0.44095009732670243
D11,Isolet,class_sorted,303,6540,10,17,229,0,0,0.0001600420000613667,0.00012070899992977502,1.2292000064917374e-05,2.4250000024039764e-05,0.44078177881286784
D11,Isolet,class_sorted,304,6541,2,13,221,0,0,0.00015854100001888582,9.283300005336059e-05,1.2500000593718141e-05,2.4250000024039764e-05,0.44045244159972213
D11,Isolet,class_sorted,305,6542,11,0,0,0,0,0.0001593750002939487,3.707999894686509e-06,1.2291000530240126e-05,2.2416999854613096e-05,0.44041882952124556
D11,Isolet,class_sorted,306,6543,7,2,6,0,0,0.0001572500004840549,1.779100057319738e-05,1.2250000509084202e-05,2.312500055268174e-05,0.44038266054871367
D11,Isolet,class_sorted,307,6544,3,0,0,0,0,0.00015683299989177613,3.6250003176974133e-06,1.2083000001439359e-05,2.2291000277618878e-05,0.4403413646048224
D11,Isolet,class_sorted,308,6545,40,0,0,0,0,0.00015816699942661216,3.5840002965414897e-06,1.2333999620750546e-05,2.3334000616159756e-05,0.44041249813554717
D11,Isolet,class_sorted,309,6546,6,20,281,0,0,0.00015754200012452202,0.00013070900058664847,1.1916999937966466e-05,2.2250000256462954e-05,0.4400941870558394
D11,Isolet,class_sorted,310,6547,0,40,1015,0,0,0.00015254200025083264,0.0002498339999874588,1.2333999620750546e-05,2.3624999812454917e-05,0.43928000008425616
D11,Isolet,class_sorted,311,6548,5,1,5,0,0,0.0001582080003572628,1.1583000741666183e-05,1.183299991680542e-05,2.3083000087353867e-05,0.43925787571183866
D11,Isolet,class_sorted,312,6549,47,0,0,0,0,0.0001596669999344158,3.665999429358635e-06,1.2958000297658145e-05,2.3374999727820978e-05,0.4393171997385779
D11,Isolet,class_sorted,313,6550,18,1,10,0,0,0.00015795800027262885,1.145899932453176e-05,1.1750000339816324e-05,2.3292000150831882e-05,0.4392938981530654
D11,Isolet,class_sorted,314,6551,30,0,0,0,0,0.000157667000166839,3.6669998735305853e-06,1.2124999557272531e-05,2.3334000616159756e-05,0.4393510411116924
D11,Isolet,class_sorted,315,6552,20,0,0,0,0,0.00015783300023031188,3.7080008041812107e-06,1.2041999980283435e-05,2.3208000129670836e-05,0.4393486636802322
D11,Isolet,class_sorted,316,6553,7,0,0,0,0,0.00015729200003988808,3.707999894686509e-06,1.2290999620745424e-05,2.300000051036477e-05,0.43936217058953964
D11,Isolet,class_sorted,317,6554,24,0,0,0,0,0.00015808300031494582,3.666000338853337e-06,1.2041999980283435e-05,2.2917000023880973e-05,0.43940184986498954
D11,Isolet,class_sorted,318,6555,16,0,0,0,0,0.00015708299997641006,3.6250003176974133e-06,1.2333999620750546e-05,2.3167000108514912e-05,0.4394280117613052
D11,Isolet,class_sorted,319,6556,29,0,0,0,0,0.00015795800027262885,3.707999894686509e-06,1.2040999536111485e-05,2.2791999981564004e-05,0.4394716634755604
D11,Isolet,class_sorted,320,6557,4,2,45,0,0,0.0001570410004205769,1.8250000721309334e-05,1.195900040329434e-05,2.312499964318704e-05,0.43944034577875213
D11,Isolet,class_sorted,321,6558,3,3,5,0,0,0.00016016700010368368,2.5166999876091722e-05,1.1915999493794516e-05,2.3333000171987806e-05,0.43937011419881916
D11,Isolet,class_sorted,322,6559,10,0,0,0,0,0.00015824999991309596,3.834000381175429e-06,1.2208999578433577e-05,2.337500063731568e-05,0.43936723154952123
D11,Isolet,class_sorted,323,6560,53,0,0,0,0,0.0001660409998294199,3.6669998735305853e-06,1.249999968422344e-05,2.28749995585531e-05,0.43945484783131994
D11,Isolet,class_sorted,324,6561,17,0,0,0,0,0.00015799999982846202,3.7909994716756046e-06,1.3582999599748291e-05,2.4041999495238997e-05,0.43944604165369666
D11,Isolet,class_sorted,325,6562,12,0,0,0,0,0.00016158299968083156,7.707999429840129e-06,1.2915999832330272e-05,2.354200023546582e-05,0.4394817201253739
D11,Isolet,class_sorted,326,6563,11,2,0,0,0,0.00022887500017532147,2.4915999347285833e-05,1.808300021366449e-05,4.375000025902409e-05,0.4394331198862751
D11,Isolet,class_sorted,327,6564,15,0,0,0,0,0.00016641700040054275,5.165999937162269e-06,1.3583000509242993e-05,2.62910007222672e-05,0.4394238737403821
D11,Isolet,class_sorted,328,6565,0,1,0,0,0,0.00015533399982814444,1.2749999768857379e-05,1.2583000170707237e-05,2.3333000171987806e-05,0.43936360566196375
D11,Isolet,class_sorted,329,6566,10,0,0,0,0,0.00015966599949024385,3.832999937003478e-06,1.2333000086073298e-05,2.3207999220176134e-05,0.4393411977580768
D11,Isolet,class_sorted,330,6567,9,1,14,0,0,0.00015908299974398687,1.1915999493794516e-05,1.2208000043756329e-05,2.300000051036477e-05,0.4393074888513641
D11,Isolet,class_sorted,331,6568,7,3,11,0,0,0.00015858400001889095,2.499999936844688e-05,1.2041999980283435e-05,2.3083999622031115e-05,0.4392024384193191
D11,Isolet,class_sorted,332,6569,3,0,0,0,0,0.00015854199955356307,3.666000338853337e-06,1.2333000086073298e-05,2.245799987576902e-05,0.43918049997122827
D11,Isolet,class_sorted,333,6570,17,17,215,0,0,0.00015945799987093778,0.00011891600024682702,1.2041999980283435e-05,2.525000036257552e-05,0.43901933450892994
D11,Isolet,class_sorted,334,6571,9,1,10,0,0,0.00015962499946908792,1.237499964190647e-05,1.2124999557272531e-05,2.3499999770137947e-05,0.43902853329882335
D11,Isolet,class_sorted,335,6572,13,0,0,0,0,0.0001586660000612028,3.791999915847555e-06,1.2208999578433577e-05,2.3459000658476725e-05,0.43905712307099937
D11,Isolet,class_sorted,336,6573,20,0,0,0,0,0.0001588750001246808,3.709000338858459e-06,1.2124999557272531e-05,2.2917000023880973e-05,0.4390712351639173
D11,Isolet,class_sorted,337,6574,7,0,0,0,0,0.00015862500004004687,3.791999915847555e-06,1.2458999663067516e-05,2.2166999769979157e-05,0.4390722918852672
D11,Isolet,class_sorted,338,6575,26,0,0,0,0,0.00015970799995557172,3.7910003811703064e-06,1.249999968422344e-05,2.3165999664342962e-05,0.43913716902837324
D11,Isolet,class_sorted,339,6576,7,1,0,0,0,0.0001633749998291023,1.2833999790018424e-05,1.2000000424450263e-05,2.341700019314885e-05,0.43911066287959866
D11,Isolet,class_sorted,340,6577,31,0,0,0,0,0.00016029200014600065,3.6669998735305853e-06,1.237499964190647e-05,2.28749995585531e-05,0.439136057430974
D11,Isolet,class_sorted,341,6578,2,0,0,0,0,0.00016024999968067277,3.6669998735305853e-06,1.208400044561131e-05,2.299999960087007e-05,0.43911245680346633
D11,Isolet,class_sorted,342,6579,3,0,0,0,0,0.00015870900006120792,3.583999387046788e-06,1.208400044561131e-05,2.3458000214304775e-05,0.4390574209079627
D11,Isolet,class_sorted,343,6580,3,1,0,0,0,0.00015799999982846202,1.2083000001439359e-05,1.2166000487923156e-05,2.3374999727820978e-05,0.43901727220017467
D11,Isolet,class_sorted,344,6581,3,0,0,0,0,0.00015874999917286914,3.666000338853337e-06,1.237499964190647e-05,2.300000051036477e-05,0.43898943377143085
D11,Isolet,class_sorted,345,6582,1,0,0,0,0,0.00016483399940625532,3.7500003600143827e-06,1.2583000170707237e-05,2.445799964334583e-05,0.4389412654935418
D11,Isolet,class_sorted,346,6583,6,0,0,0,0,0.00017679099983070046,4.000000444648322e-06,1.2790999790013302e-05,2.341700019314885e-05,0.4389404793329813
D11,Isolet,class_sorted,347,6584,20,0,0,0,0,0.00015870799961703597,3.832999937003478e-06,1.2458000128390267e-05,2.3457999304810073e-05,0.4389851326518102
D11,Isolet,class_sorted,348,6585,8,0,0,0,0,0.0001600420000613667,3.707999894686509e-06,1.2208000043756329e-05,2.3416000658471603e-05,0.43896690037707436
D11,Isolet,class_sorted,349,6586,1,59,1496,0,0,0.0001639160000195261,0.00039012500019453,1.2125000466767233e-05,2.979199962283019e-05,0.43806543951923527
D11,Isolet,class_sorted,350,6587,25,0,0,0,0,0.00016112499997689156,3.834000381175429e-06,1.249999968422344e-05,2.3458000214304775e-05,0.4380833112859957
D11,Isolet,class_sorted,351,6588,15,0,0,0,0,0.0002657919994817348,8.25000006443588e-06,1.941700065799523e-05,4.679100038629258e-05,0.43808224915871224
D11,Isolet,class_sorted,352,6589,34,0,0,0,0,0.00016720900021027774,4.167000042798463e-06,1.2958000297658145e-05,2.4791000214463565e-05,0.43810173316086454
D11,Isolet,class_sorted,353,6590,28,0,0,0,0,0.0001613749991520308,3.7500003600143827e-06,1.237499964190647e-05,2.341700019314885e-05,0.4381313820410445
D11,Isolet,class_sorted,354,6591,24,0,0,0,0,0.0001601249996383558,3.832999937003478e-06,1.2458000128390267e-05,2.3167000108514912e-05,0.43814879849239075
D11,Isolet,class_sorted,355,6592,32,0,0,0,0,0.00015962500037858263,3.6250003176974133e-06,1.2500000593718141e-05,2.354199932597112e-05,0.438194569133564
D11,Isolet,class_sorted,356,6593,4,0,0,0,0,0.00015879200054769171,3.5420007407083176e-06,1.2416000572557095e-05,2.3458000214304775e-05,0.4381933723372581
D11,Isolet,class_sorted,357,6594,16,0,0,0,0,0.00015891699968051398,3.5840002965414897e-06,1.1958999493799638e-05,2.300000051036477e-05,0.4382223493361862
D11,Isolet,class_sorted,358,6595,31,0,0,0,0,0.0001593750002939487,3.541999831213616e-06,1.2040999536111485e-05,2.2958000045036897e-05,0.4382639618760145
D11,Isolet,class_sorted,359,6596,34,0,0,0,0,0.00015920799978630384,3.5829998523695394e-06,1.1999999514955562e-05,2.2666000404569786e-05,0.4382884071644176
D11,Isolet,class_sorted,360,6597,46,0,0,0,0,0.0001601250005478505,3.6669998735305853e-06,1.2250000509084202e-05,2.312500055268174e-05,0.4383446383465845
D11,Isolet,class_sorted,361,6598,4,3,48,0,0,0.00015779200020915596,2.7541000235942192e-05,1.2417000107234344e-05,2.354200023546582e-05,0.43829828527243125
D11,Isolet,class_sorted,362,6599,11,0,0,0,0,0.00015875000008236384,3.5840002965414897e-06,1.22499995995895e-05,2.366700027778279e-05,0.43830762708426746
D11,Isolet,class_sorted,363,6600,60,0,0,0,0,0.0001610830004210584,3.5420007407083176e-06,1.2125000466767233e-05,2.3042000066197943e-05,0.4383819185528262
D11,Isolet,class_sorted,364,6601,9,0,0,0,0,0.000158582999574719,3.6669998735305853e-06,1.22499995995895e-05,2.274999951623613e-05,0.4383774965106972
D11,Isolet,class_sorted,365,6602,0,1,0,0,0,0.000196874999346619,1.4416999874811154e-05,1.8542000361776445e-05,2.5457999981881585e-05,0.4383186734859473
D11,Isolet,class_sorted,366,6603,3,0,0,0,0,0.0001584999999977299,3.707999894686509e-06,1.4082999769016169e-05,2.391700036241673e-05,0.4382909308335584
D11,Isolet,class_sorted,367,6604,12,0,0,0,0,0.00015829099993425189,3.707999894686509e-06,1.3082999430480413e-05,2.3624999812454917e-05,0.4383015113984118
D11,Isolet,class_sorted,368,6605,0,0,0,0,0,0.00015825000082259066,3.707999894686509e-06,1.2832999345846474e-05,2.6707999495556578e-05,0.43827677716342844
D11,Isolet,class_sorted,369,6606,2,6,29,0,0,0.00016116699953272473,4.787499983649468e-05,1.237499964190647e-05,2.34159997489769e-05,0.43817600216894076
D11,Isolet,class_sorted,370,6607,0,1,12,0,0,0.0001524579993201769,1.1750000339816324e-05,1.2333999620750546e-05,2.3333999706665054e-05,0.43810308755825167
D11,Isolet,class_sorted,371,6608,9,1,0,0,0,0.00015804099984961795,1.2666999282373581e-05,1.262500063603511e-05,2.3874999897088856e-05,0.4381174212843566
D11,Isolet,class_sorted,372,6609,6,1,4,0,0,0.00015879200054769171,1.1750000339816324e-05,1.2083999536116607e-05,2.366700027778279e-05,0.438077726790917
D11,Isolet,class_sorted,373,6610,3,2,2,0,0,0.00016341700029443018,1.8665999959921464e-05,1.249999968422344e-05,2.4166000002878718e-05,0.4380106399448794
D11,Isolet,class_sorted,374,6611,0,2,3,0,0,0.0001539169998068246,1.862499993876554e-05,1.2417000107234344e-05,2.3374999727820978e-05,0.43793628574790217
D11,Isolet,class_sorted,375,6612,0,2,10,0,0,0.00015404199984914158,1.820899979065871e-05,1.237499964190647e-05,2.395799947407795e-05,0.43785827104192876
D11,Isolet,class_sorted,376,6613,3,3,1,0,0,0.0002411660007055616,3.18749998768908e-05,1.6749999304011e-05,3.695800023706397e-05,0.43780520903211245
D11,Isolet,class_sorted,377,6614,1,0,0,0,0,0.0001609170003575855,4.000000444648322e-06,1.2958000297658145e-05,2.2833000002719928e-05,0.43776205508499094
D11,Isolet,class_sorted,378,6615,1,1,0,0,0,0.00015762500061100582,1.316599991696421e-05,1.2667000191868283e-05,2.3374999727820978e-05,0.43772957779966054
D11,Isolet,class_sorted,379,6616,0,3,2,0,0,0.00015249999978550477,2.9541000003519002e-05,1.4042000657354947e-05,2.3499999770137947e-05,0.4376482606097315
D11,Isolet,class_sorted,380,6617,1,4,79,0,0,0.00015925000025163172,3.679200017359108e-05,1.3833000593876932e-05,2.5625000489526428e-05,0.43750963637129764
D11,Isolet,class_sorted,381,6618,2,1,3,0,0,0.00016016700010368368,1.2583999705384485e-05,1.2708999747701455e-05,2.4834000214468688e-05,0.4374711282826543
D11,Isolet,class_sorted,382,6619,5,0,0,0,0,0.00016016600056900643,4.042000000481494e-06,1.2500000593718141e-05,2.4916999791457783e-05,0.437473258838197
D11,Isolet,class_sorted,383,6620,5,0,0,0,0,0.00017016700076055713,4.583999725582544e-06,1.249999968422344e-05,2.4832999770296738e-05,0.43748137101081086
D11,Isolet,class_sorted,384,6621,0,0,0,0,0,0.00015450000046257628,3.875000402331352e-06,1.2666999282373581e-05,2.2958000045036897e-05,0.4374220106404626
D11,Isolet,class_sorted,385,6622,0,34,454,0,0,0.00015491700014536036,0.00025629199990362395,1.2708999747701455e-05,3.5041999581153505e-05,0.43677979780160187
D11,Isolet,class_sorted,386,6623,2,3,3,0,0,0.00016016700010368368,2.6249999791616574e-05,1.22499995995895e-05,2.2915999579709023e-05,0.4367429833278376
D11,Isolet,class_sorted,387,6624,1,1,0,0,0,0.00015979199997673277,1.2334000530245248e-05,1.2167000022600405e-05,2.4541999664506875e-05,0.4366914766539272
D11,Isolet,class_sorted,388,6625,6,0,0,0,0,0.00015804099984961795,3.6250003176974133e-06,1.2291000530240126e-05,2.391700036241673e-05,0.4366835226763022
D11,Isolet,class_sorted,389,6626,1,1,1,0,0,0.000157667000166839,1.2417000107234344e-05,1.249999968422344e-05,2.3584000700793695e-05,0.43663096715283894
D11,Isolet,class_sorted,390,6627,2,4,29,0,0,0.0002566659995864029,4.029100000479957e-05,2.1958000615995843e-05,3.887499951815698e-05,0.43650694353458713
D11,Isolet,class_sorted,391,6628,6,1,0,0,0,0.0001589579997016699,1.2542000149551313e-05,1.4583999472961295e-05,2.379200032009976e-05,0.43649011082221856
D11,Isolet,class_sorted,392,6629,11,1,0,0,0,0.00015566599995509023,1.1500000255182385e-05,1.2707999303529505e-05,2.3165999664342962e-05,0.43650050887863345
D11,Isolet,class_sorted,393,6630,0,2,0,0,0,0.00014954200014472008,1.808300021366449e-05,1.2208000043756329e-05,2.2917000023880973e-05,0.4364410194480781
D11,Isolet,class_sorted,394,6631,0,0,0,0,0,0.00014924999959475826,3.6669998735305853e-06,1.22499995995895e-05,2.2833000002719928e-05,0.43638150777994883
D11,Isolet,class_sorted,395,6632,7,0,0,0,0,0.00015416699989145854,3.707999894686509e-06,1.1999999514955562e-05,2.2917000023880973e-05,0.4364057921744519
D11,Isolet,class_sorted,396,6633,3,2,4,0,0,0.00015483399965887656,1.820899979065871e-05,1.1875000382133294e-05,2.2667000848741736e-05,0.4363376442900691
D11,Isolet,class_sorted,397,6634,2,2,0,0,0,0.00015350000012404053,1.795800017134752e-05,1.1791000360972248e-05,2.245800078526372e-05,0.43629721041465686
D11,Isolet,class_sorted,398,6635,4,0,0,0,0,0.0001536250001663575,3.6669998735305853e-06,1.195799995912239e-05,2.2291000277618878e-05,0.4362893538489925
D11,Isolet,class_sorted,399,6636,0,2,0,0,0,0.00014891699993313523,1.8165999790653586e-05,1.170799987448845e-05,2.2208000700629782e-05,0.43624071233834194
D11,Isolet,class_sorted,400,6637,20,2,3,0,0,0.0001547090005260543,1.7874999684863724e-05,1.1791999895649496e-05,2.1458000446727965e-05,0.4362680193473929
D11,Isolet,class_sorted,401,6638,4,3,10,0,0,0.00021879199994145893,2.9042000278423075e-05,1.7583000044396613e-05,3.308400027890457e-05,0.4361984091820823
D11,Isolet,class_sorted,402,6639,1,2,1,0,0,0.00016150000010384247,2.3999999939405825e-05,1.3333999959286302e-05,2.3749999854771886e-05,0.4361354891283898
D11,Isolet,class_sorted,403,6640,0,3,2,0,0,0.0001537079997433466,2.45829996856628e-05,1.2540999705379363e-05,2.391700036241673e-05,0.4360723579634271
D11,Isolet,class_sorted,404,6641,4,0,0,0,0,0.00015737499961687718,3.791999915847555e-06,1.2208000043756329e-05,2.329199924133718e-05,0.436054701898645
D11,Isolet,class_sorted,405,6642,1,1,0,0,0,0.00015833300039957976,1.141600023402134e-05,1.2167000022600405e-05,2.2917000023880973e-05,0.43601689510122793
D11,Isolet,class_sorted,406,6643,3,2,32,0,0,0.00015729200003988808,1.766599962138571e-05,1.2167000022600405e-05,2.3292000150831882e-05,0.4359714843081941
D11,Isolet,class_sorted,407,6644,1,3,2,0,0,0.00015783399976498913,2.4416999622189905e-05,1.2040999536111485e-05,2.299999960087007e-05,0.4359062065544289
D11,Isolet,class_sorted,408,6645,2,2,0,0,0,0.00015670799984945916,1.8249999811814632e-05,1.2000000424450263e-05,2.312500055268174e-05,0.4358565018165621
D11,Isolet,class_sorted,409,6646,2,1,11,0,0,0.00015708299997641006,1.1666000318655279e-05,1.195799995912239e-05,2.3042000066197943e-05,0.4358189880563528
D11,Isolet,class_sorted,410,6647,6,2,7,0,0,0.00015779200020915596,1.912500010803342e-05,1.2208000043756329e-05,2.3458000214304775e-05,0.4357360525442675
D11,Isolet,class_sorted,411,6648,1,8,43,0,0,0.00015808399984962307,5.8167000133835245e-05,1.2292000064917374e-05,2.366599983361084e-05,0.43563722993143694
D11,Isolet,class_sorted,412,6649,3,0,0,0,0,0.00015749999965919415,3.709000338858459e-06,1.22499995995895e-05,2.3374999727820978e-05,0.43561670596712526
D11,Isolet,class_sorted,413,6650,1,0,0,0,0,0.00015783400067448383,3.6669998735305853e-06,1.2333000086073298e-05,2.312499964318704e-05,0.43557190059296524
D11,Isolet,class_sorted,414,6651,3,1,3,0,0,0.00015720800001872703,1.1499999345687684e-05,1.1915999493794516e-05,2.3292000150831882e-05,0.4355442747602228
D11,Isolet,class_sorted,415,6652,5,0,0,0,0,0.00015787499978614505,3.5829998523695394e-06,1.2000000424450263e-05,2.2833999537397176e-05,0.4355106287712069
D11,Isolet,class_sorted,416,6653,4,3,1,0,0,0.0001618329997654655,2.5332999939564615e-05,1.2125000466767233e-05,2.3083999622031115e-05,0.4354843328456238
D11,Isolet,class_sorted,417,6654,3,0,0,0,0,0.0001571669999975711,3.791999915847555e-06,1.2290999620745424e-05,2.3208000129670836e-05,0.4354915084602827
D11,Isolet,class_sorted,418,6655,1,1,7,0,0,0.00015750000056868885,1.1749999430321623e-05,1.2167000022600405e-05,2.3292000150831882e-05,0.4354803126031236
D11,Isolet,class_sorted,419,6656,1,1,1,0,0,0.00015816700033610687,1.158399936684873e-05,1.2125000466767233e-05,2.312500055268174e-05,0.43541846127713546
D11,Isolet,class_sorted,420,6657,3,0,0,0,0,0.00015999999959603883,3.959000423492398e-06,1.2208999578433577e-05,2.354200023546582e-05,0.4353927569362436
D11,Isolet,class_sorted,421,6658,1,0,0,0,0,0.00015758299923618324,3.832999937003478e-06,1.2083000001439359e-05,2.3208000129670836e-05,0.43536723795064974
D11,Isolet,class_sorted,422,6659,155,0,0,0,0,0.0001651660004426958,3.7080008041812107e-06,1.6250000044237822e-05,2.3082999177859165e-05,0.4354640760897484
D11,Isolet,class_sorted,423,6660,115,0,0,0,0,0.00016187499932129867,3.707999894686509e-06,1.3750000107393134e-05,2.3040999622025993e-05,0.43553547068227433
D11,Isolet,class_sorted,424,6661,88,0,0,0,0,0.00016104200039990246,3.7500003600143827e-06,1.2833000255341176e-05,2.3292000150831882e-05,0.4355999532897704
D11,Isolet,class_sorted,425,6662,95,0,0,0,0,0.00016116599999804748,3.707999894686509e-06,1.275000067835208e-05,2.3249999685504008e-05,0.4356787046299084
D11,Isolet,class_sorted,426,6663,156,0,0,0,0,0.0002316250001968001,7.583000297017861e-06,2.3458000214304775e-05,3.708300027938094e-05,0.43577310670095565
D11,Isolet,class_sorted,427,6664,143,0,0,0,0,0.00016937500004132744,4.165999598626513e-06,1.4833000022917986e-05,2.3624999812454917e-05,0.43586789521737657
D11,Isolet,class_sorted,428,6665,159,0,0,0,0,0.00016387499999837019,3.957999979320448e-06,1.2999999853491317e-05,2.2958000045036897e-05,0.4359637512296805
D11,Isolet,class_sorted,429,6666,112,0,0,0,0,0.0001621669998712605,3.7909994716756046e-06,1.2708000213024206e-05,2.2750000425730832e-05,0.43604465263593345
D11,Isolet,class_sorted,430,6667,127,0,0,0,0,0.0001612089999980526,3.749999450519681e-06,1.2583000170707237e-05,2.366700027778279e-05,0.4361300049452797
D11,Isolet,class_sorted,431,6668,146,0,0,0,0,0.00016320800023095217,3.6669998735305853e-06,1.2417000107234344e-05,2.262499947391916e-05,0.436208587816906
D11,Isolet,class_sorted,432,6669,94,0,0,0,0,0.00016150000010384247,3.6249994082027115e-06,1.2292000064917374e-05,2.366699936828809e-05,0.4362790886383323
D11,Isolet,class_sorted,433,6670,129,0,0,0,0,0.0001614579996385146,3.6250003176974133e-06,1.2457999218895566e-05,2.366700027778279e-05,0.43636703616813044
D11,Isolet,class_sorted,434,6671,175,0,0,0,0,0.00016258300001936732,3.707999894686509e-06,1.2208000043756329e-05,2.3333000171987806e-05,0.4364671783626516
D11,Isolet,class_sorted,435,6672,181,0,0,0,0,0.00016362499991373625,3.749999450519681e-06,1.2583000170707237e-05,2.2666999939247034e-05,0.43656932699054946
D11,Isolet,class_sorted,436,6673,43,0,0,0,0,0.0001609170003575855,3.666000338853337e-06,1.2749999768857379e-05,2.3624999812454917e-05,0.43660432062973237
D11,Isolet,class_sorted,437,6674,138,0,0,0,0,0.00016383399997721426,3.791999915847555e-06,1.2125000466767233e-05,2.3499999770137947e-05,0.4366913249760134
D11,Isolet,class_sorted,438,6675,131,0,0,0,0,0.0001618329997654655,3.7500003600143827e-06,1.249999968422344e-05,2.3167000108514912e-05,0.43677830914041715
D11,Isolet,class_sorted,439,6676,58,0,0,0,0,0.00016041600065364037,3.707999894686509e-06,1.249999968422344e-05,2.3457999304810073e-05,0.43685698148909474
D11,Isolet,class_sorted,440,6677,76,0,0,0,0,0.00016200000027311035,3.6669998735305853e-06,1.2333999620750546e-05,2.3583999791298993e-05,0.43692574181930444
D11,Isolet,class_sorted,441,6678,157,0,0,0,0,0.00016362499991373625,3.6669998735305853e-06,1.2124999557272531e-05,2.3249999685504008e-05,0.43702064177472677
D11,Isolet,class_sorted,442,6679,91,0,0,0,0,0.0001609999999345746,3.749999450519681e-06,1.3791000128549058e-05,2.391700036241673e-05,0.43708174180871573
D11,Isolet,class_sorted,443,6680,106,0,0,0,0,0.00016158299968083156,3.791999915847555e-06,1.2667000191868283e-05,2.2541000362252817e-05,0.4371368830050106
D11,Isolet,class_sorted,444,6681,181,0,0,0,0,0.00016583399974479107,3.875000402331352e-06,1.262500063603511e-05,2.3042000066197943e-05,0.4372210675545385
D11,Isolet,class_sorted,445,6682,168,1,0,0,0,0.000164625000252272,1.354200048808707e-05,1.2541999240056612e-05,2.354099979129387e-05,0.4372889636317057
D11,Isolet,class_sorted,446,6683,127,0,0,0,0,0.00016599999980826396,3.7500003600143827e-06,1.249999968422344e-05,2.2375000298779923e-05,0.43736428756868523
D11,Isolet,class_sorted,447,6684,177,0,0,0,0,0.000165874999765947,3.749999450519681e-06,1.208400044561131e-05,2.312499964318704e-05,0.43744626879828025
D11,Isolet,class_sorted,448,6685,102,1,9,0,0,0.0001618329997654655,1.249999968422344e-05,1.1958999493799638e-05,2.3292000150831882e-05,0.43748823447776053
D11,Isolet,class_sorted,449,6686,176,0,0,0,0,0.00016341699938493548,3.707999894686509e-06,1.22499995995895e-05,2.312500055268174e-05,0.4375880421171374
D11,Isolet,class_sorted,450,6687,109,0,0,0,0,0.00016212500031542731,3.791999915847555e-06,1.2208000043756329e-05,2.312500055268174e-05,0.43766173464516006
D11,Isolet,class_sorted,451,6688,119,0,0,0,0,0.0002476659992680652,8.125000022118911e-06,1.9832999896607362e-05,3.708300027938094e-05,0.43773107612115436
D11,Isolet,class_sorted,452,6689,47,0,0,0,0,0.0001702090003163903,4.292000085115433e-06,1.3666000086232089e-05,2.5625000489526428e-05,0.437787777361189
D11,Isolet,class_sorted,453,6690,69,0,0,0,0,0.00016745900029491168,3.958999513997696e-06,1.3374999980442226e-05,2.700000004551839e-05,0.4378601160007282
D11,Isolet,class_sorted,454,6691,71,0,0,0,0,0.00016479199985042214,3.6250003176974133e-06,1.2833999790018424e-05,2.3499999770137947e-05,0.43791923327947285
D11,Isolet,class_sorted,455,6692,35,0,0,0,0,0.00016208299985009944,3.5830007618642412e-06,1.2540999705379363e-05,2.3499999770137947e-05,0.43797570443047573
D11,Isolet,class_sorted,456,6693,163,0,0,0,0,0.0001657920001889579,3.5409993870416656e-06,1.237499964190647e-05,2.233299983345205e-05,0.43806786290473276
D11,Isolet,class_sorted,457,6694,156,0,0,0,0,0.00016612499985058093,3.541999831213616e-06,1.2333000086073298e-05,2.3582999347127043e-05,0.4381478875572468
D11,Isolet,class_sorted,458,6695,80,0,0,0,0,0.00016333300027326914,3.5830007618642412e-06,1.2458000128390267e-05,2.337500063731568e-05,0.43820904829651564
D11,Isolet,class_sorted,459,6696,93,0,0,0,0,0.00016316700020979624,3.583999387046788e-06,1.275000067835208e-05,2.3208000129670836e-05,0.4382898087112589
D11,Isolet,class_sorted,460,6697,132,0,0,0,0,0.00016412500008300412,3.707999894686509e-06,1.2542000149551313e-05,2.220900023530703e-05,0.4383680838775743
D11,Isolet,class_sorted,461,6698,149,0,0,0,0,0.00016349999987141928,3.707999894686509e-06,1.2292000064917374e-05,2.28749995585531e-05,0.43846466855801386
D11,Isolet,class_sorted,462,6699,163,0,0,0,0,0.00016404199959652033,3.6250003176974133e-06,1.2708999747701455e-05,2.2291999812296126e-05,0.43855845221202877
D11,Isolet,class_sorted,463,6700,203,0,0,0,0,0.00016700000014679972,3.707999894686509e-06,1.2375000551401172e-05,2.3458000214304775e-05,0.4386528940079966
D11,Isolet,class_sorted,464,6701,13,0,0,0,0,0.00016083299942692975,3.7500003600143827e-06,1.237499964190647e-05,2.4167000447050668e-05,0.4387042175892508
D11,Isolet,class_sorted,465,6702,195,0,0,0,0,0.00016545800008316291,3.7500003600143827e-06,1.2208000043756329e-05,2.3208000129670836e-05,0.43880494293067746
D11,Isolet,class_sorted,466,6703,152,0,0,0,0,0.00016412500008300412,3.707999894686509e-06,1.2500000593718141e-05,2.3083999622031115e-05,0.4388931789571626
D11,Isolet,class_sorted,467,6704,177,0,0,0,0,0.00016387499999837019,3.707999894686509e-06,1.22499995995895e-05,2.329099970665993e-05,0.438983484701838
D11,Isolet,class_sorted,468,6705,177,0,0,0,0,0.00017004199980874546,4.209000508126337e-06,1.2541999240056612e-05,2.2416999854613096e-05,0.4390333239679836
D11,Isolet,class_sorted,469,6706,0,2,4,0,0,0.00015579200044157915,2.1082999410282355e-05,1.2417000107234344e-05,2.3249999685504008e-05,0.4389550552642086
D11,Isolet,class_sorted,470,6707,84,0,0,0,0,0.00016333399980794638,3.791999915847555e-06,1.2458000128390267e-05,2.3249999685504008e-05,0.43901409392265434
D11,Isolet,class_sorted,471,6708,91,0,0,0,0,0.0001633749998291023,3.709000338858459e-06,1.2167000022600405e-05,2.354099979129387e-05,0.4390222458820035
D11,Isolet,class_sorted,472,6709,190,0,0,0,0,0.00016645899995637592,3.6669998735305853e-06,1.2332999176578596e-05,2.2500000341096893e-05,0.43911454060593164
D11,Isolet,class_sorted,473,6710,179,0,0,0,0,0.00017437499991501682,4.084000465809368e-06,1.2542000149551313e-05,2.34159997489769e-05,0.43920160948248466
D11,Isolet,class_sorted,474,6711,136,0,0,0,0,0.0001643329997023102,3.6669998735305853e-06,1.2250000509084202e-05,2.2500000341096893e-05,0.4392807616938513
D11,Isolet,class_sorted,475,6712,164,0,0,0,0,0.00016408300052717095,3.707999894686509e-06,1.2124999557272531e-05,2.3708999833615962e-05,0.4393693905310016
D11,Isolet,class_sorted,476,6713,208,0,0,0,0,0.00022725000053469557,6.0420006775530055e-06,1.754100048856344e-05,3.199999991920777e-05,0.4394579559511775
D11,Isolet,class_sorted,477,6714,88,0,0,0,0,0.00016708299972378882,4.0409995563095436e-06,1.3124999895808287e-05,2.500000027794158e-05,0.4395322489996403
D11,Isolet,class_sorted,478,6715,150,0,0,0,0,0.000165874999765947,3.707999894686509e-06,1.275000067835208e-05,2.3624999812454917e-05,0.43961921250446456
D11,Isolet,class_sorted,479,6716,198,0,0,0,0,0.0001683330001469585,3.707999894686509e-06,1.2542000149551313e-05,2.445900008751778e-05,0.4397188176288327
D11,Isolet,class_sorted,480,6717,111,0,0,0,0,0.00017679099983070046,3.7500003600143827e-06,1.2665999747696333e-05,2.3333000171987806e-05,0.43977940548115946
D11,Isolet,class_sorted,481,6718,112,0,0,0,0,0.00016437500016763806,3.6249994082027115e-06,1.249999968422344e-05,2.2666999939247034e-05,0.43983655035193214
D11,Isolet,class_sorted,482,6719,124,0,0,0,0,0.000165417000062007,3.6669998735305853e-06,1.2542000149551313e-05,2.3582999347127043e-05,0.43989110271079307
D11,Isolet,class_sorted,483,6720,182,0,0,0,0,0.0001655410005696467,3.7500003600143827e-06,1.2333000086073298e-05,2.3582999347127043e-05,0.4399658059787074
D11,Isolet,class_sorted,484,6721,51,0,0,0,0,0.00016308399972331244,3.6669998735305853e-06,1.2416000572557095e-05,2.3874999897088856e-05,0.4400102282912178
D11,Isolet,class_sorted,485,6722,36,1,0,0,0,0.00016224999944824958,1.3083999874652363e-05,1.6584000150032807e-05,2.2334000277624e-05,0.4400132506484516
D11,Isolet,class_sorted,486,6723,29,0,0,0,0,0.0001621669998712605,3.6669998735305853e-06,1.4165999346005265e-05,2.3167000108514912e-05,0.440050565612005
D11,Isolet,class_sorted,487,6724,29,0,0,0,0,0.00016212500031542731,3.6669998735305853e-06,1.3124999895808287e-05,2.2374999389285222e-05,0.4400872216530863
D11,Isolet,class_sorted,488,6725,5,0,0,0,0,0.00016037499972298974,3.666000338853337e-06,1.2707999303529505e-05,2.3458000214304775e-05,0.4401027008125357
D11,Isolet,class_sorted,489,6726,24,0,0,0,0,0.0001618329997654655,3.707999894686509e-06,1.2290999620745424e-05,2.3374999727820978e-05,0.44016423669553667
D11,Isolet,class_sorted,490,6727,8,0,0,0,0,0.0001604999997653067,3.6669998735305853e-06,1.2250000509084202e-05,2.3041000531520694e-05,0.4401914618640571
D11,Isolet,class_sorted,491,6728,39,0,0,0,0,0.00016200000027311035,3.6669998735305853e-06,1.237499964190647e-05,2.3165999664342962e-05,0.44025076208350594
D11,Isolet,class_sorted,492,6729,15,0,0,0,0,0.00016491600035806186,4.167000042798463e-06,1.2209000487928279e-05,2.329199924133718e-05,0.4402628876152681
D11,Isolet,class_sorted,493,6730,11,0,0,0,0,0.00016116699953272473,3.665999429358635e-06,1.2208000043756329e-05,2.325000059499871e-05,0.44028850666600194
D11,Isolet,class_sorted,494,6731,73,0,0,0,0,0.0001639160000195261,3.707999894686509e-06,1.2333000086073298e-05,2.3083000087353867e-05,0.44036190426302724
D11,Isolet,class_sorted,495,6732,3,0,0,0,0,0.0001608339998711017,3.6669998735305853e-06,1.2167000022600405e-05,2.3374999727820978e-05,0.44033049481695186
D11,Isolet,class_sorted,496,6733,22,0,0,0,0,0.00016162500014615944,3.7909994716756046e-06,1.22499995995895e-05,2.3083000087353867e-05,0.4403620151169355
D11,Isolet,class_sorted,497,6734,23,0,0,0,0,0.00016179199974430958,3.749999450519681e-06,1.208400044561131e-05,2.2416999854613096e-05,0.4404128024344542
D11,Isolet,class_sorted,498,6735,22,0,0,0,0,0.00016095800037874142,3.5829998523695394e-06,1.1999999514955562e-05,2.312500055268174e-05,0.44042130898417875
D11,Isolet,class_sorted,499,6736,1,0,0,0,0,0.00016287499965983443,3.707999894686509e-06,1.2291000530240126e-05,2.2625000383413862e-05,0.4404373542306072
D11,Isolet,class_sorted,500,6737,69,0,0,0,0,0.00016387499999837019,3.6669998735305853e-06,1.2125000466767233e-05,2.379200032009976e-05,0.4405097709316026
D11,Isolet,class_sorted,501,6738,43,0,0,0,0,0.0002515420001145685,8.79199978953693e-06,2.4416000087512657e-05,4.145799994148547e-05,0.44054228096303044
D11,Isolet,class_sorted,502,6739,3,2,27,0,0,0.00016620799942757003,2.391700036241673e-05,1.5042000086396001e-05,2.595899968582671e-05,0.4404658989750365
D11,Isolet,class_sorted,503,6740,46,0,0,0,0,0.00016374999995605322,3.915999513992574e-06,1.4041999747860245e-05,2.4292000489367638e-05,0.44051753021137074
D11,Isolet,class_sorted,504,6741,57,0,0,0,0,0.00016324999978678534,3.915999513992574e-06,1.304199940932449e-05,2.4292000489367638e-05,0.44058711157424063
D11,Isolet,class_sorted,505,6742,10,1,0,0,0,0.00016133300050569233,1.3374999980442226e-05,1.2958000297658145e-05,2.3624999812454917e-05,0.4406012020548443
D11,Isolet,class_sorted,506,6743,22,0,0,0,0,0.00016133299959619762,3.915999513992574e-06,1.249999968422344e-05,2.3624999812454917e-05,0.4406370191885086
D11,Isolet,class_sorted,507,6744,1,0,0,0,0,0.00016245800088654505,3.832999937003478e-06,1.2540999705379363e-05,2.366700027778279e-05,0.4405798716550121
D11,Isolet,class_sorted,508,6745,26,0,0,0,0,0.0001608339998711017,3.749999450519681e-06,1.2833000255341176e-05,2.3207999220176134e-05,0.4405847726052569
D11,Isolet,class_sorted,509,6746,6,1,1,0,0,0.00015970799995557172,1.2666999282373581e-05,1.2459000572562218e-05,2.3374999727820978e-05,0.44054602765253725
D11,Isolet,class_sorted,510,6747,30,0,0,0,0,0.00016108399995573564,3.6669998735305853e-06,1.2500000593718141e-05,2.379200032009976e-05,0.4405868135772829
D11,Isolet,class_sorted,511,6748,0,5,37,0,0,0.0001548749996800325,4.1416999920329545e-05,1.2208000043756329e-05,2.354099979129387e-05,0.44051635930406824
D11,Isolet,class_sorted,512,6749,15,1,2,0,0,0.00016079199940577382,1.2458000128390267e-05,1.2500000593718141e-05,2.3374999727820978e-05,0.44048520443580624
D11,Isolet,class_sorted,513,6750,9,0,0,0,0,0.0001609170003575855,3.7920008253422566e-06,1.249999968422344e-05,2.3042000066197943e-05,0.440479507385314
D11,Isolet,class_sorted,514,6751,47,0,0,0,0,0.0001620840002942714,3.832999937003478e-06,1.2624999726540409e-05,2.3374999727820978e-05,0.4404894019632644
D11,Isolet,class_sorted,515,6752,71,0,0,0,0,0.00016233400037890533,3.749999450519681e-06,1.2541999240056612e-05,2.3875000806583557e-05,0.44053257169075155
D11,Isolet,class_sorted,516,6753,11,0,0,0,0,0.00016466700071759988,4.37500057159923e-06,1.2917000276502222e-05,2.445799964334583e-05,0.4405409945618473
D11,Isolet,class_sorted,517,6754,47,0,0,0,0,0.0001609999999345746,3.749999450519681e-06,1.383299968438223e-05,2.34159997489769e-05,0.44060537817048806
D11,Isolet,class_sorted,518,6755,45,0,0,0,0,0.0001613750000615255,3.7500003600143827e-06,1.2708000213024206e-05,2.3208000129670836e-05,0.4406505884173378
D11,Isolet,class_sorted,519,6756,2,0,0,0,0,0.0001597500004208996,3.791999915847555e-06,1.2500000593718141e-05,2.3167000108514912e-05,0.44061432966381264
D11,Isolet,class_sorted,520,6757,44,0,0,0,0,0.00016104200039990246,3.749999450519681e-06,1.2999999853491317e-05,2.3207999220176134e-05,0.4406627653809782
D11,Isolet,class_sorted,521,6758,33,0,0,0,0,0.00016087499989225762,3.834000381175429e-06,1.2583999705384485e-05,2.312499964318704e-05,0.44068951285054225
D11,Isolet,class_sorted,522,6759,19,0,0,0,0,0.0001604999997653067,3.791999915847555e-06,1.2458999663067516e-05,2.354200023546582e-05,0.44067891437090323
D11,Isolet,class_sorted,523,6760,46,1,1,0,0,0.0001617499992789817,1.2540999705379363e-05,1.22499995995895e-05,2.3249999685504008e-05,0.44071662454536586
D11,Isolet,class_sorted,524,6761,66,0,0,0,0,0.0001627080000616843,3.875000402331352e-06,1.2541000614874065e-05,2.3499999770137947e-05,0.44079069955716205
D11,Isolet,class_sorted,525,6762,12,3,37,0,0,0.00016083300033642445,2.6165999770455528e-05,1.2167000022600405e-05,2.3292000150831882e-05,0.4406648421424891
D11,Isolet,class_sorted,526,6763,5,4,20,0,0,0.00022804100080975331,3.720800032169791e-05,1.783299921953585e-05,3.6082999940845184e-05,0.4405616834553585
D11,Isolet,class_sorted,527,6764,6,0,0,0,0,0.0001639160000195261,4.250000529282261e-06,1.3249999938125256e-05,2.3708999833615962e-05,0.44055682066651897
D11,Isolet,class_sorted,528,6765,17,0,0,0,0,0.0001626249995752005,3.707999894686509e-06,1.2540999705379363e-05,2.2958000045036897e-05,0.44057190553878095
D11,Isolet,class_sorted,529,6766,14,0,0,0,0,0.0001613750000615255,3.709000338858459e-06,1.2583999705384485e-05,2.39589999182499e-05,0.44059119613777054
D11,Isolet,class_sorted,530,6767,46,0,0,0,0,0.0001619160002519493,3.6669998735305853e-06,1.2417000107234344e-05,2.3458999748982023e-05,0.44064636239062316
D11,Isolet,class_sorted,531,6768,13,0,0,0,0,0.00016062500071711838,3.7089994293637574e-06,1.2292000064917374e-05,2.3374999727820978e-05,0.44067879428587925
D11,Isolet,class_sorted,532,6769,28,0,0,0,0,0.00016087499989225762,3.707999894686509e-06,1.2291000530240126e-05,2.258299991808599e-05,0.44072672847939504
D11,Isolet,class_sorted,533,6770,32,0,0,0,0,0.00016133400004036957,3.709000338858459e-06,1.2208999578433577e-05,2.391700036241673e-05,0.44075066396459955
D11,Isolet,class_sorted,534,6771,19,0,0,0,0,0.00016054199932113988,3.666000338853337e-06,1.2250000509084202e-05,2.3374999727820978e-05,0.4407584379756203
D11,Isolet,class_sorted,535,6772,21,1,1,0,0,0.00016112499997689156,1.2167000022600405e-05,1.2250000509084202e-05,2.3292000150831882e-05,0.44075875132118875
D11,Isolet,class_sorted,536,6773,21,0,0,0,0,0.00016087499989225762,3.7089994293637574e-06,1.2292000064917374e-05,2.3749999854771886e-05,0.44074535327148084
D11,Isolet,class_sorted,537,6774,48,0,0,0,0,0.0001617499992789817,3.834000381175429e-06,1.2458000128390267e-05,2.245799987576902e-05,0.44078318874556993
D11,Isolet,class_sorted,538,6775,19,0,0,0,0,0.00016087499989225762,3.8749994928366505e-06,1.2417000107234344e-05,2.2833999537397176e-05,0.4407787950059756
D11,Isolet,class_sorted,539,6776,14,0,0,0,0,0.00016029200014600065,3.709000338858459e-06,1.22499995995895e-05,2.3249999685504008e-05,0.4408007846515752
D11,Isolet,class_sorted,540,6777,79,0,0,0,0,0.00016512500042153988,3.832999937003478e-06,1.2458000128390267e-05,2.2625000383413862e-05,0.44088063990041376
D11,Isolet,class_sorted,541,6778,44,0,0,0,0,0.00017049999951268546,4.208999598631635e-06,1.2500000593718141e-05,2.3333000171987806e-05,0.44093827803049246
D11,Isolet,class_sorted,542,6779,71,0,0,0,0,0.00016150000010384247,3.7909994716756046e-06,1.2417000107234344e-05,2.3208999664348084e-05,0.4410069581983577
D11,Isolet,class_sorted,543,6780,69,0,0,0,0,0.00016195799980778247,3.7500003600143827e-06,1.2749999768857379e-05,2.2958000045036897e-05,0.4410872998627738
D11,Isolet,class_sorted,544,6781,22,0,0,0,0,0.00016020900056901155,3.749999450519681e-06,1.2457999218895566e-05,2.379200032009976e-05,0.4410880079070461
D11,Isolet,class_sorted,545,6782,20,0,0,0,0,0.00016062499980762368,3.749999450519681e-06,1.2209000487928279e-05,2.366699936828809e-05,0.44112147447045313
D11,Isolet,class_sorted,546,6783,76,0,0,0,0,0.00016162500014615944,3.707999894686509e-06,1.2083000001439359e-05,2.2541000362252817e-05,0.4412055134144268
D11,Isolet,class_sorted,547,6784,25,0,0,0,0,0.00016095799946924672,3.749999450519681e-06,1.2124999557272531e-05,2.233299983345205e-05,0.44126322467682294
D11,Isolet,class_sorted,548,6785,33,0,0,0,0,0.00016058399978646776,3.7500003600143827e-06,1.2250000509084202e-05,2.3583000256621744e-05,0.4413108868282978
D11,Isolet,class_sorted,549,6786,38,0,0,0,0,0.00016141600008268142,3.7500003600143827e-06,1.2542000149551313e-05,2.4083000425889622e-05,0.44134479969511037
D11,Isolet,class_sorted,550,6787,17,0,0,0,0,0.00016095899991341867,3.7089994293637574e-06,1.2334000530245248e-05,2.366699936828809e-05,0.4413645676389787
D11,Isolet,class_sorted,551,6788,16,0,0,0,0,0.00022795799941377481,6.0420006775530055e-06,1.7458999536756892e-05,3.4124999729101546e-05,0.4414093515661307
D11,Isolet,class_sorted,552,6789,12,0,0,0,0,0.00016391699955420336,3.749999450519681e-06,1.2999999853491317e-05,2.4250000024039764e-05,0.4414477149826413
D11,Isolet,class_sorted,553,6790,18,5,54,0,0,0.0001625419999982114,4.0207999518315773e-05,1.2583000170707237e-05,2.4791999749140814e-05,0.4413791024850144
D11,Isolet,class_sorted,554,6791,64,0,0,0,0,0.0001675829998930567,3.7500003600143827e-06,1.2415999663062394e-05,2.312500055268174e-05,0.4414331566251398
D11,Isolet,class_sorted,555,6792,50,0,0,0,0,0.0001666250000198488,3.959000423492398e-06,1.2417000107234344e-05,2.6290999812772498e-05,0.44148455930782005
D11,Isolet,class_sorted,556,6793,24,5,88,0,0,0.00016450000020995503,3.9667000237386674e-05,1.2417000107234344e-05,2.3499999770137947e-05,0.44143478444220446
D11,Isolet,class_sorted,557,6794,42,0,0,0,0,0.00016195799980778247,3.791999915847555e-06,1.2375000551401172e-05,2.354200023546582e-05,0.44149668846638557
D11,Isolet,class_sorted,558,6795,56,0,0,0,0,0.00016237500040006125,3.707999894686509e-06,1.22499995995895e-05,2.3708999833615962e-05,0.4415577738744261
D11,Isolet,class_sorted,559,6796,26,1,0,0,0,0.0001609169994480908,1.1750000339816324e-05,1.2208000043756329e-05,2.3624999812454917e-05,0.4415653514650606
D11,Isolet,class_sorted,560,6797,6,7,47,0,0,0.00016054200023063459,5.050000072515104e-05,1.637499917706009e-05,2.3749999854771886e-05,0.4414240390553138
D11,Isolet,class_sorted,561,6798,25,0,0,0,0,0.0001612920004845364,3.7910003811703064e-06,1.3917000615037978e-05,2.3333999706665054e-05,0.4414655586121588
D11,Isolet,class_sorted,562,6799,11,1,1,0,0,0.00016054099978646263,1.1916999937966466e-05,1.316700036113616e-05,2.4000000848900527e-05,0.4414619548027211
D11,Isolet,class_sorted,563,6800,10,0,0,0,0,0.0001604999997653067,3.7910003811703064e-06,1.291699936700752e-05,2.39589999182499e-05,0.44147564360979197
D11,Isolet,class_sorted,564,6801,21,0,0,0,0,0.00016400000004068715,4.458999683265574e-06,1.2500000593718141e-05,2.391700036241673e-05,0.4415034088354191
D11,Isolet,class_sorted,565,6802,7,0,0,0,0,0.00016116700044221943,3.709000338858459e-06,1.2417000107234344e-05,2.350000067963265e-05,0.44150920675750804
D11,Isolet,class_sorted,566,6803,6,0,0,0,0,0.0001613750000615255,3.749999450519681e-06,1.237499964190647e-05,2.3499999770137947e-05,0.4415221563650269
D11,Isolet,class_sorted,567,6804,11,0,0,0,0,0.00016133299959619762,3.7500003600143827e-06,1.22499995995895e-05,2.362500072194962e-05,0.441501090901226
D11,Isolet,class_sorted,568,6805,36,1,0,0,0,0.00016200000027311035,1.2292000064917374e-05,1.2417000107234344e-05,2.3750000764266588e-05,0.44155590162070757
D11,Isolet,class_sorted,569,6806,0,0,0,0,0,0.0001551669993204996,3.667000783025287e-06,1.2583000170707237e-05,2.3583000256621744e-05,0.44149828545822334
D11,Isolet,class_sorted,570,6807,27,0,0,0,0,0.0001616670006114873,3.666000338853337e-06,1.2415999663062394e-05,2.270800086989766e-05,0.44150127877190676
D11,Isolet,class_sorted,571,6808,1,0,0,0,0,0.00016266600050585112,3.707999894686509e-06,1.2749999768857379e-05,2.34159997489769e-05,0.4414649526345333
D11,Isolet,class_sorted,572,6809,21,0,0,0,0,0.00016104200039990246,3.667000783025287e-06,1.2291000530240126e-05,2.3874999897088856e-05,0.4414610516510031
D11,Isolet,class_sorted,573,6810,14,0,0,0,0,0.00016087499989225762,3.7500003600143827e-06,1.2333999620750546e-05,2.366700027778279e-05,0.4414845629163907
D11,Isolet,class_sorted,574,6811,0,3,17,0,0,0.00015545800033578416,2.5166000341414474e-05,1.2292000064917374e-05,2.3833999875932932e-05,0.44136514671936433
D11,Isolet,class_sorted,575,6812,7,0,0,0,0,0.0001609999999345746,3.7500003600143827e-06,1.2417000107234344e-05,2.3583000256621744e-05,0.44135724627846934
D11,Isolet,class_sorted,576,6813,0,0,0,0,0,0.00022037500002625166,5.875000169908162e-06,1.820899979065871e-05,3.300000025774352e-05,0.4413176496991555
D11,Isolet,class_sorted,577,6814,11,0,0,0,0,0.00016591599978710292,3.99999953515362e-06,1.3207999472797383e-05,2.433299960102886e-05,0.44130351045883015
D11,Isolet,class_sorted,578,6815,0,1,7,0,0,0.00015662499936297536,1.249999968422344e-05,1.2832999345846474e-05,2.3624999812454917e-05,0.44120605978374444
D11,Isolet,class_sorted,579,6816,9,0,0,0,0,0.00016179199974430958,3.6250003176974133e-06,1.279199932469055e-05,2.39589999182499e-05,0.44122897566117103
D11,Isolet,class_sorted,580,6817,3,0,0,0,0,0.00016095800037874142,3.707999894686509e-06,1.249999968422344e-05,2.3833000341255683e-05,0.44119532584384774
D11,Isolet,class_sorted,581,6818,2,0,0,0,0,0.0001610830004210584,3.791999915847555e-06,1.2709000657196157e-05,2.3708000298938714e-05,0.44116313041693656
D11,Isolet,class_sorted,582,6819,13,1,7,0,0,0.00016162500014615944,1.1999999514955562e-05,1.22499995995895e-05,2.3874999897088856e-05,0.44112365945264154
D11,Isolet,class_sorted,583,6820,7,2,7,0,0,0.00016237499949056655,1.874999998108251e-05,1.2375000551401172e-05,2.350000067963265e-05,0.44108345518302533
D11,Isolet,class_sorted,584,6821,11,0,0,0,0,0.00016133400004036957,3.791999915847555e-06,1.2250000509084202e-05,2.3791999410605058e-05,0.4410955932171874
D11,Isolet,class_sorted,585,6822,12,0,0,0,0,0.0001610409999557305,3.707999894686509e-06,1.291699936700752e-05,2.2750000425730832e-05,0.4411368471570021
D11,Isolet,class_sorted,586,6823,16,5,44,0,0,0.00016154199965967564,3.775000004679896e-05,1.2417000107234344e-05,2.4250000024039764e-05,0.441021144640971
D11,Isolet,class_sorted,587,6824,7,0,0,0,0,0.0001616670006114873,3.7910003811703064e-06,1.2833000255341176e-05,2.28750004680478e-05,0.44101715251026885
D11,Isolet,class_sorted,588,6825,0,2,12,0,0,0.00015870799961703597,1.9082999642705545e-05,1.2332999176578596e-05,2.3583000256621744e-05,0.44090788151272786
D11,Isolet,class_sorted,589,6826,5,0,0,0,0,0.00016112499997689156,3.749999450519681e-06,1.2458000128390267e-05,2.312500055268174e-05,0.4408893433147512
D11,Isolet,class_sorted,590,6827,10,0,0,0,0,0.00020420799955900293,5.791999683424365e-06,2.220900023530703e-05,3.045899939024821e-05,0.4408833269903536
D11,Isolet,class_sorted,591,6828,4,0,0,0,0,0.00016774999949120684,4.374999662104528e-06,1.608300044608768e-05,2.6125000658794306e-05,0.44087194965337356
D11,Isolet,class_sorted,592,6829,1,0,0,0,0,0.00016529100048501277,4.167000042798463e-06,1.4209000255505089e-05,2.512499941076385e-05,0.44083493885625274
D11,Isolet,class_sorted,593,6830,11,0,0,0,0,0.00016374999995605322,3.99999953515362e-06,1.329099995928118e-05,2.4292000489367638e-05,0.4408385334992843
D11,Isolet,class_sorted,594,6831,1,1,1,0,0,0.00016279100054816809,1.4042000657354947e-05,1.3416999536275398e-05,2.462499924149597e-05,0.4407801885479295
D11,Isolet,class_sorted,595,6832,14,0,0,0,0,0.00016295799923682353,3.832999937003478e-06,1.3040999874647241e-05,2.4041999495238997e-05,0.44079787591641323
D11,Isolet,class_sorted,596,6833,22,0,0,0,0,0.00016258300001936732,3.875000402331352e-06,1.304199940932449e-05,2.420799955871189e-05,0.4408293481627569
D11,Isolet,class_sorted,597,6834,6,1,0,0,0,0.0001618329997654655,1.2542000149551313e-05,1.2999999853491317e-05,2.3292000150831882e-05,0.44077762763262185
D11,Isolet,class_sorted,598,6835,4,0,0,0,0,0.00016170899925782578,3.875000402331352e-06,1.2874999811174348e-05,2.4166000002878718e-05,0.44076227617517827
D11,Isolet,class_sorted,599,6836,16,0,0,0,0,0.00016208299985009944,3.7500003600143827e-06,1.2874999811174348e-05,2.28750004680478e-05,0.4408001283365298
D11,Isolet,class_sorted,600,6837,28,3,8,0,0,0.00016283300010400126,2.6917000468529295e-05,1.279199932469055e-05,2.3999999939405825e-05,0.4407921186414161
D11,Isolet,class_sorted,601,6838,7,0,0,0,0,0.00021762500000477303,7.208000170066953e-06,1.95419997908175e-05,3.362500046932837e-05,0.4407729546882337
D11,Isolet,class_sorted,602,6839,8,0,0,0,0,0.00016620899987174198,4.042000000481494e-06,1.3124999895808287e-05,2.5249999453080818e-05,0.44075466012737696
D11,Isolet,class_sorted,603,6840,0,1,0,0,0,0.0001577079992785002,1.3541999578592367e-05,1.2584000614879187e-05,2.4541999664506875e-05,0.44069604995639516
D11,Isolet,class_sorted,604,6841,15,0,0,0,0,0.00016279200008284533,3.709000338858459e-06,1.2542000149551313e-05,2.4291000045195688e-05,0.4407169234188989
D11,Isolet,class_sorted,605,6842,21,1,3,0,0,0.00016216599942708854,1.2167000022600405e-05,1.2417000107234344e-05,2.4541000129829627e-05,0.4407095045922926
D11,Isolet,class_sorted,606,6843,3,7,55,0,0,0.00016170900016732048,5.266699918138329e-05,1.2458999663067516e-05,2.408399996056687e-05,0.440605975098952
D11,Isolet,class_sorted,607,6844,26,0,0,0,0,0.0001629999997021514,3.832999937003478e-06,1.2708000213024206e-05,2.3333000171987806e-05,0.44065347588481424
D11,Isolet,class_sorted,608,6845,2,0,0,0,0,0.0001613750000615255,3.7089994293637574e-06,1.2584000614879187e-05,2.3749999854771886e-05,0.4406293153137942
D11,Isolet,class_sorted,609,6846,15,1,3,0,0,0.0001620839993847767,1.1666999853332527e-05,1.2165999578428455e-05,2.3499999770137947e-05,0.44061827996292047
D11,Isolet,class_sorted,610,6847,0,1,0,0,0,0.0001564999993206584,1.1332999747537542e-05,1.2083000001439359e-05,2.404099996056175e-05,0.44055948491895996
D11,Isolet,class_sorted,611,6848,23,0,0,0,0,0.0001675000003160676,3.707999894686509e-06,1.2333000086073298e-05,2.3666000743105542e-05,0.44059008617787687
D11,Isolet,class_sorted,612,6849,9,0,0,0,0,0.0001642500001253211,4.0409995563095436e-06,1.2292000064917374e-05,2.4041999495238997e-05,0.44058681278470324
D11,Isolet,class_sorted,613,6850,18,5,9,0,0,0.00016212500031542731,3.841700072371168e-05,1.2083999536116607e-05,2.3874999897088856e-05,0.440579145426261
D11,Isolet,class_sorted,614,6851,2,0,0,0,0,0.00016104200039990246,3.709000338858459e-06,1.22499995995895e-05,2.3708000298938714e-05,0.4405682327685139
D11,Isolet,class_sorted,615,6852,40,0,0,0,0,0.00016816700008348562,3.707999894686509e-06,1.2458000128390267e-05,2.34159997489769e-05,0.44062764039382013
D11,Isolet,class_sorted,616,6853,1,0,0,0,0,0.0001629999997021514,3.7500003600143827e-06,1.2333000086073298e-05,2.379100078542251e-05,0.4405926106943209
D11,Isolet,class_sorted,617,6854,9,0,0,0,0,0.00016195799980778247,3.666000338853337e-06,1.2125000466767233e-05,2.3749999854771886e-05,0.4405918565354846
D11,Isolet,class_sorted,618,6855,7,0,0,0,0,0.00016179199974430958,3.707999894686509e-06,1.2083000001439359e-05,2.354099979129387e-05,0.4405822722852541
D11,Isolet,class_sorted,619,6856,18,0,0,0,0,0.00016187500023079338,3.7500003600143827e-06,1.6541999684704933e-05,2.3583000256621744e-05,0.4405991237252561
D11,Isolet,class_sorted,620,6857,6,1,0,0,0,0.00016112499997689156,1.2040999536111485e-05,1.4749999536434188e-05,2.3874999897088856e-05,0.44061516931070766
D11,Isolet,class_sorted,621,6858,3,5,55,0,0,0.00016104100086522521,3.866699989885092e-05,1.3374999980442226e-05,2.3874999897088856e-05,0.4405185843095112
D11,Isolet,class_sorted,622,6859,1,7,42,0,0,0.0001621669998712605,5.087500085210195e-05,1.3083999874652363e-05,2.4041999495238997e-05,0.4403730658406206
D11,Isolet,class_sorted,623,6860,7,0,0,0,0,0.00016250000044237822,3.791999915847555e-06,1.2542000149551313e-05,2.379200032009976e-05,0.44035229999539116
D11,Isolet,class_sorted,624,6861,17,0,0,0,0,0.0001621249994059326,3.791999915847555e-06,1.2540999705379363e-05,2.395799947407795e-05,0.44038878292563527
D11,Isolet,class_sorted,625,6862,31,0,0,0,0,0.00016304099972330732,3.832999937003478e-06,1.2542000149551313e-05,2.3458999748982023e-05,0.4404455860040569
D11,Isolet,class_sorted,626,6863,8,0,0,0,0,0.00021837499934918014,6.749999556632247e-06,1.7792000107874628e-05,3.354099953867262e-05,0.44044959286859614
D11,Isolet,class_sorted,627,6864,5,7,59,0,0,0.00016562499968131306,5.249999958323315e-05,1.316700036113616e-05,2.470800063747447e-05,0.44036201845146816
D11,Isolet,class_sorted,628,6865,7,0,0,0,0,0.00016483399940625532,3.791999915847555e-06,1.2749999768857379e-05,2.39589999182499e-05,0.4403709073732865
D11,Isolet,class_sorted,629,6866,7,0,0,0,0,0.00016258300001936732,3.7910003811703064e-06,1.275000067835208e-05,2.4083000425889622e-05,0.4403821482723537
D11,Isolet,class_sorted,630,6867,12,1,1,0,0,0.00016237500040006125,1.408300067851087e-05,1.608300044608768e-05,2.258400036225794e-05,0.4403637776261473
D11,Isolet,class_sorted,631,6868,7,0,0,0,0,0.00017437499991501682,4.042000000481494e-06,1.2790999790013302e-05,2.3791999410605058e-05,0.4403769905512778
D11,Isolet,class_sorted,632,6869,5,3,6,0,0,0.00016758399942773394,2.6000000616477337e-05,1.2583000170707237e-05,2.3750000764266588e-05,0.44032096166131485
D11,Isolet,class_sorted,633,6870,3,0,0,0,0,0.00016241699995589443,3.7500003600143827e-06,1.2583000170707237e-05,2.395799947407795e-05,0.440304480841907
D11,Isolet,class_sorted,634,6871,32,0,0,0,0,0.00016458299978694413,3.8749994928366505e-06,1.2584000614879187e-05,2.4583999220340047e-05,0.44035559389211576
D11,Isolet,class_sorted,635,6872,9,1,8,0,0,0.00016416600010416005,1.2708000213024206e-05,1.2666999282373581e-05,2.4000000848900527e-05,0.44034414155187734
D11,Isolet,class_sorted,636,6873,0,0,0,0,0,0.00017008300073939608,6.874999598949216e-06,1.3459000001603272e-05,2.4792000658635516e-05,0.4402863881674202
D11,Isolet,class_sorted,637,6874,3,2,16,0,0,0.00016504199993505608,1.9083000552200247e-05,1.262500063603511e-05,2.391700036241673e-05,0.4402309483486794
D11,Isolet,class_sorted,638,6875,9,1,0,0,0,0.00016308399972331244,1.1916999937966466e-05,1.2458999663067516e-05,2.420900000288384e-05,0.44019384482565804
D11,Isolet,class_sorted,639,6876,0,0,0,0,0,0.00015737499961687718,3.7080008041812107e-06,1.2540999705379363e-05,2.3916999452922028e-05,0.44016461227035386
D11,Isolet,class_sorted,640,6877,25,0,0,0,0,0.00016366599993489217,3.832999937003478e-06,1.2749999768857379e-05,2.3040999622025993e-05,0.44021218142029117
D11,Isolet,class_sorted,641,6878,7,0,0,0,0,0.00016291599968099035,3.7500003600143827e-06,1.2583000170707237e-05,2.2791000446886756e-05,0.44020729749559884
D11,Isolet,class_sorted,642,6879,1,2,8,0,0,0.00016420799965999322,1.916699966386659e-05,1.262500063603511e-05,2.3874999897088856e-05,0.4401432016151539
D11,Isolet,class_sorted,643,6880,0,4,17,0,0,0.00015716600046289386,3.18749998768908e-05,1.2415999663062394e-05,2.2917000023880973e-05,0.4400786106058648
D11,Isolet,class_sorted,644,6881,3,0,0,0,0,0.00016191700069612125,3.7500003600143827e-06,1.2624999726540409e-05,2.3874999897088856e-05,0.4400498913729216
D11,Isolet,class_sorted,645,6882,27,0,0,0,0,0.00016320899976562941,3.7080008041812107e-06,1.2583000170707237e-05,2.341700019314885e-05,0.4400699946970473
D11,Isolet,class_sorted,646,6883,20,0,0,0,0,0.0001630000006116461,3.7500003600143827e-06,1.2542000149551313e-05,2.3999999939405825e-05,0.44010205612303205
D11,Isolet,class_sorted,647,6884,18,0,0,0,0,0.00016287500056932913,3.7500003600143827e-06,1.2458999663067516e-05,2.3624999812454917e-05,0.4401136813393411
D11,Isolet,class_sorted,648,6885,6,4,11,0,0,0.00016195799980778247,3.220899998268578e-05,1.2458999663067516e-05,2.40420004047337e-05,0.44005275172639907
D11,Isolet,class_sorted,649,6886,5,4,15,0,0,0.0001622079998924164,3.1041000511322636e-05,1.2292000064917374e-05,2.2834000446891878e-05,0.4400153153307192
D11,Isolet,class_sorted,650,6887,16,1,2,0,0,0.00016341700029443018,1.1833999451482669e-05,1.2292000064917374e-05,2.28749995585531e-05,0.4400533098995894
D11,Isolet,class_sorted,651,6888,6,2,7,0,0,0.00026566700034891255,2.9083999834256247e-05,2.6417000299261417e-05,5.4709000323782675e-05,0.4399963898638752
D11,Isolet,class_sorted,652,6889,25,0,0,0,0,0.00017979200038098497,5.249999958323315e-06,1.7249999473278876e-05,2.8374999601510353e-05,0.44003849944389284
D11,Isolet,class_sorted,653,6890,15,0,0,0,0,0.00016954200054897228,4.624999746738467e-06,1.449999945180025e-05,2.6624999918567482e-05,0.4400552625207734
D11,Isolet,class_sorted,654,6891,3,4,17,0,0,0.00016645899995637592,3.829200068139471e-05,1.383400012855418e-05,2.725000013015233e-05,0.4400115788230522
D11,Isolet,class_sorted,655,6892,19,0,0,0,0,0.00016962500012596138,4.249999619787559e-06,1.3500000022759195e-05,2.6209000679955352e-05,0.44005153122923546
D11,Isolet,class_sorted,656,6893,5,4,8,0,0,0.00016566699923714623,3.670900059660198e-05,1.3249999938125256e-05,2.4542000574001577e-05,0.4400436399412805
D11,Isolet,class_sorted,657,6894,4,1,0,0,0,0.00016458299978694413,1.275000067835208e-05,1.2708000213024206e-05,2.3416000658471603e-05,0.4400223264310207
D11,Isolet,class_sorted,658,6895,2,3,23,0,0,0.0001640840000618482,2.6916999559034593e-05,1.2749999768857379e-05,2.3708000298938714e-05,0.4399554326467088
D11,Isolet,class_sorted,659,6896,32,0,0,0,0,0.00016529200001969002,3.7909994716756046e-06,1.3207999472797383e-05,2.395799947407795e-05,0.43999481795878137
D11,Isolet,class_sorted,660,6897,4,0,0,0,0,0.00016758399942773394,4.125000486965291e-06,1.3208000382292084e-05,2.433299960102886e-05,0.4399976960000883
D11,Isolet,class_sorted,661,6898,2,2,7,0,0,0.0001639160000195261,1.9457999769656453e-05,1.2667000191868283e-05,2.312500055268174e-05,0.43990048093595957
D11,Isolet,class_sorted,662,6899,0,6,66,0,0,0.00016316699930030154,4.616699970938498e-05,1.2749999768857379e-05,2.487500023562461e-05,0.4397638120709007
D11,Isolet,class_sorted,663,6900,1,0,0,0,0,0.00016708300063328352,3.957999979320448e-06,1.8916999579232652e-05,2.420900000288384e-05,0.4397536262849132
D11,Isolet,class_sorted,664,6901,24,0,0,0,0,0.0001661670003159088,3.749999450519681e-06,1.4416999874811154e-05,2.395799947407795e-05,0.4397885676988261
D11,Isolet,class_sorted,665,6902,6,0,0,0,0,0.00016445800065412186,4.000000444648322e-06,1.3208000382292084e-05,2.379099987592781e-05,0.43981778108482344
D11,Isolet,class_sorted,666,6903,23,0,0,0,0,0.00016512499951204518,3.791999915847555e-06,1.3374999980442226e-05,2.40420004047337e-05,0.439836920990022
D11,Isolet,class_sorted,667,6904,50,0,0,0,0,0.0001669590001256438,3.7920008253422566e-06,1.341600000159815e-05,2.3249999685504008e-05,0.43989741991941
D11,Isolet,class_sorted,668,6905,15,0,0,0,0,0.0001642500001253211,3.957999979320448e-06,1.2958000297658145e-05,2.4499999199179e-05,0.43993977773700466
D11,Isolet,class_sorted,669,6906,64,0,0,0,0,0.0001666250000198488,3.875000402331352e-06,1.3459000001603272e-05,2.4416999622189905e-05,0.43999658634292066
D11,Isolet,class_sorted,670,6907,41,0,0,0,0,0.00016583399974479107,3.834000381175429e-06,1.3166999451641459e-05,2.4124999981722794e-05,0.4399892016697365
D11,Isolet,class_sorted,671,6908,45,0,0,0,0,0.00017416700029571075,5.000000783184078e-06,1.34170004457701e-05,2.8249999559193384e-05,0.4400087883595831
D11,Isolet,class_sorted,672,6909,3,0,0,0,0,0.00016395900001953123,3.7500003600143827e-06,1.279199932469055e-05,2.379200032009976e-05,0.4399859171480197
D11,Isolet,class_sorted,673,6910,12,0,0,0,0,0.00016700000014679972,3.834000381175429e-06,1.249999968422344e-05,2.5374999495397788e-05,0.4400023638628188
D11,Isolet,class_sorted,674,6911,18,0,0,0,0,0.0001647079998292611,3.83300084649818e-06,1.2542000149551313e-05,2.4959000256785657e-05,0.44002668790728383
D11,Isolet,class_sorted,675,6912,87,0,0,0,0,0.00016824999966047471,3.8749994928366505e-06,1.5374999748019036e-05,2.5833000108832493e-05,0.4400947636571781
D11,Isolet,class_sorted,676,6913,36,0,0,0,0,0.00023129199962568237,6.875000508443918e-06,1.9791999875451438e-05,3.666600059659686e-05,0.44011083683663066
D11,Isolet,class_sorted,677,6914,85,0,0,0,0,0.0001708330000838032,3.875000402331352e-06,1.408400021318812e-05,2.537500040489249e-05,0.44018837829654817
D11,Isolet,class_sorted,678,6915,17,1,0,0,0,0.00016799999957584077,1.3541999578592367e-05,1.2917000276502222e-05,2.3958000383572653e-05,0.4401463084381542
D11,Isolet,class_sorted,679,6916,86,1,0,0,0,0.00016708299972378882,1.2083000001439359e-05,1.3083000339975115e-05,2.337500063731568e-05,0.4402093896735524
D11,Isolet,class_sorted,680,6917,99,0,0,0,0,0.0001666250000198488,3.6250003176974133e-06,1.2667000191868283e-05,2.3167000108514912e-05,0.4402603467667399
D11,Isolet,class_sorted,681,6918,12,2,0,0,0,0.00016420799965999322,1.991700082726311e-05,1.262500063603511e-05,2.28750004680478e-05,0.44025708826426274
D11,Isolet,class_sorted,682,6919,87,0,0,0,0,0.0001661670003159088,3.5829998523695394e-06,1.2665999747696333e-05,2.2791999981564004e-05,0.4403352451677036
D11,Isolet,class_sorted,683,6920,25,0,0,0,0,0.00016408299961767625,3.6249994082027115e-06,1.2707999303529505e-05,2.2958000045036897e-05,0.4403687758459666
D11,Isolet,class_sorted,684,6921,3,0,0,0,0,0.0001679580000200076,4.165999598626513e-06,1.2874999811174348e-05,2.3499999770137947e-05,0.4403271580599353
D11,Isolet,class_sorted,685,6922,97,0,0,0,0,0.00017108300016843714,3.665999429358635e-06,1.2958000297658145e-05,2.2790999537392054e-05,0.4404038425715948
D11,Isolet,class_sorted,686,6923,72,0,0,0,0,0.00016495799991389504,3.6249994082027115e-06,1.2542000149551313e-05,2.258299991808599e-05,0.4404711599185214
D11,Isolet,class_sorted,687,6924,61,0,0,0,0,0.00016583300021011382,3.707999894686509e-06,1.2667000191868283e-05,2.3916999452922028e-05,0.4405359755236731
D11,Isolet,class_sorted,688,6925,4,0,0,0,0,0.000164167000548332,3.6250003176974133e-06,1.2417000107234344e-05,2.39589999182499e-05,0.4405163347550705
D11,Isolet,class_sorted,689,6926,43,0,0,0,0,0.00016520799999852898,3.707999894686509e-06,1.2583999705384485e-05,2.2834000446891878e-05,0.44055315750705815
D11,Isolet,class_sorted,690,6927,3,0,0,0,0,0.0001637920004213811,3.5840002965414897e-06,1.2583999705384485e-05,2.3709000743110664e-05,0.44053426866707807
D11,Isolet,class_sorted,691,6928,9,0,0,0,0,0.00016349999987141928,3.6250003176974133e-06,1.2749999768857379e-05,2.3916999452922028e-05,0.44053062215506456
D11,Isolet,class_sorted,692,6929,80,0,0,0,0,0.00016562500059080776,3.832999937003478e-06,1.2333000086073298e-05,2.2958000045036897e-05,0.44059705527216303
D11,Isolet,class_sorted,693,6930,17,1,0,0,0,0.00016520900044270093,1.3916999705543276e-05,1.2624999726540409e-05,2.3833999875932932e-05,0.4405665353428422
D11,Isolet,class_sorted,694,6931,72,0,0,0,0,0.00016766699991421774,3.875000402331352e-06,1.2583000170707237e-05,2.362500072194962e-05,0.44063484480291576
D11,Isolet,class_sorted,695,6932,68,0,0,0,0,0.00016820800010464154,3.749999450519681e-06,1.3040999874647241e-05,2.4917000700952485e-05,0.4407047231383841
D11,Isolet,class_sorted,696,6933,81,0,0,0,0,0.00017004199980874546,3.791999915847555e-06,1.3166000826458912e-05,2.5082999854930677e-05,0.44073719448496884
D11,Isolet,class_sorted,697,6934,35,1,0,0,0,0.0001678749995335238,1.3332999515114352e-05,1.2957999388163444e-05,2.4166999537555967e-05,0.4407140376099262
D11,Isolet,class_sorted,698,6935,41,0,0,0,0,0.0001699579997875844,3.957999979320448e-06,1.3332999515114352e-05,2.3624999812454917e-05,0.4407920111079972
D11,Isolet,class_sorted,699,6936,64,1,1,0,0,0.0001683329992374638,1.3250000847619958e-05,1.2917000276502222e-05,2.5833000108832493e-05,0.44080434025970483
D11,Isolet,class_sorted,700,6937,5,2,0,0,0,0.00016720799976610579,2.1291000848577823e-05,1.2874999811174348e-05,2.4707999727979768e-05,0.4408119357793593
D11,Isolet,class_sorted,701,6938,14,1,0,0,0,0.0002704169992284733,1.9500000234984327e-05,1.9709000298462342e-05,3.945800017390866e-05,0.4408167740176939
D11,Isolet,class_sorted,702,6939,55,0,0,0,0,0.00017129199932242045,3.916999958164524e-06,1.3333999959286302e-05,2.3791999410605058e-05,0.44085097748828667
D11,Isolet,class_sorted,703,6940,1,14,312,0,0,0.00016699999923730502,9.958400005416479e-05,1.383400012855418e-05,2.658399989741156e-05,0.44058291993746007
D11,Isolet,class_sorted,704,6941,1,3,35,0,0,0.00017995799953496316,2.6666999474400654e-05,1.2874999811174348e-05,2.5166999876091722e-05,0.44056084011987257
D11,Isolet,class_sorted,705,6942,109,0,0,0,0,0.00017100000059144804,3.8749994928366505e-06,1.2749999768857379e-05,2.4291000045195688e-05,0.440654066664685
D11,Isolet,class_sorted,706,6943,3,3,2,0,0,0.0001666250000198488,2.741699972830247e-05,1.2790999790013302e-05,2.45829996856628e-05,0.440612608807062
D11,Isolet,class_sorted,707,6944,0,1,4,0,0,0.00016162500014615944,1.2792000234185252e-05,1.2708000213024206e-05,2.5249999453080818e-05,0.4405739477109236
D11,Isolet,class_sorted,708,6945,42,0,0,0,0,0.0001765829993018997,4.415999683260452e-06,1.3124999895808287e-05,2.4500000108673703e-05,0.44063096300204974
D11,Isolet,class_sorted,709,6946,109,0,0,0,0,0.00016800000048533548,3.916999958164524e-06,1.3124999895808287e-05,2.445900008751778e-05,0.4407174670628352
D11,Isolet,class_sorted,710,6947,83,0,0,0,0,0.00016779099951236276,3.8749994928366505e-06,1.2707999303529505e-05,2.3208000129670836e-05,0.44078657488380374
D11,Isolet,class_sorted,711,6948,17,0,0,0,0,0.00016641699949104805,3.957999979320448e-06,1.2583000170707237e-05,2.4416000087512657e-05,0.44080240435868684
D11,Isolet,class_sorted,712,6949,9,0,0,0,0,0.00016737499936425593,3.7910003811703064e-06,1.2583000170707237e-05,2.45829996856628e-05,0.44077142475959935
D11,Isolet,class_sorted,713,6950,12,1,0,0,0,0.00016583300021011382,1.2415999663062394e-05,1.2375000551401172e-05,2.445800055284053e-05,0.4407967754124512
D11,Isolet,class_sorted,714,6951,41,0,0,0,0,0.00016849999974510865,4.250000529282261e-06,1.3541999578592367e-05,2.4000000848900527e-05,0.44083753427383454
D11,Isolet,class_sorted,715,6952,16,0,0,0,0,0.0001667079995968379,3.791999915847555e-06,1.2458999663067516e-05,2.433400004520081e-05,0.44085978822909194
D11,Isolet,class_sorted,716,6953,44,1,10,0,0,0.00016812500052765245,1.4166000255499966e-05,1.2790999790013302e-05,2.4375000066356733e-05,0.4408790967358915
D11,Isolet,class_sorted,717,6954,31,0,0,0,0,0.00016770900037954561,3.99999953515362e-06,1.2415999663062394e-05,2.7957999918726273e-05,0.4409093580160004
D11,Isolet,class_sorted,718,6955,4,0,0,0,0,0.00017599999955564272,4.542000169749372e-06,1.9499999325489625e-05,3.0500000320898835e-05,0.44087223965782985
D11,Isolet,class_sorted,719,6956,1,0,0,0,0,0.00017345800006296486,4.665999767894391e-06,1.4999999621068127e-05,2.9290999918885063e-05,0.44086881497942615
D11,Isolet,class_sorted,720,6957,3,0,0,0,0,0.00016966699968179455,4.54199926025467e-06,1.4500000361294951e-05,2.8707999263133388e-05,0.4408835321139605
D11,Isolet,class_sorted,721,6958,1,0,0,0,0,0.00017287499940721318,4.042000000481494e-06,1.4041999747860245e-05,2.4832999770296738e-05,0.4408482792901137
D11,Isolet,class_sorted,722,6959,14,0,0,0,0,0.00016937500004132744,4.000000444648322e-06,1.2874999811174348e-05,2.391599991824478e-05,0.44087695940571137
D11,Isolet,class_sorted,723,6960,3,2,13,0,0,0.00016591600069659762,2.1625000044878107e-05,1.3041000784141943e-05,2.4665999262651894e-05,0.44082877954785155
D11,Isolet,class_sorted,724,6961,12,0,0,0,0,0.00017029100035870215,4.125000486965291e-06,1.3124999895808287e-05,2.8792000193789136e-05,0.440840524424946
D11,Isolet,class_sorted,725,6962,0,0,0,0,0,0.00016483300078107277,4.083000021637417e-06,1.3457999557431322e-05,2.7624999347608536e-05,0.4407947262262349
D11,Isolet,class_sorted,726,6963,22,0,0,0,0,0.00025704200015752576,8.416000127908774e-06,2.2541999896930065e-05,4.7958999857655726e-05,0.4408309265612922
D11,Isolet,class_sorted,727,6964,6,0,0,0,0,0.00017904200012708316,5.3329995353124104e-06,1.8374999854131602e-05,3.204199947504094e-05,0.4407988036610172
D11,Isolet,class_sorted,728,6965,0,7,15,0,0,0.00016716699974494986,6.012500034557888e-05,1.4791000467084814e-05,2.9125000764906872e-05,0.44072439747273934
D11,Isolet,class_sorted,729,6966,14,1,4,0,0,0.00017016699985106243,1.2874999811174348e-05,1.3625000065076165e-05,2.554200000304263e-05,0.44072111600300795
D11,Isolet,class_sorted,730,6967,4,0,0,0,0,0.0001662500008023926,4.1249995774705894e-06,1.3208000382292084e-05,2.4625000150990672e-05,0.44071724840368415
D11,Isolet,class_sorted,731,6968,6,1,0,0,0,0.00016612500076007564,1.2208000043756329e-05,1.2541999240056612e-05,2.4250000024039764e-05,0.4406959457142162
D11,Isolet,class_sorted,732,6969,12,1,0,0,0,0.0001695829996606335,1.2416999197739642e-05,1.2667000191868283e-05,2.433299960102886e-05,0.44068374676489924
D11,Isolet,class_sorted,733,6970,1,0,0,0,0,0.00016654200044285972,3.832999937003478e-06,1.2708000213024206e-05,2.4166000002878718e-05,0.4406819431886026
D11,Isolet,class_sorted,734,6971,2,0,0,0,0,0.00016395799957535928,3.7909994716756046e-06,1.2583000170707237e-05,2.2500000341096893e-05,0.4406562963185754
D11,Isolet,class_sorted,735,6972,0,1,3,0,0,0.00015875000008236384,1.1791999895649496e-05,1.2416000572557095e-05,2.9417000405373983e-05,0.4405820471471637
D11,Isolet,class_sorted,736,6973,5,0,0,0,0,0.00016420799965999322,3.7500003600143827e-06,1.2749999768857379e-05,2.262499947391916e-05,0.4405949379229146
D11,Isolet,class_sorted,737,6974,4,0,0,0,0,0.00016420800056948792,3.707999894686509e-06,1.2624999726540409e-05,2.3499999770137947e-05,0.4405678757860724
D11,Isolet,class_sorted,738,6975,15,0,0,0,0,0.00016666699957568198,3.7910003811703064e-06,1.316700036113616e-05,2.487500023562461e-05,0.4406056853751323
D11,Isolet,class_sorted,739,6976,1,0,0,0,0,0.00016691699966031592,3.707999894686509e-06,1.262500063603511e-05,2.5291999918408692e-05,0.44057716633204425
D11,Isolet,class_sorted,740,6977,0,3,13,0,0,0.0001615840001250035,2.7334000151313376e-05,1.2458999663067516e-05,2.3999999939405825e-05,0.44048232630589773
D11,Isolet,class_sorted,741,6978,14,1,0,0,0,0.0001651659995332011,1.195799995912239e-05,1.2624999726540409e-05,2.28749995585531e-05,0.4404645122766476
D11,Isolet,class_sorted,742,6979,8,0,0,0,0,0.0001649169998927391,3.832999937003478e-06,1.2584000614879187e-05,2.3874999897088856e-05,0.4404485600753941
D11,Isolet,class_sorted,743,6980,12,0,0,0,0,0.000164625000252272,3.832999937003478e-06,1.2542000149551313e-05,2.4291999579872936e-05,0.4404444863890555
D11,Isolet,class_sorted,744,6981,2,3,23,0,0,0.00016387499999837019,2.6249999791616574e-05,1.249999968422344e-05,2.28750004680478e-05,0.4403986641353915
D11,Isolet,class_sorted,745,6982,25,1,0,0,0,0.00016520799999852898,1.2292000064917374e-05,1.249999968422344e-05,2.3167000108514912e-05,0.440432569390819
D11,Isolet,class_sorted,746,6983,0,0,0,0,0,0.00016054200023063459,3.833999471680727e-06,1.2708000213024206e-05,2.445799964334583e-05,0.4403757511819068
D11,Isolet,class_sorted,747,6984,6,0,0,0,0,0.0001659579993429361,3.791999915847555e-06,1.2958999832335394e-05,2.5084000299102627e-05,0.44034424376368775
D11,Isolet,class_sorted,748,6985,9,0,0,0,0,0.00016633399991405895,3.834000381175429e-06,1.2917000276502222e-05,2.500000027794158e-05,0.4403388638691335
D11,Isolet,class_sorted,749,6986,14,0,0,0,0,0.00016562500059080776,3.791999915847555e-06,1.2708000213024206e-05,2.3875000806583557e-05,0.44036304607181326
D11,Isolet,class_sorted,750,6987,1,0,0,0,0,0.00016475000029458897,4.042000000481494e-06,1.2874999811174348e-05,2.3999999939405825e-05,0.4403107724064822
D11,Isolet,class_sorted,751,6988,2,2,23,0,0,0.00027066599977843,3.399999968678458e-05,2.645800032041734e-05,5.9875000260944944e-05,0.44028934137703934
D11,Isolet,class_sorted,752,6989,6,0,0,0,0,0.00017912499970407225,4.583999725582544e-06,1.5749999874969944e-05,2.9082999390084296e-05,0.4403026496077544
D11,Isolet,class_sorted,753,6990,17,0,0,0,0,0.00017154099987237714,4.292000085115433e-06,1.383400012855418e-05,2.6542000341578387e-05,0.44031450086746643
D11,Isolet,class_sorted,754,6991,24,0,0,0,0,0.0001695000000836444,3.832999937003478e-06,1.329099995928118e-05,2.45830005951575e-05,0.44034948884378683
D11,Isolet,class_sorted,755,6992,3,0,0,0,0,0.00016608300029474776,3.791999915847555e-06,1.2999999853491317e-05,2.4250000024039764e-05,0.44037122769751946
D11,Isolet,class_sorted,756,6993,1,0,0,0,0,0.00017370899968227604,4.37500057159923e-06,1.3124999895808287e-05,2.499999936844688e-05,0.4403257051903973
D11,Isolet,class_sorted,757,6994,3,0,0,0,0,0.00016533300004084595,3.832999937003478e-06,1.2665999747696333e-05,2.4416000087512657e-05,0.4402934036114759
D11,Isolet,class_sorted,758,6995,7,0,0,0,0,0.00016683299963915488,3.832999937003478e-06,1.2667000191868283e-05,2.4166000002878718e-05,0.4403120688950708
D11,Isolet,class_sorted,759,6996,5,0,0,0,0,0.00016574999972363003,3.832999937003478e-06,1.2958000297658145e-05,2.4124999981722794e-05,0.44027065956307865
D11,Isolet,class_sorted,760,6997,23,0,0,0,0,0.0001667910000833217,3.791999915847555e-06,1.2667000191868283e-05,2.4665999262651894e-05,0.44028655191723787
D11,Isolet,class_sorted,761,6998,4,0,0,0,0,0.00016554200010432396,3.8749994928366505e-06,1.2832999345846474e-05,2.4041999495238997e-05,0.44025133021461926
D11,Isolet,class_sorted,762,6999,4,1,0,0,0,0.00016574999972363003,1.3500000022759195e-05,1.2958000297658145e-05,2.3833000341255683e-05,0.4402069409873817
D11,Isolet,class_sorted,763,7000,2,2,15,0,0,0.0001659580002524308,1.954100025614025e-05,1.2666999282373581e-05,2.4417000531684607e-05,0.4401471690337059
D11,Isolet,class_sorted,764,7001,1,4,24,0,0,0.0001662500008023926,3.2375000046158675e-05,1.2583999705384485e-05,2.379200032009976e-05,0.4400705027073107
D11,Isolet,class_sorted,765,7002,1,69,1682,0,0,0.00016608300029474776,0.0004547910002656863,1.2958000297658145e-05,2.7957999918726273e-05,0.4392699229529306
D11,Isolet,class_sorted,766,7003,34,0,0,0,0,0.00017008299982990138,4.165999598626513e-06,1.2874999811174348e-05,2.4499999199179e-05,0.4393175023208794
D11,Isolet,class_sorted,767,7004,2,1,1,0,0,0.00016566699923714623,1.208400044561131e-05,1.2667000191868283e-05,2.4291000045195688e-05,0.4392789036168676
D11,Isolet,class_sorted,768,7005,14,0,0,0,0,0.00016658300046401564,3.875000402331352e-06,1.2999999853491317e-05,2.4500000108673703e-05,0.4392902704450902
D11,Isolet,class_sorted,769,7006,0,3,1,0,0,0.00016058399978646776,2.595899968582671e-05,1.6959000276983716e-05,2.487500023562461e-05,0.43923207354668053
D11,Isolet,class_sorted,770,7007,2,2,2,0,0,0.0001667910000833217,1.9458000679151155e-05,1.4125000234344043e-05,2.4500000108673703e-05,0.4391932456030885
D11,Isolet,class_sorted,771,7008,0,0,0,0,0,0.00016112499997689156,3.749999450519681e-06,1.3207999472797383e-05,2.404099996056175e-05,0.4391487060748075
D11,Isolet,class_sorted,772,7009,0,2,1,0,0,0.00016054099978646263,1.8958000509883277e-05,1.275000067835208e-05,2.4208000468206592e-05,0.4390891809546165
D11,Isolet,class_sorted,773,7010,9,0,0,0,0,0.00016620800033706473,3.916999958164524e-06,1.2792000234185252e-05,2.4458999178023078e-05,0.43911207717229994
D11,Isolet,class_sorted,774,7011,14,0,0,0,0,0.0001649999994697282,3.7909994716756046e-06,1.2624999726540409e-05,2.3999999939405825e-05,0.43914030960235273
D11,Isolet,class_sorted,775,7012,6,3,27,0,0,0.00016537500050617382,2.5166999876091722e-05,1.2167000022600405e-05,2.4124999981722794e-05,0.4391229290292636
D11,Isolet,class_sorted,776,7013,1,1,0,0,0,0.0002357500006837654,1.5749999874969944e-05,1.6291000065393746e-05,3.487499998300336e-05,0.43908851790083586
D11,Isolet,class_sorted,777,7014,0,0,0,0,0,0.00016370799949072534,3.8749994928366505e-06,1.3249999938125256e-05,2.500000027794158e-05,0.4390334588041175
D11,Isolet,class_sorted,778,7015,9,0,0,0,0,0.00016804200004116865,3.791999915847555e-06,1.2708999747701455e-05,2.39589999182499e-05,0.4390273958036104
D11,Isolet,class_sorted,779,7016,0,0,0,0,0,0.00016145900008268654,3.833999471680727e-06,1.2667000191868283e-05,2.362500072194962e-05,0.4389898895077887
D11,Isolet,class_sorted,780,7017,10,2,7,0,0,0.0002704999997149571,3.004100017278688e-05,2.366599983361084e-05,4.8042000344139524e-05,0.4389701217681568
D11,Isolet,class_sorted,781,7018,13,0,0,0,0,0.0001720000000204891,4.958999852533452e-06,1.595899993844796e-05,2.6249999791616574e-05,0.43899019405852174
D11,Isolet,class_sorted,782,7019,11,0,0,0,0,0.00016633399991405895,4.333000106271356e-06,1.3500000022759195e-05,2.3583000256621744e-05,0.43901216871292076
D11,Isolet,class_sorted,783,7020,3,0,0,0,0,0.00016437500016763806,4.042000000481494e-06,1.2958000297658145e-05,2.2833000002719928e-05,0.43899047609019687
D11,Isolet,class_sorted,784,7021,2,1,0,0,0,0.00016566700014664093,1.22499995995895e-05,1.2542000149551313e-05,2.2916000489203725e-05,0.4389576581299242
D11,Isolet,class_sorted,785,7022,0,82,2583,0,0,0.00015862499913055217,0.0005289170003379695,1.2874999811174348e-05,2.350000067963265e-05,0.43809760176989304
D11,Isolet,class_sorted,786,7023,2,0,0,0,0,0.00016345899985026335,3.916999958164524e-06,1.275000067835208e-05,2.3834000785427634e-05,0.438058233995573
D11,Isolet,class_sorted,787,7024,1,0,0,0,0,0.00016362499991373625,3.749999450519681e-06,1.316599991696421e-05,2.3833000341255683e-05,0.4380226183124965
D11,Isolet,class_sorted,788,7025,11,0,0,0,0,0.0001626249995752005,3.6250003176974133e-06,1.2417000107234344e-05,2.2625000383413862e-05,0.43803543638030773
D11,Isolet,class_sorted,789,7026,0,0,0,0,0,0.00015683300080127083,3.666000338853337e-06,1.2375000551401172e-05,2.2916000489203725e-05,0.4380255912679728
D11,Isolet,class_sorted,790,7027,4,4,15,0,0,0.00016466699980810517,3.1708999813417904e-05,1.2292000064917374e-05,2.2791000446886756e-05,0.43798304482734735
D11,Isolet,class_sorted,791,7028,1,10,68,0,0,0.00016295799923682353,7.02500001352746e-05,1.2375000551401172e-05,2.3458000214304775e-05,0.43782949533212845
D11,Isolet,class_sorted,792,7029,1,0,0,0,0,0.00016249999953288352,3.749999450519681e-06,1.2458999663067516e-05,2.325000059499871e-05,0.43779899891303453
D11,Isolet,class_sorted,793,7030,5,0,0,0,0,0.00016225000035774428,3.749999450519681e-06,1.2333000086073298e-05,2.258299991808599e-05,0.43778354089183175
D11,Isolet,class_sorted,794,7031,8,0,0,0,0,0.00016241699995589443,3.749999450519681e-06,1.2292000064917374e-05,2.3749999854771886e-05,0.4377968439025599
D11,Isolet,class_sorted,795,7032,3,3,24,0,0,0.00016158299968083156,2.5291999918408692e-05,1.22499995995895e-05,2.379200032009976e-05,0.4377438910857031
D11,Isolet,class_sorted,796,7033,4,4,8,0,0,0.0001621249994059326,3.1708000278740656e-05,1.2208000043756329e-05,2.2541000362252817e-05,0.4377139116488516
D11,Isolet,class_sorted,797,7034,1,10,27,0,0,0.00016320799932145746,6.933300028322265e-05,1.2250000509084202e-05,2.262499947391916e-05,0.4376275327883659
D11,Isolet,class_sorted,798,7035,17,0,0,0,0,0.00016295899968099548,3.791999915847555e-06,1.2415999663062394e-05,2.3332999262493104e-05,0.43766553109185313
D11,Isolet,class_sorted,799,7036,8,0,0,0,0,0.0001621669998712605,3.749999450519681e-06,1.2250000509084202e-05,2.3499999770137947e-05,0.43766246767347045
D11,Isolet,class_sorted,800,7037,3,1,4,0,0,0.00016458399932162138,1.17090003186604e-05,1.2083999536116607e-05,2.2625000383413862e-05,0.4376130434780122
D11,Isolet,class_sorted,801,7038,5,0,0,0,0,0.00023274999966815813,6.541999937326182e-06,2.312500055268174e-05,3.8749999475840013e-05,0.4376264365154072
D11,Isolet,class_sorted,802,7039,3,2,0,0,0,0.00016899999991437653,2.0791000679309946e-05,1.4500000361294951e-05,2.4375000066356733e-05,0.43759086153673016
D11,Isolet,class_sorted,803,7040,1,1,17,0,0,0.0001685840006757644,1.2417000107234344e-05,1.3249999938125256e-05,2.354200023546582e-05,0.43752153843815605
D11,Isolet,class_sorted,804,7041,5,1,0,0,0,0.00016429100014647702,1.2125000466767233e-05,1.2540999705379363e-05,2.3249999685504008e-05,0.43748080724351307
D11,Isolet,class_sorted,805,7042,0,0,0,0,0,0.00015816700033610687,4.000000444648322e-06,1.2417000107234344e-05,2.3083000087353867e-05,0.43743534199231077
D11,Isolet,class_sorted,806,7043,4,0,0,0,0,0.0001630000006116461,3.875000402331352e-06,1.2375000551401172e-05,2.3833999875932932e-05,0.43741125945229975
D11,Isolet,class_sorted,807,7044,1,0,0,0,0,0.00016320800023095217,3.832999937003478e-06,1.237499964190647e-05,2.3582999347127043e-05,0.43737599673909006
D11,Isolet,class_sorted,808,7045,0,9,28,0,0,0.00015829200037842384,6.379099977493752e-05,1.2333000086073298e-05,2.395799947407795e-05,0.43727762314322566
D11,Isolet,class_sorted,809,7046,0,0,0,0,0,0.00015787499978614505,3.791999915847555e-06,1.2290999620745424e-05,2.3582999347127043e-05,0.4372320629959056
D11,Isolet,class_sorted,810,7047,2,2,10,0,0,0.00016249999953288352,1.874999998108251e-05,1.2166999113105703e-05,2.3583000256621744e-05,0.4371585481980268
D11,Isolet,class_sorted,811,7048,17,0,0,0,0,0.00016354200033674715,3.832999937003478e-06,1.2415999663062394e-05,2.258300082758069e-05,0.4371744826208898
D11,Isolet,class_sorted,812,7049,0,0,0,0,0,0.0001572500004840549,3.832999937003478e-06,1.22499995995895e-05,2.3374999727820978e-05,0.43711859765916855
D11,Isolet,class_sorted,813,7050,7,4,7,0,0,0.00016324999978678534,3.137499970762292e-05,1.2124999557272531e-05,2.274999951623613e-05,0.43707807163441076
D11,Isolet,class_sorted,814,7051,5,0,0,0,0,0.0001629170001251623,3.832999937003478e-06,1.2208000043756329e-05,2.354099979129387e-05,0.43709701705987425
D11,Isolet,class_sorted,815,7052,0,16,138,0,0,0.0001572499995745602,0.00011100000028818613,1.2166000487923156e-05,2.258299991808599e-05,0.43682398171562864
D11,Isolet,class_sorted,816,7053,8,1,0,0,0,0.0001631659997656243,1.170799987448845e-05,1.2208000043756329e-05,2.3499999770137947e-05,0.436829288641138
D11,Isolet,class_sorted,817,7054,11,3,18,0,0,0.0001629999997021514,2.5041999833774753e-05,1.1916999937966466e-05,2.3374999727820978e-05,0.43681864786426383
D11,Isolet,class_sorted,818,7055,0,0,0,0,0,0.00015758300014567794,3.791999915847555e-06,1.2500000593718141e-05,2.3624999812454917e-05,0.4367626471593664
D11,Isolet,class_sorted,819,7056,18,0,0,0,0,0.00016399999913119245,3.707999894686509e-06,1.2707999303529505e-05,2.3458000214304775e-05,0.43679887332089934
D11,Isolet,class_sorted,820,7057,1,21,414,0,0,0.000164167000548332,0.00015537499984930037,1.2292000064917374e-05,2.7499999305291567e-05,0.4365285821790639
D11,Isolet,class_sorted,821,7058,11,0,0,0,0,0.00016483299987157807,3.749999450519681e-06,1.2334000530245248e-05,2.312499964318704e-05,0.4365188549431081
D11,Isolet,class_sorted,822,7059,26,0,0,0,0,0.00016379099997720914,3.707999894686509e-06,1.249999968422344e-05,2.3749999854771886e-05,0.43657745538752
D11,Isolet,class_sorted,823,7060,3,5,45,0,0,0.00016354200033674715,4.0750000152911525e-05,1.2125000466767233e-05,2.28750004680478e-05,0.43646429199673337
D11,Isolet,class_sorted,824,7061,6,11,35,0,0,0.00016374999995605322,7.983300019986928e-05,1.1999999514955562e-05,2.3874999897088856e-05,0.43633975944060177
D11,Isolet,class_sorted,825,7062,0,1,1,0,0,0.0001582080003572628,1.1875000382133294e-05,1.2125000466767233e-05,2.3333999706665054e-05,0.4362734167654239
D11,Isolet,class_sorted,826,7063,1,0,0,0,0,0.00022820800040790346,5.916000191064086e-06,1.741699998092372e-05,3.3708999580994714e-05,0.43626306533795184
D11,Isolet,class_sorted,827,7064,0,1,0,0,0,0.00016570800016779685,1.2708000213024206e-05,1.3124999895808287e-05,2.5458999516558833e-05,0.43620690503695686
D11,Isolet,class_sorted,828,7065,4,2,7,0,0,0.00016733299980842276,1.9582999811973423e-05,1.2666000657191034e-05,2.462499924149597e-05,0.4361870866388759
D11,Isolet,class_sorted,829,7066,13,2,18,0,0,0.0001678749995335238,1.8667000404093415e-05,1.2541000614874065e-05,2.4250000024039764e-05,0.4361120562568718
D11,Isolet,class_sorted,830,7067,20,0,0,0,0,0.0001675829998930567,3.791999915847555e-06,1.741699998092372e-05,2.3083000087353867e-05,0.4361342289874709
D11,Isolet,class_sorted,831,7068,44,0,0,0,0,0.0001676660003795405,3.957999979320448e-06,1.4749999536434188e-05,2.4291000045195688e-05,0.43618599551413184
D11,Isolet,class_sorted,832,7069,43,0,0,0,0,0.00016812500052765245,3.875000402331352e-06,1.3500000022759195e-05,2.4792000658635516e-05,0.4362321705223801
D11,Isolet,class_sorted,833,7070,56,0,0,0,0,0.00016924999999901047,3.957999979320448e-06,1.3124999895808287e-05,2.4208000468206592e-05,0.4362847854872325
D11,Isolet,class_sorted,834,7071,1,13,159,0,0,0.00016799999957584077,9.462500020163134e-05,1.2624999726540409e-05,2.366700027778279e-05,0.4361637188775692
D11,Isolet,class_sorted,835,7072,42,0,0,0,0,0.0001690419994702097,3.916999958164524e-06,1.2749999768857379e-05,2.3042000066197943e-05,0.43621569084869694
D11,Isolet,class_sorted,836,7073,28,0,0,0,0,0.0001675829998930567,3.7909994716756046e-06,1.2708000213024206e-05,2.3874999897088856e-05,0.4362542865891775
D11,Isolet,class_sorted,837,7074,3,6,27,0,0,0.0001657920001889579,4.470799922273727e-05,1.2333000086073298e-05,2.4291000045195688e-05,0.43618976399919296
D11,Isolet,class_sorted,838,7075,29,0,0,0,0,0.00016766699991421774,3.8749994928366505e-06,1.2542000149551313e-05,2.4375000066356733e-05,0.4362023901606413
D11,Isolet,class_sorted,839,7076,30,0,0,0,0,0.00016833399968163576,3.834000381175429e-06,1.249999968422344e-05,2.45829996856628e-05,0.43622511131990477
D11,Isolet,class_sorted,840,7077,81,0,0,0,0,0.00017104099970310926,3.83300084649818e-06,1.2667000191868283e-05,2.3874999897088856e-05,0.43628502363631877
D11,Isolet,class_sorted,841,7078,77,0,0,0,0,0.00016970899923762772,3.875000402331352e-06,1.2458000128390267e-05,2.3791999410605058e-05,0.43635449638672175
D11,Isolet,class_sorted,842,7079,92,0,0,0,0,0.00016954199963947758,3.916999958164524e-06,1.262500063603511e-05,2.4166999537555967e-05,0.4364351656840895
D11,Isolet,class_sorted,843,7080,37,0,0,0,0,0.00016720900021027774,3.834000381175429e-06,1.2667000191868283e-05,2.3874999897088856e-05,0.43645269623045896
D11,Isolet,class_sorted,844,7081,80,0,0,0,0,0.00016883399985090364,3.7500003600143827e-06,1.2583000170707237e-05,2.3999999939405825e-05,0.436512724917221
D11,Isolet,class_sorted,845,7082,51,0,0,0,0,0.00016783399951236788,3.834000381175429e-06,1.2833999790018424e-05,2.4166999537555967e-05,0.4365528524892213
D11,Isolet,class_sorted,846,7083,128,0,0,0,0,0.0001760829991326318,4.0409995563095436e-06,1.3041000784141943e-05,2.4541999664506875e-05,0.43665451526148424
D11,Isolet,class_sorted,847,7084,4,1,6,0,0,0.00016654099999868777,1.2332999176578596e-05,1.2542000149551313e-05,2.4124999981722794e-05,0.4366372565642911
D11,Isolet,class_sorted,848,7085,104,0,0,0,0,0.00016970799970295047,3.832999937003478e-06,1.2667000191868283e-05,2.395799947407795e-05,0.4366960805658955
D11,Isolet,class_sorted,849,7086,35,1,9,0,0,0.00016783299997769063,1.2000000424450263e-05,1.22499995995895e-05,2.408299951639492e-05,0.4367220976263727
D11,Isolet,class_sorted,850,7087,55,0,0,0,0,0.00016933299957599957,3.832999937003478e-06,1.2541000614874065e-05,2.4542000574001577e-05,0.43674423621792263
D11,Isolet,class_sorted,851,7088,2,2,4,0,0,0.00023741699988022447,2.5499999537714757e-05,2.4500000108673703e-05,3.779100006795488e-05,0.43671329202220555
D11,Isolet,class_sorted,852,7089,18,5,77,0,0,0.00017262500023207394,4.1667000004963484e-05,1.554200025566388e-05,2.5875000574160367e-05,0.4366225667713694
D11,Isolet,class_sorted,853,7090,89,0,0,0,0,0.00017295900033786893,4.083999556314666e-06,1.3750000107393134e-05,2.5583000024198554e-05,0.4366905008083163
D11,Isolet,class_sorted,854,7091,66,0,0,0,0,0.000170916000570287,4.042000000481494e-06,1.3333999959286302e-05,2.5041999833774753e-05,0.43674092060985265
D11,Isolet,class_sorted,855,7092,49,0,0,0,0,0.00016937500004132744,3.83300084649818e-06,1.3124999895808287e-05,2.4666999706823844e-05,0.4368048755966003
D11,Isolet,class_sorted,856,7093,61,0,0,0,0,0.00016987500021059532,3.791999915847555e-06,1.2833999790018424e-05,2.4666999706823844e-05,0.4368499308329591
D11,Isolet,class_sorted,857,7094,40,1,0,0,0,0.0001685840006757644,1.22499995995895e-05,1.2749999768857379e-05,2.4208000468206592e-05,0.43689038500875593
D11,Isolet,class_sorted,858,7095,13,1,0,0,0,0.00016816699917399092,1.183400036097737e-05,1.2624999726540409e-05,2.4250000024039764e-05,0.4368717894672735
D11,Isolet,class_sorted,859,7096,115,0,0,0,0,0.00017050000042218016,3.83300084649818e-06,1.2583000170707237e-05,2.4083000425889622e-05,0.4369632219751399
D11,Isolet,class_sorted,860,7097,106,0,0,0,0,0.00017083399961848045,3.834000381175429e-06,1.2917000276502222e-05,2.445800055284053e-05,0.4370417483519818
D11,Isolet,class_sorted,861,7098,39,0,0,0,0,0.0001700410002740682,3.832999937003478e-06,1.3042000318819191e-05,2.462499924149597e-05,0.43708102044131325
D11,Isolet,class_sorted,862,7099,0,0,0,0,0,0.00016374999995605322,3.957999979320448e-06,1.3207999472797383e-05,2.4832999770296738e-05,0.43703609002442817
D11,Isolet,class_sorted,863,7100,58,0,0,0,0,0.00017174999993585516,4.0409995563095436e-06,1.3208000382292084e-05,2.4915999347285833e-05,0.43710508742155185
D11,Isolet,class_sorted,864,7101,100,0,0,0,0,0.0001743339998938609,3.8749994928366505e-06,1.2917000276502222e-05,2.4291999579872936e-05,0.43717785557702304
D11,Isolet,class_sorted,865,7102,30,0,0,0,0,0.00016916699951252667,3.875000402331352e-06,1.2624999726540409e-05,2.4250000024039764e-05,0.4372143101154818
D11,Isolet,class_sorted,866,7103,53,0,0,0,0,0.00016983299974526744,3.875000402331352e-06,1.2917000276502222e-05,2.4666000172146596e-05,0.4372723802369209
D11,Isolet,class_sorted,867,7104,58,0,0,0,0,0.00016924999999901047,3.832999937003478e-06,1.2624999726540409e-05,2.4291000045195688e-05,0.43733325438764875
D11,Isolet,class_sorted,868,7105,12,5,38,0,0,0.00016783399951236788,4.133400034334045e-05,1.2833999790018424e-05,2.4417000531684607e-05,0.4372975488300769
D11,Isolet,class_sorted,869,7106,35,1,2,0,0,0.0001692079995336826,1.22499995995895e-05,1.2542000149551313e-05,2.404099996056175e-05,0.437350964855742
D11,Isolet,class_sorted,870,7107,16,11,52,0,0,0.0001678750004430185,8.04170003902982e-05,1.2624999726540409e-05,2.4625000150990672e-05,0.43726196289998975
D11,Isolet,class_sorted,871,7108,15,0,0,0,0,0.00016850000065460335,3.916999958164524e-06,1.2583000170707237e-05,2.4540999220334925e-05,0.43724568731284097
D11,Isolet,class_sorted,872,7109,60,0,0,0,0,0.00016954100010480033,3.957999979320448e-06,1.2917000276502222e-05,2.433400004520081e-05,0.43728208680172304
D11,Isolet,class_sorted,873,7110,20,0,0,0,0,0.00016841700016811956,3.915999513992574e-06,1.2749999768857379e-05,2.4124999981722794e-05,0.4373138165628659
D11,Isolet,class_sorted,874,7111,22,0,0,0,0,0.00016837499970279168,3.834000381175429e-06,1.2749999768857379e-05,2.4416999622189905e-05,0.43732078172537514
D11,Isolet,class_sorted,875,7112,68,0,0,0,0,0.00016879099985089852,3.791999915847555e-06,1.2667000191868283e-05,2.404099996056175e-05,0.4373860320763868
D11,Isolet,class_sorted,876,7113,57,0,0,0,0,0.0003206669998689904,7.583000297017861e-06,2.28750004680478e-05,4.083299972990062e-05,0.43742966151716006
D11,Isolet,class_sorted,877,7114,23,0,0,0,0,0.00017466600002080668,4.292000085115433e-06,1.5125000572879799e-05,2.6415999855089467e-05,0.43746169352799225
D11,Isolet,class_sorted,878,7115,22,0,0,0,0,0.00017383300018991577,4.416000592755154e-06,1.370799964206526e-05,2.5207999897247646e-05,0.43746304682083775
D11,Isolet,class_sorted,879,7116,1,0,0,0,0,0.00017087499963963637,3.957999979320448e-06,1.329200040345313e-05,2.4000000848900527e-05,0.43743029011279894
D11,Isolet,class_sorted,880,7117,11,0,0,0,0,0.00016887499987205956,3.916999958164524e-06,1.2958999832335394e-05,2.4500000108673703e-05,0.4374699977596492
D11,Isolet,class_sorted,881,7118,64,0,0,0,0,0.00017079200006264728,3.958999513997696e-06,1.329200040345313e-05,2.495800072210841e-05,0.4375295104868707
D11,Isolet,class_sorted,882,7119,76,0,0,0,0,0.00017195800046465592,3.875000402331352e-06,1.2790999790013302e-05,2.420799955871189e-05,0.4376041031380209
D11,Isolet,class_sorted,883,7120,45,0,0,0,0,0.00016991600023175124,3.875000402331352e-06,1.2791000699508004e-05,2.5082999854930677e-05,0.4375920839145408
D11,Isolet,class_sorted,884,7121,1,0,0,0,0,0.0001699170006759232,3.8749994928366505e-06,1.3291999493958429e-05,2.5166999876091722e-05,0.4375932531358551
D11,Isolet,class_sorted,885,7122,111,0,0,0,0,0.00017379200016875984,3.99999953515362e-06,1.291699936700752e-05,2.445799964334583e-05,0.4376791297324433
D11,Isolet,class_sorted,886,7123,4,0,0,0,0,0.00016945900006248849,3.791999915847555e-06,2.3458000214304775e-05,2.554200000304263e-05,0.4377019042438263
D11,Isolet,class_sorted,887,7124,42,1,1,0,0,0.00017124999976658728,1.4166000255499966e-05,1.3042000318819191e-05,2.5083999389607925e-05,0.43773062815574726
D11,Isolet,class_sorted,888,7125,2,1,0,0,0,0.00017174999993585516,1.237499964190647e-05,1.712500034045661e-05,2.3708999833615962e-05,0.4377362061041098
D11,Isolet,class_sorted,889,7126,1,0,0,0,0,0.00016924999999901047,4.042000000481494e-06,1.4250000276661012e-05,2.4834000214468688e-05,0.43770392964665855
D11,Isolet,class_sorted,890,7127,2,1,0,0,0,0.00016804200004116865,1.2915999832330272e-05,1.3332999515114352e-05,2.445800055284053e-05,0.43769114343680965
D11,Isolet,class_sorted,891,7128,0,2,1,0,0,0.00016774999949120684,2.0292000044719316e-05,1.2999999853491317e-05,2.420799955871189e-05,0.4376309931033558
D11,Isolet,class_sorted,892,7129,1,2,5,0,0,0.00017054199997801334,1.9334000171511434e-05,1.291699936700752e-05,2.3749999854771886e-05,0.43754957248041815
D11,Isolet,class_sorted,893,7130,0,0,0,0,0,0.00016395799957535928,3.8749994928366505e-06,1.3083999874652363e-05,2.4792000658635516e-05,0.4374965429784818
D11,Isolet,class_sorted,894,7131,0,1,1,0,0,0.00016437500016763806,1.2333000086073298e-05,1.2665999747696333e-05,2.4375000066356733e-05,0.43745621907670745
D11,Isolet,class_sorted,895,7132,5,1,1,0,0,0.00016975000016827835,1.2125000466767233e-05,1.2417000107234344e-05,2.4625000150990672e-05,0.43744951141223964
D11,Isolet,class_sorted,896,7133,3,0,0,0,0,0.0001692079995336826,3.8749994928366505e-06,1.275000067835208e-05,2.4625000150990672e-05,0.4374359922061755
D11,Isolet,class_sorted,897,7134,1,1,4,0,0,0.0001694170005066553,1.2542000149551313e-05,1.2624999726540409e-05,2.4917000700952485e-05,0.43737009891133194
D11,Isolet,class_sorted,898,7135,0,6,15,0,0,0.00016458299978694413,4.933299987897044e-05,1.2583000170707237e-05,2.9041000743745826e-05,0.43725059523777515
D11,Isolet,class_sorted,899,7136,0,1,0,0,0,0.00016970799970295047,1.4332999853650108e-05,1.2957999388163444e-05,3.112499962298898e-05,0.4372202121951511
D11,Isolet,class_sorted,900,7137,0,2,1,0,0,0.00018441700012772344,2.5208999431924894e-05,1.4000000192027073e-05,3.066700082854368e-05,0.4371568718800076
D11,Isolet,class_sorted,901,7138,4,0,0,0,0,0.00029316600011952687,6.332999873848166e-06,1.8583999917609617e-05,3.45839998772135e-05,0.4371427783857688
D11,Isolet,class_sorted,902,7139,0,2,3,0,0,0.00016679199961799895,2.0833000235143118e-05,1.3667000530404039e-05,2.541699996072566e-05,0.4370698438942812
D11,Isolet,class_sorted,903,7140,3,3,1,0,0,0.00016891700033738744,2.591700012999354e-05,1.2915999832330272e-05,2.499999936844688e-05,0.4370322932843033
D11,Isolet,class_sorted,904,7141,3,2,2,0,0,0.00016891700033738744,1.8416999409964774e-05,1.2833000255341176e-05,2.3624999812454917e-05,0.43700659068694425
D11,Isolet,class_sorted,905,7142,2,1,0,0,0,0.0001675829998930567,1.183299991680542e-05,1.2749999768857379e-05,2.470800063747447e-05,0.43699286354261496
D11,Isolet,class_sorted,906,7143,0,0,0,0,0,0.00016324999978678534,3.83300084649818e-06,1.2667000191868283e-05,2.4166999537555967e-05,0.4369566879620861
D11,Isolet,class_sorted,907,7144,3,0,0,0,0,0.0001680410005064914,3.916999958164524e-06,1.2542000149551313e-05,2.4666000172146596e-05,0.4369317246966606
D11,Isolet,class_sorted,908,7145,2,0,0,0,0,0.00016795900046417955,3.749999450519681e-06,1.2874999811174348e-05,2.350000067963265e-05,0.4368912559144996
D11,Isolet,class_sorted,909,7146,0,0,0,0,0,0.00016316700020979624,3.916999958164524e-06,1.2749999768857379e-05,2.4792000658635516e-05,0.4368377425160561
D11,Isolet,class_sorted,910,7147,0,0,0,0,0,0.00016274999961751746,3.834000381175429e-06,1.2458999663067516e-05,2.4541999664506875e-05,0.436784202651476
D11,Isolet,class_sorted,911,7148,3,0,0,0,0,0.0001678749995335238,3.875000402331352e-06,1.2708999747701455e-05,2.4292000489367638e-05,0.43676803238017387
D11,Isolet,class_sorted,912,7149,0,1,7,0,0,0.00016304200016747927,1.1999999514955562e-05,1.2542000149551313e-05,2.4291999579872936e-05,0.4367054126809056
D11,Isolet,class_sorted,913,7150,0,8,30,0,0,0.00016275000052701216,6.0041999859095085e-05,1.2583000170707237e-05,2.4415999178017955e-05,0.43657863896636045
D11,Isolet,class_sorted,914,7151,1,0,0,0,0,0.00017016699985106243,3.8749994928366505e-06,1.2749999768857379e-05,2.4291000045195688e-05,0.4365533184905092
D11,Isolet,class_sorted,915,7152,0,1,3,0,0,0.00016287500056932913,1.2124999557272531e-05,1.237499964190647e-05,2.433300051052356e-05,0.4364958218498255
D11,Isolet,class_sorted,916,7153,0,1,5,0,0,0.0001632919993426185,1.2041999980283435e-05,1.2540999705379363e-05,2.4250000024039764e-05,0.4364110085719937
D11,Isolet,class_sorted,917,7154,2,1,0,0,0,0.00016804200004116865,1.1916000403289218e-05,1.249999968422344e-05,2.4250000024039764e-05,0.4363917313017148
D11,Isolet,class_sorted,918,7155,0,0,0,0,0,0.00016312500065396307,3.875000402331352e-06,1.2666000657191034e-05,2.4167000447050668e-05,0.4363552038355448
D11,Isolet,class_sorted,919,7156,2,2,1,0,0,0.00016725000023143366,1.858300038293237e-05,1.316700036113616e-05,2.39589999182499e-05,0.4363134137400519
D11,Isolet,class_sorted,920,7157,3,2,4,0,0,0.00016762499944888987,1.8708999959926587e-05,1.262500063603511e-05,2.4083000425889622e-05,0.43626827143134594
D11,Isolet,class_sorted,921,7158,4,0,0,0,0,0.00016745799985073972,3.916999958164524e-06,1.2708999747701455e-05,2.4375000066356733e-05,0.436245449911963
D11,Isolet,class_sorted,922,7159,0,1,0,0,0,0.00016316700020979624,1.2040999536111485e-05,1.2458000128390267e-05,2.4250000024039764e-05,0.43619159953144193
D11,Isolet,class_sorted,923,7160,0,0,0,0,0,0.00016533300004084595,3.833999471680727e-06,1.2583999705384485e-05,2.3834000785427634e-05,0.43614778665008097
D11,Isolet,class_sorted,924,7161,1,0,0,0,0,0.00016983299974526744,3.8749994928366505e-06,1.249999968422344e-05,2.4208000468206592e-05,0.436124457042517
D11,Isolet,class_sorted,925,7162,3,3,3,0,0,0.00016762500035838457,2.579200008767657e-05,1.2375000551401172e-05,2.433400004520081e-05,0.4360653840755592
D11,Isolet,class_sorted,926,7163,2,1,2,0,0,0.00025329099935333943,1.5917000382614788e-05,1.741600044624647e-05,3.575000027922215e-05,0.43603886255854457
D11,Isolet,class_sorted,927,7164,1,0,0,0,0,0.00017604099957679864,4.292000085115433e-06,1.3958999261376448e-05,2.6749999960884452e-05,0.4360293167833817
D11,Isolet,class_sorted,928,7165,1,0,0,0,0,0.00017100000059144804,4.041000465804245e-06,1.287500072066905e-05,2.4750000193307642e-05,0.43599541451394824
D11,Isolet,class_sorted,929,7166,1,0,0,0,0,0.00017016600031638518,3.832999937003478e-06,1.2874999811174348e-05,2.4750000193307642e-05,0.4359705988231452
D11,Isolet,class_sorted,930,7167,1,0,0,0,0,0.00016904099993553245,3.749999450519681e-06,1.2665999747696333e-05,2.445799964334583e-05,0.4359236670936678
D11,Isolet,class_sorted,931,7168,1,2,13,0,0,0.00016837499970279168,1.9875000361935236e-05,1.2832999345846474e-05,2.379099987592781e-05,0.4358604164119902
D11,Isolet,class_sorted,932,7169,5,0,0,0,0,0.0001718339999570162,4.333999640948605e-06,1.2667000191868283e-05,2.495800072210841e-05,0.4358672596274025
D11,Isolet,class_sorted,933,7170,3,1,3,0,0,0.00016945799961831653,1.3791000128549058e-05,1.2833000255341176e-05,2.4250000024039764e-05,0.4358439536984103
D11,Isolet,class_sorted,934,7171,3,2,2,0,0,0.00016979100018943427,1.9708000763785094e-05,1.2542000149551313e-05,2.5249999453080818e-05,0.43580212759983356
D11,Isolet,class_sorted,935,7172,1,0,0,0,0,0.00016904099993553245,3.916999958164524e-06,1.2666999282373581e-05,2.4957999812613707e-05,0.435763505981933
D11,Isolet,class_sorted,936,7173,8,0,0,0,0,0.0001695830005701282,4.041000465804245e-06,1.2583000170707237e-05,2.4167000447050668e-05,0.4357293457854734
D11,Isolet,class_sorted,937,7174,0,1,0,0,0,0.00016395799957535928,1.2749999768857379e-05,1.2624999726540409e-05,2.3332999262493104e-05,0.4356751071630597
D11,Isolet,class_sorted,938,7175,2,0,0,0,0,0.00016887499987205956,3.8749994928366505e-06,1.2707999303529505e-05,2.4291000045195688e-05,0.435643280092186
D11,Isolet,class_sorted,939,7176,9,0,0,0,0,0.00016895800035854336,3.832999937003478e-06,1.2541000614874065e-05,2.4666000172146596e-05,0.4356550873601404
D11,Isolet,class_sorted,940,7177,1,0,0,0,0,0.00016887499987205956,3.834000381175429e-06,1.2458999663067516e-05,2.4625000150990672e-05,0.43562083780183936
D11,Isolet,class_sorted,941,7178,0,4,3,0,0,0.00016379099997720914,3.245799962314777e-05,1.249999968422344e-05,2.474999928381294e-05,0.43554934761582037
D11,Isolet,class_sorted,942,7179,0,1,0,0,0,0.00016333399980794638,1.1916999937966466e-05,1.2624999726540409e-05,2.408399996056687e-05,0.43549498915118934
D11,Isolet,class_sorted,943,7180,4,0,0,0,0,0.00016858300023159245,3.916999958164524e-06,1.2541999240056612e-05,2.34159997489769e-05,0.4354620124600638
D11,Isolet,class_sorted,944,7181,1,0,0,0,0,0.00016879200029507047,3.875000402331352e-06,1.249999968422344e-05,2.6665999939723406e-05,0.4354302689798506
D11,Isolet,class_sorted,945,7182,2,1,1,0,0,0.00017116699928010348,1.237499964190647e-05,1.2584000614879187e-05,2.3584000700793695e-05,0.4353708245328869
D11,Isolet,class_sorted,946,7183,2,1,2,0,0,0.00016895799944904866,1.2333000086073298e-05,1.2542000149551313e-05,2.4375000066356733e-05,0.43533131901264427
D11,Isolet,class_sorted,947,7184,3,0,0,0,0,0.0001682920001258026,3.832999937003478e-06,1.2333999620750546e-05,2.458400012983475e-05,0.4352953302991547
D11,Isolet,class_sorted,948,7185,1,0,0,0,0,0.00017312500040134182,4.166000508121215e-06,1.2500000593718141e-05,2.4291000045195688e-05,0.4352530100401416
D11,Isolet,class_sorted,949,7186,2,2,0,0,0,0.0001684159997239476,1.9208000594517216e-05,1.2500000593718141e-05,2.4291000045195688e-05,0.4352227329700454
D11,Isolet,class_sorted,950,7187,2,0,0,0,0,0.00016824999966047471,3.875000402331352e-06,1.2667000191868283e-05,2.4250000024039764e-05,0.4352017495817847
D11,Isolet,class_sorted,951,7188,1,0,0,0,0,0.00025341699983982835,7.458000254700892e-06,2.3958000383572653e-05,4.0875000195228495e-05,0.43515935363543345
D11,Isolet,class_sorted,952,7189,0,1,0,0,0,0.00017179200040118303,1.5208000149868894e-05,1.5374999748019036e-05,2.6417000299261417e-05,0.4351147856915415
D11,Isolet,class_sorted,953,7190,1,0,0,0,0,0.00017187499997817213,4.125000486965291e-06,1.3374999980442226e-05,2.591700012999354e-05,0.43509662768183066
D11,Isolet,class_sorted,954,7191,2,1,4,0,0,0.00017070899957616348,1.3125000805302989e-05,1.2916000741824973e-05,2.5291999918408692e-05,0.43503939944043674
D11,Isolet,class_sorted,955,7192,3,1,0,0,0,0.0001695829996606335,1.2415999663062394e-05,1.2624999726540409e-05,2.45830005951575e-05,0.43501578815151215
D11,Isolet,class_sorted,956,7193,4,2,1,0,0,0.00016962500012596138,2.0041999960085377e-05,1.2500000593718141e-05,2.4665999262651894e-05,0.43498233768815536
D11,Isolet,class_sorted,957,7194,1,0,0,0,0,0.00016983299974526744,3.916999958164524e-06,1.2792000234185252e-05,2.5207999897247646e-05,0.43494475143784556
D11,Isolet,class_sorted,958,7195,0,0,0,0,0,0.0001643330006118049,3.832999937003478e-06,1.2624999726540409e-05,2.470800063747447e-05,0.43489003973170626
D11,Isolet,class_sorted,959,7196,0,0,0,0,0,0.0001640840000618482,3.7500003600143827e-06,1.2791000699508004e-05,2.4707999727979768e-05,0.43486621354855143
D11,Isolet,class_sorted,960,7197,2,0,0,0,0,0.00016883399985090364,3.7500003600143827e-06,1.237499964190647e-05,2.4666999706823844e-05,0.4348456526975562
D11,Isolet,class_sorted,961,7198,4,0,0,0,0,0.00016887499987205956,3.7500003600143827e-06,1.2375000551401172e-05,2.4666999706823844e-05,0.434845448821606
D11,Isolet,class_sorted,962,7199,71,0,0,0,0,0.0001724579997244291,3.791999915847555e-06,1.7750000552041456e-05,2.4375000066356733e-05,0.43492695083075644
D11,Isolet,class_sorted,963,7200,18,0,0,0,0,0.0001695000000836444,3.666000338853337e-06,1.4125000234344043e-05,2.462499924149597e-05,0.4349528098791133
D11,Isolet,class_sorted,964,7201,83,0,0,0,0,0.00017312500040134182,3.8749994928366505e-06,1.329099995928118e-05,2.408299951639492e-05,0.43504178893788586
D11,Isolet,class_sorted,965,7202,12,0,0,0,0,0.00016941600006248336,3.7500003600143827e-06,1.2958000297658145e-05,2.404099996056175e-05,0.4350567129435398
D11,Isolet,class_sorted,966,7203,1,5,17,0,0,0.0001785829999789712,4.270800036465516e-05,1.3208000382292084e-05,2.4750000193307642e-05,0.4349796367126814
D11,Isolet,class_sorted,967,7204,34,3,15,0,0,0.000171125000633765,2.7750000299420208e-05,1.2583000170707237e-05,2.4375000066356733e-05,0.4350076105486665
D11,Isolet,class_sorted,968,7205,43,0,0,0,0,0.0001716659999146941,3.957999979320448e-06,1.2792000234185252e-05,2.4625000150990672e-05,0.43505593448124025
D11,Isolet,class_sorted,969,7206,54,0,0,0,0,0.00017145800029538805,3.916999958164524e-06,1.2708999747701455e-05,2.4625000150990672e-05,0.4351135811174996
D11,Isolet,class_sorted,970,7207,91,0,0,0,0,0.00017408399980922695,3.834000381175429e-06,1.2624999726540409e-05,2.4292000489367638e-05,0.43520639149857826
D11,Isolet,class_sorted,971,7208,28,0,0,0,0,0.00017033399944921257,3.916999958164524e-06,1.2582999261212535e-05,2.4250000024039764e-05,0.43523886473322954
D11,Isolet,class_sorted,972,7209,17,0,0,0,0,0.00017491699964011787,4.083000021637417e-06,1.2500000593718141e-05,2.4500000108673703e-05,0.435248209826892
D11,Isolet,class_sorted,973,7210,5,0,0,0,0,0.00016924999999901047,3.957999979320448e-06,1.2332999176578596e-05,2.4791999749140814e-05,0.43523142201628306
D11,Isolet,class_sorted,974,7211,41,0,0,0,0,0.00017049999951268546,3.832999937003478e-06,1.2500000593718141e-05,2.4375000066356733e-05,0.43528711003572723
D11,Isolet,class_sorted,975,7212,23,0,0,0,0,0.00017004199980874546,3.832999937003478e-06,1.2458000128390267e-05,2.3999999939405825e-05,0.4353345605784487
D11,Isolet,class_sorted,976,7213,80,0,0,0,0,0.00022758400064049056,6.166999810375273e-06,1.741699998092372e-05,3.366599958098959e-05,0.4354138827934972
D11,Isolet,class_sorted,977,7214,28,0,0,0,0,0.00016987500021059532,3.875000402331352e-06,1.2833999790018424e-05,2.4791999749140814e-05,0.43543228670178313
D11,Isolet,class_sorted,978,7215,64,0,0,0,0,0.00016891699942789273,3.749999450519681e-06,1.2832999345846474e-05,2.4124999981722794e-05,0.43547686066543007
D11,Isolet,class_sorted,979,7216,59,0,0,0,0,0.0001675000003160676,3.6250003176974133e-06,1.329099995928118e-05,2.3958000383572653e-05,0.43553293039458735
D11,Isolet,class_sorted,980,7217,27,0,0,0,0,0.00016666600004100474,3.749999450519681e-06,1.2624999726540409e-05,2.408399996056687e-05,0.43550107343157624
D11,Isolet,class_sorted,981,7218,40,0,0,0,0,0.00017958299940801226,4.165999598626513e-06,1.2958999832335394e-05,2.445900008751778e-05,0.4355344805714721
D11,Isolet,class_sorted,982,7219,51,0,0,0,0,0.00017041599949152442,3.8749994928366505e-06,1.2624999726540409e-05,2.445900008751778e-05,0.4355933399236664
D11,Isolet,class_sorted,983,7220,17,0,0,0,0,0.0001692080004431773,3.875000402331352e-06,1.2708000213024206e-05,2.379099987592781e-05,0.4355685911300582
D11,Isolet,class_sorted,984,7221,2,0,0,0,0,0.00016537500050617382,3.6669998735305853e-06,1.2292000064917374e-05,2.391599991824478e-05,0.43553978820321154
D11,Isolet,class_sorted,985,7222,49,3,13,0,0,0.00017062500046449713,2.7416000193625223e-05,1.262500063603511e-05,2.3874999897088856e-05,0.43557850260556846
D11,Isolet,class_sorted,986,7223,2,0,0,0,0,0.000166083999829425,3.7500003600143827e-06,1.249999968422344e-05,2.3833999875932932e-05,0.43552957724353314
D11,Isolet,class_sorted,987,7224,24,3,58,0,0,0.0001666250000198488,2.5708000066515524e-05,1.2292000064917374e-05,2.3916999452922028e-05,0.4354257140546772
D11,Isolet,class_sorted,988,7225,7,0,0,0,0,0.00016599999980826396,3.7500003600143827e-06,1.2457999218895566e-05,2.3874999897088856e-05,0.43543995415196235
D11,Isolet,class_sorted,989,7226,84,0,0,0,0,0.00016837499970279168,3.7500003600143827e-06,1.2416999197739642e-05,2.3708000298938714e-05,0.43551274756316405
D11,Isolet,class_sorted,990,7227,26,0,0,0,0,0.0001662499998928979,3.7500003600143827e-06,1.22499995995895e-05,2.3874999897088856e-05,0.4355537697778998
D11,Isolet,class_sorted,991,7228,96,0,0,0,0,0.00016862499978742562,3.791999915847555e-06,1.2540999705379363e-05,2.354200023546582e-05,0.43565385610428137
D11,Isolet,class_sorted,992,7229,1,0,0,0,0,0.00016683400008332683,3.791999915847555e-06,1.2333000086073298e-05,2.2707999960402958e-05,0.43561824239204106
D11,Isolet,class_sorted,993,7230,5,0,0,0,0,0.00016512500042153988,3.7500003600143827e-06,1.2250000509084202e-05,2.3708000298938714e-05,0.4356173040828042
D11,Isolet,class_sorted,994,7231,101,0,0,0,0,0.00016908299949136563,3.832999937003478e-06,1.2291000530240126e-05,2.28749995585531e-05,0.4356866658679767
D11,Isolet,class_sorted,995,7232,32,0,0,0,0,0.00016612499985058093,3.834000381175429e-06,1.2209000487928279e-05,2.3708999833615962e-05,0.4357393644925031
D11,Isolet,class_sorted,996,7233,3,0,0,0,0,0.00016679199961799895,3.916999958164524e-06,1.22499995995895e-05,2.379200032009976e-05,0.4357036653421996
D11,Isolet,class_sorted,997,7234,41,0,0,0,0,0.00016845800018927548,3.749999450519681e-06,1.2290999620745424e-05,2.3791999410605058e-05,0.4357398590017091
D11,Isolet,class_sorted,998,7235,15,0,0,0,0,0.00016737500027375063,3.7909994716756046e-06,1.2292000064917374e-05,2.4333999135706108e-05,0.4357577024709058
D11,Isolet,class_sorted,999,7236,106,0,0,0,0,0.00017149999985122122,3.8749994928366505e-06,1.2708000213024206e-05,2.4500000108673703e-05,0.43585746343476545
D11,Isolet,class_sorted,1000,7237,15,1,14,0,0,0.00016808399959700182,1.2333999620750546e-05,1.2334000530245248e-05,2.4625000150990672e-05,0.43584571568033953
D11,Isolet,class_sorted,1001,7238,88,0,0,0,0,0.00027887499982170993,9.209000381815713e-06,2.8000000384054147e-05,4.741600059787743e-05,0.4359295663237448
D11,Isolet,class_sorted,1002,7239,48,0,0,0,0,0.00017783299972506939,4.417000127432402e-06,1.554200025566388e-05,2.641600076458417e-05,0.43596937393619395
D11,Isolet,class_sorted,1003,7240,12,0,0,0,0,0.0001692910000201664,3.957999979320448e-06,1.3500000022759195e-05,2.499999936844688e-05,0.43599135046089105
D11,Isolet,class_sorted,1004,7241,4,0,0,0,0,0.00016812499961815774,4.042000000481494e-06,1.304199940932449e-05,2.487500023562461e-05,0.43600221265977857
D11,Isolet,class_sorted,1005,7242,0,0,0,0,0,0.00016395800048485398,3.957999979320448e-06,1.2874999811174348e-05,2.4625000150990672e-05,0.43594822034765035
D11,Isolet,class_sorted,1006,7243,40,0,0,0,0,0.00016983300065476215,3.957999979320448e-06,1.2749999768857379e-05,2.5041999833774753e-05,0.4359644245518424
D11,Isolet,class_sorted,1007,7244,5,0,0,0,0,0.00016824999966047471,3.7909994716756046e-06,1.249999968422344e-05,2.354200023546582e-05,0.43598447776736865
D11,Isolet,class_sorted,1008,7245,105,0,0,0,0,0.0001741660007610335,4.374999662104528e-06,1.3457999557431322e-05,2.591599968582159e-05,0.4360754130913578
D11,Isolet,class_sorted,1009,7246,34,0,0,0,0,0.00017137499980890425,4.250000529282261e-06,1.329099995928118e-05,2.5499999537714757e-05,0.43608644097112914
D11,Isolet,class_sorted,1010,7247,12,0,0,0,0,0.0001705410004433361,3.8749994928366505e-06,1.287500072066905e-05,2.5332999939564615e-05,0.4360784205756399
D11,Isolet,class_sorted,1011,7248,78,1,0,0,0,0.00017345800006296486,1.712500034045661e-05,1.4917000044079032e-05,2.5583000024198554e-05,0.4361427660521961
D11,Isolet,class_sorted,1012,7249,72,0,0,0,0,0.00017299999944953015,3.958999513997696e-06,1.2959000741830096e-05,2.5166999876091722e-05,0.4362123631956344
D11,Isolet,class_sorted,1013,7250,104,0,0,0,0,0.00017237500014744,3.99999953515362e-06,1.2874999811174348e-05,2.5082999854930677e-05,0.4363043538576038
D11,Isolet,class_sorted,1014,7251,58,0,0,0,0,0.0001722920005704509,3.916999958164524e-06,1.2749999768857379e-05,2.5082999854930677e-05,0.4363565160254893
D11,Isolet,class_sorted,1015,7252,71,0,0,0,0,0.00017283299985138,4.000000444648322e-06,1.287500072066905e-05,2.4833999304973986e-05,0.4364050375783829
D11,Isolet,class_sorted,1016,7253,1,1,1,0,0,0.00017475000004196772,1.4375000318977982e-05,1.3666000086232089e-05,2.7332999707141425e-05,0.4363605808786799
D11,Isolet,class_sorted,1017,7254,1,12,146,0,0,0.00017141599983006017,9.116700039157877e-05,1.3541000043915119e-05,2.550000044720946e-05,0.43621198219029733
D11,Isolet,class_sorted,1018,7255,65,0,0,0,0,0.00017245900016860105,4.167000042798463e-06,1.2958000297658145e-05,2.4416000087512657e-05,0.43627675679668365
D11,Isolet,class_sorted,1019,7256,46,0,0,0,0,0.00017116700018959818,3.959000423492398e-06,1.2667000191868283e-05,2.34159997489769e-05,0.4363171359416525
D11,Isolet,class_sorted,1020,7257,40,1,0,0,0,0.00017729199953464558,1.3582999599748291e-05,1.316599991696421e-05,2.4500000108673703e-05,0.43635131624033074
D11,Isolet,class_sorted,1021,7258,36,0,0,0,0,0.00016858300023159245,3.957999979320448e-06,1.2832999345846474e-05,2.3791999410605058e-05,0.43639430778186555
D11,Isolet,class_sorted,1022,7259,26,0,0,0,0,0.00016770799993537366,3.832999937003478e-06,1.8791000002238434e-05,2.4041999495238997e-05,0.4364419349978897
D11,Isolet,class_sorted,1023,7260,7,12,76,0,0,0.00016679200052749366,8.625000009487849e-05,1.4250000276661012e-05,2.4416000087512657e-05,0.4363349283571819
D11,Isolet,class_sorted,1024,7261,57,0,0,0,0,0.00016970799970295047,3.916999958164524e-06,1.3083000339975115e-05,2.39589999182499e-05,0.4364035544145716
D11,Isolet,class_sorted,1025,7262,8,0,0,0,0,0.00016941600006248336,3.957999979320448e-06,1.3207999472797383e-05,2.4166000002878718e-05,0.43637626129716356
D11,Isolet,class_sorted,1026,7263,46,0,0,0,0,0.00023120799960452132,5.95800065639196e-06,1.7625000509724487e-05,3.4749999940686394e-05,0.4364027710131318
D11,Isolet,class_sorted,1027,7264,70,0,0,0,0,0.0001735420000841259,3.958999513997696e-06,1.3333999959286302e-05,2.4750000193307642e-05,0.4364633141917049
D11,Isolet,class_sorted,1028,7265,10,0,0,0,0,0.00016816700008348562,3.834000381175429e-06,1.304199940932449e-05,2.404099996056175e-05,0.43646587802977693
D11,Isolet,class_sorted,1029,7266,1,4,90,0,0,0.0001684160006334423,3.2750000173109584e-05,1.3541000043915119e-05,2.4375000066356733e-05,0.43636604232694315
D11,Isolet,class_sorted,1030,7267,56,0,0,0,0,0.0001695000000836444,3.875000402331352e-06,1.3208000382292084e-05,2.4290999135700986e-05,0.43642676579157913
D11,Isolet,class_sorted,1031,7268,26,2,0,0,0,0.00016837499970279168,1.8833000467566308e-05,1.300000076298602e-05,2.4124999981722794e-05,0.43646040638085165
D11,Isolet,class_sorted,1032,7269,2,0,0,0,0,0.00016745900029491168,3.791999915847555e-06,1.2541000614874065e-05,2.404099996056175e-05,0.43644799788449523
D11,Isolet,class_sorted,1033,7270,9,0,0,0,0,0.00016725000023143366,3.6250003176974133e-06,1.2542000149551313e-05,2.4291000045195688e-05,0.4364512571676955
D11,Isolet,class_sorted,1034,7271,22,0,0,0,0,0.00016791699999885168,3.6669998735305853e-06,1.2624999726540409e-05,2.395799947407795e-05,0.43648718857354973
D11,Isolet,class_sorted,1035,7272,17,0,0,0,0,0.00016762499944888987,3.6669998735305853e-06,1.262500063603511e-05,2.2916000489203725e-05,0.4365166454404344
D11,Isolet,class_sorted,1036,7273,24,0,0,0,0,0.00016766699991421774,3.709000338858459e-06,1.2541999240056612e-05,2.4124999981722794e-05,0.4365470029901306
D11,Isolet,class_sorted,1037,7274,2,4,40,0,0,0.00016679199961799895,3.1708000278740656e-05,1.2458000128390267e-05,2.4166000002878718e-05,0.43650955351675735
D11,Isolet,class_sorted,1038,7275,47,0,0,0,0,0.00016845899972395273,3.832999937003478e-06,1.2666000657191034e-05,2.4250000024039764e-05,0.4365360335372023
D11,Isolet,class_sorted,1039,7276,25,0,0,0,0,0.0001675000003160676,3.666000338853337e-06,1.2417000107234344e-05,2.3708999833615962e-05,0.43656113238787264
D11,Isolet,class_sorted,1040,7277,23,0,0,0,0,0.00016737500027375063,3.6669998735305853e-06,1.2665999747696333e-05,2.3958000383572653e-05,0.43659329845449074
D11,Isolet,class_sorted,1041,7278,3,15,131,0,0,0.00016649999997753184,0.00010208300045633223,1.2583000170707237e-05,2.404100087005645e-05,0.4364585835841774
D11,Isolet,class_sorted,1042,7279,70,0,0,0,0,0.00016908299949136563,3.832999937003478e-06,1.2667000191868283e-05,2.366699936828809e-05,0.43651515620748893
D11,Isolet,class_sorted,1043,7280,21,0,0,0,0,0.00016754199987190077,3.749999450519681e-06,1.2541999240056612e-05,2.362500072194962e-05,0.436531590528661
D11,Isolet,class_sorted,1044,7281,39,1,5,0,0,0.00017129200023191515,1.2125000466767233e-05,1.2333000086073298e-05,2.4375000066356733e-05,0.4365607714287676
D11,Isolet,class_sorted,1045,7282,30,0,0,0,0,0.00016812499961815774,3.791999915847555e-06,1.2624999726540409e-05,2.39589999182499e-05,0.4365991619404927
D11,Isolet,class_sorted,1046,7283,21,0,0,0,0,0.0001677919999565347,3.7909994716756046e-06,1.2707999303529505e-05,2.3874999897088856e-05,0.4366279292931379
D11,Isolet,class_sorted,1047,7284,96,1,0,0,0,0.00017054199997801334,1.195799995912239e-05,1.2500000593718141e-05,2.2666999939247034e-05,0.4366682480709181
D11,Isolet,class_sorted,1048,7285,69,0,0,0,0,0.00017550000029586954,4.000000444648322e-06,1.2790999790013302e-05,2.4291000045195688e-05,0.4367168316312488
D11,Isolet,class_sorted,1049,7286,33,0,0,0,0,0.00016775000040070154,3.7910003811703064e-06,1.2500000593718141e-05,2.3708000298938714e-05,0.43676516474712623
D11,Isolet,class_sorted,1050,7287,54,0,0,0,0,0.00016825000056996942,3.7500003600143827e-06,1.2874999811174348e-05,2.3999999939405825e-05,0.4368216570516901
D11,Isolet,class_sorted,1051,7288,57,0,0,0,0,0.00023708400021860143,7.749999895168003e-06,2.3042000066197943e-05,3.62920000043232e-05,0.4368757411385167
D11,Isolet,class_sorted,1052,7289,99,0,0,0,0,0.00017716700040182332,4.417000127432402e-06,1.5207999240374193e-05,2.604099972813856e-05,0.4369547722518241
D11,Isolet,class_sorted,1053,7290,58,0,0,0,0,0.00017137500071839895,4.083000021637417e-06,1.3540999134420417e-05,2.4832999770296738e-05,0.4370077271628206
D11,Isolet,class_sorted,1054,7291,69,0,0,0,0,0.00017116599974542623,4.042000000481494e-06,1.3291999493958429e-05,2.4665999262651894e-05,0.4370600657852595
D11,Isolet,class_sorted,1055,7292,29,0,0,0,0,0.00016945900006248849,3.916999958164524e-06,1.3041000784141943e-05,2.4500000108673703e-05,0.43707624738308914
D11,Isolet,class_sorted,1056,7293,2,0,0,0,0,0.0001785829999789712,3.99999953515362e-06,1.2833999790018424e-05,2.4167000447050668e-05,0.4370605806795186
D11,Isolet,class_sorted,1057,7294,44,0,0,0,0,0.00016987500021059532,3.916999958164524e-06,1.3042000318819191e-05,2.4416000087512657e-05,0.4371143719258434
D11,Isolet,class_sorted,1058,7295,58,0,0,0,0,0.00016979200063360622,3.833999471680727e-06,1.2709000657196157e-05,2.4291999579872936e-05,0.4371560898530581
D11,Isolet,class_sorted,1059,7296,41,0,0,0,0,0.00017266699978790712,4.0409995563095436e-06,1.3042000318819191e-05,2.7584000235947315e-05,0.4371833919712988
D11,Isolet,class_sorted,1060,7297,50,0,0,0,0,0.0001727500002743909,3.875000402331352e-06,1.3040999874647241e-05,2.5457999981881585e-05,0.4372345101486202
D11,Isolet,class_sorted,1061,7298,26,0,0,0,0,0.00017062499955500243,3.832999937003478e-06,1.2792000234185252e-05,2.566599960118765e-05,0.43727937331009126
D11,Isolet,class_sorted,1062,7299,14,0,0,0,0,0.0001708330000838032,3.916000423487276e-06,1.2708000213024206e-05,2.8208000003360212e-05,0.4372950361246209
D11,Isolet,class_sorted,1063,7300,48,0,0,0,0,0.00017154099987237714,3.875000402331352e-06,1.279199932469055e-05,2.4750000193307642e-05,0.4373468292162018
D11,Isolet,class_sorted,1064,7301,49,2,9,0,0,0.00017062500046449713,2.3624999812454917e-05,1.3042000318819191e-05,2.408399996056687e-05,0.43730854834858285
D11,Isolet,class_sorted,1065,7302,5,6,121,0,0,0.00016933400002017152,4.920899937133072e-05,1.275000067835208e-05,2.5332999939564615e-05,0.43717853313975996
D11,Isolet,class_sorted,1066,7303,57,0,0,0,0,0.00017508299970359076,6.082999789214227e-06,1.2833000255341176e-05,2.5457999981881585e-05,0.4372356675831519
D11,Isolet,class_sorted,1067,7304,50,0,0,0,0,0.00017195799955516122,3.8749994928366505e-06,1.2709000657196157e-05,2.4333999135706108e-05,0.4372592370343304
D11,Isolet,class_sorted,1068,7305,70,0,0,0,0,0.0001821670002755127,6.750000466126949e-06,1.291699936700752e-05,2.5332999939564615e-05,0.4373299757218967
D11,Isolet,class_sorted,1069,7306,83,0,0,0,0,0.00017924999974638922,3.83300084649818e-06,1.2749999768857379e-05,2.541699996072566e-05,0.4374044998982021
D11,Isolet,class_sorted,1070,7307,5,5,8,0,0,0.00016862500069692032,4.0625000110594556e-05,1.249999968422344e-05,2.408299951639492e-05,0.43733014404883985
D11,Isolet,class_sorted,1071,7308,96,0,0,0,0,0.00017095799921662547,3.957999979320448e-06,1.2833000255341176e-05,2.395799947407795e-05,0.43737840370863695
D11,Isolet,class_sorted,1072,7309,8,0,0,0,0,0.00016837500061228639,3.8749994928366505e-06,1.7791999198379926e-05,2.4375000066356733e-05,0.43738235484759663
D11,Isolet,class_sorted,1073,7310,49,0,0,0,0,0.00016899999991437653,3.8749994928366505e-06,1.424999936716631e-05,2.445900008751778e-05,0.43743325646628095
D11,Isolet,class_sorted,1074,7311,34,0,0,0,0,0.0001688330003162264,3.875000402331352e-06,1.3291000868775882e-05,2.4375000066356733e-05,0.4374808317137976
D11,Isolet,class_sorted,1075,7312,10,0,0,0,0,0.00016808400050649652,3.749999450519681e-06,1.304199940932449e-05,2.4167000447050668e-05,0.43751203806751426
D11,Isolet,class_sorted,1076,7313,9,0,0,0,0,0.0002856249993783422,9.792000128072686e-06,2.3584000700793695e-05,4.0458000512444414e-05,0.4375333140579407
D11,Isolet,class_sorted,1077,7314,27,0,0,0,0,0.00018441700012772344,4.083000021637417e-06,1.55829993673251e-05,2.6374999833933543e-05,0.43756109309705254
D11,Isolet,class_sorted,1078,7315,0,0,0,0,0,0.0001667910000833217,4.000000444648322e-06,1.3583000509242993e-05,2.3499999770137947e-05,0.4375255654532714
D11,Isolet,class_sorted,1079,7316,27,0,0,0,0,0.00017133399978774833,3.875000402331352e-06,1.34170004457701e-05,2.4916999791457783e-05,0.4375441701545393
D11,Isolet,class_sorted,1080,7317,0,1,16,0,0,0.00016466700071759988,1.4583999472961295e-05,1.3208999916969333e-05,2.512500032025855e-05,0.43744714998825196
D11,Isolet,class_sorted,1081,7318,79,0,0,0,0,0.00017270799980906304,3.957999979320448e-06,1.3082999430480413e-05,2.420799955871189e-05,0.43750647369855317
D11,Isolet,class_sorted,1082,7319,7,0,0,0,0,0.00016987500021059532,3.749999450519681e-06,1.2833999790018424e-05,2.483300067979144e-05,0.4375097852922241
D11,Isolet,class_sorted,1083,7320,42,0,0,0,0,0.00017137499980890425,4.166000508121215e-06,1.300000076298602e-05,2.5207999897247646e-05,0.4375701091597523
D11,Isolet,class_sorted,1084,7321,60,1,2,0,0,0.00017116700018959818,1.2999999853491317e-05,1.2874999811174348e-05,2.366700027778279e-05,0.437621823844121
D11,Isolet,class_sorted,1085,7322,10,0,0,0,0,0.0001699169997664285,3.875000402331352e-06,1.4042000657354947e-05,2.420900000288384e-05,0.43764129756442327
D11,Isolet,class_sorted,1086,7323,26,0,0,0,0,0.00017104200014728121,3.915999513992574e-06,1.2749999768857379e-05,2.433300051052356e-05,0.437658395992122
D11,Isolet,class_sorted,1087,7324,22,0,0,0,0,0.00017129200023191515,3.832999937003478e-06,1.2665999747696333e-05,2.337500063731568e-05,0.43770149747323955
D11,Isolet,class_sorted,1088,7325,7,2,8,0,0,0.00016916699951252667,2.0833000235143118e-05,1.2749999768857379e-05,2.45830005951575e-05,0.4376664090384886
D11,Isolet,class_sorted,1089,7326,4,0,0,0,0,0.00016945799961831653,3.916999958164524e-06,1.2665999747696333e-05,2.4124999981722794e-05,0.4376591765396309
D11,Isolet,class_sorted,1090,7327,2,0,0,0,0,0.00016991600023175124,3.875000402331352e-06,1.3208000382292084e-05,2.4291000045195688e-05,0.4376666251162761
D11,Isolet,class_sorted,1091,7328,70,0,0,0,0,0.00017300000035902485,3.875000402331352e-06,1.2708000213024206e-05,2.4166000002878718e-05,0.43773132158290773
D11,Isolet,class_sorted,1092,7329,44,0,0,0,0,0.00017654200019023847,5.040999894845299e-06,1.2749999768857379e-05,2.5249999453080818e-05,0.43779018600153
D11,Isolet,class_sorted,1093,7330,1,1,0,0,0,0.0001722919996609562,1.3457999557431322e-05,1.2749999768857379e-05,2.4625000150990672e-05,0.43774107952777724
D11,Isolet,class_sorted,1094,7331,77,0,0,0,0,0.0001729160003378638,3.99999953515362e-06,1.2665999747696333e-05,2.3583000256621744e-05,0.4378110382152314
D11,Isolet,class_sorted,1095,7332,0,10,116,0,0,0.00016400000004068715,7.949999962875154e-05,1.2624999726540409e-05,2.3999999939405825e-05,0.4376100406574405
D11,Isolet,class_sorted,1096,7333,6,0,0,0,0,0.00017079099961847533,3.99999953515362e-06,1.2790999790013302e-05,2.4707999727979768e-05,0.4376207173716082
D11,Isolet,class_sorted,1097,7334,85,0,0,0,0,0.00017258299976674607,4.166000508121215e-06,1.2749999768857379e-05,2.366599983361084e-05,0.4376909472087896
D11,Isolet,class_sorted,1098,7335,22,0,0,0,0,0.0001708330000838032,3.916999958164524e-06,1.291699936700752e-05,2.4291000045195688e-05,0.43768266090268637
D11,Isolet,class_sorted,1099,7336,43,0,0,0,0,0.000171125000633765,3.8749994928366505e-06,1.2624999726540409e-05,2.3707999389444012e-05,0.43773625231608454
D11,Isolet,class_sorted,1100,7337,34,0,0,0,0,0.00017250000018975697,4.166000508121215e-06,1.3042000318819191e-05,2.5083999389607925e-05,0.4377873266337073
D11,Isolet,class_sorted,1101,7338,70,0,0,0,0,0.00024516699977539247,6.749999556632247e-06,1.8917000488727354e-05,3.537500015227124e-05,0.43787302208609985
D11,Isolet,class_sorted,1102,7339,4,0,0,0,0,0.00017250000018975697,4.041000465804245e-06,1.3208000382292084e-05,2.4666000172146596e-05,0.43786427650750687
D11,Isolet,class_sorted,1103,7340,38,0,0,0,0,0.00017079200006264728,3.749999450519681e-06,1.2874999811174348e-05,2.4625000150990672e-05,0.43790989695262855
D11,Isolet,class_sorted,1104,7341,35,0,0,0,0,0.00016970800061244518,3.791999915847555e-06,1.2709000657196157e-05,2.341700019314885e-05,0.4379598473817889
D11,Isolet,class_sorted,1105,7342,1,1,0,0,0,0.0001698340001894394,1.2542000149551313e-05,1.2500000593718141e-05,2.4375000066356733e-05,0.4379078628592691
D11,Isolet,class_sorted,1106,7343,30,0,0,0,0,0.00016954200054897228,3.7500003600143827e-06,1.2667000191868283e-05,2.4166000002878718e-05,0.43796332282401434
D11,Isolet,class_sorted,1107,7344,2,0,0,0,0,0.0001708330000838032,3.707999894686509e-06,1.2458000128390267e-05,2.4500000108673703e-05,0.43793187268944905
D11,Isolet,class_sorted,1108,7345,8,0,0,0,0,0.00016899999991437653,3.791999915847555e-06,1.275000067835208e-05,2.4500000108673703e-05,0.4379382622679335
D11,Isolet,class_sorted,1109,7346,73,0,0,0,0,0.000171125000633765,3.875000402331352e-06,1.2540999705379363e-05,2.470800063747447e-05,0.43801189045945826
D11,Isolet,class_sorted,1110,7347,65,0,0,0,0,0.00017087500054913107,3.832999937003478e-06,1.2665999747696333e-05,2.4542000574001577e-05,0.4380827439103538
D11,Isolet,class_sorted,1111,7348,11,0,0,0,0,0.00017845800084614893,4.000000444648322e-06,1.2541999240056612e-05,2.5499999537714757e-05,0.43811704304892785
D11,Isolet,class_sorted,1112,7349,3,0,0,0,0,0.00016862499978742562,3.791999915847555e-06,1.2540999705379363e-05,2.433299960102886e-05,0.4381371009127959
D11,Isolet,class_sorted,1113,7350,5,1,0,0,0,0.00016854099976626458,1.2250000509084202e-05,1.2375000551401172e-05,2.4291999579872936e-05,0.43809759547385535
D11,Isolet,class_sorted,1114,7351,0,8,109,0,0,0.00016362499991373625,5.8042000091518275e-05,1.249999968422344e-05,2.3083999622031115e-05,0.43787818083627594
D11,Isolet,class_sorted,1115,7352,40,0,0,0,0,0.00017025000033754623,3.832999937003478e-06,1.249999968422344e-05,2.4375000066356733e-05,0.43792436128356665
D11,Isolet,class_sorted,1116,7353,24,0,0,0,0,0.0001719170004435,4.083000021637417e-06,1.2583000170707237e-05,2.487500023562461e-05,0.43792793458313223
D11,Isolet,class_sorted,1117,7354,11,0,0,0,0,0.00017320799997833092,3.832999937003478e-06,1.2707999303529505e-05,2.4166000002878718e-05,0.4379499004437018
D11,Isolet,class_sorted,1118,7355,3,6,22,0,0,0.00016812499961815774,4.537499989964999e-05,1.2542000149551313e-05,2.4375000066356733e-05,0.43790213076417267
D11,Isolet,class_sorted,1119,7356,50,0,0,0,0,0.0001704579999568523,3.875000402331352e-06,1.2583999705384485e-05,2.458400012983475e-05,0.4379517280441263
D11,Isolet,class_sorted,1120,7357,55,0,0,0,0,0.00017049999951268546,3.875000402331352e-06,1.2500000593718141e-05,2.4250000024039764e-05,0.43799577295222164
D11,Isolet,class_sorted,1121,7358,30,0,0,0,0,0.00016920899997785455,3.916999958164524e-06,1.2416000572557095e-05,2.40420004047337e-05,0.4379960537668993
D11,Isolet,class_sorted,1122,7359,3,0,0,0,0,0.00017095900057029212,3.833999471680727e-06,1.2334000530245248e-05,2.4500000108673703e-05,0.43801264761785075
D11,Isolet,class_sorted,1123,7360,7,1,0,0,0,0.0001687500007392373,1.1791999895649496e-05,1.237499964190647e-05,2.4124999981722794e-05,0.4379707477162973
D11,Isolet,class_sorted,1124,7361,42,1,1,0,0,0.00017012500029522926,1.1875000382133294e-05,1.2458000128390267e-05,2.4416000087512657e-05,0.4379588361427783
D11,Isolet,class_sorted,1125,7362,58,0,0,0,0,0.00017016699985106243,3.834000381175429e-06,1.2541999240056612e-05,2.4416000087512657e-05,0.43801407229364786
D11,Isolet,class_sorted,1126,7363,42,0,0,0,0,0.0002602080003271112,9.209000381815713e-06,2.608399972814368e-05,4.095800068171229e-05,0.43805096562192525
D11,Isolet,class_sorted,1127,7364,73,0,0,0,0,0.00017933300023287302,4.583999725582544e-06,1.62090000230819e-05,2.725000013015233e-05,0.43810669565905713
D11,Isolet,class_sorted,1128,7365,3,2,18,0,0,0.00017212500006280607,2.274999951623613e-05,1.9041000086872373e-05,2.591599968582159e-05,0.4380736009482223
D11,Isolet,class_sorted,1129,7366,0,0,0,0,0,0.00016599999980826396,4.374999662104528e-06,1.4874999578751158e-05,2.4707999727979768e-05,0.43802215880502693
D11,Isolet,class_sorted,1130,7367,2,3,1,0,0,0.00017008400027407333,2.6374999833933543e-05,1.3500000022759195e-05,2.4790999304968864e-05,0.4379938504242227
D11,Isolet,class_sorted,1131,7368,2,1,0,0,0,0.00016979199972411152,1.2417000107234344e-05,1.3249999938125256e-05,2.4792000658635516e-05,0.4379696908529961
D11,Isolet,class_sorted,1132,7369,1,0,0,0,0,0.00017104099970310926,4.083000021637417e-06,1.3333000424609054e-05,2.4292000489367638e-05,0.43795602186356675
D11,Isolet,class_sorted,1133,7370,5,2,3,0,0,0.00016941600006248336,1.8957999600388575e-05,1.2832999345846474e-05,2.4375000066356733e-05,0.43793820514785303
D11,Isolet,class_sorted,1134,7371,1,0,0,0,0,0.0001702919998933794,3.957999979320448e-06,1.2915999832330272e-05,2.4250000024039764e-05,0.4379215109901822
D11,Isolet,class_sorted,1135,7372,0,2,0,0,0,0.0001640840000618482,1.983399943128461e-05,1.2917000276502222e-05,2.4375000066356733e-05,0.437869879565959
D11,Isolet,class_sorted,1136,7373,3,6,12,0,0,0.00016904099993553245,7.387499954347732e-05,1.2624999726540409e-05,2.5499999537714757e-05,0.4378161427278161
D11,Isolet,class_sorted,1137,7374,0,3,5,0,0,0.00016408299961767625,2.5958000151149463e-05,1.262500063603511e-05,2.445799964334583e-05,0.43773442502080046
D11,Isolet,class_sorted,1138,7375,0,2,3,0,0,0.00016420900010416517,1.9334000171511434e-05,1.2583999705384485e-05,2.4124999981722794e-05,0.4376607555434056
D11,Isolet,class_sorted,1139,7376,3,3,16,0,0,0.00016975000016827835,2.6167000214627478e-05,1.2708999747701455e-05,2.4666999706823844e-05,0.4376146039827339
D11,Isolet,class_sorted,1140,7377,3,0,0,0,0,0.00017237500014744,4.457999239093624e-06,1.2874999811174348e-05,2.4832999770296738e-05,0.437614330043378
D11,Isolet,class_sorted,1141,7378,2,0,0,0,0,0.0001699169997664285,3.957999979320448e-06,1.2790999790013302e-05,2.4250000024039764e-05,0.4375957543866497
D11,Isolet,class_sorted,1142,7379,0,22,294,0,0,0.00016441700063296594,0.00015645900020899717,1.2749999768857379e-05,2.4666999706823844e-05,0.4372457889570585
D11,Isolet,class_sorted,1143,7380,0,5,9,0,0,0.00016529099957551807,3.999999989900971e-05,1.249999968422344e-05,2.433400004520081e-05,0.4371709723052122
D11,Isolet,class_sorted,1144,7381,2,0,0,0,0,0.00016995900023175636,4.000000444648322e-06,1.2833000255341176e-05,2.3958000383572653e-05,0.43714176923451403
D11,Isolet,class_sorted,1145,7382,2,0,0,0,0,0.00016945899915299378,4.042000000481494e-06,1.2790999790013302e-05,2.4291999579872936e-05,0.43712273612801905
D11,Isolet,class_sorted,1146,7383,2,10,45,0,0,0.00016937500004132744,7.104199994500959e-05,1.2500000593718141e-05,2.4375000066356733e-05,0.43696702644446
D11,Isolet,class_sorted,1147,7384,5,1,0,0,0,0.00016945900006248849,1.2125000466767233e-05,1.2792000234185252e-05,2.420900000288384e-05,0.4369329062050966
D11,Isolet,class_sorted,1148,7385,1,2,1,0,0,0.00016962500012596138,1.9083000552200247e-05,1.316599991696421e-05,2.433299960102886e-05,0.4368994960101108
D11,Isolet,class_sorted,1149,7386,2,0,0,0,0,0.0001692910000201664,4.000000444648322e-06,1.2833000255341176e-05,2.45829996856628e-05,0.4368881037912797
D11,Isolet,class_sorted,1150,7387,0,3,11,0,0,0.00016441699972347124,2.6249999791616574e-05,1.2666999282373581e-05,2.445900008751778e-05,0.4367863812568254
D11,Isolet,class_sorted,1151,7388,1,0,0,0,0,0.0002489580001565628,6.916000529599842e-06,1.8917000488727354e-05,3.5584000215749256e-05,0.43675379151741134
D11,Isolet,class_sorted,1152,7389,1,1,0,0,0,0.00017550000029586954,1.3333999959286302e-05,1.3374999980442226e-05,2.6124999749299604e-05,0.4367333896126411
D11,Isolet,class_sorted,1153,7390,5,0,0,0,0,0.0001720000000204891,4.167000042798463e-06,1.316700036113616e-05,2.4791000214463565e-05,0.43671969205602285
D11,Isolet,class_sorted,1154,7391,0,1,5,0,0,0.00016629199944873108,1.2415999663062394e-05,1.2833000255341176e-05,2.5082999854930677e-05,0.43664736052721126
D11,Isolet,class_sorted,1155,7392,4,3,0,0,0,0.00017095800012612017,2.5958000151149463e-05,1.262500063603511e-05,2.4541999664506875e-05,0.43661814867296717
D11,Isolet,class_sorted,1156,7393,0,0,0,0,0,0.0001663330003793817,3.916000423487276e-06,1.316700036113616e-05,2.408399996056687e-05,0.43656602936489164
D11,Isolet,class_sorted,1157,7394,1,2,1,0,0,0.00017216699961863924,2.0000000404252205e-05,1.2542000149551313e-05,2.4959000256785657e-05,0.43651505325173423
D11,Isolet,class_sorted,1158,7395,0,5,1,0,0,0.00016620799942757003,4.029100000479957e-05,1.2458000128390267e-05,2.45829996856628e-05,0.4364531997623681
D11,Isolet,class_sorted,1159,7396,0,2,0,0,0,0.0001659580002524308,1.9166000129189342e-05,1.2458000128390267e-05,2.4832999770296738e-05,0.43640101384440905
D11,Isolet,class_sorted,1160,7397,0,2,3,0,0,0.0001662499998928979,1.9791999875451438e-05,1.2417000107234344e-05,2.4291000045195688e-05,0.4363253762383686
D11,Isolet,class_sorted,1161,7398,1,0,0,0,0,0.00017158300033770502,3.957999979320448e-06,1.2665999747696333e-05,2.4542000574001577e-05,0.4362768312262138
D11,Isolet,class_sorted,1162,7399,2,2,1,0,0,0.00017095800012612017,1.9374999283172656e-05,1.2959000741830096e-05,2.366699936828809e-05,0.43623885821110336
D11,Isolet,class_sorted,1163,7400,4,0,0,0,0,0.00017087500054913107,4.125000486965291e-06,1.2583000170707237e-05,2.4665999262651894e-05,0.4362325531913489
D11,Isolet,class_sorted,1164,7401,0,2,8,0,0,0.0001711249997242703,2.0249999579391442e-05,1.3625000065076165e-05,2.6542000341578387e-05,0.43616205699940536
D11,Isolet,class_sorted,1165,7402,0,6,72,0,0,0.00016854099976626458,4.787500074598938e-05,1.3249999938125256e-05,2.633399981277762e-05,0.43601151583019776
D11,Isolet,class_sorted,1166,7403,4,0,0,0,0,0.00017500000012660166,4.250000529282261e-06,1.3666000086232089e-05,2.583299919933779e-05,0.43599545941311035
D11,Isolet,class_sorted,1167,7404,8,0,0,0,0,0.00017383300018991577,4.083000021637417e-06,1.2958000297658145e-05,2.5083000764425378e-05,0.436016227297994
D11,Isolet,class_sorted,1168,7405,0,1,3,0,0,0.00016729199978726683,1.2458000128390267e-05,1.2958000297658145e-05,2.470800063747447e-05,0.43594730470897114
D11,Isolet,class_sorted,1169,7406,2,0,0,0,0,0.00017270799980906304,4.0409995563095436e-06,1.2749999768857379e-05,2.4500000108673703e-05,0.4359251587181044
D11,Isolet,class_sorted,1170,7407,1,0,0,0,0,0.0002834999995684484,8.750000233703759e-06,2.3374999727820978e-05,4.2458000280021224e-05,0.43587500206746776
D11,Isolet,class_sorted,1171,7408,0,2,0,0,0,0.00017174999993585516,2.3042000066197943e-05,1.5333000192185864e-05,2.579099964350462e-05,0.43583222007371286
D11,Isolet,class_sorted,1172,7409,7,4,0,0,0,0.00017300000035902485,3.325000034237746e-05,1.3291999493958429e-05,2.4124999981722794e-05,0.435813533303492
D11,Isolet,class_sorted,1173,7410,1,3,4,0,0,0.0001712909997877432,2.5791999178181868e-05,1.275000067835208e-05,2.4542000574001577e-05,0.4357558219963044
D11,Isolet,class_sorted,1174,7411,2,5,8,0,0,0.00017124999976658728,3.97080002585426e-05,1.2667000191868283e-05,2.3749999854771886e-05,0.43569007400447624
D11,Isolet,class_sorted,1175,7412,0,0,0,0,0,0.000165874999765947,4.208000063954387e-06,1.279199932469055e-05,2.5459000426053535e-05,0.43565405702128
D11,Isolet,class_sorted,1176,7413,0,1,3,0,0,0.00028445899988582823,2.141599998140009e-05,2.5332999939564615e-05,4.654099939216394e-05,0.435593000963028
D11,Isolet,class_sorted,1177,7414,0,0,0,0,0,0.00017237500014744,4.37500057159923e-06,1.541600067866966e-05,2.5625000489526428e-05,0.43554042511634494
D11,Isolet,class_sorted,1178,7415,1,0,0,0,0,0.00017808299980970332,4.208000063954387e-06,1.316700036113616e-05,2.5374999495397788e-05,0.4355071456753736
D11,Isolet,class_sorted,1179,7416,1,1,2,0,0,0.00017416700029571075,1.3291999493958429e-05,1.3083999874652363e-05,2.56670000453596e-05,0.4354616751532738
D11,Isolet,class_sorted,1180,7417,1,1,0,0,0,0.00017420900076103862,1.2667000191868283e-05,1.3040999874647241e-05,2.550000044720946e-05,0.4354345263253297
D11,Isolet,class_sorted,1181,7418,2,3,12,0,0,0.00017316600042249775,2.7082999622507486e-05,1.2542000149551313e-05,2.499999936844688e-05,0.4353973786343779
D11,Isolet,class_sorted,1182,7419,3,1,0,0,0,0.00017574999947100878,1.2584000614879187e-05,1.2667000191868283e-05,2.391700036241673e-05,0.43539699953940325
D11,Isolet,class_sorted,1183,7420,1,3,11,0,0,0.0001739999997880659,2.7042000510846265e-05,1.2958999832335394e-05,2.512500032025855e-05,0.4353537852685013
D11,Isolet,class_sorted,1184,7421,0,1,4,0,0,0.00016916700042202137,1.3124999895808287e-05,1.2542000149551313e-05,2.487499932612991e-05,0.4352749123179593
D11,Isolet,class_sorted,1185,7422,3,0,0,0,0,0.00017258299976674607,4.165999598626513e-06,1.2500000593718141e-05,2.5249999453080818e-05,0.43526022252616847
D11,Isolet,class_sorted,1186,7423,0,1,0,0,0,0.00017566699989401968,1.34170004457701e-05,1.2583000170707237e-05,2.4625000150990672e-05,0.43523358929714384
D11,Isolet,class_sorted,1187,7424,1,4,5,0,0,0.00017254200065508485,3.354199998284457e-05,1.2458000128390267e-05,2.7165999199496582e-05,0.4351674880374489
D11,Isolet,class_sorted,1188,7425,0,0,0,0,0,0.00017104200014728121,4.583000190905295e-06,1.3500000022759195e-05,2.658399989741156e-05,0.43512432410915286
D11,Isolet,class_sorted,1189,7426,0,2,0,0,0,0.00017008400027407333,2.1167000340938102e-05,1.2958000297658145e-05,2.6540999897406437e-05,0.4350714981514403
D11,Isolet,class_sorted,1190,7427,0,1,1,0,0,0.00017179199949168833,1.3207999472797383e-05,1.2458000128390267e-05,2.6916000024357345e-05,0.43501334941925124
D11,Isolet,class_sorted,1191,7428,78,0,0,0,0,0.00017883300006360514,4.625000656233169e-06,2.008399951591855e-05,2.5750000531843398e-05,0.4350850269374938
D11,Isolet,class_sorted,1192,7429,8,0,0,0,0,0.00017545799983054167,4.083000021637417e-06,1.4500000361294951e-05,2.5374999495397788e-05,0.43510004869537
D11,Isolet,class_sorted,1193,7430,48,0,0,0,0,0.00017637499968259363,4.1249995774705894e-06,1.3207999472797383e-05,2.5499999537714757e-05,0.43509895396814946
D11,Isolet,class_sorted,1194,7431,80,0,0,0,0,0.0001784999994924874,4.042000000481494e-06,1.2917000276502222e-05,2.5750000531843398e-05,0.43515351350622017
D11,Isolet,class_sorted,1195,7432,69,1,2,0,0,0.0001780419997885474,1.449999945180025e-05,1.3582999599748291e-05,2.6083000193466432e-05,0.4352020910503778
D11,Isolet,class_sorted,1196,7433,65,0,0,0,0,0.00018062499930238118,4.165999598626513e-06,1.3124999895808287e-05,2.6915999114862643e-05,0.43525537819171434
D11,Isolet,class_sorted,1197,7434,2,1,18,0,0,0.00017462499999965075,1.2833000255341176e-05,1.3458000466926023e-05,2.537500040489249e-05,0.4352045561582864
D11,Isolet,class_sorted,1198,7435,7,0,0,0,0,0.00017533400023239665,4.167000042798463e-06,1.2916000741824973e-05,2.3999999939405825e-05,0.4352105764543559
D11,Isolet,class_sorted,1199,7436,39,0,0,0,0,0.0001753329997882247,4.165999598626513e-06,1.2957999388163444e-05,2.445799964334583e-05,0.43523574800256926
D11,Isolet,class_sorted,1200,7437,53,5,53,0,0,0.00017512500016891863,4.1416999920329545e-05,1.262500063603511e-05,2.433300051052356e-05,0.43520558876931736
D11,Isolet,class_sorted,1201,7438,112,0,0,0,0,0.00023637499998585554,6.125000254542101e-06,1.7833000129030552e-05,3.387499964446761e-05,0.43529624529642363
D11,Isolet,class_sorted,1202,7439,87,0,0,0,0,0.00018212499981018482,4.000000444648322e-06,1.3750000107393134e-05,2.4542000574001577e-05,0.43536627556317165
D11,Isolet,class_sorted,1203,7440,77,0,0,0,0,0.0001766659997883835,4.000000444648322e-06,1.300000076298602e-05,2.541699996072566e-05,0.4354375982537755
D11,Isolet,class_sorted,1204,7441,81,0,0,0,0,0.00017549999938637484,3.791999915847555e-06,1.2833999790018424e-05,2.445900008751778e-05,0.43544799235757714
D11,Isolet,class_sorted,1205,7442,3,0,0,0,0,0.000172709000253235,3.7920008253422566e-06,1.341600000159815e-05,2.4499999199179e-05,0.4354243304610199
D11,Isolet,class_sorted,1206,7443,7,0,0,0,0,0.0001723749992379453,3.7500003600143827e-06,1.2500000593718141e-05,2.4291000045195688e-05,0.4354312800666184
D11,Isolet,class_sorted,1207,7444,4,3,4,0,0,0.00017225000010512304,2.73750001724693e-05,1.249999968422344e-05,2.487500023562461e-05,0.43539624002635047
D11,Isolet,class_sorted,1208,7445,90,0,0,0,0,0.00017545800074003637,3.916000423487276e-06,1.249999968422344e-05,2.4625000150990672e-05,0.43546153345159355
D11,Isolet,class_sorted,1209,7446,96,0,0,0,0,0.00017500000012660166,3.832999937003478e-06,1.2667000191868283e-05,2.4500000108673703e-05,0.435537483225231
D11,Isolet,class_sorted,1210,7447,72,0,0,0,0,0.0001781249993655365,4.167000042798463e-06,1.4457999895967077e-05,2.5333000849059317e-05,0.4356019446638905
D11,Isolet,class_sorted,1211,7448,49,0,0,0,0,0.0001752500002112356,3.875000402331352e-06,1.2874999811174348e-05,2.487499932612991e-05,0.4356379220402582
D11,Isolet,class_sorted,1212,7449,85,0,0,0,0,0.00017645799925958272,3.958999513997696e-06,1.2792000234185252e-05,2.4790999304968864e-05,0.43569802830181253
D11,Isolet,class_sorted,1213,7450,49,0,0,0,0,0.00017466699955548393,4.042000000481494e-06,1.2624999726540409e-05,2.500000027794158e-05,0.4357441993867939
D11,Isolet,class_sorted,1214,7451,0,0,0,0,0,0.00016908399993553758,3.834000381175429e-06,1.2458999663067516e-05,2.512500032025855e-05,0.43571435309319223
D11,Isolet,class_sorted,1215,7452,17,0,0,0,0,0.00017433300035918364,3.832999937003478e-06,1.2958000297658145e-05,2.4916000256780535e-05,0.43572407033922084
D11,Isolet,class_sorted,1216,7453,0,90,3653,0,0,0.00016887499987205956,0.0005959589998383308,1.2583999705384485e-05,2.550000044720946e-05,0.43385781392975403
D11,Isolet,class_sorted,1217,7454,83,0,0,0,0,0.00017962499987334013,4.083000021637417e-06,1.2624999726540409e-05,2.4834000214468688e-05,0.43390930203169753
D11,Isolet,class_sorted,1218,7455,64,0,0,0,0,0.0001757079999151756,3.916999958164524e-06,1.2500000593718141e-05,2.4666000172146596e-05,0.4339488190197647
D11,Isolet,class_sorted,1219,7456,86,0,0,0,0,0.00017574999947100878,3.916999958164524e-06,1.2583000170707237e-05,2.433299960102886e-05,0.4340142791155861
D11,Isolet,class_sorted,1220,7457,1,0,0,0,0,0.00017412499983038288,3.916999958164524e-06,1.2333000086073298e-05,2.4915999347285833e-05,0.4339632168635508
D11,Isolet,class_sorted,1221,7458,86,0,0,0,0,0.00017512500016891863,6.5840004026540555e-06,1.249999968422344e-05,2.4916000256780535e-05,0.4340349207966922
D11,Isolet,class_sorted,1222,7459,88,0,0,0,0,0.00017679099983070046,3.8749994928366505e-06,1.2708999747701455e-05,2.4750000193307642e-05,0.43411873605528484
D11,Isolet,class_sorted,1223,7460,83,0,0,0,0,0.0001774160000422853,3.916999958164524e-06,1.2542000149551313e-05,2.483300067979144e-05,0.43415179812517096
D11,Isolet,class_sorted,1224,7461,76,0,0,0,0,0.00017795799976738635,3.833999471680727e-06,1.2542000149551313e-05,2.5083000764425378e-05,0.4341847638486516
D11,Isolet,class_sorted,1225,7462,9,0,0,0,0,0.00017462499999965075,3.8749994928366505e-06,1.2458000128390267e-05,2.4167000447050668e-05,0.4341635526094158
D11,Isolet,class_sorted,1226,7463,15,0,0,0,0,0.00025516599998809397,7.374999768217094e-06,2.249999943160219e-05,3.7542000427492894e-05,0.43411626079385646
D11,Isolet,class_sorted,1227,7464,44,0,0,0,0,0.00017845799993665423,4.1249995774705894e-06,1.516700012871297e-05,2.541699996072566e-05,0.4341197067667696
D11,Isolet,class_sorted,1228,7465,20,0,0,0,0,0.0001735420000841259,3.916999958164524e-06,1.3749999197898433e-05,2.5042000743269455e-05,0.4341438949373505
D11,Isolet,class_sorted,1229,7466,124,0,0,0,0,0.0001765000006344053,3.875000402331352e-06,1.3333999959286302e-05,2.4708999262657017e-05,0.4342288756274056
D11,Isolet,class_sorted,1230,7467,77,1,3,0,0,0.00017395799932273803,1.3791999663226306e-05,1.2874999811174348e-05,2.4625000150990672e-05,0.4342570608782275
D11,Isolet,class_sorted,1231,7468,10,0,0,0,0,0.0001715420003165491,3.791999915847555e-06,1.2957999388163444e-05,2.45829996856628e-05,0.43425873039792073
D11,Isolet,class_sorted,1232,7469,81,0,0,0,0,0.0001745409999784897,3.791999915847555e-06,1.3416999536275398e-05,2.4750000193307642e-05,0.4343174571485863
D11,Isolet,class_sorted,1233,7470,111,0,0,0,0,0.00017583299995749258,3.916999958164524e-06,1.3208999916969333e-05,2.458400012983475e-05,0.43438915760972907
D11,Isolet,class_sorted,1234,7471,105,0,0,0,0,0.00017700000080367317,4.042000000481494e-06,1.2917000276502222e-05,2.4834000214468688e-05,0.4344704314449327
D11,Isolet,class_sorted,1235,7472,17,0,0,0,0,0.00017158299942821031,3.8749994928366505e-06,1.275000067835208e-05,2.4791999749140814e-05,0.4344903397287428
D11,Isolet,class_sorted,1236,7473,106,0,0,0,0,0.00017991699951380724,4.000000444648322e-06,1.2999999853491317e-05,2.4541000129829627e-05,0.4345521227513553
D11,Isolet,class_sorted,1237,7474,110,0,0,0,0,0.00017475000004196772,3.791999915847555e-06,1.2833999790018424e-05,2.4500000108673703e-05,0.4346250262420546
D11,Isolet,class_sorted,1238,7475,127,0,0,0,0,0.0001744170003803447,3.8749994928366505e-06,1.2582999261212535e-05,2.4416999622189905e-05,0.4347086919818842
D11,Isolet,class_sorted,1239,7476,68,0,0,0,0,0.00017345800006296486,3.832999937003478e-06,1.275000067835208e-05,2.4124999981722794e-05,0.43475711766091507
D11,Isolet,class_sorted,1240,7477,37,0,0,0,0,0.00017258300067624077,3.832999937003478e-06,1.2541999240056612e-05,2.487500023562461e-05,0.43479897561222935
D11,Isolet,class_sorted,1241,7478,8,0,0,0,0,0.00017266700069740182,4.042000000481494e-06,1.3040999874647241e-05,2.487499932612991e-05,0.4347936806908866
D11,Isolet,class_sorted,1242,7479,2,0,0,0,0,0.0001739999997880659,4.042000000481494e-06,1.300000076298602e-05,2.5084000299102627e-05,0.4347759196088065
D11,Isolet,class_sorted,1243,7480,42,0,0,0,0,0.00017483299961895682,3.99999953515362e-06,1.2833999790018424e-05,2.4542000574001577e-05,0.43482949150572514
D11,Isolet,class_sorted,1244,7481,84,0,0,0,0,0.00017495900010544574,3.8749994928366505e-06,1.2708000213024206e-05,2.4541999664506875e-05,0.4349025014526725
D11,Isolet,class_sorted,1245,7482,52,2,3,0,0,0.00017549999938637484,1.9832999896607362e-05,1.2791000699508004e-05,2.4707999727979768e-05,0.4348997518447234
D11,Isolet,class_sorted,1246,7483,110,0,0,0,0,0.00017408399980922695,3.916999958164524e-06,1.2833000255341176e-05,2.4709000172151718e-05,0.43497048915385095
D11,Isolet,class_sorted,1247,7484,28,1,0,0,0,0.0001722920005704509,1.2375000551401172e-05,1.2624999726540409e-05,2.4250000024039764e-05,0.43493328897886735
D11,Isolet,class_sorted,1248,7485,0,0,0,0,0,0.00016591599978710292,3.875000402331352e-06,1.7500000467407517e-05,2.4291999579872936e-05,0.4348836713980077
D11,Isolet,class_sorted,1249,7486,1,0,0,0,0,0.00017254200065508485,3.916000423487276e-06,1.3958000636193901e-05,2.4375000066356733e-05,0.43486474271189207
D11,Isolet,class_sorted,1250,7487,3,2,4,0,0,0.00017179200040118303,1.979100034077419e-05,1.2958000297658145e-05,2.470800063747447e-05,0.4348107675913839
D11,Isolet,class_sorted,1251,7488,0,5,6,0,0,0.0002641669998411089,5.0457999350328464e-05,1.8708000425249338e-05,4.57500000266009e-05,0.43473155703449723
D11,Isolet,class_sorted,1252,7489,1,0,0,0,0,0.00018495800031814724,4.958000317856204e-06,1.4250000276661012e-05,2.7625000257103238e-05,0.4347009168780246
D11,Isolet,class_sorted,1253,7490,2,0,0,0,0,0.00017737500002112938,4.333000106271356e-06,1.279199932469055e-05,2.5958000151149463e-05,0.43468656017638846
D11,Isolet,class_sorted,1254,7491,0,0,0,0,0,0.00016891699942789273,4.0409995563095436e-06,1.304199940932449e-05,2.5459000426053535e-05,0.4346367611230177
D11,Isolet,class_sorted,1255,7492,0,3,4,0,0,0.00016775000040070154,2.6417000299261417e-05,1.2833000255341176e-05,2.3999999939405825e-05,0.43455582694343925
D11,Isolet,class_sorted,1256,7493,0,0,0,0,0,0.0001662499998928979,3.791999915847555e-06,1.2667000191868283e-05,2.4707999727979768e-05,0.4345059764540857
D11,Isolet,class_sorted,1257,7494,6,0,0,0,0,0.00017195899999933317,3.834000381175429e-06,1.249999968422344e-05,2.4500000108673703e-05,0.43449926473062145
D11,Isolet,class_sorted,1258,7495,2,0,0,0,0,0.00017475000004196772,4.083000021637417e-06,1.2540999705379363e-05,2.4124999981722794e-05,0.434476714058072
D11,Isolet,class_sorted,1259,7496,1,3,2,0,0,0.00017208400004165014,2.5708999601192772e-05,1.2500000593718141e-05,2.4083000425889622e-05,0.4344227740630669
D11,Isolet,class_sorted,1260,7497,1,2,0,0,0,0.00018108400035998784,2.1709000066039152e-05,1.2667000191868283e-05,2.525000036257552e-05,0.43439187392513073
D11,Isolet,class_sorted,1261,7498,0,1,0,0,0,0.0001690420003797044,1.2791000699508004e-05,1.2624999726540409e-05,2.4166000002878718e-05,0.43435140729457306
D11,Isolet,class_sorted,1262,7499,1,1,1,0,0,0.0001736250005706097,1.2874999811174348e-05,1.2708000213024206e-05,2.5207999897247646e-05,0.4342986097222956
D11,Isolet,class_sorted,1263,7500,4,0,0,0,0,0.00017374999970343197,3.8749994928366505e-06,1.2624999726540409e-05,2.433299960102886e-05,0.4342891089710373
D11,Isolet,class_sorted,1264,7501,0,1,0,0,0,0.00016791699999885168,1.2208000043756329e-05,1.2500000593718141e-05,2.3834000785427634e-05,0.4342390217206122
D11,Isolet,class_sorted,1265,7502,1,1,1,0,0,0.00017179099995701108,1.237499964190647e-05,1.2333000086073298e-05,2.3749999854771886e-05,0.43420272050859865
D11,Isolet,class_sorted,1266,7503,0,1,2,0,0,0.00016633399991405895,1.2041999980283435e-05,1.2583000170707237e-05,2.383299943176098e-05,0.4341362934631128
D11,Isolet,class_sorted,1267,7504,1,0,0,0,0,0.00017137499980890425,3.7909994716756046e-06,1.2375000551401172e-05,2.445900008751778e-05,0.4341092744430606
D11,Isolet,class_sorted,1268,7505,1,1,2,0,0,0.00017212500006280607,1.2083000001439359e-05,1.2415999663062394e-05,2.4791999749140814e-05,0.43407222471183554
D11,Isolet,class_sorted,1269,7506,1,0,0,0,0,0.00017241600016859593,3.957999979320448e-06,1.2708000213024206e-05,2.4250000024039764e-05,0.43404780350020455
D11,Isolet,class_sorted,1270,7507,7,1,0,0,0,0.00017433300035918364,1.2583000170707237e-05,1.2333000086073298e-05,2.495800072210841e-05,0.4340586337014164
D11,Isolet,class_sorted,1271,7508,1,0,0,0,0,0.00017295799989369698,3.8749994928366505e-06,1.237499964190647e-05,2.4667000616318546e-05,0.4340350994032848
D11,Isolet,class_sorted,1272,7509,0,1,5,0,0,0.00016824999966047471,1.2083000001439359e-05,1.2458000128390267e-05,2.350000067963265e-05,0.43397840233426743
D11,Isolet,class_sorted,1273,7510,0,0,0,0,0,0.0001666250000198488,3.8749994928366505e-06,1.2624999726540409e-05,2.329099970665993e-05,0.43392806481503493
D11,Isolet,class_sorted,1274,7511,0,1,0,0,0,0.0001663330003793817,1.1916999937966466e-05,1.2250000509084202e-05,2.433300051052356e-05,0.4338777028177884
D11,Isolet,class_sorted,1275,7512,4,0,0,0,0,0.0001718339999570162,3.875000402331352e-06,1.2500000593718141e-05,2.4500000108673703e-05,0.4338657391981463
D11,Isolet,class_sorted,1276,7513,0,0,0,0,0,0.00023175000023911707,6.541999937326182e-06,2.5458999516558833e-05,3.737499991984805e-05,0.433815322881936
D11,Isolet,class_sorted,1277,7514,0,1,1,0,0,0.000172166000083962,1.4332999853650108e-05,1.5708000319136772e-05,2.7082999622507486e-05,0.4337719217156617
D11,Isolet,class_sorted,1278,7515,0,1,0,0,0,0.00016837499970279168,1.2624999726540409e-05,1.354200048808707e-05,2.500000027794158e-05,0.43372145661264944
D11,Isolet,class_sorted,1279,7516,1,4,3,0,0,0.00017512500016891863,3.2916999771259725e-05,1.2874999811174348e-05,2.5082999854930677e-05,0.4336547148394829
D11,Isolet,class_sorted,1280,7517,0,1,1,0,0,0.00016775000040070154,1.2167000022600405e-05,1.2584000614879187e-05,2.5041999833774753e-05,0.4335989737183895
D11,Isolet,class_sorted,1281,7518,0,1,1,0,0,0.0001671250001891167,1.1916999937966466e-05,1.2915999832330272e-05,2.5041999833774753e-05,0.4335389371653567
D11,Isolet,class_sorted,1282,7519,3,0,0,0,0,0.00017600000046513742,3.957999979320448e-06,1.2874999811174348e-05,2.4916000256780535e-05,0.4335484270637883
D11,Isolet,class_sorted,1283,7520,1,1,4,0,0,0.00017266599934373517,1.2708000213024206e-05,1.2375000551401172e-05,2.445800055284053e-05,0.4334978412702156
D11,Isolet,class_sorted,1284,7521,2,0,0,0,0,0.00017349999961879803,3.8749994928366505e-06,1.2749999768857379e-05,2.4541999664506875e-05,0.4334875974810035
D11,Isolet,class_sorted,1285,7522,10,0,0,0,0,0.00017262500023207394,3.957999979320448e-06,1.2458000128390267e-05,2.4707999727979768e-05,0.4335088517648587
D11,Isolet,class_sorted,1286,7523,0,3,2,0,0,0.00016979199972411152,2.6166999305132776e-05,1.2417000107234344e-05,2.529099947423674e-05,0.43344868376832074
D11,Isolet,class_sorted,1287,7524,0,1,0,0,0,0.0001666250000198488,1.195799995912239e-05,1.22499995995895e-05,2.458400012983475e-05,0.43340748791631384
D11,Isolet,class_sorted,1288,7525,1,0,0,0,0,0.000173166999957175,3.916999958164524e-06,1.2624999726540409e-05,2.445900008751778e-05,0.43339096917310477
D11,Isolet,class_sorted,1289,7526,0,0,0,0,0,0.0001666250000198488,4.000000444648322e-06,1.2417000107234344e-05,2.4666000172146596e-05,0.43334022686938195
D11,Isolet,class_sorted,1290,7527,10,0,0,0,0,0.00017283299985138,3.99999953515362e-06,1.2665999747696333e-05,2.4957999812613707e-05,0.4333473302506885
D11,Isolet,class_sorted,1291,7528,1,1,1,0,0,0.00017287499940721318,1.2125000466767233e-05,1.2333000086073298e-05,2.474999928381294e-05,0.4333112481628169
D11,Isolet,class_sorted,1292,7529,1,3,1,0,0,0.00017254199974559015,2.5541000468365382e-05,1.2292000064917374e-05,2.487500023562461e-05,0.433260429872548
D11,Isolet,class_sorted,1293,7530,0,2,3,0,0,0.00016695799968147185,1.862499993876554e-05,1.2333999620750546e-05,2.445800055284053e-05,0.4331974517732135
D11,Isolet,class_sorted,1294,7531,6,0,0,0,0,0.0001724580006339238,3.957999979320448e-06,1.2667000191868283e-05,2.4707999727979768e-05,0.43319295512446687
D11,Isolet,class_sorted,1295,7532,0,1,2,0,0,0.00016679199961799895,1.2000000424450263e-05,1.7333999494439922e-05,2.500000027794158e-05,0.43314633276106995
D11,Isolet,class_sorted,1296,7533,3,2,1,0,0,0.00017483300052845152,1.9083000552200247e-05,1.2458000128390267e-05,2.445800055284053e-05,0.43312236254780356
D11,Isolet,class_sorted,1297,7534,0,2,4,0,0,0.00016654200044285972,1.8541000827099197e-05,1.249999968422344e-05,2.4500000108673703e-05,0.4330578713608513
D11,Isolet,class_sorted,1298,7535,1,0,0,0,0,0.0001725410002109129,3.99999953515362e-06,1.3124999895808287e-05,2.4416999622189905e-05,0.43302066190052985
D11,Isolet,class_sorted,1299,7536,8,0,0,0,0,0.00017258299976674607,3.957999979320448e-06,1.249999968422344e-05,2.4707999727979768e-05,0.43302731013054596
D11,Isolet,class_sorted,1300,7537,7,0,0,0,0,0.00017216700052813394,3.957999979320448e-06,1.2540999705379363e-05,2.445799964334583e-05,0.4330339749623873
D11,Isolet,class_sorted,1301,7538,2,2,2,0,0,0.0002414580003460287,2.4167000447050668e-05,2.1458000446727965e-05,3.6749999708263204e-05,0.4329892366699982
D11,Isolet,class_sorted,1302,7539,4,0,0,0,0,0.00018195800021203468,4.083000021637417e-06,1.4624999494117219e-05,2.5624999580031727e-05,0.43296456356856894
D11,Isolet,class_sorted,1303,7540,3,0,0,0,0,0.00017599999955564272,4.1249995774705894e-06,1.3666000086232089e-05,2.645800032041734e-05,0.4329375832143228
D11,Isolet,class_sorted,1304,7541,0,0,0,0,0,0.00017358300010528183,3.99999953515362e-06,1.3208999916969333e-05,2.6542000341578387e-05,0.4328864829051682
D11,Isolet,class_sorted,1305,7542,0,0,0,0,0,0.00017066600048565306,3.832999937003478e-06,1.2832999345846474e-05,2.5249999453080818e-05,0.4328353631344226
D11,Isolet,class_sorted,1306,7543,1,2,16,0,0,0.00017925000065588392,1.9916999917768408e-05,1.2584000614879187e-05,2.5209000341419596e-05,0.4327828121568874
D11,Isolet,class_sorted,1307,7544,0,2,3,0,0,0.00017125000067608198,1.8833000467566308e-05,1.2708000213024206e-05,2.5166000341414474e-05,0.43271026163829246
D11,Isolet,class_sorted,1308,7545,2,0,0,0,0,0.0001739999997880659,3.916999958164524e-06,1.2916000741824973e-05,2.4832999770296738e-05,0.43269082287251737
D11,Isolet,class_sorted,1309,7546,2,1,1,0,0,0.00017483299961895682,1.2624999726540409e-05,1.2375000551401172e-05,2.445799964334583e-05,0.43265855205106085
D11,Isolet,class_sorted,1310,7547,0,4,23,0,0,0.00017208400004165014,3.3833999623311684e-05,1.2500000593718141e-05,2.470800063747447e-05,0.4325833024002748
D11,Isolet,class_sorted,1311,7548,0,14,81,0,0,0.00017149999985122122,9.958299960999284e-05,1.2624999726540409e-05,2.5249999453080818e-05,0.43242076574517346
D11,Isolet,class_sorted,1312,7549,7,0,0,0,0,0.00017824999940785347,3.99999953515362e-06,1.2749999768857379e-05,2.366700027778279e-05,0.4324198402228177
D11,Isolet,class_sorted,1313,7550,6,0,0,0,0,0.00017420800031686667,3.957999979320448e-06,1.249999968422344e-05,2.4834000214468688e-05,0.43243668902338345
D11,Isolet,class_sorted,1314,7551,10,0,0,0,0,0.0001748750000842847,3.959000423492398e-06,1.3249999938125256e-05,2.4375000066356733e-05,0.4324514850649256
D11,Isolet,class_sorted,1315,7552,4,1,0,0,0,0.0001744580004015006,1.2500000593718141e-05,1.2708000213024206e-05,2.4916999791457783e-05,0.432450356257636
D11,Isolet,class_sorted,1316,7553,19,0,0,0,0,0.0001777500001480803,3.875000402331352e-06,1.2917000276502222e-05,2.4416999622189905e-05,0.4324876646175346
D11,Isolet,class_sorted,1317,7554,0,3,1,0,0,0.0001720000000204891,3.1208999644150026e-05,1.2667000191868283e-05,2.5166000341414474e-05,0.4324320386132761
D11,Isolet,class_sorted,1318,7555,0,0,0,0,0,0.00017225000010512304,3.957999979320448e-06,1.2540999705379363e-05,2.4666999706823844e-05,0.43239009570649195
D11,Isolet,class_sorted,1319,7556,9,0,0,0,0,0.0001781249993655365,4.209000508126337e-06,1.78339996637078e-05,2.620899977046065e-05,0.4323796983149436
D11,Isolet,class_sorted,1320,7557,13,0,0,0,0,0.00017787500019039726,4.0409995563095436e-06,1.4457999895967077e-05,2.541699996072566e-05,0.4323699353512135
D11,Isolet,class_sorted,1321,7558,18,0,0,0,0,0.0001781250002750312,4.167000042798463e-06,1.3333999959286302e-05,2.5458999516558833e-05,0.43239116396508737
D11,Isolet,class_sorted,1322,7559,5,2,14,0,0,0.00018362500031798845,2.0333999600552488e-05,1.2917000276502222e-05,2.5457999981881585e-05,0.43235297269024703
D11,Isolet,class_sorted,1323,7560,35,1,1,0,0,0.00018083299983118195,1.2667000191868283e-05,1.275000067835208e-05,2.500000027794158e-05,0.43237109325909623
D11,Isolet,class_sorted,1324,7561,18,0,0,0,0,0.00017708299947116757,3.8749994928366505e-06,1.2999999853491317e-05,2.3749999854771886e-05,0.4323750233129231
D11,Isolet,class_sorted,1325,7562,43,0,0,0,0,0.00017929099976754515,3.916999958164524e-06,1.2792000234185252e-05,2.474999928381294e-05,0.4324328863273791
D11,Isolet,class_sorted,1326,7563,26,0,0,0,0,0.00030216599952836987,9.41600046644453e-06,2.1167000340938102e-05,5.420799971034285e-05,0.43245391882159845
D11,Isolet,class_sorted,1327,7564,13,0,0,0,0,0.00018474999978934648,5.124999916006345e-06,1.4082999769016169e-05,2.9541000003519002e-05,0.4324628296898807
D11,Isolet,class_sorted,1328,7565,32,0,0,0,0,0.00017970800035982393,4.208000063954387e-06,1.2958000297658145e-05,2.658300036273431e-05,0.4325039034637784
D11,Isolet,class_sorted,1329,7566,27,0,0,0,0,0.00017991700042330194,4.125000486965291e-06,1.2999999853491317e-05,2.62079993262887e-05,0.43252801641373906
D11,Isolet,class_sorted,1330,7567,21,0,0,0,0,0.00018325000019103754,4.1249995774705894e-06,1.2667000191868283e-05,2.6417000299261417e-05,0.4325609698735524
D11,Isolet,class_sorted,1331,7568,21,0,0,0,0,0.00017791699974623043,3.916999958164524e-06,1.3457999557431322e-05,2.5749999622348696e-05,0.43256985179206936
D11,Isolet,class_sorted,1332,7569,39,0,0,0,0,0.00017779200061340816,4.042000000481494e-06,1.2790999790013302e-05,2.483300067979144e-05,0.4325838373407236
D11,Isolet,class_sorted,1333,7570,52,0,0,0,0,0.00018233300033898558,4.208000063954387e-06,1.275000067835208e-05,2.487500023562461e-05,0.4326177792884162
D11,Isolet,class_sorted,1334,7571,0,0,0,0,0,0.00017025000033754623,3.957999979320448e-06,1.2542000149551313e-05,2.5084000299102627e-05,0.4325777057469668
D11,Isolet,class_sorted,1335,7572,21,0,0,0,0,0.00017637500059208833,3.875000402331352e-06,1.2540999705379363e-05,2.4916999791457783e-05,0.4326038678453979
D11,Isolet,class_sorted,1336,7573,13,1,0,0,0,0.00017633300012676045,1.3624999155581463e-05,1.2540999705379363e-05,2.4957999812613707e-05,0.4325704327633617
D11,Isolet,class_sorted,1337,7574,27,0,0,0,0,0.00017654200019023847,3.99999953515362e-06,1.2749999768857379e-05,2.474999928381294e-05,0.43261945513234384
D11,Isolet,class_sorted,1338,7575,10,1,0,0,0,0.0001760420000209706,1.249999968422344e-05,1.2583999705384485e-05,2.4834000214468688e-05,0.4326094417152413
D11,Isolet,class_sorted,1339,7576,50,0,0,0,0,0.00017683300029602833,4.042000000481494e-06,1.2833999790018424e-05,2.4834000214468688e-05,0.4326604071000368
D11,Isolet,class_sorted,1340,7577,5,0,0,0,0,0.00017495900010544574,3.958999513997696e-06,1.2500000593718141e-05,2.4666999706823844e-05,0.43266694034680786
D11,Isolet,class_sorted,1341,7578,42,0,0,0,0,0.00017616699915379286,3.959000423492398e-06,1.3416999536275398e-05,2.4666000172146596e-05,0.43271441262129784
D11,Isolet,class_sorted,1342,7579,18,0,0,0,0,0.00017520900019007968,3.916999958164524e-06,1.2624999726540409e-05,2.4541999664506875e-05,0.4327498414043175
D11,Isolet,class_sorted,1343,7580,4,4,9,0,0,0.00017483299961895682,3.204199947504094e-05,1.2457999218895566e-05,2.4750000193307642e-05,0.432672018511343
D11,Isolet,class_sorted,1344,7581,31,0,0,0,0,0.00017550000029586954,3.8749994928366505e-06,1.2749999768857379e-05,2.4416999622189905e-05,0.43269545915113156
D11,Isolet,class_sorted,1345,7582,22,1,3,0,0,0.0001749580005707685,1.2458000128390267e-05,1.2458000128390267e-05,2.4625000150990672e-05,0.43266371390698094
D11,Isolet,class_sorted,1346,7583,44,0,0,0,0,0.00017883299915411044,3.915999513992574e-06,1.2458000128390267e-05,2.4542000574001577e-05,0.432710307260498
D11,Isolet,class_sorted,1347,7584,43,0,0,0,0,0.00017629200010560453,3.832999937003478e-06,1.2541000614874065e-05,2.4832999770296738e-05,0.4327600994833062
D11,Isolet,class_sorted,1348,7585,7,0,0,0,0,0.00017558299987285864,3.915999513992574e-06,1.2917000276502222e-05,2.5208999431924894e-05,0.43275919026979165
D11,Isolet,class_sorted,1349,7586,23,0,0,0,0,0.00017620800008444348,3.875000402331352e-06,1.2583999705384485e-05,2.4959000256785657e-05,0.4327641048682595
D11,Isolet,class_sorted,1350,7587,42,0,0,0,0,0.00017666700023255544,3.915999513992574e-06,1.2707999303529505e-05,2.487500023562461e-05,0.4328107453663318
D11,Isolet,class_sorted,1351,7588,23,0,0,0,0,0.0002545420002206811,7.33299930288922e-06,2.1832999664184172e-05,3.9542000195069704e-05,0.4328512059726085
D11,Isolet,class_sorted,1352,7589,1,0,0,0,0,0.00018295799964107573,4.415999683260452e-06,1.5125000572879799e-05,2.591600059531629e-05,0.4328240731765342
D11,Isolet,class_sorted,1353,7590,1,0,0,0,0,0.00017912499970407225,4.125000486965291e-06,1.4000000192027073e-05,2.550000044720946e-05,0.4327927507026132
D11,Isolet,class_sorted,1354,7591,42,0,0,0,0,0.00018050000016955892,3.957999979320448e-06,1.3666000086232089e-05,2.554200000304263e-05,0.4328448462528504
D11,Isolet,class_sorted,1355,7592,0,1,5,0,0,0.00017233400012628408,1.3917000615037978e-05,1.2999999853491317e-05,2.499999936844688e-05,0.4327834094977293
D11,Isolet,class_sorted,1356,7593,22,0,0,0,0,0.00017800000023271423,3.957999979320448e-06,1.3166999451641459e-05,2.537500040489249e-05,0.4328197226000761
D11,Isolet,class_sorted,1357,7594,53,0,0,0,0,0.00017887500052893301,4.000000444648322e-06,1.316700036113616e-05,2.5333999474241864e-05,0.4328716045640298
D11,Isolet,class_sorted,1358,7595,17,0,0,0,0,0.0001777500001480803,4.0409995563095436e-06,1.2874999811174348e-05,2.512500032025855e-05,0.4328568811477745
D11,Isolet,class_sorted,1359,7596,17,1,4,0,0,0.00017816699983086437,1.2834000699513126e-05,1.2708999747701455e-05,2.4959000256785657e-05,0.43281126691651384
D11,Isolet,class_sorted,1360,7597,15,1,3,0,0,0.0001781250002750312,1.2667000191868283e-05,1.2874999811174348e-05,2.5374999495397788e-05,0.43280397007527127
D11,Isolet,class_sorted,1361,7598,60,0,0,0,0,0.00017945899980986724,4.1249995774705894e-06,1.3082999430480413e-05,2.512499941076385e-05,0.43287045822119286
D11,Isolet,class_sorted,1362,7599,9,2,1,0,0,0.00017808299980970332,2.099999983329326e-05,1.2874999811174348e-05,2.56670000453596e-05,0.432851734313357
D11,Isolet,class_sorted,1363,7600,2,1,5,0,0,0.00018000000000029104,1.2958000297658145e-05,1.3208000382292084e-05,2.6000000616477337e-05,0.4327946600891102
D11,Isolet,class_sorted,1364,7601,39,0,0,0,0,0.00018179099970438983,4.292000085115433e-06,1.2999999853491317e-05,2.56670000453596e-05,0.43283339124511494
D11,Isolet,class_sorted,1365,7602,0,4,13,0,0,0.0001737909997245879,3.3166999855893664e-05,1.2833999790018424e-05,2.541699996072566e-05,0.4327504845382864
D11,Isolet,class_sorted,1366,7603,47,0,0,0,0,0.00018000000000029104,4.083000021637417e-06,1.2917000276502222e-05,2.5249999453080818e-05,0.43278896014133095
D11,Isolet,class_sorted,1367,7604,55,0,0,0,0,0.0001793749997887062,4.1249995774705894e-06,1.2874999811174348e-05,2.5458999516558833e-05,0.4328298490771007
D11,Isolet,class_sorted,1368,7605,8,2,25,0,0,0.0001782079998520203,2.0250000488886144e-05,1.2790999790013302e-05,2.5207999897247646e-05,0.43278110767655864
D11,Isolet,class_sorted,1369,7606,14,0,0,0,0,0.0001779589993020636,4.000000444648322e-06,1.2833000255341176e-05,2.5291999918408692e-05,0.4327448452607954
D11,Isolet,class_sorted,1370,7607,30,0,0,0,0,0.00017816600029618712,4.082999112142716e-06,1.2874999811174348e-05,2.5207999897247646e-05,0.4327810790696727
D11,Isolet,class_sorted,1371,7608,20,0,0,0,0,0.00018608299978950527,4.000000444648322e-06,1.2958000297658145e-05,2.5625000489526428e-05,0.4327611321037273
D11,Isolet,class_sorted,1372,7609,42,0,0,0,0,0.00017899999966175528,3.99999953515362e-06,1.2833000255341176e-05,2.529099947423674e-05,0.43279742058511134
D11,Isolet,class_sorted,1373,7610,19,0,0,0,0,0.00017870800002128817,3.957999979320448e-06,1.2917000276502222e-05,2.5708000066515524e-05,0.4328267423075644
D11,Isolet,class_sorted,1374,7611,19,0,0,0,0,0.0001814580000427668,4.0409995563095436e-06,1.2958000297658145e-05,2.5291999918408692e-05,0.43284441787344596
D11,Isolet,class_sorted,1375,7612,22,0,0,0,0,0.00017816600029618712,4.042000000481494e-06,1.2874999811174348e-05,2.5082999854930677e-05,0.43285679202223115
D11,Isolet,class_sorted,1376,7613,2,0,0,0,0,0.00024395899981755065,6.708000000799075e-06,1.808299930416979e-05,3.5541000215744134e-05,0.43280974016256824
D11,Isolet,class_sorted,1377,7614,0,0,0,0,0,0.00017566699989401968,4.083000021637417e-06,1.3124999895808287e-05,2.6167000214627478e-05,0.4327683169546485
D11,Isolet,class_sorted,1378,7615,16,0,0,0,0,0.00019133299974782858,4.208000063954387e-06,1.3125000805302989e-05,2.5583000024198554e-05,0.432761049391115
D11,Isolet,class_sorted,1379,7616,1,0,0,0,0,0.000178666000465455,3.875000402331352e-06,1.2915999832330272e-05,2.5457999981881585e-05,0.43273587441346795
D11,Isolet,class_sorted,1380,7617,21,0,0,0,0,0.00018020899915427435,3.916999958164524e-06,1.3208000382292084e-05,2.566599960118765e-05,0.43273499190007736
D11,Isolet,class_sorted,1381,7618,17,0,0,0,0,0.000181832999260223,3.832999937003478e-06,1.3208000382292084e-05,2.6374999833933543e-05,0.4327548161468977
D11,Isolet,class_sorted,1382,7619,32,0,0,0,0,0.00018154200006392784,3.834000381175429e-06,1.2958999832335394e-05,2.6167000214627478e-05,0.4328021238475977
D11,Isolet,class_sorted,1383,7620,59,0,0,0,0,0.00018379099947196664,3.832999937003478e-06,1.3374999980442226e-05,2.6208000235783402e-05,0.432859737016886
D11,Isolet,class_sorted,1384,7621,46,0,0,0,0,0.00018312500014872057,3.875000402331352e-06,1.7666999156062957e-05,2.6624999918567482e-05,0.4328989297286208
D11,Isolet,class_sorted,1385,7622,89,0,0,0,0,0.00018316699970455375,3.915999513992574e-06,1.5208000149868894e-05,2.845800008799415e-05,0.43293234348311216
D11,Isolet,class_sorted,1386,7623,94,0,0,0,0,0.00018474999978934648,4.000000444648322e-06,1.408300067851087e-05,2.7832999876409303e-05,0.43299242228887075
D11,Isolet,class_sorted,1387,7624,76,0,0,0,0,0.00018420800006424543,4.208000063954387e-06,1.3582999599748291e-05,2.887499977077823e-05,0.43304597489055074
D11,Isolet,class_sorted,1388,7625,59,0,0,0,0,0.00018095799987349892,3.915999513992574e-06,1.3541999578592367e-05,2.5459000426053535e-05,0.4331057587925556
D11,Isolet,class_sorted,1389,7626,83,0,0,0,0,0.0001818330001697177,3.875000402331352e-06,1.3333999959286302e-05,2.5584000468370505e-05,0.4331667777835516
D11,Isolet,class_sorted,1390,7627,70,0,0,0,0,0.00018075000025419286,3.958999513997696e-06,1.3125000805302989e-05,2.5332999939564615e-05,0.4332340010917838
D11,Isolet,class_sorted,1391,7628,15,0,0,0,0,0.00017837500035966514,4.083000021637417e-06,1.329099995928118e-05,2.5332999939564615e-05,0.43326662185657494
D11,Isolet,class_sorted,1392,7629,31,0,0,0,0,0.0001805419997253921,4.333999640948605e-06,1.291699936700752e-05,2.433299960102886e-05,0.43330977107830954
D11,Isolet,class_sorted,1393,7630,1,1,20,0,0,0.00017962499987334013,1.4709000424772967e-05,1.3249999938125256e-05,2.554200000304263e-05,0.4332627220694025
D11,Isolet,class_sorted,1394,7631,3,1,2,0,0,0.00017841599947132636,1.2792000234185252e-05,1.2999999853491317e-05,2.512500032025855e-05,0.43323497875562744
D11,Isolet,class_sorted,1395,7632,17,0,0,0,0,0.00018075000025419286,4.125000486965291e-06,1.3040999874647241e-05,2.5749999622348696e-05,0.43324920685078455
D11,Isolet,class_sorted,1396,7633,1,0,0,0,0,0.0001796669994291733,4.000000444648322e-06,1.3125000805302989e-05,2.537500040489249e-05,0.433230361376596
D11,Isolet,class_sorted,1397,7634,60,0,0,0,0,0.00018087499938701512,4.1249995774705894e-06,1.287500072066905e-05,2.5833000108832493e-05,0.4332695560073129
D11,Isolet,class_sorted,1398,7635,72,0,0,0,0,0.00018375000036030542,4.166000508121215e-06,1.3042000318819191e-05,2.4541999664506875e-05,0.43330692625543116
D11,Isolet,class_sorted,1399,7636,71,0,0,0,0,0.00017995899997913511,3.959000423492398e-06,1.3917000615037978e-05,2.5833999643509742e-05,0.4333647105671629
D11,Isolet,class_sorted,1400,7637,4,2,9,0,0,0.0001784169999154983,2.020800002355827e-05,1.2957999388163444e-05,2.5999999706982635e-05,0.4333296078989103
D11,Isolet,class_sorted,1401,7638,26,0,0,0,0,0.00027224999939789996,7.624999852851033e-06,1.8542000361776445e-05,3.804100015258882e-05,0.43335198881942877
D11,Isolet,class_sorted,1402,7639,68,1,3,0,0,0.00018829100008588284,1.4166999790177215e-05,1.370900008623721e-05,2.6917000468529295e-05,0.4333849920202367
D11,Isolet,class_sorted,1403,7640,3,0,0,0,0,0.00017929100067703985,4.0409995563095436e-06,1.3457999557431322e-05,2.5833000108832493e-05,0.4333749054492284
D11,Isolet,class_sorted,1404,7641,17,0,0,0,0,0.00017983399993681815,3.958999513997696e-06,1.3209000826464035e-05,2.5833999643509742e-05,0.43337857782251005
D11,Isolet,class_sorted,1405,7642,5,0,0,0,0,0.00017862500044429908,3.957999979320448e-06,1.2999999853491317e-05,2.5958000151149463e-05,0.43339901614550214
D11,Isolet,class_sorted,1406,7643,110,0,0,0,0,0.00018212499981018482,3.957999979320448e-06,1.3124999895808287e-05,2.5583000024198554e-05,0.4334818316337553
D11,Isolet,class_sorted,1407,7644,58,0,0,0,0,0.00017991699951380724,3.916999958164524e-06,1.3040999874647241e-05,2.554200000304263e-05,0.4335423416427506
D11,Isolet,class_sorted,1408,7645,1,3,4,0,0,0.00017904200012708316,2.754199977061944e-05,1.3124999895808287e-05,2.5499999537714757e-05,0.43349264009608524
D11,Isolet,class_sorted,1409,7646,87,0,0,0,0,0.00018116599949280499,4.042000000481494e-06,1.3083999874652363e-05,2.5374999495397788e-05,0.4335465152207766
D11,Isolet,class_sorted,1410,7647,4,1,0,0,0,0.00017829199987318134,1.3666000086232089e-05,1.3042000318819191e-05,2.5291999918408692e-05,0.43352973593453004
D11,Isolet,class_sorted,1411,7648,92,0,0,0,0,0.0001817499996832339,4.000000444648322e-06,1.3124999895808287e-05,2.56670000453596e-05,0.4335787066825703
D11,Isolet,class_sorted,1412,7649,119,0,0,0,0,0.0001821670002755127,4.000000444648322e-06,1.2958999832335394e-05,2.5708999601192772e-05,0.4336561374628298
D11,Isolet,class_sorted,1413,7650,90,0,0,0,0,0.00018062500021187589,3.957999979320448e-06,1.3416999536275398e-05,2.554200000304263e-05,0.4337235195325368
D11,Isolet,class_sorted,1414,7651,54,0,0,0,0,0.0001865840004029451,4.1249995774705894e-06,1.2999999853491317e-05,2.5457999981881585e-05,0.4337287734059627
D11,Isolet,class_sorted,1415,7652,27,0,0,0,0,0.00017941599980986211,3.915999513992574e-06,1.3082999430480413e-05,2.554200000304263e-05,0.43373579042346216
D11,Isolet,class_sorted,1416,7653,4,2,63,0,0,0.00017791600021155318,2.0291000510042068e-05,1.3082999430480413e-05,2.529099947423674e-05,0.43373329725037635
D11,Isolet,class_sorted,1417,7654,23,0,0,0,0,0.00018416599959891755,4.167000042798463e-06,1.329200040345313e-05,2.6249999791616574e-05,0.4337400931959575
D11,Isolet,class_sorted,1418,7655,111,0,0,0,0,0.00018583399923954858,4.250000529282261e-06,1.3208000382292084e-05,2.633300027810037e-05,0.43381356802112064
D11,Isolet,class_sorted,1419,7656,60,0,0,0,0,0.0001835409993873327,4.374999662104528e-06,1.3374999980442226e-05,2.6499999876250513e-05,0.4338388955569178
D11,Isolet,class_sorted,1420,7657,84,0,0,0,0,0.00018704100057220785,3.957999979320448e-06,1.3291999493958429e-05,2.512500032025855e-05,0.4338998265419763
D11,Isolet,class_sorted,1421,7658,45,2,3,0,0,0.000180582999746548,2.0375000531203113e-05,1.3416999536275398e-05,2.5374999495397788e-05,0.43393859830965087
D11,Isolet,class_sorted,1422,7659,16,0,0,0,0,0.00017945800027519,3.99999953515362e-06,1.2999999853491317e-05,2.5499999537714757e-05,0.43396892625955064
D11,Isolet,class_sorted,1423,7660,43,0,0,0,0,0.00018008300048677484,3.957999979320448e-06,1.2958000297658145e-05,2.5207999897247646e-05,0.4340078645378813
D11,Isolet,class_sorted,1424,7661,64,0,0,0,0,0.00018162500055041164,3.957999979320448e-06,1.2915999832330272e-05,2.5457999981881585e-05,0.43405350863308817
D11,Isolet,class_sorted,1425,7662,55,7,64,0,0,0.00018041699968307512,5.675000011251541e-05,1.2874999811174348e-05,2.5333000849059317e-05,0.43399254305147733
D11,Isolet,class_sorted,1426,7663,97,0,0,0,0,0.00028329199994914234,9.084000339498743e-06,2.4666999706823844e-05,4.6584000301663764e-05,0.434060702879689
D11,Isolet,class_sorted,1427,7664,44,0,0,0,0,0.00018545900002209237,4.499999704421498e-06,1.4707999980601016e-05,2.645800032041734e-05,0.43410555998635625
D11,Isolet,class_sorted,1428,7665,7,0,0,0,0,0.00018016699959844118,3.958999513997696e-06,1.3916999705543276e-05,2.591599968582159e-05,0.4341129223943879
D11,Isolet,class_sorted,1429,7666,64,0,0,0,0,0.00018241700036014663,3.916999958164524e-06,1.341600000159815e-05,2.591700012999354e-05,0.43418259847472085
D11,Isolet,class_sorted,1430,7667,37,0,0,0,0,0.00018037499921774724,3.959000423492398e-06,1.3249999938125256e-05,2.541599951655371e-05,0.4342457549196015
D11,Isolet,class_sorted,1431,7668,82,0,0,0,0,0.00018320799972570967,4.000000444648322e-06,1.3291999493958429e-05,2.5834000553004444e-05,0.43429602362898395
D11,Isolet,class_sorted,1432,7669,34,0,0,0,0,0.0001810000003388268,3.959000423492398e-06,1.3624999155581463e-05,2.6749999960884452e-05,0.434339046285173
D11,Isolet,class_sorted,1433,7670,5,1,0,0,0,0.00018066699976770906,1.437499940948328e-05,1.3791999663226306e-05,2.6708999939728528e-05,0.43431395340597856
D11,Isolet,class_sorted,1434,7671,29,4,87,0,0,0.0001835410002968274,3.633300002547912e-05,1.3082999430480413e-05,2.700000004551839e-05,0.4343136188460892
D11,Isolet,class_sorted,1435,7672,56,0,0,0,0,0.00018537500000093132,3.99999953515362e-06,1.3457999557431322e-05,2.7999999474559445e-05,0.4343521337758597
D11,Isolet,class_sorted,1436,7673,48,0,0,0,0,0.00018458300019119633,4.042000000481494e-06,1.329200040345313e-05,2.6499999876250513e-05,0.434386098909788
D11,Isolet,class_sorted,1437,7674,64,0,0,0,0,0.00018954200004372979,4.37500057159923e-06,1.383400012855418e-05,2.6166999305132776e-05,0.4344366364208388
D11,Isolet,class_sorted,1438,7675,55,2,2,0,0,0.00018254099995829165,2.0958000277460087e-05,1.2999999853491317e-05,2.566599960118765e-05,0.4343954937116114
D11,Isolet,class_sorted,1439,7676,106,0,0,0,0,0.00018516700038162526,3.99999953515362e-06,1.3249999938125256e-05,2.6541000806901138e-05,0.4344618479404125
D11,Isolet,class_sorted,1440,7677,38,0,0,0,0,0.00018120799995813286,4.042000000481494e-06,1.2874999811174348e-05,2.5541000468365382e-05,0.4345140514540934
D11,Isolet,class_sorted,1441,7678,76,0,0,0,0,0.00018316700061404845,4.166000508121215e-06,1.2917000276502222e-05,2.5708999601192772e-05,0.4345390284406178
D11,Isolet,class_sorted,1442,7679,107,0,0,0,0,0.00018445800014887936,4.041000465804245e-06,1.8542000361776445e-05,2.579200008767657e-05,0.4346045595414108
D11,Isolet,class_sorted,1443,7680,120,0,0,0,0,0.00018429099964123452,4.083000021637417e-06,1.4833000022917986e-05,2.5750000531843398e-05,0.43468431667377044
D11,Isolet,class_sorted,1444,7681,78,0,0,0,0,0.0001830000001064036,4.000000444648322e-06,1.4041999747860245e-05,2.5750000531843398e-05,0.4347469124331437
D11,Isolet,class_sorted,1445,7682,64,0,0,0,0,0.00018275000002176967,3.99999953515362e-06,1.3666000086232089e-05,2.5583000024198554e-05,0.4348088667525408
D11,Isolet,class_sorted,1446,7683,74,0,0,0,0,0.0001933330004249001,4.083000021637417e-06,1.3374999980442226e-05,2.5708000066515524e-05,0.4348651512741342
D11,Isolet,class_sorted,1447,7684,113,0,0,0,0,0.00018420799915475072,4.0409995563095436e-06,1.3332999515114352e-05,2.541699996072566e-05,0.4349191551360456
D11,Isolet,class_sorted,1448,7685,147,0,0,0,0,0.0001854169995567645,4.1249995774705894e-06,1.3625000065076165e-05,2.5833000108832493e-05,0.4350075592048188
D11,Isolet,class_sorted,1449,7686,75,1,0,0,0,0.000181374999556283,1.2957999388163444e-05,1.3082999430480413e-05,2.579099964350462e-05,0.4350558520411957
D11,Isolet,class_sorted,1450,7687,27,0,0,0,0,0.00018087500029650982,4.041000465804245e-06,1.3083000339975115e-05,2.579099964350462e-05,0.43509010374812246
D11,Isolet,class_sorted,1451,7688,85,0,0,0,0,0.00029004100088059204,8.208000508602709e-06,1.9375000192667358e-05,4.337500013207318e-05,0.4351574786104861
D11,Isolet,class_sorted,1452,7689,125,0,0,0,0,0.00020016700000269338,4.459000592760276e-06,1.4958999599912204e-05,2.9750000066997018e-05,0.4352314401867972
D11,Isolet,class_sorted,1453,7690,57,0,0,0,0,0.0001859579997471883,4.417000127432402e-06,1.5208999684546143e-05,2.8084000405215193e-05,0.4352526537798181
D11,Isolet,class_sorted,1454,7691,111,0,0,0,0,0.00019545800023479387,4.708000233222265e-06,1.445800080546178e-05,3.300000025774352e-05,0.4353088703609011
D11,Isolet,class_sorted,1455,7692,131,0,0,0,0,0.00019566699938877719,4.459000592760276e-06,1.4291999832494184e-05,3.591600034269504e-05,0.4353863294948714
D11,Isolet,class_sorted,1456,7693,103,0,0,0,0,0.00018629099940881133,4.208000063954387e-06,1.4040999303688295e-05,2.7957999918726273e-05,0.4354624018804401
D11,Isolet,class_sorted,1457,7694,89,0,0,0,0,0.0001873339997473522,4.208999598631635e-06,1.4166999790177215e-05,3.3291000363533385e-05,0.4355274509017371
D11,Isolet,class_sorted,1458,7695,109,0,0,0,0,0.00019529099972714903,4.624999746738467e-06,1.408300067851087e-05,3.2750000173109584e-05,0.4355966347929805
D11,Isolet,class_sorted,1459,7696,91,1,16,0,0,0.0001920000004247413,1.78339996637078e-05,1.4792000001762062e-05,2.9875000109313987e-05,0.4356229192241416
D11,Isolet,class_sorted,1460,7697,19,8,118,0,0,0.00018395799997961149,7.229099992400734e-05,1.3124999895808287e-05,2.820899953803746e-05,0.4355735817616658
D11,Isolet,class_sorted,1461,7698,62,0,0,0,0,0.00018608400023367722,3.99999953515362e-06,1.3249999938125256e-05,2.6041999262815807e-05,0.43561998863677165
D11,Isolet,class_sorted,1462,7699,78,0,0,0,0,0.00018437499966239557,3.99999953515362e-06,1.316599991696421e-05,2.5833000108832493e-05,0.43568517076233937
D11,Isolet,class_sorted,1463,7700,88,0,0,0,0,0.00018429200008540647,3.99999953515362e-06,1.3291999493958429e-05,2.566599960118765e-05,0.43575351526511974
D11,Isolet,class_sorted,1464,7701,35,0,0,0,0,0.00018120799995813286,4.042000000481494e-06,1.2999999853491317e-05,2.5958000151149463e-05,0.43578449102523986
D11,Isolet,class_sorted,1465,7702,103,0,0,0,0,0.00018295900008524768,4.083999556314666e-06,1.3459000001603272e-05,2.579200008767657e-05,0.43585162165579416
D11,Isolet,class_sorted,1466,7703,115,0,0,0,0,0.00018408300002192846,4.083000021637417e-06,1.3374999980442226e-05,2.6416999389766715e-05,0.43592831904184676
D11,Isolet,class_sorted,1467,7704,101,0,0,0,0,0.00019799999972747173,4.624999746738467e-06,1.3792000572721008e-05,2.7333000616636127e-05,0.43597814569453514
D11,Isolet,class_sorted,1468,7705,107,0,0,0,0,0.00018716600061452482,4.37500057159923e-06,1.3040999874647241e-05,2.7832999876409303e-05,0.43604593384448903
D11,Isolet,class_sorted,1469,7706,110,0,0,0,0,0.0001875000007203198,4.333999640948605e-06,1.4000000192027073e-05,2.7458000658953097e-05,0.43611920076966787
D11,Isolet,class_sorted,1470,7707,73,0,0,0,0,0.00018562500008556526,4.0409995563095436e-06,1.3041000784141943e-05,2.5583000024198554e-05,0.4361616411541832
D11,Isolet,class_sorted,1471,7708,109,0,0,0,0,0.00018408300002192846,4.084000465809368e-06,1.3124999895808287e-05,2.579099964350462e-05,0.4362211507179828
D11,Isolet,class_sorted,1472,7709,71,0,0,0,0,0.00018258299951412482,3.99999953515362e-06,1.3124999895808287e-05,2.5833000108832493e-05,0.4362668440603979
D11,Isolet,class_sorted,1473,7710,141,0,0,0,0,0.00018520899993745843,4.042000000481494e-06,1.3207999472797383e-05,2.604099972813856e-05,0.43634910035170454
D11,Isolet,class_sorted,1474,7711,14,1,4,0,0,0.00018108400035998784,1.4167000699671917e-05,1.2874999811174348e-05,2.591700012999354e-05,0.43631781961153043
D11,Isolet,class_sorted,1475,7712,49,0,0,0,0,0.00018466700021235738,4.666999302571639e-06,1.3082999430480413e-05,2.6749999960884452e-05,0.43635744475457516
D11,Isolet,class_sorted,1476,7713,105,0,0,0,0,0.00028337499952613143,9.166999916487839e-06,2.500000027794158e-05,4.362500021670712e-05,0.4364269123708548
D11,Isolet,class_sorted,1477,7714,126,0,0,0,0,0.00019141699976898963,4.624999746738467e-06,1.541599976917496e-05,2.7458000658953097e-05,0.4364787691032225
D11,Isolet,class_sorted,1478,7715,78,0,0,0,0,0.00018470900067768525,4.4169992179377005e-06,1.4250000276661012e-05,2.658399989741156e-05,0.4365427893541917
D11,Isolet,class_sorted,1479,7716,31,0,0,0,0,0.0001829170005294145,4.125000486965291e-06,1.3624999155581463e-05,2.633300027810037e-05,0.43658186243431196
D11,Isolet,class_sorted,1480,7717,94,0,0,0,0,0.00018420800006424543,4.042000000481494e-06,1.3374999980442226e-05,2.645799941092264e-05,0.4366362673214412
D11,Isolet,class_sorted,1481,7718,98,0,0,0,0,0.00018399999953544466,4.125000486965291e-06,1.3500000022759195e-05,2.5708999601192772e-05,0.43668344478074833
D11,Isolet,class_sorted,1482,7719,10,0,0,0,0,0.00018166599966207286,4.167000042798463e-06,1.3166999451641459e-05,2.566599960118765e-05,0.43666962921425645
D11,Isolet,class_sorted,1483,7720,94,0,0,0,0,0.0001834579998103436,4.208000063954387e-06,1.3333000424609054e-05,2.579100055299932e-05,0.4367272127717969
D11,Isolet,class_sorted,1484,7721,132,0,0,0,0,0.0001857919996837154,4.083000021637417e-06,1.3541000043915119e-05,2.6249999791616574e-05,0.4367984369520494
D11,Isolet,class_sorted,1485,7722,52,0,0,0,0,0.00018220800029666862,4.041000465804245e-06,1.3458000466926023e-05,2.579200008767657e-05,0.4368355824819504
D11,Isolet,class_sorted,1486,7723,114,0,0,0,0,0.00019383300059416797,4.583000190905295e-06,1.4207999811333138e-05,2.6249999791616574e-05,0.43691204312305637
D11,Isolet,class_sorted,1487,7724,159,0,0,0,0,0.00018658299995877314,4.042000000481494e-06,1.3374999980442226e-05,2.62079993262887e-05,0.43699352331842334
D11,Isolet,class_sorted,1488,7725,86,0,0,0,0,0.00018404200000077253,4.083000021637417e-06,1.3083000339975115e-05,2.6083000193466432e-05,0.4370438637626767
D11,Isolet,class_sorted,1489,7726,54,0,0,0,0,0.0001826249999794527,4.37500057159923e-06,1.3249999938125256e-05,2.5499999537714757e-05,0.437018924703397
D11,Isolet,class_sorted,1490,7727,54,0,0,0,0,0.0001816669991967501,4.084000465809368e-06,1.3333999959286302e-05,2.5458999516558833e-05,0.4370694164593006
D11,Isolet,class_sorted,1491,7728,111,0,0,0,0,0.00018416600050841225,4.000000444648322e-06,1.3083999874652363e-05,2.5750000531843398e-05,0.43714404022081876
D11,Isolet,class_sorted,1492,7729,6,0,0,0,0,0.00018045799970423104,4.1249995774705894e-06,1.3125000805302989e-05,2.5291999918408692e-05,0.4371336476191156
D11,Isolet,class_sorted,1493,7730,21,0,0,0,0,0.00018075000025419286,4.0409995563095436e-06,1.304199940932449e-05,2.5584000468370505e-05,0.4371077475649696
D11,Isolet,class_sorted,1494,7731,56,0,0,0,0,0.00018220899983134586,4.042000000481494e-06,1.3040999874647241e-05,2.583299919933779e-05,0.43715761422088584
D11,Isolet,class_sorted,1495,7732,101,0,0,0,0,0.00018249999993713573,4.083000021637417e-06,1.3374999980442226e-05,2.5374999495397788e-05,0.43722511872808884
D11,Isolet,class_sorted,1496,7733,1,6,55,0,0,0.00018266600000060862,5.041700023866724e-05,1.808399974834174e-05,2.6084000637638383e-05,0.4371674177591275
D11,Isolet,class_sorted,1497,7734,27,0,0,0,0,0.00018170800012740074,4.083000021637417e-06,1.462500040361192e-05,2.5583999558875803e-05,0.437189718791922
D11,Isolet,class_sorted,1498,7735,3,1,1,0,0,0.00018062499930238118,1.2917000276502222e-05,1.3750000107393134e-05,2.5833999643509742e-05,0.437158428217631
D11,Isolet,class_sorted,1499,7736,25,0,0,0,0,0.0001838750004026224,4.37500057159923e-06,1.3541000043915119e-05,2.608299928397173e-05,0.43718370551225844
D11,Isolet,class_sorted,1500,7737,2,3,1,0,0,0.00018062499930238118,2.7707999834092334e-05,1.3249999938125256e-05,2.658399989741156e-05,0.43713929722942635
D11,Isolet,class_sorted,1501,7738,3,2,0,0,0,0.0002757499996732804,2.6208000235783402e-05,1.78339996637078e-05,3.933399966626894e-05,0.43710398781332793
D11,Isolet,class_sorted,1502,7739,37,0,0,0,0,0.00018812500002240995,4.374999662104528e-06,1.4082999769016169e-05,2.5374999495397788e-05,0.4371439634084564
D11,Isolet,class_sorted,1503,7740,27,0,0,0,0,0.00018266699953528587,3.957999979320448e-06,1.3791000128549058e-05,2.579100055299932e-05,0.43715063841771695
D11,Isolet,class_sorted,1504,7741,22,0,0,0,0,0.00018329199974687072,3.99999953515362e-06,1.316700036113616e-05,2.6041999262815807e-05,0.4371857056517575
D11,Isolet,class_sorted,1505,7742,3,0,0,0,0,0.00018037500012724195,3.8749994928366505e-06,1.3082999430480413e-05,2.6374999833933543e-05,0.43717988307034217
D11,Isolet,class_sorted,1506,7743,1,0,0,0,0,0.0001833750002333545,4.042000000481494e-06,1.316700036113616e-05,2.658300036273431e-05,0.43714951015391784
D11,Isolet,class_sorted,1507,7744,59,0,0,0,0,0.0001850420003393083,4.333999640948605e-06,1.3500000022759195e-05,2.9207999432401266e-05,0.4371992636284114
D11,Isolet,class_sorted,1508,7745,41,0,0,0,0,0.0001862499993876554,4.499999704421498e-06,1.3541999578592367e-05,2.6707999495556578e-05,0.437249779205998
D11,Isolet,class_sorted,1509,7746,14,0,0,0,0,0.00018525000086810905,4.000000444648322e-06,1.3500000022759195e-05,2.687500000320142e-05,0.4372677034676893
D11,Isolet,class_sorted,1510,7747,2,5,20,0,0,0.00018354199983150465,4.68340003862977e-05,1.3333999959286302e-05,2.700000004551839e-05,0.43719323808346483
D11,Isolet,class_sorted,1511,7748,0,0,0,0,0,0.0001784169999154983,4.415999683260452e-06,1.3332999515114352e-05,2.7082999622507486e-05,0.4371443307629746
D11,Isolet,class_sorted,1512,7749,18,0,0,0,0,0.0001842500005295733,4.125000486965291e-06,1.3291999493958429e-05,2.608299928397173e-05,0.43718601286610465
D11,Isolet,class_sorted,1513,7750,38,0,0,0,0,0.00018458300019119633,4.083000021637417e-06,1.3374999980442226e-05,2.6125000658794306e-05,0.4372002797475912
D11,Isolet,class_sorted,1514,7751,35,0,0,0,0,0.00018370799989497755,4.042000000481494e-06,1.329099995928118e-05,2.6957999580190517e-05,0.43724105086117565
D11,Isolet,class_sorted,1515,7752,3,1,3,0,0,0.0001943340002981131,1.4166999790177215e-05,1.3374999980442226e-05,2.7084000066679437e-05,0.43719152253480553
D11,Isolet,class_sorted,1516,7753,15,0,0,0,0,0.00018258300042361952,3.99999953515362e-06,1.3166999451641459e-05,2.6000000616477337e-05,0.4372030321138061
D11,Isolet,class_sorted,1517,7754,34,0,0,0,0,0.00018320799972570967,4.083000021637417e-06,1.7082999875128735e-05,2.8208000003360212e-05,0.4372557819749271
D11,Isolet,class_sorted,1518,7755,20,0,0,0,0,0.00018720899970503524,4.084000465809368e-06,1.3166999451641459e-05,2.5833000108832493e-05,0.43726585675581653
D11,Isolet,class_sorted,1519,7756,0,0,0,0,0,0.00017637500059208833,4.125000486965291e-06,1.3208000382292084e-05,2.541699996072566e-05,0.43721668704785094
D11,Isolet,class_sorted,1520,7757,35,0,0,0,0,0.00018329100021219347,4.000000444648322e-06,1.3249999938125256e-05,2.6167000214627478e-05,0.4372636734807569
D11,Isolet,class_sorted,1521,7758,9,0,0,0,0,0.0001826249999794527,4.084000465809368e-06,1.3125000805302989e-05,2.583299919933779e-05,0.437257626873226
D11,Isolet,class_sorted,1522,7759,1,0,0,0,0,0.00018275000002176967,4.083000021637417e-06,1.3208000382292084e-05,2.5791999178181868e-05,0.4372091077114298
D11,Isolet,class_sorted,1523,7760,11,0,0,0,0,0.00018412500048725633,4.333000106271356e-06,1.316599991696421e-05,2.6499999876250513e-05,0.43720822293903105
D11,Isolet,class_sorted,1524,7761,52,0,0,0,0,0.00018724999972619116,4.000000444648322e-06,1.3249999938125256e-05,2.5958000151149463e-05,0.437281275356147
D11,Isolet,class_sorted,1525,7762,43,0,0,0,0,0.00018370799989497755,4.083000021637417e-06,1.2874999811174348e-05,2.6124999749299604e-05,0.4373206280165977
D11,Isolet,class_sorted,1526,7763,5,0,0,0,0,0.0002995830000145361,8.50000014906982e-06,1.995799993892433e-05,4.7542000174871646e-05,0.4373290260258453
D11,Isolet,class_sorted,1527,7764,63,0,0,0,0,0.00018941599955724087,4.208000063954387e-06,1.3666999620909337e-05,2.6792000426212326e-05,0.4373726511635385
D11,Isolet,class_sorted,1528,7765,28,1,1,0,0,0.0001833750002333545,1.462500040361192e-05,1.3791000128549058e-05,2.633299936860567e-05,0.4373919972146435
D11,Isolet,class_sorted,1529,7766,4,0,0,0,0,0.00018241599991597468,4.165999598626513e-06,1.3249999938125256e-05,2.633400072227232e-05,0.437356756425483
D11,Isolet,class_sorted,1530,7767,12,0,0,0,0,0.0001825419994929689,4.083000021637417e-06,1.3208000382292084e-05,2.6667000383895356e-05,0.43736748903363337
D11,Isolet,class_sorted,1531,7768,35,0,0,0,0,0.0001829999991969089,3.916000423487276e-06,1.3458000466926023e-05,2.6125000658794306e-05,0.4374153660608415
D11,Isolet,class_sorted,1532,7769,6,1,1,0,0,0.00018204200023319572,1.3875000149710104e-05,1.3584000043920241e-05,2.620899977046065e-05,0.4373759073150735
D11,Isolet,class_sorted,1533,7770,13,0,0,0,0,0.00019149999934597872,4.249999619787559e-06,1.2999999853491317e-05,2.5833999643509742e-05,0.4373732159639132
D11,Isolet,class_sorted,1534,7771,12,0,0,0,0,0.0001817499996832339,4.041000465804245e-06,1.3208000382292084e-05,2.5875000574160367e-05,0.4373405012484352
D11,Isolet,class_sorted,1535,7772,36,0,0,0,0,0.00018341699978918768,4.041000465804245e-06,1.3249999938125256e-05,2.5833000108832493e-05,0.4373918124460958
D11,Isolet,class_sorted,1536,7773,3,1,0,0,0,0.00018095799987349892,1.3249999938125256e-05,1.2958999832335394e-05,2.6167000214627478e-05,0.437365342399226
D11,Isolet,class_sorted,1537,7774,25,0,0,0,0,0.00018191700019087875,4.083000021637417e-06,1.2957999388163444e-05,2.5874999664665665e-05,0.4373812292283403
D11,Isolet,class_sorted,1538,7775,19,0,0,0,0,0.0001817500005927286,4.041000465804245e-06,1.3124999895808287e-05,2.604099972813856e-05,0.4374026507624532
D11,Isolet,class_sorted,1539,7776,10,0,0,0,0,0.00018162499964091694,4.125000486965291e-06,1.3166000826458912e-05,2.5958000151149463e-05,0.43739751444494485
D11,Isolet,class_sorted,1540,7777,16,0,0,0,0,0.00018237499989481876,4.042000000481494e-06,1.2915999832330272e-05,2.6083000193466432e-05,0.43741299309274695
D11,Isolet,class_sorted,1541,7778,0,3,3,0,0,0.0001777500001480803,2.8665999707300216e-05,1.3207999472797383e-05,2.712500008783536e-05,0.4373505494567695
D11,Isolet,class_sorted,1542,7779,1,1,6,0,0,0.000189124999451451,1.3124999895808287e-05,1.3582999599748291e-05,2.7041000066674314e-05,0.4373109338216338
D11,Isolet,class_sorted,1543,7780,0,0,0,0,0,0.00017754199961927952,4.042000000481494e-06,1.3208999916969333e-05,2.5833999643509742e-05,0.437261061618238
D11,Isolet,class_sorted,1544,7781,9,0,0,0,0,0.00018287500006408663,4.207999154459685e-06,1.3124999895808287e-05,2.5833999643509742e-05,0.4372570797632936
D11,Isolet,class_sorted,1545,7782,26,0,0,0,0,0.00018395900042378344,4.249999619787559e-06,1.304199940932449e-05,2.595799924165476e-05,0.4372869499868558
D11,Isolet,class_sorted,1546,7783,20,1,0,0,0,0.00018324999928154284,1.2917000276502222e-05,1.3040999874647241e-05,2.5999999706982635e-05,0.43728805598371717
D11,Isolet,class_sorted,1547,7784,49,0,0,0,0,0.000187874999937776,4.542000169749372e-06,1.3500000022759195e-05,2.6208000235783402e-05,0.4373366092349175
D11,Isolet,class_sorted,1548,7785,5,0,0,0,0,0.0001825420004024636,4.1249995774705894e-06,1.2958000297658145e-05,2.5708000066515524e-05,0.4373392516834312
D11,Isolet,class_sorted,1549,7786,78,0,0,0,0,0.00018849999923986616,4.417000127432402e-06,1.3750000107393134e-05,2.6749999960884452e-05,0.4374012778256569
D11,Isolet,class_sorted,1550,7787,9,0,0,0,0,0.0001833750002333545,4.083000021637417e-06,1.3124999895808287e-05,2.6124999749299604e-05,0.4374035601610068
D11,Isolet,class_sorted,1551,7788,4,0,0,0,0,0.0003066669996769633,1.1499999345687684e-05,2.6667000383895356e-05,6.0958000176469795e-05,0.4373702509774853
D11,Isolet,class_sorted,1552,7789,6,0,0,0,0,0.00019725000038306462,5.165999937162269e-06,1.6666999727021903e-05,3.0416999834415037e-05,0.43734139972262953
D11,Isolet,class_sorted,1553,7790,18,1,0,0,0,0.00018729200019151904,1.6166000023076776e-05,1.4666999959445093e-05,2.9542000447690953e-05,0.4373235403069114
D11,Isolet,class_sorted,1554,7791,18,0,0,0,0,0.00018545800048741512,4.417000127432402e-06,1.4041000213182997e-05,3.1042000045999885e-05,0.4373198817740512
D11,Isolet,class_sorted,1555,7792,22,0,0,0,0,0.0001994579997699475,4.415999683260452e-06,1.3666000086232089e-05,2.858299922081642e-05,0.43731742024308273
D11,Isolet,class_sorted,1556,7793,11,0,0,0,0,0.00018820800050889375,4.542000169749372e-06,1.3750000107393134e-05,2.833300004567718e-05,0.4373368564006212
D11,Isolet,class_sorted,1557,7794,33,0,0,0,0,0.00019041700033994857,4.417000127432402e-06,1.3833000593876932e-05,3.0625000363215804e-05,0.43737358306018587
D11,Isolet,class_sorted,1558,7795,0,4,4,0,0,0.00018179200014856178,4.099999932805076e-05,1.3917000615037978e-05,2.7416000193625223e-05,0.43730132409052763
D11,Isolet,class_sorted,1559,7796,0,0,0,0,0,0.00017966599989449605,4.499999704421498e-06,1.3459000001603272e-05,2.5291999918408692e-05,0.43725103348268923
