0.366906475,0.003367003,0.228915663,0.147058824,0,0.5078125,0.502604167,0.341288783,0.567639257,0.511952191,0.220417633,0.218390805,0.563245823,0.147619048,0.013550136,0.054380665,0.48,0.525498891,0.196039604,0.114341085,0.469635628,0.505988024,0.463800905,0.47382199,0.595505618,0.644444444,0.516574586,0.118971061,0.514018692,0.526699029,0.003246753,0.119863014,0.224489796,0.650793651,0.054830287,0.036363636,0,0.742296919,0.008,0.681081081,0.047794118,0.1875,0.568627451,0.143867925,0.092105263,0.196467991,0.082397004,0.720101781,0.289532294,0.344969199,0.341864717,0.490084986,0.539726027,0.221445221,0.698924731,0.588357588,0.521303258,0.027681661,0.587570621,0.664351852,0.002898551,0,0.530726257,0.460431655,0.056179775,0.219895288,0.002336449,0.606232295,0.002949853,0.575,0.108949416,0.008064516,0.386813187,0.204444444,0.138613861,0.079365079,0.533007335,0.222689076,0.18989899,0.053488372,0.53968254,0.5,0.355599214,0.171919771,0.530864198,0.542416452,0.161993769,0.547169811,0.379562044,0.559164733,0,0.026737968,0.016949153,0.555555556,0.455752212,0.051724138,0.069060773,0.579220779,0.068965517,0.592307692,0.013422819,0.208609272,0.099489796,0.074698795,0.038363171,0.266094421,0.227810651,0.8,0.006928406,0.034482759,0.021680217,0.425887265,0.457420925,0.475409836,0.533185841,0.703872437,0.510739857,0.676300578,0.487745098,0.23796034,0.538461538,0.68814433,0.636585366,0.034267913,0.037414966,0.165745856,0.784313725,0.590809628,0.681034483,0.002941176,0.457264957,0.006451613,0.512048193,0.337121212,0.311258278,0.532934132,0.635658915,0.259938838,0.611979167,0.505070994,0.364661654,0.724517906,0.636118598,0.703927492,0.00280112,0.014409222,0.1015625,0.501492537,0.330357143,0.635616438,0.132791328,0.017921147,0.003134796,0.011764706,0.297385621,0.006451613,0.03562341,0.631313131,0.225641026,0.046875,0.232189974,0.292682927,0.048689139,0.608974359,0.776470588,0.332247557,1
0.366906475,0.026936027,0.096385542,0.183823529,0,0.622395833,0.5703125,0.145584726,0.522546419,0.575697211,0.004640371,0.404214559,0.465393795,0.15952381,0.094850949,0.045317221,0.797142857,0.350332594,0.376237624,0.379844961,0.54048583,0.476047904,0.57918552,0.683246073,0.488764045,0.50617284,0.70441989,0.321543408,0.239875389,0.611650485,0.003246753,0.123287671,0.227405248,0.634920635,0.054830287,0.032727273,0.040100251,0.540616246,0.008,0.591891892,0.077205882,0.1875,0.566448802,0.047169811,0.213157895,0.008830022,0.258426966,0.562340967,0.356347439,0.552361396,0.464351005,0.492917847,0.526027397,0.013986014,0.586021505,0.390852391,0.646616541,0.15916955,0.497175141,0.604166667,0.002898551,0,0.530726257,0.73381295,0.108614232,0.219895288,0.002336449,0.328611898,0.002949853,0.394444444,0.081712062,0.008064516,0.054945055,0.32,0.435643564,0.079365079,0.611246944,0.06092437,0.41010101,0.041860465,0.537414966,0.489130435,0.524557957,0.610315186,0.585185185,0.552699229,0.417445483,0.15408805,0.138686131,0.672853828,0,0.026737968,0.016949153,0.035714286,0.455752212,0.049261084,0.436464088,0.561038961,0.004926108,0.58974359,0.063758389,0.208609272,0.176020408,0.026506024,0.089514066,0.045064378,0.091715976,0.495652174,0.150115473,0.175287356,0.108401084,0.559498956,0.535279805,0.554644809,0.603982301,0.546697039,0.62052506,0.708092486,0.674019608,0.657223796,0.543766578,0.484536082,0.590243902,0.034267913,0.040816327,0.171270718,0.634803922,0.643326039,0.426724138,0.002941176,0.457264957,0.006451613,0.491967871,0.401515152,0.260485651,0.323353293,0.651162791,0.397553517,0.591145833,0.509127789,0.498120301,0.520661157,0.541778976,0.552870091,0.00280112,0.014409222,0.09375,0.429850746,0.431547619,0.668493151,0.132791328,0.007168459,0.003134796,0.011764706,0.297385621,0.006451613,0.03562341,0.055555556,0.71025641,0.046875,0.229551451,0.295392954,0.048689139,0.608974359,0.773529412,0.332247557,1
0.366906475,0.026936027,0.096385542,0.147058824,0,0.5078125,0.5703125,0.167064439,0.522546419,0.509960159,0.113689095,0.404214559,0.560859189,0.176190476,0.01897019,0.045317221,0.794285714,0.350332594,0.378217822,0.11627907,0.54048583,0.476047904,0.57918552,0.471204188,0.595505618,0.50617284,0.70718232,0.321543408,0.514018692,0.526699029,0.003246753,0.123287671,0.224489796,0.653061224,0.054830287,0.036363636,0,0.543417367,0.008,0.591891892,0.080882353,0.1875,0.566448802,0.117924528,0.181578947,0.026490066,0.254681648,0.562340967,0.35857461,0.344969199,0.464351005,0.492917847,0.526027397,0.060606061,0.701612903,0.392931393,0.646616541,0.15916955,0.587570621,0.664351852,0.002898551,0,0.530726257,0.460431655,0.056179775,0.22513089,0.002336449,0.328611898,0.002949853,0.394444444,0.081712062,0.008064516,0.382417582,0.32,0.136138614,0.079365079,0.611246944,0.084033613,0.41010101,0.079069767,0.537414966,0.489130435,0.524557957,0.1747851,0.528395062,0.552699229,0.417445483,0.15408805,0.379562044,0.556844548,0,0.026737968,0.016949153,0.555555556,0.455752212,0.051724138,0.069060773,0.561038961,0.004926108,0.592307692,0.063758389,0.208609272,0.107142857,0.096385542,0.071611253,0.045064378,0.088757396,0.495652174,0.006928406,0.129310345,0.051490515,0.559498956,0.532846715,0.554644809,0.53539823,0.703872437,0.510739857,0.710982659,0.674019608,0.657223796,0.535809019,0.68556701,0.636585366,0.034267913,0.040816327,0.171270718,0.784313725,0.590809628,0.681034483,0.002941176,0.457264957,0.006451613,0.491967871,0.401515152,0.267108168,0.323353293,0.65374677,0.394495413,0.591145833,0.509127789,0.498120301,0.520661157,0.541778976,0.552870091,0.00280112,0.014409222,0.1015625,0.429850746,0.431547619,0.671232877,0.132791328,0.017921147,0.003134796,0.011764706,0.297385621,0.006451613,0.03562341,0.633838384,0.230769231,0.046875,0.232189974,0.292682927,0.048689139,0.608974359,0.773529412,0.335504886,1
0.366906475,0.003367003,0.224899598,0.183823529,0,0.622395833,0.502604167,0.324582339,0.567639257,0.575697211,0.060324826,0.218390805,0.465393795,0.161904762,0.021680217,0.051359517,0.482857143,0.527716186,0.196039604,0.381782946,0.469635628,0.502994012,0.463800905,0.683246073,0.491573034,0.644444444,0.513812155,0.115755627,0.239875389,0.611650485,0.003246753,0.123287671,0.227405248,0.637188209,0.054830287,0.032727273,0.040100251,0.742296919,0.008,0.678378378,0.047794118,0.184659091,0.566448802,0.134433962,0.092105263,0.017660044,0.082397004,0.720101781,0.291759465,0.552361396,0.340036563,0.490084986,0.539726027,0.016317016,0.586021505,0.588357588,0.521303258,0.027681661,0.494350282,0.601851852,0.002898551,0,0.530726257,0.73381295,0.108614232,0.219895288,0.002336449,0.606232295,0.002949853,0.575,0.108949416,0.008064516,0.12967033,0.204444444,0.435643564,0.079365079,0.533007335,0.18487395,0.18989899,0.081395349,0.53968254,0.5,0.355599214,0.613180516,0.582716049,0.539845758,0.161993769,0.544025157,0.142335766,0.672853828,0,0.026737968,0.016949153,0.035714286,0.455752212,0.049261084,0.433701657,0.579220779,0.068965517,0.58974359,0.013422819,0.208609272,0.176020408,0.091566265,0.04859335,0.223175966,0.230769231,0.802898551,0.101616628,0.034482759,0.021680217,0.423799582,0.457420925,0.475409836,0.603982301,0.548974943,0.622911695,0.673410405,0.487745098,0.23796034,0.546419098,0.481958763,0.590243902,0.034267913,0.040816327,0.171270718,0.632352941,0.645514223,0.424568966,0.002941176,0.457264957,0.006451613,0.512048193,0.337121212,0.311258278,0.532934132,0.635658915,0.259938838,0.614583333,0.505070994,0.364661654,0.721763085,0.636118598,0.700906344,0.00280112,0.014409222,0.1015625,0.501492537,0.330357143,0.635616438,0.132791328,0.007168459,0.003134796,0.011764706,0.297385621,0.006451613,0.03562341,0.055555556,0.71025641,0.046875,0.229551451,0.292682927,0.048689139,0.608974359,0.776470588,0.332247557,1
0.366906475,0.003367003,0.257028112,0.147058824,0,0.505208333,0.505208333,0.343675418,0.567639257,0.509960159,0.218097448,0.218390805,0.560859189,0.147619048,0.016260163,0.057401813,0.48,0.527716186,0.198019802,0.118217054,0.469635628,0.505988024,0.463800905,0.468586387,0.598314607,0.644444444,0.516574586,0.115755627,0.514018692,0.526699029,0.003246753,0.698630137,0.279883382,0.653061224,0.065274151,0.181818182,0,0.742296919,0.068,0.681081081,0.047794118,0.71875,0.566448802,0.141509434,0.092105263,0.196467991,0.082397004,0.720101781,0.293986637,0.344969199,0.340036563,0.490084986,0.539726027,0.221445221,0.701612903,0.588357588,0.523809524,0.027681661,0.584745763,0.664351852,0.002898551,0.105978261,0.519553073,0.460431655,0.056179775,0.272251309,0.002336449,0.603399433,0.032448378,0.575,0.13229572,0.149193548,0.382417582,0.204444444,0.136138614,0.079365079,0.533007335,0.222689076,0.191919192,0.055813953,0.53968254,0.5,0.355599214,0.171919771,0.528395062,0.539845758,0.161993769,0.544025157,0.379562044,0.556844548,0,0.481283422,0.019774011,0.555555556,0.46460177,0.088669951,0.066298343,0.579220779,0.142857143,0.592307692,0.013422819,0.566225166,0.099489796,0.074698795,0.038363171,0.268240343,0.230769231,0.802898551,0.006928406,0.037356322,0.024390244,0.425887265,0.457420925,0.475409836,0.53539823,0.703872437,0.510739857,0.673410405,0.487745098,0.23796034,0.538461538,0.68556701,0.636585366,0.043613707,0.12585034,0.193370166,0.786764706,0.590809628,0.683189655,0.002941176,0.474358974,0.006451613,0.512048193,0.337121212,0.311258278,0.52994012,0.635658915,0.256880734,0.614583333,0.505070994,0.366541353,0.721763085,0.638814016,0.703927492,0.005602241,0.014409222,0.1015625,0.501492537,0.330357143,0.635616438,0.162601626,0.017921147,0.003134796,0.2,0.790849673,0.24516129,0.03562341,0.633838384,0.230769231,0.58125,0.670184697,0.601626016,0.029962547,0.653846154,0.8,0.319218241,1
0.366906475,0.026936027,0.096385542,0.183823529,0,0.622395833,0.5703125,0.145584726,0.522546419,0.577689243,0.006960557,0.406130268,0.46778043,0.161904762,0.094850949,0.048338369,0.797142857,0.352549889,0.378217822,0.379844961,0.542510121,0.476047904,0.57918552,0.680628272,0.491573034,0.50617284,0.701657459,0.321543408,0.236760125,0.609223301,0.003246753,0.702054795,0.279883382,0.637188209,0.062663185,0.178181818,0.040100251,0.540616246,0.032,0.589189189,0.110294118,0.721590909,0.568627451,0.049528302,0.215789474,0.011037528,0.258426966,0.564885496,0.356347439,0.552361396,0.466179159,0.492917847,0.523287671,0.013986014,0.588709677,0.390852391,0.646616541,0.155709343,0.497175141,0.604166667,0.002898551,0.108695652,0.519553073,0.73381295,0.108614232,0.267015707,0.002336449,0.325779037,0.053097345,0.391666667,0.077821012,0.084677419,0.057142857,0.322222222,0.435643564,0.087301587,0.611246944,0.06302521,0.412121212,0.039534884,0.537414966,0.489130435,0.526522593,0.610315186,0.585185185,0.552699229,0.417445483,0.15408805,0.138686131,0.672853828,0,0.481283422,0.019774011,0.037698413,0.46460177,0.081280788,0.439226519,0.561038961,0,0.58974359,0.134228188,0.562913907,0.176020408,0.028915663,0.092071611,0.0472103,0.094674556,0.498550725,0.147806005,0.17816092,0.108401084,0.561586639,0.535279805,0.551912568,0.603982301,0.546697039,0.622911695,0.708092486,0.671568627,0.654390935,0.543766578,0.481958763,0.590243902,0.043613707,0.129251701,0.198895028,0.637254902,0.645514223,0.42887931,0.002941176,0.465811966,0.006451613,0.493975904,0.403409091,0.264900662,0.320359281,0.651162791,0.403669725,0.588541667,0.509127789,0.5,0.517906336,0.539083558,0.552870091,0.005602241,0.014409222,0.09375,0.423880597,0.428571429,0.665753425,0.159891599,0.003584229,0.003134796,0.203921569,0.790849673,0.322580645,0.03562341,0.060606061,0.712820513,0.58125,0.667546174,0.598915989,0.026217228,0.647435897,0.8,0.319218241,1
0.366906475,0.03030303,0.096385542,0.147058824,0,0.510416667,0.5703125,0.167064439,0.522546419,0.507968127,0.116009281,0.406130268,0.558472554,0.176190476,0.01897019,0.048338369,0.797142857,0.352549889,0.378217822,0.118217054,0.54048583,0.476047904,0.576923077,0.465968586,0.595505618,0.50617284,0.70441989,0.318327974,0.517133956,0.529126214,0.003246753,0.719178082,0.271137026,0.655328798,0.065274151,0.174545455,0,0.540616246,0.028,0.591891892,0.117647059,0.724431818,0.566448802,0.120283019,0.186842105,0.028697572,0.258426966,0.562340967,0.35857461,0.342915811,0.466179159,0.492917847,0.523287671,0.058275058,0.701612903,0.390852391,0.646616541,0.155709343,0.59039548,0.664351852,0.002898551,0.135869565,0.51396648,0.462829736,0.056179775,0.267015707,0.002336449,0.325779037,0.041297935,0.391666667,0.077821012,0.088709677,0.38021978,0.322222222,0.133663366,0.079365079,0.611246944,0.086134454,0.412121212,0.081395349,0.537414966,0.489130435,0.526522593,0.171919771,0.528395062,0.555269923,0.417445483,0.15408805,0.383211679,0.559164733,0,0.497326203,0.019774011,0.557539683,0.46460177,0.064039409,0.069060773,0.561038961,0,0.58974359,0.144295302,0.569536424,0.104591837,0.096385542,0.074168798,0.0472103,0.094674556,0.498550725,0.009237875,0.132183908,0.051490515,0.559498956,0.532846715,0.551912568,0.53539823,0.703872437,0.510739857,0.708092486,0.674019608,0.654390935,0.535809019,0.68814433,0.636585366,0.040498442,0.166666667,0.193370166,0.786764706,0.592997812,0.683189655,0.002941176,0.478632479,0.006451613,0.493975904,0.403409091,0.269315673,0.320359281,0.651162791,0.400611621,0.588541667,0.509127789,0.5,0.520661157,0.541778976,0.552870091,0.005602241,0.014409222,0.09375,0.426865672,0.431547619,0.668493151,0.159891599,0.017921147,0.003134796,0.22745098,0.800653595,0.406451613,0.03562341,0.636363636,0.235897436,0.58125,0.659630607,0.598915989,0.033707865,0.653846154,0.8,0.328990228,1
0.366906475,0,0.257028112,0.183823529,0,0.622395833,0.502604167,0.326968974,0.564986737,0.577689243,0.064965197,0.218390805,0.46778043,0.161904762,0.024390244,0.054380665,0.482857143,0.527716186,0.198019802,0.379844961,0.469635628,0.505988024,0.463800905,0.680628272,0.491573034,0.644444444,0.513812155,0.115755627,0.236760125,0.611650485,0.003246753,0.702054795,0.282798834,0.637188209,0.065274151,0.181818182,0.040100251,0.739495798,0.068,0.678378378,0.047794118,0.71875,0.568627451,0.136792453,0.094736842,0.017660044,0.082397004,0.720101781,0.296213808,0.552361396,0.340036563,0.490084986,0.539726027,0.016317016,0.588709677,0.588357588,0.521303258,0.027681661,0.497175141,0.604166667,0.002898551,0.105978261,0.519553073,0.736211031,0.108614232,0.267015707,0.002336449,0.603399433,0.029498525,0.572222222,0.13229572,0.149193548,0.134065934,0.206666667,0.435643564,0.087301587,0.533007335,0.18697479,0.191919192,0.081395349,0.53968254,0.5,0.355599214,0.610315186,0.585185185,0.539845758,0.161993769,0.544025157,0.138686131,0.672853828,0,0.486631016,0.02259887,0.037698413,0.46460177,0.081280788,0.439226519,0.579220779,0.142857143,0.58974359,0.010067114,0.566225166,0.176020408,0.093975904,0.04859335,0.227467811,0.236686391,0.802898551,0.099307159,0.037356322,0.024390244,0.425887265,0.457420925,0.475409836,0.603982301,0.544419134,0.622911695,0.670520231,0.485294118,0.235127479,0.543766578,0.484536082,0.590243902,0.046728972,0.129251701,0.198895028,0.637254902,0.645514223,0.42887931,0.002941176,0.465811966,0.006451613,0.512048193,0.337121212,0.313465784,0.52994012,0.635658915,0.256880734,0.614583333,0.507099391,0.366541353,0.721763085,0.636118598,0.703927492,0.005602241,0.014409222,0.09375,0.498507463,0.327380952,0.632876712,0.162601626,0.003584229,0.003134796,0.2,0.790849673,0.251612903,0.03562341,0.060606061,0.712820513,0.58125,0.667546174,0.601626016,0.026217228,0.653846154,0.8,0.315960912,1
0.352517986,0.087542088,0.096385542,0.470588235,0.002816901,0.4609375,0.572916667,0.143198091,0.525198939,0.360557769,0.013921114,0.400383142,0.143198091,0.147619048,0.027100271,0.048338369,0.802857143,0.345898004,0.372277228,0.139534884,0.542510121,0.482035928,0.581447964,0.282722513,0.41011236,0.503703704,0.709944751,0.302250804,0.507788162,0.587378641,0.003246753,0.839041096,0.285714286,0.721088435,0.240208877,0.170909091,0.022556391,0.546218487,0.004,0.602702703,0.161764706,0.741477273,0.206971678,0.051886792,0.181578947,0.015452539,0.262172285,0.567430025,0.349665924,0.320328542,0.464351005,0.495750708,0.531506849,0.025641026,0.626344086,0.390852391,0.651629073,0.155709343,0.539548023,0.608796296,0.075362319,0.58423913,0.407821229,0.633093525,0.56928839,0.277486911,0.002336449,0.337110482,0.002949853,0.405555556,0.089494163,0.10483871,0.068131868,0.311111111,0.032178218,0.079365079,0.611246944,0.06512605,0.406060606,0.046511628,0.541950113,0.494565217,0.526522593,0.661891117,0.52345679,0.552699229,0.436137072,0.144654088,0.430656934,0.545243619,0.013513514,0.598930481,0.389830508,0.412698413,0.455752212,0.068965517,0.458563536,0.561038961,0,0.597435897,0.218120805,0.582781457,0.025510204,0.028915663,0.056265985,0.049356223,0.094674556,0.495652174,0.011547344,0.129310345,0.054200542,0.563674322,0.540145985,0.56284153,0.597345133,0.692482916,0.443914081,0.702312139,0.674019608,0.657223796,0.482758621,0.649484536,0.531707317,0.121495327,0.56462585,0.171270718,0.696078431,0.663019694,0.575431034,0.441176471,0.55982906,0.038709677,0.491967871,0.397727273,0.251655629,0.323353293,0.656330749,0.400611621,0.596354167,0.509127789,0.498120301,0.52892562,0.549865229,0.555891239,0.005602241,0.020172911,0.0859375,0.43880597,0.446428571,0.676712329,0.243902439,0.322580645,0.269592476,0.392156863,0.862745098,0.641935484,0.040712468,0.684343434,0.607692308,0.540625,0.564643799,0.571815718,0.116104869,0.666666667,0.797058824,0.423452769,1
0.381294964,0.134680135,0.413654618,0.150735294,0,0.5234375,0.455729167,0.279236277,0.559681698,0.5,0.092807425,0.159003831,0.546539379,0.080952381,0.032520325,0.066465257,0.722857143,0.274944568,0.223762376,0.125968992,0.344129555,0.476047904,0.527149321,0.439790576,0.592696629,0.634567901,0.651933702,0.054662379,0.529595016,0.536407767,0.003246753,0.167808219,0.332361516,0.673469388,0.007832898,0.407272727,0,0.68627451,0.392,0.621621622,0.518382353,0.46875,0.555555556,0.058962264,0.060526316,0.130242826,0.213483146,0.592875318,0.287305122,0.334702259,0.234003656,0.484419263,0.597260274,0.114219114,0.704301075,0.555093555,0.418546366,0.114186851,0.601694915,0.666666667,0.005797101,0.116847826,0.56424581,0.482014388,0.052434457,0.32460733,0.002336449,0.600566572,0.525073746,0.552777778,0.447470817,0.415322581,0.351648352,0.111111111,0.123762376,0.103174603,0.618581907,0.090336134,0.193939394,0.044186047,0.430839002,0.451086957,0.371316306,0.160458453,0.530864198,0.555269923,0.54517134,0.327044025,0.397810219,0.563805104,0,0.240641711,0.042372881,0.563492063,0.300884956,0.578817734,0.074585635,0.47012987,0.408866995,0.425641026,0.503355705,0.440397351,0.099489796,0.057831325,0.033248082,0.158798283,0.313609467,0.739130435,0.013856813,0.043103448,0.024390244,0.423799582,0.442822384,0.546448087,0.548672566,0.703872437,0.508353222,0.580924855,0.468137255,0.623229462,0.538461538,0.693298969,0.643902439,0.495327103,0.040816327,0.497237569,0.789215686,0.606126915,0.6875,0,0.02991453,0.038709677,0.305220884,0.151515152,0.154525386,0.532934132,0.529715762,0.556574924,0.653645833,0.519269777,0.411654135,0.691460055,0.447439353,0.465256798,0.005602241,0.014409222,0.078125,0.546268657,0.547619048,0.594520548,0.100271003,0.014336918,0.003134796,0.482352941,0.424836601,0.406451613,0.043256997,0.661616162,0.271794872,0.384375,0.736147757,0.574525745,0.037453184,0.608974359,0.732352941,0.153094463,1
0.366906475,0.097643098,0.413654618,0.183823529,0,0.630208333,0.471354167,0.22673031,0.554376658,0.579681275,0.016241299,0.151340996,0.470167064,0.078571429,0.032520325,0.057401813,0.722857143,0.286031042,0.211881188,0.374031008,0.342105263,0.482035928,0.524886878,0.67539267,0.494382022,0.639506173,0.660220994,0.045016077,0.242990654,0.611650485,0.003246753,0.160958904,0.247813411,0.637188209,0.052219321,0.029090909,0.042606516,0.694677871,0.376,0.594594595,0.507352941,0.3125,0.572984749,0.054245283,0.057894737,0.017660044,0.220973783,0.595419847,0.269487751,0.554414784,0.224862888,0.481586402,0.605479452,0.013986014,0.594086022,0.548856549,0.426065163,0.089965398,0.505649718,0.608796296,0,0.100543478,0.541899441,0.738609113,0.112359551,0.209424084,0.002336449,0.606232295,0.253687316,0.547222222,0.447470817,0.427419355,0.065934066,0.108888889,0.433168317,0.095238095,0.616136919,0.077731092,0.183838384,0.041860465,0.430839002,0.467391304,0.36345776,0.613180516,0.592592593,0.562982005,0.53894081,0.308176101,0.142335766,0.675174014,0,0.026737968,0.019774011,0.045634921,0.460176991,0.051724138,0.450276243,0.462337662,0.413793103,0.412820513,0.479865772,0.208609272,0.145408163,0.038554217,0.028132992,0.118025751,0.346153846,0.747826087,0.099307159,0.040229885,0.027100271,0.419624217,0.442822384,0.554644809,0.60619469,0.539863326,0.625298329,0.586705202,0.473039216,0.603399433,0.543766578,0.487113402,0.592682927,0.037383178,0.034013605,0.193370166,0.642156863,0.645514223,0.435344828,0,0.452991453,0.006451613,0.307228916,0.151515152,0.156732892,0.541916168,0.54005168,0.55351682,0.653645833,0.511156187,0.404135338,0.680440771,0.442048518,0.459214502,0.005602241,0.017291066,0.0859375,0.546268657,0.556547619,0.594520548,0.138211382,0.003584229,0.003134796,0.48627451,0.300653595,0.396774194,0.038167939,0.065656566,0.720512821,0.2125,0.258575198,0.300813008,0.04494382,0.602564103,0.779411765,0.32247557,1
0.35971223,0.35016835,0.421686747,0.147058824,0,0.518229167,0.520833333,0.159904535,0.610079576,0.515936255,0.16937355,0.233716475,0.560859189,0.128571429,0.021680217,0.042296073,0.565714286,0.467849224,0.136633663,0.106589147,0.5,0.476047904,0.43438914,0.486910995,0.595505618,0.614814815,0.508287293,0.347266881,0.526479751,0.531553398,0.003246753,0.160958904,0.227405248,0.650793651,0.057441253,0.036363636,0,0.68627451,0.496,0.618918919,0.544117647,0.264204545,0.5708061,0.113207547,0.097368421,0.110375276,0.056179775,0.715012723,0.144766147,0.342915811,0.365630713,0.535410765,0.498630137,0.165501166,0.704301075,0.46985447,0.526315789,0.141868512,0.598870056,0.671296296,0,0.10326087,0.530726257,0.460431655,0.063670412,0.219895288,0.002336449,0.611898017,0.312684366,0.558333333,0.482490272,0.286290323,0.371428571,0.2,0.141089109,0.079365079,0.537897311,0.172268908,0.185858586,0.046511628,0.575963719,0.451086957,0.371316306,0.171919771,0.538271605,0.583547558,0.498442368,0.531446541,0.394160584,0.561484919,0,0.037433155,0.014124294,0.551587302,0.46460177,0.034482759,0.069060773,0.425974026,0.418719212,0.484615385,0.533557047,0.218543046,0.099489796,0.057831325,0.033248082,0.169527897,0.073964497,0.727536232,0.016166282,0.045977011,0.029810298,0.469728601,0.527980535,0.494535519,0.53539823,0.703872437,0.513126492,0.789017341,0.62254902,0.509915014,0.535809019,0.690721649,0.641463415,0.037383178,0.047619048,0.154696133,0.789215686,0.592997812,0.683189655,0.002941176,0.47008547,0.006451613,0.510040161,0.331439394,0.260485651,0.523952096,0.511627907,0.559633028,0.4921875,0.312373225,0.295112782,0.691460055,0.460916442,0.46223565,0.005602241,0.014409222,0.109375,0.534328358,0.514880952,0.536986301,0.135501355,0.017921147,0,0.321568627,0.323529412,0.306451613,0.027989822,0.621212121,0.217948718,0.253125,0.248021108,0.295392954,0.052434457,0.608974359,0.779411765,0.338762215,1
0.388489209,0,0.232931727,0.470588235,0,0.463541667,0.505208333,0.322195704,0.572944297,0.362549801,0.071925754,0.208812261,0.143198091,0.147619048,0.027100271,0.063444109,0.497142857,0.521064302,0.201980198,0.135658915,0.461538462,0.505988024,0.470588235,0.222513089,0.412921348,0.64691358,0.522099448,0.106109325,0.510903427,0.587378641,0.003246753,0.143835616,0.317784257,0.723356009,0.232375979,0.065454545,0.025062657,0.745098039,0.004,0.683783784,0.051470588,0.210227273,0.204793028,0.091981132,0.094736842,0.114790287,0.086142322,0.72264631,0.293986637,0.32238193,0.329067642,0.490084986,0.550684932,0.074592075,0.620967742,0.586278586,0.523809524,0.024221453,0.548022599,0.604166667,0.075362319,0,0.519553073,0.637889688,0.56928839,0.261780105,0.002336449,0.611898017,0.002949853,0.580555556,0.112840467,0.008064516,0.079120879,0.2,0.034653465,0.087301587,0.545232274,0.159663866,0.187878788,0.039534884,0.53968254,0.5,0.353634578,0.661891117,0.52345679,0.544987147,0.165109034,0.522012579,0.434306569,0.547563805,0,0.032085561,0.392655367,0.41468254,0.455752212,0.064039409,0.458563536,0.576623377,0.068965517,0.592307692,0.013422819,0.208609272,0.028061224,0.03373494,0.046035806,0.238197425,0.24260355,0.808695652,0.011547344,0.043103448,0.027100271,0.423799582,0.457420925,0.483606557,0.599557522,0.687927107,0.443914081,0.664739884,0.485294118,0.232294618,0.480106101,0.652061856,0.536585366,0.121495327,0.037414966,0.132596685,0.693627451,0.663019694,0.575431034,0.447058824,0.474358974,0.032258065,0.506024096,0.323863636,0.29580574,0.538922156,0.638242894,0.259938838,0.622395833,0.509127789,0.372180451,0.727272727,0.638814016,0.703927492,0.005602241,0.017291066,0.078125,0.510447761,0.339285714,0.64109589,0.235772358,0.322580645,0.269592476,0.011764706,0.323529412,0.006451613,0.045801527,0.691919192,0.615384615,0.046875,0.224274406,0.292682927,0.074906367,0.58974359,0.764705882,0.358306189,1
0.35971223,0.973063973,0.100401606,0.466911765,0.002816901,0.458333333,0.5703125,0.14797136,0.525198939,0.360557769,0.011600928,0.398467433,0.140811456,0.142857143,0.027100271,0.048338369,0.797142857,0.33481153,0.374257426,0.137596899,0.54048583,0.482035928,0.583710407,0.298429319,0.41011236,0.50617284,0.715469613,0.318327974,0.504672897,0.589805825,0.217532468,1,0.274052478,0.718820862,0.240208877,0.156363636,0.022556391,0.546218487,0.044,0.602702703,0.246323529,0.616477273,0.204793028,0.047169811,0.176315789,0.013245033,0.254681648,0.559796438,0.354120267,0.316221766,0.462522852,0.498583569,0.534246575,0.027972028,0.629032258,0.397089397,0.651629073,0.522491349,0.536723164,0.608796296,0.086956522,1,0.357541899,0.633093525,0.56928839,0.308900524,0.002336449,0.337110482,0.002949853,0.408333333,0.101167315,0.10483871,0.065934066,0.306666667,0.032178218,0.071428571,0.613691932,0.06092437,0.406060606,0.048837209,0.53968254,0.489130435,0.524557957,0.664756447,0.520987654,0.550128535,0.548286604,0.147798742,0.434306569,0.547563805,1,0.625668449,0.389830508,0.408730159,0.446902655,0.064039409,0.455801105,0.563636364,0,0.594871795,0.553691275,0.688741722,0.025510204,0.026506024,0.05370844,0.0472103,0.088757396,0.489855072,0.011547344,0.129310345,0.054200542,0.561586639,0.540145985,0.56284153,0.597345133,0.692482916,0.443914081,0.705202312,0.674019608,0.66572238,0.485411141,0.649484536,0.529268293,0.255451713,0.945578231,0.243093923,0.696078431,0.663019694,0.575431034,0.441176471,0.572649573,0.051612903,0.487951807,0.393939394,0.240618102,0.323353293,0.65374677,0.400611621,0.598958333,0.513184584,0.5,0.52892562,0.544474394,0.555891239,0.005602241,0.020172911,0.09375,0.444776119,0.494047619,0.679452055,0.241192412,0.322580645,0.26645768,0.635294118,0.885620915,1,0.038167939,0.679292929,0.605128205,0.525,0.393139842,0.62601626,0.138576779,0.685897436,0.8,0.449511401,1
0.568345324,0.569023569,0.421686747,0.154411765,0,0.5078125,0.473958333,0.269689737,0.557029178,0.511952191,0.099767981,0.141762452,0.551312649,0.073809524,0.021680217,0.054380665,0.705714286,0.314855876,0.203960396,0.110465116,0.342105263,0.479041916,0.518099548,0.481675393,0.592696629,0.644444444,0.660220994,0.115755627,0.526479751,0.531553398,0.918831169,0.863013699,0.002915452,0.655328798,0.070496084,0.261818182,0,0.700280112,0.348,0.583783784,0.488970588,0.636363636,0.564270153,0.049528302,0.047368421,0.134657837,0.213483146,0.608142494,0.267260579,0.338809035,0.221206581,0.478753541,0.602739726,0.13986014,0.709677419,0.553014553,0.428571429,0.508650519,0.593220339,0.671296296,0.046376812,0.788043478,0.033519553,0.462829736,0.063670412,0.267015707,0.002336449,0.59490085,0.265486726,0.541666667,0.447470817,0.447580645,0.349450549,0.106666667,0.131188119,0.079365079,0.608801956,0.096638655,0.173737374,0.048837209,0.43537415,0.464673913,0.349705305,0.186246418,0.538271605,0.568123393,0.54517134,0.339622642,0.401459854,0.554524362,1,0.962566845,0.008474576,0.549603175,0.243362832,0.327586207,0.066298343,0.457142857,0.418719212,0.407692308,0.459731544,0.450331126,0.094387755,0.036144578,0.015345269,0.175965665,0.349112426,0.753623188,0.013856813,0.034482759,0.029810298,0.409185804,0.440389294,0.546448087,0.537610619,0.706150342,0.515513126,0.604046243,0.477941176,0.589235127,0.533156499,0.693298969,0.636585366,0.218068536,1,0.856353591,0.789215686,0.597374179,0.681034483,0.008823529,0.517094017,0.480645161,0.325301205,0.153409091,0.158940397,0.538922156,0.542635659,0.571865443,0.651041667,0.509127789,0.396616541,0.672176309,0.4393531,0.459214502,1,0.144092219,0.109375,0.543283582,0.5625,0.6,0.035230352,0.021505376,0.003134796,0.517647059,0.764705882,0.587096774,0.025445293,0.626262626,0.230769231,0.275,0.116094987,0.292682927,0.307116105,0.794871795,0.752941176,0.61237785,1
0.676258993,0.138047138,0.413654618,0.150735294,0,0.526041667,0.455729167,0.279236277,0.559681698,0.501992032,0.092807425,0.159003831,0.548926014,0.080952381,0.032520325,0.066465257,0.725714286,0.274944568,0.223762376,0.124031008,0.346153846,0.476047904,0.527149321,0.442408377,0.592696629,0.634567901,0.651933702,0.051446945,0.529595016,0.536407767,0.003246753,0.164383562,0.332361516,0.671201814,0.007832898,1,0,0.68627451,0.388,0.621621622,0.518382353,0.59375,0.557734205,0.058962264,0.060526316,0.130242826,0.224719101,0.592875318,0.287305122,0.334702259,0.23583181,0.481586402,0.6,0.114219114,0.704301075,0.555093555,0.418546366,0.114186851,0.604519774,0.666666667,0.005797101,0.119565217,0.558659218,0.482014388,0.056179775,1,0.002336449,0.600566572,0.519174041,0.552777778,0.447470817,0.415322581,0.356043956,0.111111111,0.126237624,0.103174603,0.618581907,0.090336134,0.195959596,0.044186047,0.430839002,0.451086957,0.371316306,0.160458453,0.530864198,0.552699229,0.54517134,0.323899371,0.394160584,0.56612529,0,0.117647059,0.042372881,0.563492063,0.296460177,1,0.074585635,0.47012987,0.408866995,0.425641026,0.503355705,0.407284768,0.102040816,0.057831325,0.033248082,0.158798283,0.316568047,0.739130435,0.013856813,0.043103448,0.024390244,0.423799582,0.442822384,0.546448087,0.548672566,0.703872437,0.508353222,0.578034682,0.468137255,0.623229462,0.538461538,0.693298969,0.643902439,0.501557632,0.040816327,0.502762431,0.789215686,0.606126915,0.6875,0,0.072649573,0.016129032,0.305220884,0.151515152,0.154525386,0.532934132,0.529715762,0.55351682,0.653645833,0.519269777,0.411654135,0.691460055,0.447439353,0.465256798,0.005602241,0.014409222,0.078125,0.546268657,0.547619048,0.594520548,0.094850949,0.014336918,0.003134796,0.490196078,0.388888889,0.406451613,0.043256997,0.659090909,0.266666667,0.43125,0.889182058,0.745257453,0.041198502,0.615384615,0.729411765,0.146579805,1
0.424460432,0.023569024,0.092369478,0.547794118,0.932394366,0.622395833,0.572916667,0.138424821,0.525198939,0.549800797,0.023201856,0.402298851,0.527446301,0.157142857,0.024390244,0.045317221,0.8,0.356984479,0.37029703,0.040697674,0.546558704,0.482035928,0.581447964,0.696335079,0.41011236,0.50617284,0.70718232,0.318327974,0.495327103,0.531553398,0.003246753,0.178082192,0.335276968,0.596371882,0.328981723,0.2,0.007518797,0.551820728,0.116,0.591891892,0.095588235,0.559659091,0.577342048,0.073113208,0.181578947,0.013245033,0.456928839,0.575063613,0.34298441,0.383983573,0.466179159,0.498583569,0.528767123,0.027972028,0.642473118,0.382536383,0.649122807,0.155709343,0.576271186,0.699074074,0.147826087,0.002717391,0.575418994,0.544364508,0.486891386,0.287958115,0.002336449,0.337110482,1,0.391666667,0.077821012,0.096774194,0.178021978,0.315555556,0.143564356,0.071428571,0.608801956,0.06512605,0.406060606,0.030232558,0.546485261,0.491847826,0.524557957,0.489971347,0.6,0.555269923,0.417445483,0.15408805,0.437956204,0.480278422,0,0.128342246,0.290960452,0.470238095,0.371681416,0.620689655,0.544198895,0.563636364,0,0.592307692,0.063758389,0.546357616,0.084183673,0.055421687,0.056265985,0.049356223,0.085798817,0.489855072,0.016166282,0.129310345,0.054200542,0.563674322,0.542579075,0.56010929,0.5,0.546697039,0.551312649,0.710982659,0.676470588,0.657223796,0.461538462,0.646907216,0.502439024,0.404984424,0.047619048,0.436464088,0.791666667,0.579868709,0.648706897,0.473529412,0.235042735,0.3,0.497991968,0.401515152,0.260485651,0.335329341,0.661498708,0.495412844,0.591145833,0.503042596,0.496240602,0.523415978,0.541778976,0.555891239,0.005602241,0.020172911,0.09375,0.426865672,0.431547619,0.671232877,0.241192412,0.347670251,0.225705329,0.160784314,0.450980392,0.041935484,0.038167939,0.123737374,0.502564103,0.51875,0.730870712,0.66395664,0.014981273,0.602564103,0.75,0.208469055,1
0.395683453,0.016835017,0.072289157,0.547794118,0,0.622395833,0.580729167,0.07398568,0.522546419,0.549800797,0.013921114,0.139846743,0.522673031,0.045238095,0.024390244,0.042296073,0.785714286,0.110864745,0.130693069,0.044573643,0.277327935,0.476047904,0.307692308,0.701570681,0.41011236,0.518518519,0.679558011,0.311897106,0.498442368,0.533980583,0.003246753,0.5,0.326530612,0.594104308,0.328981723,0.236363636,0.007518797,0.523809524,0.052,0.559459459,0.058823529,0.659090909,0.575163399,0.025943396,0.05,0.011037528,0.224719101,0.389312977,0.124721604,0.383983573,0.208409506,0.470254958,0.42739726,0.03030303,0.64516129,0.237006237,0.64160401,0.141868512,0.579096045,0.701388889,0.144927536,0.024456522,0.575418994,0.544364508,0.486891386,0.267015707,0.002336449,0.288951841,0.294985251,0.338888889,0.062256809,0.052419355,0.136263736,0.1,0.143564356,0.071428571,0.62591687,0.021008403,0.141414141,0.034883721,0.31292517,0.502717391,0.265225933,0.489971347,0.604938272,0.57840617,0.361370717,0.188679245,0.441605839,0.482598608,0,0.326203209,0.290960452,0.464285714,0.407079646,0.369458128,0.544198895,0.568831169,0,0.579487179,0.046979866,0.506622517,0.081632653,0.028915663,0.023017903,0.042918455,0.088757396,0.513043478,0.018475751,0.031609195,0.035230352,0.300626305,0.296836983,0.327868852,0.502212389,0.544419134,0.553699284,0.734104046,0.678921569,0.634560907,0.466843501,0.649484536,0.5,0.327102804,0.051020408,0.386740331,0.791666667,0.579868709,0.646551724,0.476470588,0.299145299,0.032258065,0.206827309,0.126893939,0.077262693,0.293413174,0.638242894,0.376146789,0.359375,0.243407708,0.251879699,0.490358127,0.533692722,0.555891239,0.005602241,0.017291066,0.1015625,0.376119403,0.37797619,0.638356164,0.241192412,0.347670251,0.225705329,0.082352941,0.673202614,0.058064516,0.03562341,0.106060606,0.48974359,0.565625,0.720316623,0.593495935,0.014981273,0.602564103,0.758823529,0.241042345,1
0.402877698,0.326599327,0.425702811,0.007352941,0,0.1484375,0.533854167,0.155131265,0.604774536,0.501992032,0.143851508,0.245210728,0.515513126,0.133333333,0.021680217,0.036253776,0.582857143,0.478935698,0.142574257,0.083333333,0.506072874,0.476047904,0.43438914,0.52617801,0.345505618,0.614814815,0.516574586,0.331189711,0.143302181,0.541262136,0.016233766,0.952054795,0.023323615,0.666666667,0.093994778,0.185454545,0,0.700280112,0.488,0.583783784,0.536764706,0.676136364,0.544662309,0.101415094,0.102631579,0.08388521,0.078651685,0.717557252,0.142538976,0.303901437,0.374771481,0.526912181,0.504109589,0.128205128,0.35483871,0.459459459,0.536340852,0.124567474,0.163841808,0.680555556,0,0.692934783,0.251396648,0.446043165,0.018726592,0.272251309,0.002336449,0.600566572,0.336283186,0.536111111,0.498054475,0.310483871,0.230769231,0.208888889,0.108910891,0.071428571,0.530562347,0.165966387,0.195959596,0.046511628,0.578231293,0.461956522,0.379174853,0.114613181,0.548148148,0.588688946,0.489096573,0.503144654,0.069343066,0.382830626,0.067567568,0.764705882,0.002824859,0.533730159,0.415929204,0.04679803,0.055248619,0.428571429,0.413793103,0.484615385,0.513422819,0.602649007,0.073979592,0.043373494,0.035805627,0.167381974,0.073964497,0.730434783,0.013856813,0.051724138,0.035230352,0.473903967,0.525547445,0.491803279,0.533185841,0.697038724,0.46300716,0.786127168,0.62745098,0.512747875,0.440318302,0.360824742,0.319512195,0.043613707,0.823129252,0.46961326,0.791666667,0.61487965,0.674568966,0.005882353,0.58974359,0.116129032,0.516064257,0.34280303,0.271523179,0.526946108,0.521963824,0.55351682,0.4921875,0.30831643,0.302631579,0.680440771,0.469002695,0.46223565,0.005602241,0.017291066,0.1171875,0.519402985,0.520833333,0.517808219,0.105691057,0.007168459,0,0.470588235,0.885620915,0.635483871,0.025445293,0.616161616,0.253846154,0.375,0.343007916,0.525745257,0.183520599,0.730769231,0.805882353,0.498371336,1
0.402877698,0.006734007,0.088353414,0.544117647,0,0.635416667,0.611979167,0.446300716,0.567639257,0.545816733,0.306264501,0.413793103,0.479713604,0.376190476,0.257452575,0.045317221,0.688571429,0.385809313,0.382178218,0.213178295,0.453441296,0.523952096,0.425339367,0.706806283,0.435393258,0.498765432,0.649171271,0.112540193,0.529595016,0.565533981,0.003246753,0.469178082,0.326530612,0.616780045,0.339425587,0.24,0.010025063,0.456582633,0.052,0.597297297,0.047794118,0.650568182,0.562091503,0.393867925,0.315789474,0.059602649,0.187265918,0.62086514,0.412026726,0.351129363,0.447897623,0.487252125,0.479452055,0.081585082,0.64516129,0.467775468,0.644110276,0.08650519,0.593220339,0.719907407,0.162318841,0.02173913,0.575418994,0.549160671,0.483146067,0.261780105,0.002336449,0.300283286,0.395280236,0.380555556,0.058365759,0.052419355,0.347252747,0.366666667,0.245049505,0.071428571,0.611246944,0.323529412,0.432323232,0.334883721,0.455782313,0.565217391,0.506876228,0.501432665,0.619753086,0.586118252,0.286604361,0.179245283,0.46350365,0.487238979,0,0.304812834,0.299435028,0.448412698,0.39380531,0.384236453,0.569060773,0.467532468,0.004926108,0.615384615,0.026845638,0.496688742,0.283163265,0.325301205,0.322250639,0.225321888,0.319526627,0.756521739,0.177829099,0.290229885,0.273712737,0.450939457,0.386861314,0.407103825,0.504424779,0.519362187,0.575178998,0.641618497,0.651960784,0.54674221,0.49867374,0.654639175,0.5,0.339563863,0.051020408,0.408839779,0.803921569,0.608315098,0.650862069,0.479411765,0.290598291,0.035483871,0.413654618,0.350378788,0.3598234,0.179640719,0.431524548,0.198776758,0.447916667,0.440162272,0.47556391,0.550964187,0.598382749,0.564954683,0.005602241,0.017291066,0.109375,0.382089552,0.351190476,0.646575342,0.243902439,0.340501792,0.228840125,0.074509804,0.656862745,0.048387097,0.030534351,0.085858586,0.48974359,0.565625,0.722955145,0.588075881,0.014981273,0.596153846,0.75,0.234527687,1
0.410071942,0.333333333,0.43373494,0.136029412,0,0.309895833,0.5546875,0.346062053,0.631299735,0.474103586,0.317865429,0.266283525,0.365155131,0.347619048,0.273712737,0.033232628,0.585714286,0.454545455,0.285148515,0.393410853,0.497975709,0.505988024,0.429864253,0.544502618,0.553370787,0.614814815,0.538674033,0.305466238,0.137071651,0.587378641,0.019480519,0.955479452,0.014577259,0.712018141,0.093994778,0.189090909,0.012531328,0.705882353,0.492,0.586486486,0.544117647,0.661931818,0.455337691,0.391509434,0.257894737,0.061810155,0.078651685,0.72264631,0.378619154,0.517453799,0.352833638,0.560906516,0.515068493,0.088578089,0.60483871,0.438669439,0.563909774,0.121107266,0.223163842,0.627314815,0.002898551,0.695652174,0.240223464,0.60911271,0.033707865,0.272251309,0.002336449,0.628895184,0.351032448,0.55,0.498054475,0.314516129,0.325274725,0.295555556,0.398514851,0.063492063,0.564792176,0.300420168,0.274747475,0.279069767,0.585034014,0.486413043,0.357563851,0.504297994,0.471604938,0.601542416,0.489096573,0.449685535,0.138686131,0.524361949,0.075675676,0.77540107,0,0.43452381,0.407079646,0.044334975,0.149171271,0.446753247,0.418719212,0.5,0.520134228,0.599337748,0.326530612,0.346987952,0.31713555,0.160944206,0.065088757,0.739130435,0.23556582,0.264367816,0.287262873,0.467640919,0.537712895,0.505464481,0.455752212,0.521640091,0.639618138,0.786127168,0.647058824,0.526912181,0.49867374,0.453608247,0.4,0.052959502,0.843537415,0.502762431,0.718137255,0.658643326,0.594827586,0.005882353,0.58974359,0.15483871,0.504016064,0.327651515,0.373068433,0.550898204,0.519379845,0.565749235,0.489583333,0.30831643,0.291353383,0.683195592,0.477088949,0.471299094,0.005602241,0.014409222,0.1171875,0.519402985,0.520833333,0.536986301,0.100271003,0.010752688,0,0.466666667,0.882352941,0.625806452,0.025445293,0.669191919,0.561538462,0.36875,0.319261214,0.517615176,0.194756554,0.737179487,0.805882353,0.504885993,1
0.374100719,0.023569024,0.060240964,0.128676471,0,0.294270833,0.549479167,0.565632458,0.522546419,0.46812749,0.368909513,0.4348659,0.377088305,0.342857143,0.2899729,0.069486405,0.757142857,0.487804878,0.566336634,0.406976744,0.471659919,0.491017964,0.615384615,0.586387435,0.533707865,0.543209877,0.654696133,0.427652733,0.112149533,0.597087379,0.003246753,0.702054795,0.303206997,0.712018141,0.057441253,0.174545455,0.007518797,0.599439776,0.028,0.502702703,0.066176471,0.71875,0.459694989,0.393867925,0.497368421,0.222958057,0.153558052,0.572519084,0.587973274,0.507186858,0.402193784,0.515580737,0.534246575,0.235431235,0.561827957,0.40956341,0.611528822,0.166089965,0.214689266,0.645833333,0.002898551,0.111413043,0.536312849,0.604316547,0.014981273,0.261780105,0.002336449,0.317280453,0.032448378,0.305555556,0.058365759,0.088709677,0.345054945,0.402222222,0.428217822,0.111111111,0.618581907,0.329831933,0.529292929,0.327906977,0.444444444,0.472826087,0.473477407,0.47277937,0.491358025,0.565552699,0.364485981,0.418238994,0.116788321,0.524361949,0,0.486631016,0.028248588,0.436507937,0.455752212,0.068965517,0.135359116,0.612987013,0.009852217,0.535897436,0.104026846,0.566225166,0.329081633,0.339759036,0.322250639,0.139484979,0.050295858,0.527536232,0.316397229,0.606321839,0.501355014,0.54697286,0.489051095,0.538251366,0.446902655,0.489749431,0.632458234,0.771676301,0.671568627,0.64305949,0.50397878,0.399484536,0.385365854,0.065420561,0.146258503,0.237569061,0.732843137,0.663019694,0.605603448,0.002941176,0.44017094,0.003225806,0.506024096,0.403409091,0.395143488,0.350299401,0.682170543,0.376146789,0.630208333,0.478701826,0.483082707,0.493112948,0.506738544,0.601208459,0.00280112,0.011527378,0.0625,0.337313433,0.360119048,0.594520548,0.165311653,0.003584229,0.003134796,0.184313725,0.790849673,0.3,0.053435115,0.651515152,0.541025641,0.575,0.664907652,0.598915989,0.014981273,0.653846154,0.8,0.296416938,1
0.352517986,0.003367003,0.024096386,0.169117647,0,0.549479167,0.533854167,0.405727924,0.559681698,0.607569721,0.517401392,0.442528736,0.501193317,0.385714286,0.650406504,0.021148036,0.731428571,0.518847007,0.392079208,0.356589147,0.44534413,0.511976048,0.425339367,0.578534031,0.542134831,0.637037037,0.436464088,0.234726688,0.190031153,0.604368932,0.003246753,0.695205479,0.250728863,0.696145125,0.075718016,0.189090909,0.045112782,0.529411765,0.032,0.337837838,0.011029412,0.71875,0.522875817,0.391509434,0.439473684,0.395143488,0.149812734,0.486005089,0.380846325,0.517453799,0.462522852,0.529745042,0.531506849,0.107226107,0.634408602,0.494802495,0.50877193,0.079584775,0.378531073,0.627314815,0.002898551,0.111413043,0.497206704,0.71942446,0.08988764,0.272251309,0.002336449,0.243626062,0.03539823,0.186111111,0.011673152,0.088709677,0.494505495,0.4,0.561881188,0.063492063,0.628361858,0.37394958,0.452525253,0.288372093,0.403628118,0.486413043,0.499017682,0.575931232,0.577777778,0.598971722,0.171339564,0.493710692,0.164233577,0.635730858,0,0.470588235,0.014124294,0.412698413,0.46460177,0.120689655,0.356353591,0.592207792,0.009852217,0.428205128,0.003355705,0.559602649,0.591836735,0.501204819,0.465473146,0.339055794,0.050295858,0.571014493,0.535796767,0.442528736,0.327913279,0.427974948,0.372262774,0.43442623,0.557522124,0.596810934,0.646778043,0.765895954,0.605392157,0.430594901,0.514588859,0.481958763,0.52195122,0.028037383,0.12244898,0.143646409,0.649509804,0.663019694,0.469827586,0.005882353,0.5,0.009677419,0.427710843,0.403409091,0.432671082,0.281437126,0.625322997,0.302752294,0.536458333,0.425963489,0.456766917,0.388429752,0.447439353,0.570996979,0.00280112,0.014409222,0.140625,0.197014925,0.205357143,0.378082192,0.159891599,0.010752688,0.003134796,0.180392157,0.787581699,0.283870968,0.015267176,0.525252525,0.715384615,0.584375,0.667546174,0.596205962,0.04494382,0.66025641,0.802941176,0.342019544,1
0.417266187,0.006734007,0.084337349,0.525735294,0,0.252604167,0.606770833,0.520286396,0.570291777,0.221115538,0.635730858,0.676245211,0.494033413,0.614285714,0.504065041,0.163141994,0.745714286,0.554323725,0.611881188,0.40503876,0.751012146,0.511976048,0.701357466,0.015706806,0.02247191,0.52345679,0.649171271,0.138263666,0.46728972,0.02184466,0.003246753,0.294520548,0.33819242,0.095238095,0.321148825,0.269090909,0.01754386,0.448179272,0.064,0.581081081,0.051470588,0.596590909,0.352941176,0.669811321,0.571052632,0.520971302,0.217228464,0.697201018,0.567928731,0.299794661,0.703839122,0.490084986,0.547945205,0.414918415,0.163978495,0.457380457,0.64160401,0.096885813,0.440677966,0.157407407,0.246376812,0.008152174,0.569832402,0.023980815,0.546816479,0.256544503,0,0.274787535,0.575221239,0.355555556,0.062256809,0.040322581,0.547252747,0.635555556,0.418316832,0.087301587,0.628361858,0.609243697,0.684848485,0.604651163,0.650793651,0.554347826,0.752455796,0.197707736,0.074074074,0.59125964,0.295950156,0.204402516,0.50729927,0.034802784,0,0.267379679,0.353107345,0.353174603,0.32300885,0.460591133,0.303867403,0.496103896,0.009852217,0.602564103,0.033557047,0.450331126,0.528061224,0.602409639,0.560102302,0.504291845,0.286982249,0.701449275,0.404157044,0.537356322,0.558265583,0.739039666,0.574209246,0.549180328,0.181415929,0.439635535,0.031026253,0.673410405,0.659313725,0.563739377,0.029177719,0.131443299,0.07804878,0.392523364,0.06462585,0.491712707,0.25245098,0.054704595,0.30387931,0.414705882,0.170940171,0.116129032,0.710843373,0.660984848,0.626931567,0.200598802,0.514211886,0.25382263,0.606770833,0.620689655,0.689849624,0.523415978,0.579514825,0.549848943,0.00280112,0.011527378,0.09375,0.370149254,0.348214286,0.635616438,0.276422764,0.455197133,0.376175549,0.050980392,0.568627451,0.025806452,0.040712468,0.186868687,0.025641026,0.528125,0.733509235,0.569105691,0.041198502,0.570512821,0.711764706,0.205211726,1
0.338129496,0.104377104,0.036144578,0.536764706,0,0.234375,0.552083333,0.646778043,0.557029178,0.354581673,0.628770302,0.51532567,0.601431981,0.604761905,0.579945799,0.063444109,0.742857143,0.829268293,0.41980198,0.310077519,0.643724696,0.5,0.42760181,0.023560209,0.02247191,0.595061728,0.555248619,0.334405145,0.464174455,0.026699029,0.003246753,0.886986301,0.241982507,0.108843537,0.315926893,0.203636364,0.010025063,0.557422969,0.008,0.418918919,0.040441176,0.730113636,0.492374728,0.643867925,0.507894737,0.454746137,0.161048689,0.849872774,0.532293987,0.344969199,0.575868373,0.512747875,0.484931507,0.491841492,0.169354839,0.438669439,0.568922306,0.117647059,0.43220339,0.217592593,0.269565217,0.679347826,0.324022346,0.021582734,0.535580524,0.282722513,0.002336449,0.269121813,0.002949853,0.236111111,0.027237354,0.116935484,0.6,0.588888889,0.547029703,0.087301587,0.621026895,0.558823529,0.448484848,0.56744186,0.594104308,0.486413043,0.510805501,0.23495702,0.118518519,0.59125964,0.289719626,0.490566038,0.510948905,0.027842227,0.048648649,0.620320856,0.358757062,0.390873016,0.415929204,0.0591133,0.276243094,0.594805195,0.009852217,0.48974359,0.134228188,0.566225166,0.630102041,0.640963855,0.572890026,0.469957082,0.059171598,0.863768116,0.429561201,0.465517241,0.506775068,0.503131524,0.420924574,0.420765027,0.132743363,0.323462415,0.033412888,0.774566474,0.644607843,0.543909348,0.026525199,0.131443299,0.073170732,0.174454829,0.680272109,0.20441989,0.352941176,0.067833698,0.403017241,0.402941176,0.547008547,0.087096774,0.746987952,0.643939394,0.715231788,0.308383234,0.645994832,0.330275229,0.489583333,0.498985801,0.466165414,0.435261708,0.477088949,0.577039275,0.00280112,0.011527378,0.09375,0.259701493,0.273809524,0.498630137,0.276422764,0.451612903,0.376175549,0.494117647,0.879084967,0.722580645,0.040712468,0.143939394,0.023076923,0.4875,0.472295515,0.531165312,0.161048689,0.666666667,0.767647059,0.469055375,1
0.438848921,0.259259259,0.574297189,0.147058824,0,0.424479167,0.028645833,0.68973747,0.015915119,0.498007968,0.575406032,0.385057471,0.515513126,0.630952381,0.479674797,0.120845921,0.02,0.518847007,0.500990099,0.542635659,0.151821862,0.020958084,0.117647059,0.59947644,0.528089888,0.101234568,0.093922652,0.032154341,0.146417445,0.609223301,0.071428571,0.976027397,0.008746356,0.707482993,0.088772846,0.214545455,0.022556391,0.114845938,0.5,0.135135135,0.477941176,0.588068182,0.549019608,0.650943396,0.534210526,0.452538631,0.026217228,0.162849873,0.654788419,0.507186858,0.276051188,0.019830028,0.035616438,0.482517483,0.594086022,0.374220374,0.022556391,0.024221453,0.285310734,0.599537037,0.002898551,0.706521739,0.195530726,0.664268585,0.052434457,0.267015707,0.002336449,0.439093484,0.315634218,0.416666667,0.521400778,0.455645161,0.479120879,0.533333333,0.48019802,0.063492063,0.014669927,0.611344538,0.43030303,0.597674419,0.070294785,0.024456522,0.257367387,0.532951289,0.47654321,0.028277635,0.317757009,0.166666667,0.138686131,0.587006961,0.567567568,0.812834225,0.005649718,0.412698413,0.353982301,0.044334975,0.212707182,0.023376623,0.645320197,0.017948718,0.416107383,0.57615894,0.494897959,0.559036145,0.562659847,0.519313305,0.053254438,0.136231884,0.362586605,0.522988506,0.520325203,0.112734864,0.01703163,0.024590164,0.522123894,0.851936219,0.634844869,0.040462428,0.034313725,0.036827195,0.519893899,0.432989691,0.46097561,0.124610592,0.918367347,0.629834254,0.661764706,0.667396061,0.515086207,0.011764706,0.572649573,0.44516129,0.295180723,0.422348485,0.631346578,0.517964072,0.074935401,0.513761468,0.125,0.415821501,0.32518797,0.132231405,0.021563342,0.021148036,0.00280112,0.011527378,0.125,0.471641791,0.4375,0.134246575,0.073170732,0.014336918,0.003134796,0.474509804,0.852941176,0.570967742,0.022900763,0.598484848,0.630769231,0.359375,0.211081794,0.466124661,0.239700375,0.762820513,0.791176471,0.550488599,1
0.338129496,0.090909091,0.032128514,0.536764706,0,0.234375,0.552083333,0.651551313,0.557029178,0.346613546,0.631090487,0.651340996,0.599045346,0.573809524,0.585365854,0.063444109,0.745714286,0.521064302,0.655445545,0.308139535,0.698380567,0.502994012,0.733031674,0.020942408,0.02247191,0.604938272,0.544198895,0.321543408,0.464174455,0.026699029,0.003246753,0.883561644,0.241982507,0.106575964,0.315926893,0.203636364,0.010025063,0.546218487,0.008,0.410810811,0.036764706,0.732954545,0.48583878,0.650943396,0.576315789,0.459161148,0.157303371,0.562340967,0.654788419,0.338809035,0.669104205,0.529745042,0.553424658,0.484848485,0.169354839,0.503118503,0.563909774,0.110726644,0.43220339,0.212962963,0.269565217,0.679347826,0.324022346,0.023980815,0.535580524,0.282722513,0,0.257790368,0.002949853,0.227777778,0.027237354,0.116935484,0.6,0.584444444,0.544554455,0.087301587,0.62591687,0.512605042,0.690909091,0.56744186,0.569160998,0.489130435,0.754420432,0.232091691,0.116049383,0.593830334,0.280373832,0.490566038,0.510948905,0.030162413,0.048648649,0.614973262,0.361581921,0.386904762,0.411504425,0.061576355,0.276243094,0.597402597,0.009852217,0.484615385,0.124161074,0.566225166,0.630102041,0.645783133,0.58056266,0.32832618,0.056213018,0.571014493,0.429561201,0.543103448,0.512195122,0.72651357,0.552311436,0.540983607,0.130530973,0.314350797,0.033412888,0.774566474,0.642156863,0.535410765,0.029177719,0.131443299,0.073170732,0.174454829,0.680272109,0.20441989,0.345588235,0.065645514,0.396551724,0.402941176,0.547008547,0.087096774,0.600401606,0.581439394,0.523178808,0.299401198,0.640826873,0.321100917,0.690104167,0.718052738,0.723684211,0.424242424,0.474393531,0.577039275,0.00280112,0.011527378,0.09375,0.253731343,0.264880952,0.487671233,0.276422764,0.451612903,0.376175549,0.498039216,0.879084967,0.722580645,0.038167939,0.141414141,0.023076923,0.4875,0.474934037,0.531165312,0.161048689,0.666666667,0.767647059,0.469055375,1
0.374100719,0.31986532,0.586345382,0.128676471,0,0.484375,0.018229167,0.658711217,0.029177719,0.760956175,0.600928074,0.388888889,0.890214797,0.616666667,0.517615176,0.226586103,0.034285714,0.55210643,0.512871287,0.542635659,0.157894737,0.020958084,0.113122172,0.602094241,0.52247191,0.074074074,0.110497238,0.012861736,0.14953271,0.611650485,0.003246753,0.147260274,0.309037901,0.709750567,0.002610966,0.472727273,0.032581454,0.114845938,0.476,0.145945946,0.518382353,0.349431818,0.8583878,0.648584906,0.521052632,0.485651214,0.026217228,0.188295165,0.650334076,0.753593429,0.279707495,0.025495751,0.02739726,0.226107226,0.548387097,0.307692308,0.015037594,0.069204152,0.322033898,0.673611111,0.011594203,0.176630435,0.536312849,0.695443645,0.052434457,0.356020942,0.002336449,0.441926346,0.483775811,0.433333333,0.552529183,0.471774194,0.698901099,0.511111111,0.866336634,0.111111111,0.031784841,0.630252101,0.450505051,0.474418605,0.077097506,0.02173913,0.26129666,0.467048711,0.572839506,0.015424165,0.3894081,0.106918239,0.109489051,0.612529002,0.018918919,0.187165775,0.04519774,0.438492063,0.216814159,0.660098522,0.267955801,0.031168831,0.640394089,0.015384615,0.466442953,0.354304636,0.823979592,0.619277108,0.529411765,0.572961373,0.094674556,0.194202899,0.584295612,0.543103448,0.56097561,0.114822547,0.02189781,0.021857923,0.581858407,0.539863326,0.630071599,0.01734104,0.017156863,0.039660057,0.519893899,0.409793814,0.490243902,0.523364486,0.027210884,0.541436464,0.799019608,0.671772429,0.663793103,0.002941176,0.038461538,0.122580645,0.313253012,0.416666667,0.637969095,0.505988024,0.074935401,0.4617737,0.106770833,0.389452333,0.319548872,0.134986226,0.018867925,0.024169184,0.00280112,0.011527378,0.0703125,0.501492537,0.485119048,0.150684932,0.073170732,0.003584229,0.006269592,0.450980392,0.241830065,0.361290323,0.048346056,0.585858586,0.676923077,0.371875,0.704485488,0.528455285,0.074906367,0.608974359,0.702941176,0.120521173,1
0.316546763,0.28956229,0.582329317,0.136029412,0,0.40625,0.026041667,0.6849642,0.031830239,0.501992032,0.716937355,0.469348659,0.556085919,0.995238095,0.861788618,0.111782477,0.028571429,0.538802661,0.502970297,0.323643411,0.168016194,0.023952096,0.115384615,0.602094241,0.530898876,0.091358025,0.099447514,0.022508039,0.133956386,0.61407767,0.003246753,0.147260274,0.271137026,0.714285714,0.065274151,0.025454545,0.020050125,0.112044818,0.492,0.137837838,0.503676471,0.3125,0.529411765,0.974056604,0.910526316,0.509933775,0.02247191,0.229007634,0.652561247,0.507186858,0.268738574,0.02266289,0.032876712,0.263403263,0.572580645,0.357588358,0.01754386,0.041522491,0.274011299,0.611111111,0.002898551,0.163043478,0.536312849,0.661870504,0.041198502,0.178010471,0.002336449,0.436260623,0.297935103,0.419444444,0.540856031,0.471774194,0.584615385,0.835555556,0.586633663,0.087301587,0.026894866,0.823529412,0.480808081,0.462790698,0.0861678,0.024456522,0.257367387,0.498567335,0.456790123,0.023136247,0.352024922,0.150943396,0.124087591,0.582366589,0.008108108,0.026737968,0.019774011,0.43452381,0.473451327,0.041871921,0.196132597,0.028571429,0.645320197,0.017948718,0.446308725,0.218543046,0.727040816,0.872289157,0.961636829,0.416309013,0.038461538,0.226086957,0.475750577,0.798850575,0.569105691,0.11691023,0.02189781,0.024590164,0.440265487,0.555808656,0.637231504,0.031791908,0.026960784,0.036827195,0.522546419,0.414948454,0.451219512,0.046728972,0.027210884,0.138121547,0.676470588,0.673960613,0.543103448,0.002941176,0.482905983,0.009677419,0.329317269,0.560606061,0.905077263,0.508982036,0.072351421,0.483180428,0.119791667,0.405679513,0.319548872,0.129476584,0.021563342,0.027190332,0.00280112,0.011527378,0.1015625,0.48358209,0.458333333,0.136986301,0.157181572,0.010752688,0.006269592,0.447058824,0.290849673,0.351612903,0.03562341,0.613636364,0.623076923,0.328125,0.248021108,0.298102981,0.041198502,0.628205128,0.797058824,0.325732899,1
0.316546763,0.292929293,0.582329317,0.091911765,0,0.544270833,0.026041667,0.69451074,0.042440318,0.434262948,0.580046404,0.398467433,0.587112172,0.7,0.528455285,0.697885196,0.045714286,0.598669623,0.401980198,0.408914729,0.380566802,0.023952096,0.110859729,0.696335079,0.497191011,0.061728395,0.102209945,0.022508039,0.205607477,0.640776699,0.003246753,0.154109589,0.274052478,0.637188209,0.062663185,0.021818182,0.012531328,0.112044818,0.492,0.137837838,0.503676471,0.3125,0.535947712,0.636792453,0.626315789,0.600441501,0.082397004,0.269720102,0.585746102,0.459958932,0.402193784,0.02266289,0.021917808,0.435897436,0.416666667,0.22037422,0.020050125,0.044982699,0.40960452,0.560185185,0.002898551,0.16576087,0.536312849,0.697841727,0.06741573,0.178010471,0.014018692,0.436260623,0.294985251,0.422222222,0.540856031,0.471774194,0.505494505,0.573333333,0.408415842,0.357142857,0.034229829,0.663865546,0.385858586,0.527906977,0.172335601,0.024456522,0.337917485,0.383954155,0.44691358,0.023136247,0.355140187,0.157232704,0.065693431,0.656612529,0.008108108,0.026737968,0.02259887,0.408730159,0.473451327,0.034482759,0.256906077,0.025974026,0.645320197,0.017948718,0.446308725,0.218543046,0.464285714,0.520481928,0.657289003,0.759656652,0.49408284,0.35942029,0.337182448,0.554597701,0.509485095,0.229645094,0.075425791,0.032786885,0.449115044,0.544419134,0.587112172,0.023121387,0.029411765,0.036827195,0.591511936,0.445876289,0.575609756,0.049844237,0.034013605,0.143646409,0.612745098,0.66083151,0.517241379,0.002941176,0.478632479,0.009677419,0.451807229,0.450757576,0.622516556,0.508982036,0.069767442,0.480122324,0.065104167,0.231237323,0.261278195,0.129476584,0.021563342,0.024169184,0.00280112,0.011527378,0.09375,0.48358209,0.461309524,0.139726027,0.157181572,0.007168459,0.006269592,0.447058824,0.297385621,0.351612903,0.122137405,0.507575758,0.623076923,0.328125,0.242744063,0.298102981,0.041198502,0.628205128,0.797058824,0.32247557,1
0.446043165,0.006734007,0.076305221,0.533088235,0,0.2421875,0.606770833,0.642004773,0.564986737,0.243027888,0.635730858,0.421455939,0.501193317,0.607142857,0.509485095,0.151057402,0.748571429,0.467849224,0.39009901,0.362403101,0.493927126,0.511976048,0.382352941,0.162303665,0.02247191,0.533333333,0.638121547,0.163987138,0.464174455,0.02184466,0.003246753,0.164383562,0.297376093,0.095238095,0.321148825,0.069090909,0.012531328,0.43977591,0.012,0.562162162,0.047794118,0.244318182,0.361655773,0.669811321,0.481578947,0.516556291,0.217228464,0.575063613,0.510022272,0.326488706,0.469835466,0.487252125,0.487671233,0.776223776,0.163978495,0.467775468,0.636591479,0.096885813,0.435028249,0.159722222,0.257971014,0.002717391,0.525139665,0.023980815,0.543071161,0.287958115,0.002336449,0.252124646,0.005899705,0.333333333,0.054474708,0.008064516,0.549450549,0.488888889,0.415841584,0.079365079,0.630806846,0.605042017,0.412121212,0.581395349,0.442176871,0.551630435,0.467583497,0.209169054,0.088888889,0.596401028,0.286604361,0.534591195,0.50729927,0.032482599,0,0.037433155,0.358757062,0.353174603,0.42920354,0.061576355,0.290055249,0.503896104,0.009852217,0.592307692,0.030201342,0.188741722,0.533163265,0.604819277,0.562659847,0.491416309,0.269230769,0.692753623,0.357967667,0.494252874,0.642276423,0.432150313,0.364963504,0.398907104,0.225663717,0.446469248,0.031026253,0.693641618,0.661764706,0.563739377,0.029177719,0.131443299,0.075609756,0.140186916,0.054421769,0.226519337,0.254901961,0.054704595,0.310344828,0.411764706,0.414529915,0.070967742,0.489959839,0.454545455,0.578366446,0.200598802,0.524547804,0.25382263,0.434895833,0.476673428,0.406015038,0.49862259,0.568733154,0.540785498,0.005602241,0.034582133,0.4375,0.352238806,0.336309524,0.621917808,0.284552846,0.455197133,0.376175549,0.007843137,0.323529412,0.006451613,0.038167939,0.184343434,0.023076923,0.059375,0.26121372,0.284552846,0.078651685,0.564102564,0.738235294,0.345276873,1
0.446043165,0.003367003,0.032128514,0.533088235,0,0.234375,0.5546875,0.653937947,0.554376658,0.400398406,0.69837587,0.478927203,0.582338902,0.961904762,0.978319783,0.090634441,0.745714286,0.543237251,0.443564356,0.310077519,0.410931174,0.508982036,0.42760181,0.020942408,0.025280899,0.607407407,0.538674033,0.29903537,0.464174455,0.026699029,0.003246753,0.174657534,0.300291545,0.070294785,0.318537859,0.061818182,0.012531328,0.540616246,0.008,0.402702703,0.029411765,0.25,0.494553377,0.95754717,0.926315789,0.492273731,0.157303371,0.534351145,0.53674833,0.347022587,0.405850091,0.521246459,0.501369863,0.484848485,0.166666667,0.444906445,0.563909774,0.107266436,0.43220339,0.256944444,0.263768116,0.002717391,0.530726257,0.023980815,0.543071161,0.287958115,0.002336449,0.252124646,0.002949853,0.222222222,0.027237354,0.008064516,0.632967033,0.771111111,0.688118812,0.095238095,0.630806846,0.693277311,0.488888889,0.562790698,0.380952381,0.494565217,0.483300589,0.214899713,0.155555556,0.598971722,0.23364486,0.493710692,0.510948905,0.030162413,0,0.042780749,0.358757062,0.295634921,0.424778761,0.049261084,0.284530387,0.594805195,0.009852217,0.484615385,0.023489933,0.19205298,0.862244898,0.927710843,1,0.36695279,0.071005917,0.573913043,0.658198614,0.885057471,0.628726287,0.417536534,0.367396594,0.404371585,0.148230088,0.307517084,0.033412888,0.777456647,0.642156863,0.52407932,0.029177719,0.128865979,0.073170732,0.146417445,0.06462585,0.248618785,0.394607843,0.041575492,0.342672414,0.408823529,0.405982906,0.064516129,0.473895582,0.460227273,0.761589404,0.293413174,0.638242894,0.314984709,0.502604167,0.47464503,0.481203008,0.418732782,0.474393531,0.574018127,0.00280112,0.008645533,0.0859375,0.247761194,0.258928571,0.479452055,0.284552846,0.451612903,0.379310345,0.011764706,0.330065359,0.009677419,0.040712468,0.154040404,0.025641026,0.059375,0.255936675,0.284552846,0.074906367,0.564102564,0.738235294,0.342019544,1
0.446043165,0.01010101,0.080321285,0.533088235,0,0.239583333,0.6015625,0.522673031,0.578249337,0.416334661,0.795823666,0.438697318,0.756563246,0.704761905,0.531165312,0.145015106,0.74,0.456762749,0.39009901,0.40503876,0.489878543,0.508982036,0.402714932,0.013089005,0.02247191,0.52345679,0.649171271,0.163987138,0.464174455,0.104368932,0.003246753,0.178082192,0.300291545,0.426303855,0.318537859,0.061818182,0.010025063,0.43977591,0.008,0.57027027,0.055147059,0.25,0.607843137,0.683962264,0.560526316,0.741721854,0.198501873,0.575063613,0.474387528,0.36550308,0.469835466,0.498583569,0.473972603,0.405594406,0.166666667,0.46985447,0.639097744,0.103806228,0.43220339,0.344907407,0.263768116,0.002717391,0.530726257,0.134292566,0.539325843,0.287958115,0.002336449,0.260623229,0.002949853,0.344444444,0.058365759,0.008064516,0.758241758,0.548888889,0.502475248,0.095238095,0.635696822,0.542016807,0.418181818,0.604651163,0.448979592,0.543478261,0.491159136,0.217765043,0.15308642,0.59125964,0.30529595,0.229559748,0.510948905,0.081206497,0,0.042780749,0.358757062,0.676587302,0.424778761,0.049261084,0.281767956,0.511688312,0.009852217,0.594871795,0.036912752,0.19205298,0.604591837,0.640963855,0.652173913,0.532188841,0.233727811,0.695652174,0.406466513,0.511494253,0.56097561,0.455114823,0.381995134,0.398907104,0.183628319,0.432801822,0.031026253,0.690751445,0.664215686,0.577903683,0.037135279,0.128865979,0.075609756,0.146417445,0.06462585,0.248618785,0.620098039,0.236323851,0.67887931,0.408823529,0.405982906,0.064516129,0.453815261,0.454545455,0.584988962,0.19760479,0.521963824,0.244648318,0.4296875,0.444219067,0.42481203,0.504132231,0.566037736,0.543806647,0.00280112,0.011527378,0.078125,0.364179104,0.351190476,0.630136986,0.284552846,0.451612903,0.379310345,0.011764706,0.333333333,0.009677419,0.045801527,0.643939394,0.061538462,0.059375,0.253298153,0.284552846,0.074906367,0.564102564,0.738235294,0.342019544,1
0.316546763,0.286195286,0.578313253,0.084558824,0,0.559895833,0.03125,0.811455847,0.034482759,0.430278884,0.480278422,0.46743295,0.565632458,0.654761905,0.474254743,0.057401813,0.025714286,0.583148559,0.451485149,0.406976744,0.29757085,0.023952096,0.162895928,0.683246073,0.5,0.343209877,0.143646409,0.035369775,0.211838006,0.63592233,0.003246753,0.147260274,0.268221574,0.634920635,0.065274151,0.025454545,0.015037594,0.112044818,0.492,0.137837838,0.5,0.309659091,0.501089325,0.608490566,0.607894737,0.291390728,0.02247191,0.249363868,0.645879733,0.492813142,0.39488117,0.02266289,0.079452055,0.531468531,0.413978495,0.663201663,0.022556391,0.041522491,0.426553672,0.546296296,0.002898551,0.160326087,0.530726257,0.705035971,0.074906367,0.178010471,0.002336449,0.433427762,0.300884956,0.419444444,0.536964981,0.471774194,0.49010989,0.611111111,0.403465347,0.071428571,0.024449878,0.575630252,0.450505051,0.586046512,0.126984127,0.024456522,0.339882122,0.35530086,0.44691358,0.082262211,0.348909657,0.757861635,0.065693431,0.658932715,0.008108108,0.026737968,0.019774011,0.416666667,0.473451327,0.044334975,0.279005525,0.025974026,0.645320197,0.017948718,0.44295302,0.218543046,0.426020408,0.493975904,0.572890026,0.459227468,0.041420118,0.179710145,0.330254042,0.563218391,0.604336043,0.183716075,0.0486618,0.043715847,0.466814159,0.530751708,0.589498807,0.271676301,0.066176471,0.11898017,0.586206897,0.453608247,0.580487805,0.043613707,0.027210884,0.132596685,0.593137255,0.656455142,0.519396552,0.002941176,0.482905983,0.009677419,0.4437751,0.517045455,0.668874172,0.508982036,0.072351421,0.486238532,0.252604167,0.551724138,0.359022556,0.129476584,0.021563342,0.024169184,0.00280112,0.011527378,0.1171875,0.480597015,0.458333333,0.136986301,0.157181572,0.010752688,0.006269592,0.443137255,0.290849673,0.348387097,0.03307888,0.085858586,0.635897436,0.328125,0.248021108,0.298102981,0.04494382,0.628205128,0.8,0.328990228,1
0.316546763,0.292929293,0.582329317,0.088235294,0,0.5625,0.026041667,0.69451074,0.034482759,0.695219124,0.477958237,0.465517241,0.599045346,0.654761905,0.544715447,0.069486405,0.025714286,0.589800443,0.415841584,0.680232558,0.301619433,0.023952096,0.085972851,0.696335079,0.5,0.059259259,0.102209945,0.025723473,0.221183801,0.638349515,0.003246753,0.150684932,0.274052478,0.616780045,0.062663185,0.021818182,0.010025063,0.112044818,0.492,0.137837838,0.503676471,0.3125,0.699346405,0.608490566,0.602631579,0.311258278,0.02247191,0.259541985,0.581291759,0.772073922,0.39488117,0.02266289,0.019178082,0.445221445,0.413978495,0.214137214,0.020050125,0.044982699,0.437853107,0.622685185,0.002898551,0.16576087,0.536312849,0.700239808,0.071161049,0.178010471,0.002336449,0.436260623,0.294985251,0.422222222,0.540856031,0.471774194,0.472527473,0.611111111,0.787128713,0.087301587,0.024449878,0.579831933,0.436363636,0.558139535,0.131519274,0.024456522,0.288801572,0.372492837,0.585185185,0.023136247,0.355140187,0.160377358,0.069343066,0.663573086,0.008108108,0.026737968,0.02259887,0.428571429,0.473451327,0.036945813,0.267955801,0.025974026,0.645320197,0.017948718,0.446308725,0.218543046,0.604591837,0.515662651,0.567774936,0.467811159,0.044378698,0.191304348,0.623556582,0.540229885,0.506775068,0.158663883,0.0486618,0.021857923,0.657079646,0.683371298,0.579952267,0.023121387,0.029411765,0.036827195,0.596816976,0.471649485,0.590243902,0.046728972,0.030612245,0.143646409,0.639705882,0.652078775,0.506465517,0.002941176,0.478632479,0.009677419,0.449799197,0.518939394,0.671081678,0.505988024,0.069767442,0.483180428,0.059895833,0.215010142,0.216165414,0.129476584,0.021563342,0.024169184,0.00280112,0.011527378,0.1015625,0.48358209,0.461309524,0.139726027,0.157181572,0.007168459,0.006269592,0.447058824,0.297385621,0.351612903,0.038167939,0.078282828,0.617948718,0.328125,0.242744063,0.298102981,0.041198502,0.628205128,0.797058824,0.32247557,1
0.316546763,0.28956229,0.578313253,0.143382353,0,0.4453125,0.0234375,0.682577566,0.023872679,0.496015936,0.575406032,0.38697318,0.54176611,0.630952381,0.468834688,0.145015106,0.025714286,0.534368071,0.502970297,0.581395349,0.157894737,0.023952096,0.119909502,0.607329843,0.52247191,0.09382716,0.096685083,0.022508039,0.146417445,0.611650485,0.003246753,0.147260274,0.268221574,0.707482993,0.065274151,0.025454545,0.025062657,0.112044818,0.492,0.135135135,0.5,0.309659091,0.562091503,0.650943396,0.528947368,0.459161148,0.02247191,0.175572519,0.650334076,0.527720739,0.281535649,0.02266289,0.032876712,0.34965035,0.577956989,0.361746362,0.01754386,0.041522491,0.299435028,0.587962963,0.002898551,0.160326087,0.530726257,0.676258993,0.052434457,0.178010471,0.002336449,0.436260623,0.297935103,0.419444444,0.536964981,0.471774194,0.483516484,0.531111111,0.472772277,0.079365079,0.024449878,0.617647059,0.434343434,0.609302326,0.074829932,0.024456522,0.26129666,0.518624642,0.481481481,0.023136247,0.348909657,0.150943396,0.127737226,0.596287703,0.008108108,0.026737968,0.019774011,0.408730159,0.473451327,0.044334975,0.229281768,0.025974026,0.645320197,0.015384615,0.44295302,0.218543046,0.489795918,0.551807229,0.554987212,0.536480687,0.065088757,0.156521739,0.381062356,0.522988506,0.525745257,0.114822547,0.01946472,0.024590164,0.546460177,0.849658314,0.632458234,0.031791908,0.026960784,0.036827195,0.522546419,0.422680412,0.473170732,0.043613707,0.027210884,0.132596685,0.654411765,0.669584245,0.512931034,0.002941176,0.482905983,0.009677419,0.31124498,0.426136364,0.637969095,0.508982036,0.072351421,0.486238532,0.122395833,0.409736308,0.32518797,0.129476584,0.018867925,0.024169184,0.00280112,0.011527378,0.1015625,0.48358209,0.458333333,0.136986301,0.157181572,0.010752688,0.006269592,0.443137255,0.290849673,0.348387097,0.03307888,0.590909091,0.646153846,0.328125,0.248021108,0.298102981,0.04494382,0.628205128,0.797058824,0.328990228,1
0.446043165,0.006734007,0.036144578,0.533088235,0,0.236979167,0.5546875,0.634844869,0.562334218,0.342629482,0.633410673,0.54789272,0.596658711,0.60952381,0.571815718,0.072507553,0.748571429,0.827050998,0.423762376,0.312015504,0.674089069,0.497005988,0.438914027,0.023560209,0.02247191,0.590123457,0.569060773,0.334405145,0.464174455,0.026699029,0.003246753,0.174657534,0.300291545,0.111111111,0.318537859,0.061818182,0.012531328,0.543417367,0.008,0.42972973,0.036764706,0.247159091,0.483660131,0.648584906,0.515789474,0.470198675,0.172284644,0.860050891,0.527839644,0.330595483,0.60511883,0.507082153,0.482191781,0.48951049,0.166666667,0.436590437,0.576441103,0.117647059,0.43220339,0.212962963,0.263768116,0.002717391,0.530726257,0.021582734,0.539325843,0.287958115,0.002336449,0.260623229,0.002949853,0.241666667,0.031128405,0.008064516,0.6,0.608888889,0.534653465,0.095238095,0.623471883,0.556722689,0.472727273,0.569767442,0.621315193,0.489130435,0.538310413,0.217765043,0.113580247,0.59125964,0.261682243,0.474842767,0.510948905,0.027842227,0,0.042780749,0.358757062,0.39484127,0.424778761,0.049261084,0.284530387,0.58961039,0.009852217,0.5,0.026845638,0.19205298,0.62244898,0.638554217,0.570332481,0.43776824,0.065088757,0.834782609,0.418013857,0.468390805,0.509485095,0.544885177,0.442822384,0.43442623,0.132743363,0.337129841,0.033412888,0.771676301,0.647058824,0.555240793,0.026525199,0.128865979,0.073170732,0.146417445,0.06462585,0.248618785,0.348039216,0.070021882,0.400862069,0.408823529,0.405982906,0.064516129,0.763052209,0.662878788,0.717439294,0.299401198,0.640826873,0.327217125,0.484375,0.503042596,0.466165414,0.429752066,0.479784367,0.567975831,0.00280112,0.011527378,0.0859375,0.268656716,0.282738095,0.512328767,0.284552846,0.451612903,0.376175549,0.011764706,0.330065359,0.009677419,0.040712468,0.156565657,0.023076923,0.059375,0.255936675,0.284552846,0.074906367,0.564102564,0.738235294,0.338762215,1
0.316546763,0.28956229,0.582329317,0.139705882,0,0.4140625,0.026041667,0.680190931,0.021220159,0.743027888,0.589327146,0.385057471,0.76849642,0.630952381,0.544715447,0.148036254,0.025714286,0.518847007,0.510891089,0.637596899,0.147773279,0.023952096,0.122171946,0.594240838,0.533707865,0.09382716,0.099447514,0.025723473,0.140186916,0.609223301,0.003246753,0.147260274,0.268221574,0.712018141,0.065274151,0.025454545,0.020050125,0.112044818,0.492,0.137837838,0.5,0.309659091,0.79956427,0.658018868,0.528947368,0.472406181,0.02247191,0.162849873,0.65701559,0.780287474,0.272394881,0.02266289,0.035616438,0.254079254,0.580645161,0.35966736,0.01754386,0.041522491,0.279661017,0.659722222,0.002898551,0.163043478,0.530726257,0.664268585,0.04494382,0.178010471,0.002336449,0.436260623,0.297935103,0.419444444,0.540856031,0.471774194,0.558241758,0.524444444,0.851485149,0.079365079,0.024449878,0.619747899,0.44040404,0.486046512,0.068027211,0.024456522,0.265225933,0.507163324,0.580246914,0.023136247,0.352024922,0.144654088,0.127737226,0.582366589,0.008108108,0.026737968,0.019774011,0.424603175,0.473451327,0.044334975,0.20718232,0.028571429,0.645320197,0.017948718,0.44295302,0.218543046,0.74744898,0.592771084,0.560102302,0.534334764,0.062130178,0.142028986,0.635103926,0.531609195,0.54200542,0.114822547,0.01946472,0.027322404,0.628318584,0.555808656,0.637231504,0.031791908,0.026960784,0.036827195,0.517241379,0.422680412,0.453658537,0.043613707,0.027210884,0.132596685,0.74754902,0.669584245,0.586206897,0.002941176,0.482905983,0.009677419,0.277108434,0.412878788,0.631346578,0.508982036,0.072351421,0.486238532,0.122395833,0.413793103,0.332706767,0.129476584,0.021563342,0.024169184,0.00280112,0.011527378,0.1015625,0.48358209,0.458333333,0.136986301,0.157181572,0.010752688,0.006269592,0.443137255,0.290849673,0.348387097,0.03307888,0.618686869,0.630769231,0.328125,0.248021108,0.298102981,0.041198502,0.628205128,0.797058824,0.325732899,1
0.446043165,0.01010101,0.088353414,0.529411765,0,0.244791667,0.604166667,0.711217184,0.557029178,0.227091633,0.635730858,0.41954023,0.498806683,0.604761905,0.504065041,0.160120846,0.748571429,0.470066519,0.536633663,0.406976744,0.487854251,0.505988024,0.522624434,0.018324607,0.02247191,0.627160494,0.657458564,0.138263666,0.464174455,0.02184466,0.003246753,0.160958904,0.297376093,0.097505669,0.321148825,0.069090909,0.015037594,0.459383754,0.012,0.591891892,0.055147059,0.244318182,0.359477124,0.66745283,0.484210526,0.520971302,0.224719101,0.575063613,0.710467706,0.305954825,0.458866545,0.481586402,0.509589041,0.417249417,0.163978495,0.750519751,0.64160401,0.100346021,0.435028249,0.157407407,0.255072464,0.002717391,0.525139665,0.021582734,0.546816479,0.287958115,0.002336449,0.288951841,0.002949853,0.375,0.06614786,0.008064516,0.549450549,0.482222222,0.420792079,0.079365079,0.628361858,0.605042017,0.454545455,0.602325581,0.43537415,0.548913043,0.504911591,0.203438395,0.07654321,0.580976864,0.308411215,0.248427673,0.50729927,0.032482599,0,0.037433155,0.355932203,0.357142857,0.42920354,0.064039409,0.29558011,0.498701299,0.009852217,0.605128205,0.036912752,0.188741722,0.528061224,0.602409639,0.557544757,0.497854077,0.286982249,0.695652174,0.404157044,0.462643678,0.550135501,0.450939457,0.394160584,0.428961749,0.185840708,0.448747153,0.031026253,0.664739884,0.656862745,0.57223796,0.029177719,0.131443299,0.075609756,0.140186916,0.051020408,0.226519337,0.254901961,0.054704595,0.310344828,0.411764706,0.418803419,0.070967742,0.495983936,0.450757576,0.57615894,0.206586826,0.519379845,0.256880734,0.658854167,0.732251521,0.57518797,0.534435262,0.582210243,0.552870091,0.00280112,0.008645533,0.1015625,0.385074627,0.363095238,0.646575342,0.284552846,0.455197133,0.376175549,0.007843137,0.323529412,0.006451613,0.038167939,0.189393939,0.023076923,0.059375,0.263852243,0.284552846,0.078651685,0.564102564,0.741176471,0.345276873,1
0.338129496,0.006734007,0.068273092,0.536764706,0.056338028,0.234375,0.408854167,0.658711217,0.978779841,0.35059761,0.614849188,0.620689655,0.594272076,0.569047619,0.601626016,0.087613293,0.945714286,0.532150776,0.657425743,0.30620155,0.657894737,0.94011976,0.733031674,0.031413613,0.02247191,0.42962963,0.157458564,0.022508039,0.464174455,0.02184466,0.003246753,0.880136986,0.241982507,0.092970522,0.315926893,0.203636364,0.010025063,0.613445378,0.008,0.262162162,0.022058824,0.732954545,0.48583878,0.643867925,0.571052632,0.42384106,0.790262172,0.633587786,0.674832962,0.351129363,0.636197441,1,0.610958904,0.51048951,0.169354839,0.511434511,0.263157895,0.003460208,0.43220339,0.210648148,0.266666667,0.673913043,0.324022346,0.021582734,0.539325843,0.282722513,0.011682243,0.390934844,0.029498525,0.197222222,0.015564202,0.116935484,0.591208791,0.557777778,0.554455446,0.277777778,0.936430318,0.495798319,0.674747475,0.548837209,0.666666667,0.6875,0.736738703,0.232091691,0.116049383,0.357326478,0.046728972,0.191823899,0.510948905,0.025522042,0.045945946,0.614973262,0.358757062,0.365079365,0.415929204,0.068965517,0.279005525,0.945454545,0.019704433,0.279487179,0.010067114,0.566225166,0.635204082,0.643373494,0.588235294,0.354077253,0.707100592,0.67826087,0.448036952,0.551724138,0.485094851,0.705636743,0.712895377,0.726775956,0.132743363,0.312072893,0.035799523,0.37283237,0.335784314,0.101983003,0.026525199,0.131443299,0.073170732,0.171339564,0.670068027,0.198895028,0.335784314,0.056892779,0.379310345,0.402941176,0.547008547,0.090322581,0.536144578,0.524621212,0.505518764,0.419161677,0.736434109,0.388379205,0.721354167,0.744421907,0.723684211,0.429752066,0.606469003,0.951661631,0.00280112,0.011527378,0.1015625,0.107462687,0.080357143,0.178082192,0.276422764,0.451612903,0.376175549,0.494117647,0.879084967,0.719354839,0.050890585,0.113636364,0.020512821,0.49375,0.482849604,0.533875339,0.161048689,0.666666667,0.770588235,0.469055375,1
0.374100719,0.326599327,0.590361446,0.415441176,0,0.143229167,0.015625,0.663484487,0.047745358,0.551792829,0.721577726,0.455938697,0.813842482,0.65,0.441734417,0.099697885,0.037142857,0.611973392,0.413861386,0.391472868,0.307692308,0.020958084,0.07918552,0.876963351,0.867977528,0.039506173,0.110497238,0.009646302,0.087227414,0.393203883,0.003246753,0.150684932,0.309037901,0.609977324,0.005221932,0.469090909,0,0.114845938,0.472,0.145945946,0.522058824,0.357954545,0.697167756,0.615566038,0.581578947,0.673289183,0.029962547,0.290076336,0.576837416,0.50513347,0.393053016,0.025495751,0.01369863,0.424242424,0.615591398,0.176715177,0.010025063,0.076124567,0.161016949,0.657407407,0.231884058,0.182065217,0.530726257,0.326139089,0.011235955,0.356020942,0.002336449,0.439093484,0.477876106,0.433333333,0.556420233,0.475806452,0.764835165,0.602222222,0.497524752,0.119047619,0.039119804,0.594537815,0.422222222,0.541860465,0.140589569,0.019021739,0.278978389,0.911174785,0.75308642,0.010282776,0.395638629,0.110062893,0.193430657,0.368909513,0.021621622,0.197860963,0.064971751,0.742063492,0.207964602,0.65270936,0.03038674,0.033766234,0.640394089,0.012820513,0.469798658,0.364238411,0.548469388,0.556626506,0.554987212,0.504291845,0.068047337,0.249275362,0.321016166,0.528735632,0.536585366,0.1565762,0.051094891,0.016393443,0.845132743,0.624145786,0.861575179,0.005780347,0.012254902,0.036827195,0.546419098,0.298969072,0.292682927,0.526479751,0.034013605,0.541436464,0.796568627,0.468271335,0.790948276,0.002941176,0.034188034,0.116129032,0.46184739,0.520833333,0.6799117,0.502994012,0.074935401,0.458715596,0.049479167,0.194726166,0.203007519,0.134986226,0.016172507,0.024169184,0.00280112,0.011527378,0.0625,0.504477612,0.488095238,0.150684932,0.073170732,0.007168459,0.006269592,0.454901961,0.254901961,0.364516129,0.045801527,0.755050505,0.076923077,0.375,0.707124011,0.533875339,0.074906367,0.615384615,0.702941176,0.114006515,1
0.338129496,0.003367003,0.012048193,0.536764706,0.028169014,0.239583333,0.369791667,0.539379475,0.973474801,0.233067729,0.633410673,0.683908046,0.517899761,0.619047619,0.531165312,0.205438066,0.845714286,0.5654102,0.621782178,0.38372093,0.748987854,0.871257485,0.699095023,0.023560209,0.02247191,0.330864198,0.237569061,0.025723473,0.464174455,0.016990291,0.003246753,0.880136986,0.241982507,0.092970522,0.315926893,0.203636364,0.012531328,0.487394958,0.008,0.210810811,0.018382353,0.732954545,0.383442266,0.672169811,0.589473684,0.501103753,0.423220974,0.760814249,0.581291759,0.285420945,0.70749543,0.963172805,0.460273973,0.461538462,0.169354839,0.457380457,0.323308271,0.003460208,0.435028249,0.164351852,0.263768116,0.671195652,0.318435754,0.021582734,0.539325843,0.282722513,0.014018692,0.164305949,0.002949853,0.125,0.015564202,0.116935484,0.558241758,0.644444444,0.440594059,0.380952381,0.958435208,0.592436975,0.694949495,0.604651163,0.712018141,0.578804348,0.756385069,0.226361032,0.074074074,0.313624679,0.068535826,0.110062893,0.510948905,0.027842227,0.043243243,0.614973262,0.358757062,0.353174603,0.411504425,0.073891626,0.284530387,0.927272727,0.009852217,0.315384615,0.006711409,0.566225166,0.556122449,0.61686747,0.578005115,0.508583691,0.890532544,0.87826087,0.394919169,0.540229885,0.539295393,0.736951983,0.700729927,0.655737705,0.165929204,0.435079727,0.033412888,0.306358382,0.355392157,0.127478754,0.026525199,0.131443299,0.073170732,0.168224299,0.670068027,0.193370166,0.262254902,0.050328228,0.318965517,0.405882353,0.547008547,0.093548387,0.708835341,0.664772727,0.620309051,0.28742515,0.746770026,0.370030581,0.565104167,0.626774848,0.693609023,0.245179063,0.493261456,0.897280967,0.00280112,0.011527378,0.1015625,0.137313433,0.113095238,0.243835616,0.276422764,0.451612903,0.376175549,0.494117647,0.879084967,0.719354839,0.066157761,0.166666667,0.020512821,0.49375,0.482849604,0.533875339,0.161048689,0.666666667,0.770588235,0.472312704,1
0.366906475,0.323232323,0.590361446,0.102941176,0,0.8359375,0.0234375,0.651551313,0.021220159,0.40438247,0.635730858,0.402298851,0.496420048,0.616666667,0.512195122,0.145015106,0.028571429,0.407982262,0.534653465,0.418604651,0.143724696,0.020958084,0.162895928,0.505235602,0.985955056,0.10617284,0.116022099,0.022508039,0.791277259,0.57038835,0.003246753,0.150684932,0.300291545,0.394557823,0.002610966,0.469090909,0,0.112044818,0.476,0.145945946,0.522058824,0.355113636,0.413943355,0.674528302,0.528947368,0.514348786,0.018726592,0.114503817,0.661469933,0.501026694,0.290676417,0.02266289,0.043835616,0.757575758,0.793010753,0.382536383,0.020050125,0.076124567,0.895480226,0.550925926,0.014492754,0.179347826,0.530726257,0.621103118,0.149812734,0.35078534,0.002336449,0.441926346,0.480825959,0.433333333,0.552529183,0.475806452,0.549450549,0.488888889,0.47029703,0.095238095,0.024449878,0.609243697,0.482828283,0.462790698,0.052154195,0.02173913,0.345776031,0.309455587,0.911111111,0.025706941,0.392523364,0.125786164,0.547445255,0.784222738,0.018918919,0.197860963,0.04519774,0.369047619,0.199115044,0.655172414,0.104972376,0.025974026,0.645320197,0.017948718,0.469798658,0.357615894,0.535714286,0.607228916,0.570332481,0.493562232,0.047337278,0.084057971,0.346420323,0.545977011,0.528455285,0.158663883,0.03406326,0.038251366,0.873893805,0.708428246,0.837708831,0.031791908,0.024509804,0.042492918,0.827586207,0.871134021,0.858536585,0.526479751,0.034013605,0.546961326,0.458333333,0.407002188,0.403017241,0.002941176,0.02991453,0.119354839,0.182730924,0.356060606,0.587196468,0.502994012,0.069767442,0.458715596,0.15625,0.454361055,0.389097744,0.134986226,0.018867925,0.024169184,0.00280112,0.017291066,0.1640625,0.501492537,0.485119048,0.153424658,0.070460705,0.071684588,0.006269592,0.454901961,0.248366013,0.364516129,0.045801527,0.196969697,0.043589744,0.375,0.704485488,0.528455285,0.078651685,0.608974359,0.697058824,0.114006515,1
0.417266187,0.101010101,0.144578313,0.525735294,0,0.2578125,0.9921875,0.513126492,0.450928382,0.219123506,0.633410673,0.672413793,0.482100239,0.602380952,0.487804878,0.256797583,0.311428571,0.600886918,0.578217822,0.412790698,0.75708502,1,0.694570136,0.010471204,0.02247191,0.797530864,0.698895028,0.922829582,0.46728972,0.024271845,0.003246753,0.318493151,0.33819242,0.10430839,0.321148825,0.265454545,0.020050125,0.442577031,0.064,0.616216216,0.084558824,0.605113636,0.339869281,0.660377358,0.555263158,0.536423841,0.014981273,0.72264631,0.53674833,0.314168378,0.703839122,0.756373938,0.942465753,0.377622378,0.163978495,0.474012474,0.842105263,0.404844291,0.440677966,0.155092593,0.243478261,0.010869565,0.569832402,0.023980815,0.550561798,0.256544503,0.002336449,0.424929178,0.563421829,0.491666667,0.085603113,0.044354839,0.540659341,0.642222222,0.410891089,0.079365079,0.35207824,0.611344538,0.666666667,0.604651163,0.671201814,1,0.73870334,0.197707736,0.07654321,0.966580977,0.514018692,0.704402516,0.50729927,0.03712297,0.005405405,0.267379679,0.353107345,0.359126984,0.331858407,0.450738916,0.306629834,0.532467532,0.014778325,0.851282051,0.127516779,0.453642384,0.50255102,0.585542169,0.534526854,0.525751073,0.062130178,0.385507246,0.415704388,0.543103448,0.571815718,0.730688935,0.654501217,0.819672131,0.183628319,0.432801822,0.028639618,0.924855491,0.838235294,0.852691218,0.031830239,0.134020619,0.07804878,0.386292835,0.06462585,0.486187845,0.25,0.061269147,0.308189655,0.414705882,0.179487179,0.109677419,0.738955823,0.676136364,0.637969095,0.191616766,0.240310078,0.051987768,0.7578125,0.565922921,0.663533835,0.581267218,0.90296496,0.909365559,0.092436975,0.017291066,0.296875,0.459701493,0.407738095,0.621917808,0.276422764,0.455197133,0.376175549,0.050980392,0.581699346,0.093548387,0.040712468,0.212121212,0.025641026,0.534375,0.733509235,0.571815718,0.041198502,0.576923077,0.714705882,0.208469055,1
0.338129496,0.471380471,0.164658635,0.536764706,0,0.236979167,0.9609375,0.656324582,0.533156499,0.356573705,0.635730858,0.415708812,0.608591885,0.569047619,0.579945799,0.078549849,0.314285714,0.793791574,0.433663366,0.304263566,0.530364372,0.976047904,0.588235294,0.013089005,0.02247191,0.896296296,0.91160221,0.739549839,0.464174455,0.033980583,0.003246753,0.886986301,0.239067055,0.115646259,0.315926893,0.210909091,0.010025063,0.302521008,0.012,0.640540541,0.378676471,0.730113636,0.496732026,0.646226415,0.460526316,0.46799117,0.02247191,0.804071247,0.545657016,0.347022587,0.468007313,0.745042493,1,0.454545455,0.166666667,0.474012474,0.764411028,0.577854671,0.43220339,0.224537037,0.266666667,0.682065217,0.30726257,0.026378897,0.539325843,0.282722513,0.002336449,0.23796034,0.002949853,0.502777778,0.225680934,0.133064516,0.608791209,0.484444444,0.547029703,0.079365079,0.378973105,0.56092437,0.42020202,0.560465116,0.557823129,0.970108696,0.493123772,0.229226361,0.120987654,0.98714653,0.816199377,0.490566038,0.510948905,0.03712297,0.081081081,0.620320856,0.358757062,0.400793651,0.407079646,0.071428571,0.281767956,0.412987013,0.009852217,0.730769231,0.479865772,0.566225166,0.632653061,0.645783133,0.570332481,0.564377682,0.171597633,0.939130435,0.427251732,0.465517241,0.525745257,0.488517745,0.596107056,0.890710383,0.128318584,0.287015945,0.026252983,0.783236994,0.808823529,0.943342776,0.031830239,0.131443299,0.07804878,0.177570093,0.68707483,0.20441989,0.362745098,0.076586433,0.411637931,0.402941176,0.547008547,0.096774194,0.662650602,0.534090909,0.642384106,0.128742515,0.315245478,0.085626911,0.8671875,0.470588235,0.477443609,0.446280992,0.781671159,0.761329305,0.008403361,0.011527378,0.09375,0.653731343,0.744047619,0.8,0.276422764,0.451612903,0.376175549,0.498039216,0.879084967,0.725806452,0.045801527,0.154040404,0.028205128,0.48125,0.46701847,0.528455285,0.168539326,0.666666667,0.767647059,0.478827362,1
0.417266187,0.016835017,0.080321285,0.529411765,0,0.25,0.986979167,0.62052506,0.350132626,0.324701195,0.649651972,0.659003831,0.591885442,0.578571429,0.56097561,0.084592145,0.334285714,0.514412417,0.665346535,0.319767442,0.698380567,0.943113772,0.730769231,0.015706806,0.02247191,0.837037037,0.610497238,0.794212219,0.46728972,0.031553398,0.003246753,0.321917808,0.33819242,0.117913832,0.318537859,0.265454545,0.015037594,0.263305322,0.064,0.543243243,0.069852941,0.605113636,0.472766885,0.660377358,0.576315789,0.498896247,0.014981273,0.503816794,0.659242762,0.308008214,0.674588665,0.648725212,0.923287671,0.463869464,0.166666667,0.577962578,0.862155388,0.200692042,0.437853107,0.208333333,0.249275362,0.010869565,0.569832402,0.023980815,0.546816479,0.251308901,0.002336449,0.175637394,0.563421829,0.333333333,0.077821012,0.044354839,0.604395604,0.593333333,0.51980198,0.087301587,0.339853301,0.539915966,0.698989899,0.581395349,0.555555556,0.972826087,0.756385069,0.206303725,0.10617284,0.979434447,0.323987539,1,0.50729927,0.034802784,0,0.272727273,0.353107345,0.404761905,0.327433628,0.450738916,0.298342541,0.428571429,0.009852217,0.846153846,0.040268456,0.453642384,0.614795918,0.640963855,0.570332481,0.358369099,0.026627219,0.475362319,0.406466513,0.540229885,0.536585366,0.724425887,0.591240876,0.781420765,0.128318584,0.339407745,0.028639618,0.959537572,0.882352941,0.611898017,0.029177719,0.131443299,0.07804878,0.395638629,0.071428571,0.491712707,0.340686275,0.074398249,0.400862069,0.411764706,0.170940171,0.103225806,0.604417671,0.590909091,0.540838852,0.110778443,0.297157623,0.082568807,0.8046875,0.718052738,0.72556391,0.41046832,0.873315364,0.836858006,0.070028011,0.023054755,0.421875,0.402985075,0.404761905,0.610958904,0.276422764,0.455197133,0.376175549,0.054901961,0.581699346,0.029032258,0.043256997,0.176767677,0.025641026,0.534375,0.730870712,0.571815718,0.041198502,0.570512821,0.714705882,0.205211726,1
0.438848921,0.262626263,0.574297189,0.349264706,0,0.494791667,0.026041667,0.653937947,0.042440318,0.557768924,0.675174014,0.498084291,0.665871122,0.642857143,0.455284553,0.722054381,0.022857143,0.589800443,0.417821782,0.370155039,0.36437247,0.020958084,0.119909502,0.065445026,0.941011236,0.039506173,0.093922652,0.025723473,0.68847352,0.934466019,0.077922078,0.976027397,0.008746356,0.630385488,0.088772846,0.218181818,0,0.114845938,0.5,0.135135135,0.481617647,0.579545455,0.575163399,0.575471698,0.615789474,0.70419426,0.029962547,0.31043257,0.523385301,0.519507187,0.436928702,0.019830028,0.021917808,0.484848485,0.948924731,0.141372141,0.020050125,0.024221453,0.607344633,1,0.002898551,0.706521739,0.195530726,0.60911271,0.052434457,0.267015707,0.004672897,0.439093484,0.315634218,0.416666667,0.525291829,0.459677419,0.659340659,0.624444444,0.495049505,0.119047619,0.02200489,0.544117647,0.476767677,0.572093023,0.163265306,0.024456522,0.359528487,0.64469914,1,0.023136247,0.320872274,0.110062893,0.697080292,0.631090487,0.581081081,0.812834225,0.005649718,0.68452381,0.349557522,0.041871921,0.138121547,0.023376623,0.645320197,0.015384615,0.419463087,0.572847682,0.459183673,0.496385542,0.552429668,0.422746781,0.035502959,0.197101449,0.334872979,0.554597701,0.517615176,0.219206681,0.068126521,0.030054645,0.738938053,0.412300683,0.651551313,0.01734104,0.031862745,0.033994334,1,0.853092784,0.695121951,0.130841121,0.921768707,0.635359116,0.87254902,0.789934354,0.702586207,0.011764706,0.568376068,0.44516129,0.481927711,0.537878788,0.664459161,0.517964072,0.07751938,0.510703364,0.052083333,0.168356998,0.272556391,0.132231405,0.018867925,0.021148036,0.00280112,0.011527378,0.109375,0.471641791,0.44047619,0.134246575,0.073170732,0.028673835,0.006269592,0.474509804,0.849673203,0.570967742,0.122137405,0.803030303,0.28974359,0.359375,0.205804749,0.45799458,0.243445693,0.762820513,0.788235294,0.557003257,1
0.330935252,0.127946128,0.084337349,0.900735294,0,0.1328125,0.609375,0.529832936,0.570291777,0.219123506,0.631090487,0.674329502,0.494033413,0.614285714,0.512195122,0.13897281,0.74,0.538802661,0.615841584,0.399224806,0.748987854,0.511976048,0.705882353,0.020942408,0.02247191,0.52345679,0.654696133,0.138263666,0.45482866,0.014563107,0.064935065,0.904109589,0.422740525,0.090702948,0.35770235,0.24,0,0.450980392,0.012,0.586486486,0.132352941,0.71875,0.357298475,0.669811321,0.576315789,0.509933775,0.213483146,0.68956743,0.576837416,0.291581109,0.702010969,0.490084986,0.550684932,0.435897436,0.174731183,0.461538462,0.644110276,0.096885813,0.480225989,0.155092593,0.84057971,0.711956522,0.290502793,0.019184652,0.404494382,0.293193717,0,0.280453258,0.002949853,0.363888889,0.062256809,0.108870968,0.545054945,0.631111111,0.418316832,0.071428571,0.628361858,0.602941176,0.686868687,0.606976744,0.646258503,0.554347826,0.754420432,0.690544413,0.071604938,0.588688946,0.358255452,0.213836478,0.53649635,0.023201856,0.089189189,0.625668449,0.646892655,0.345238095,0.380530973,0.061576355,0.008287293,0.496103896,0.009852217,0.605128205,0.218120805,0.556291391,0.530612245,0.602409639,0.565217391,0.489270386,0.278106509,0.704347826,0.399538106,0.534482759,0.552845528,0.739039666,0.574209246,0.551912568,0.17699115,0.44191344,0.035799523,0.673410405,0.661764706,0.569405099,0.026525199,0.242268041,0.124390244,0.514018692,0.727891156,0.281767956,0.24754902,0.04595186,0.299568966,0.470588235,0.534188034,0.064516129,0.702811245,0.65530303,0.620309051,0.200598802,0.509043928,0.247706422,0.614583333,0.632860041,0.693609023,0.52892562,0.582210243,0.549848943,0.00280112,0.723342939,0.109375,0.376119403,0.37797619,0.64109589,0.300813008,0.318996416,0.460815047,0.501960784,0.879084967,0.74516129,0.03307888,0.174242424,0.017948718,0.44375,0.416886544,0.506775068,0.191011236,0.66025641,0.75,0.498371336,1
0.374100719,0.956228956,0.682730924,0.147058824,0,0.442708333,0.020833333,0.665871122,0.023872679,0.501992032,0.591647332,0.388888889,0.54176611,0.626190476,0.463414634,0.175226586,0.028571429,0.527716186,0.512871287,0.560077519,0.151821862,0.020958084,0.126696833,0.573298429,0.536516854,0.088888889,0.160220994,0.038585209,0.146417445,0.609223301,0.003246753,0.380136986,0.279883382,0.716553288,0.010443864,0.505454545,0.027568922,0.218487395,0.488,0.17027027,0.959558824,0.465909091,0.564270153,0.658018868,0.523684211,0.483443709,0.018726592,0.167938931,0.652561247,0.517453799,0.279707495,0.02266289,0.032876712,0.375291375,0.591397849,0.353430353,0.01754386,0.903114187,0.290960452,0.587962963,0.017391304,0.578804348,0.502793296,0.678657074,0.04494382,0.397905759,0.002336449,0.464589235,0.489675516,0.458333333,0.86381323,0.689516129,0.494505495,0.517777778,0.477722772,0.095238095,0.026894866,0.62605042,0.448484848,0.597674419,0.068027211,0.019021739,0.280943026,0.510028653,0.474074074,0.017994859,0.906542056,0.132075472,0.135036496,0.593967517,0.413513514,0.20855615,0.04519774,0.422619048,0.128318584,0.684729064,0.229281768,0.025974026,0.54679803,0.017948718,0.986577181,0.334437086,0.494897959,0.559036145,0.549872123,0.549356223,0.073964497,0.156521739,0.367205543,0.531609195,0.536585366,0.121085595,0.02189781,0.027322404,0.533185841,0.842824601,0.634844869,0.026011561,0.022058824,0.093484419,0.517241379,0.43814433,0.463414634,0.542056075,0.391156463,0.569060773,0.659313725,0.671772429,0.521551724,0.002941176,0.081196581,0.167741935,0.28313253,0.410984848,0.633554084,0.488023952,0.095607235,0.262996942,0.125,0.413793103,0.340225564,0.23415978,0.02425876,0.027190332,0.00280112,0.011527378,0.0859375,0.674626866,0.839285714,0.142465753,0.054200542,0.007168459,0.006269592,0.823529412,0.444444444,0.777419355,0.040712468,0.623737374,0.653846154,0.396875,0.683377309,0.512195122,0.108614232,0.615384615,0.679411765,0.087947883,1
0.330935252,0.151515152,0.032128514,0.897058824,0,0.125,0.5546875,0.656324582,0.559681698,0.346613546,0.626450116,0.647509579,0.596658711,0.571428571,0.588075881,0.057401813,0.742857143,0.518847007,0.657425743,0.30620155,0.694331984,0.502994012,0.735294118,0.039267016,0.02247191,0.604938272,0.549723757,0.324758842,0.45482866,0.019417476,0.081168831,0.907534247,0.419825073,0.099773243,0.360313316,0.24,0,0.546218487,0.008,0.413513514,0.040441176,0.715909091,0.48583878,0.648584906,0.576315789,0.44812362,0.157303371,0.557251908,0.65701559,0.342915811,0.665447898,0.532577904,0.553424658,0.491841492,0.177419355,0.507276507,0.568922306,0.124567474,0.480225989,0.210648148,0.84057971,0.717391304,0.296089385,0.019184652,0.400749064,0.293193717,0,0.257790368,0.002949853,0.230555556,0.027237354,0.108870968,0.595604396,0.58,0.544554455,0.079365079,0.628361858,0.506302521,0.688888889,0.565116279,0.566893424,0.489130435,0.752455796,0.693409742,0.116049383,0.593830334,0.292834891,0.493710692,0.532846715,0.020881671,0.405405405,0.631016043,0.644067797,0.378968254,0.380530973,0.054187192,0.008287293,0.597402597,0.009852217,0.48974359,0.147651007,0.552980132,0.630102041,0.643373494,0.583120205,0.317596567,0.053254438,0.568115942,0.434180139,0.545977011,0.506775068,0.72651357,0.552311436,0.540983607,0.130530973,0.312072893,0.038186158,0.777456647,0.644607843,0.541076487,0.023872679,0.242268041,0.12195122,0.514018692,0.738095238,0.287292818,0.340686275,0.059080963,0.390086207,0.467647059,0.534188034,0.061290323,0.592369478,0.575757576,0.518763797,0.299401198,0.640826873,0.321100917,0.6953125,0.724137931,0.723684211,0.426997245,0.477088949,0.577039275,0.00280112,0.740634006,0.1015625,0.256716418,0.267857143,0.493150685,0.300813008,0.315412186,0.454545455,0.498039216,0.882352941,0.748387097,0.03562341,0.131313131,0.017948718,0.434375,0.406332454,0.504065041,0.187265918,0.66025641,0.75,0.495114007,1
0.374100719,0.95959596,0.674698795,0.095588235,0,0.580729167,0.0234375,0.687350835,0.037135279,0.647410359,0.73549884,0.461685824,0.906921241,0.65,0.485094851,0.081570997,0.028571429,0.596452328,0.415841584,0.395348837,0.303643725,0.020958084,0.085972851,0.691099476,0.5,0.056790123,0.168508287,0.048231511,0.23364486,0.633495146,0.003246753,0.380136986,0.282798834,0.634920635,0.007832898,0.505454545,0.015037594,0.218487395,0.488,0.175675676,0.955882353,0.465909091,0.801742919,0.622641509,0.592105263,0.501103753,0.018726592,0.269720102,0.583518931,0.53798768,0.393053016,0.019830028,0.016438356,0.431235431,0.424731183,0.216216216,0.020050125,0.91349481,0.463276836,0.641203704,0.020289855,0.578804348,0.497206704,0.707434053,0.074906367,0.403141361,0.002336449,0.467422096,0.483775811,0.458333333,0.856031128,0.677419355,0.821978022,0.606666667,0.693069307,0.103174603,0.024449878,0.584033613,0.43030303,0.525581395,0.133786848,0.02173913,0.284872299,0.381088825,0.486419753,0.017994859,0.909657321,0.150943396,0.076642336,0.668213457,0.418918919,0.213903743,0.048022599,0.708333333,0.119469027,0.679802956,0.301104972,0.025974026,0.536945813,0.020512821,0.986577181,0.347682119,0.742346939,0.638554217,0.560102302,0.480686695,0.053254438,0.208695652,0.374133949,0.531609195,0.509485095,0.158663883,0.0486618,0.019125683,0.466814159,0.544419134,0.582338902,0.020231214,0.026960784,0.099150142,0.588859416,0.479381443,0.597560976,0.548286604,0.397959184,0.569060773,0.830882353,0.647702407,0.795258621,0.002941176,0.076923077,0.158064516,0.451807229,0.517045455,0.671081678,0.488023952,0.093023256,0.250764526,0.059895833,0.221095335,0.218045113,0.236914601,0.026954178,0.027190332,0.005602241,0.011527378,0.0859375,0.671641791,0.839285714,0.145205479,0.054200542,0.003584229,0.006269592,0.819607843,0.447712418,0.774193548,0.048346056,0.116161616,0.633333333,0.39375,0.686015831,0.520325203,0.112359551,0.615384615,0.679411765,0.081433225,1
0.417266187,0.033670034,0.164658635,0.529411765,0,0.2578125,0.565104167,0.575178998,0.541114058,0.420318725,0.649651972,0.576628352,0.658711217,0.526190476,0.533875339,0.078549849,0.805714286,0.572062084,0.534653465,0.352713178,0.467611336,0.505988024,0.610859729,0.020942408,0.005617978,0.471604938,0.754143646,0.151125402,0.46728972,0.04368932,0.003246753,0.304794521,0.33819242,0.167800454,0.310704961,0.276363636,0.015037594,0.551820728,0.056,0.681081081,0.113970588,0.596590909,0.555555556,0.608490566,0.602631579,0.494481236,0.269662921,0.511450382,0.494432071,0.390143737,0.468007313,0.521246459,0.564383562,0.498834499,0.169354839,0.511434511,0.669172932,0.14532872,0.440677966,0.282407407,0.252173913,0.008152174,0.575418994,0.016786571,0.539325843,0.261780105,0.002336449,0.430594901,0.557522124,0.530555556,0.13229572,0.036290323,0.63956044,0.602222222,0.569306931,0.079365079,0.62591687,0.470588235,0.6,0.588372093,0.498866213,0.502717391,0.499017682,0.229226361,0.155555556,0.511568123,0.495327103,0.248427673,0.50729927,0.027842227,0,0.272727273,0.350282486,0.466269841,0.331858407,0.460591133,0.298342541,0.54025974,0.009852217,0.635897436,0.083892617,0.456953642,0.642857143,0.636144578,0.524296675,0.317596567,0.150887574,0.608695652,0.420323326,0.566091954,0.517615176,0.553235908,0.591240876,0.636612022,0.170353982,0.410022779,0.019093079,0.601156069,0.656862745,0.66572238,0.015915119,0.131443299,0.070731707,0.398753894,0.06122449,0.491712707,0.473039216,0.113785558,0.495689655,0.402941176,0.166666667,0.096774194,0.46184739,0.496212121,0.520971302,0.296407186,0.620155039,0.379204893,0.59375,0.460446247,0.44924812,0.619834711,0.592991914,0.564954683,0.005602241,0.017291066,0.0703125,0.56119403,0.538690476,0.742465753,0.27100271,0.448028674,0.369905956,0.047058824,0.575163399,0.029032258,0.053435115,0.21969697,0.023076923,0.521875,0.733509235,0.574525745,0.041198502,0.570512821,0.717647059,0.205211726,1
0.438848921,0.265993266,0.570281124,0.272058824,0,0.565104167,0.015625,0.720763723,0.055702918,0.488047809,0.475638051,0.488505747,0.577565632,0.619047619,0.550135501,0.060422961,0.014285714,0.631929047,0.44950495,0.436046512,0.408906883,0.008982036,0.13800905,0.581151832,0.5,0.083950617,0.096685083,0.022508039,0.23364486,0.618932039,0.068181818,0.976027397,0.008746356,0.680272109,0.08616188,0.218181818,0.035087719,0.112044818,0.492,0.135135135,0.481617647,0.590909091,0.498910675,0.54245283,0.568421053,0.251655629,0.026217228,0.432569975,0.619153675,0.511293634,0.449725777,0.014164306,0.019178082,0.384615385,0.682795699,0.347193347,0.012531328,0.027681661,0.406779661,0.597222222,0.002898551,0.70923913,0.195530726,0.721822542,0.086142322,0.267015707,0.002336449,0.441926346,0.306784661,0.422222222,0.525291829,0.451612903,0.540659341,0.606666667,0.596534653,0.087301587,0.024449878,0.548319328,0.460606061,0.486046512,0.22675737,0.010869565,0.377210216,0.693409742,0.624691358,0.015424165,0.333333333,0.22327044,0.244525547,0.649651972,0.572972973,0.807486631,0.008474576,0.412698413,0.35840708,0.039408867,0.350828729,0.01038961,0.640394089,0.007692308,0.419463087,0.57615894,0.540816327,0.457831325,0.519181586,0.465665236,0.056213018,0.379710145,0.577367206,0.50862069,0.509485095,0.275574113,0.087591241,0.032786885,0.668141593,0.603644647,0.627684964,0.037572254,0.026960784,0.028328612,0.538461538,0.518041237,0.548780488,0.121495327,0.918367347,0.624309392,0.583333333,0.665207877,0.506465517,0.008823529,0.572649573,0.425806452,0.522088353,0.545454545,0.668874172,0.517964072,0.069767442,0.50764526,0.088541667,0.340770791,0.312030075,0.129476584,0.008086253,0.006042296,0.00280112,0.014409222,0.109375,0.47761194,0.446428571,0.134246575,0.073170732,0.007168459,0.003134796,0.474509804,0.85620915,0.577419355,0.020356234,0.310606061,0.702564103,0.35625,0.205804749,0.466124661,0.235955056,0.756410256,0.788235294,0.550488599,1
0.338129496,0.225589226,0.080321285,0.904411765,0,0.15625,0.5703125,0.548926014,0.517241379,0.300796813,0.647331787,0.536398467,0.565632458,0.573809524,0.533875339,0.090634441,0.774285714,0.501108647,0.59009901,0.426356589,0.479757085,0.5,0.597285068,0.081151832,0.005617978,0.52345679,0.679558011,0.376205788,0.445482866,0.007281553,0.058441558,0.907534247,0.413994169,0.108843537,0.355091384,0.236363636,0,0.635854342,0.008,0.543243243,0.128676471,0.71875,0.440087146,0.660377358,0.573684211,0.514348786,0.205992509,0.58524173,0.556792873,0.351129363,0.431444241,0.529745042,0.556164384,0.48951049,0.174731183,0.461538462,0.634085213,0.179930796,0.480225989,0.185185185,0.831884058,0.711956522,0.290502793,0.004796163,0.4082397,0.293193717,0.002336449,0.399433428,0.002949853,0.358333333,0.058365759,0.100806452,0.589010989,0.528888889,0.48019802,0.055555556,0.574572127,0.56092437,0.604040404,0.597674419,0.544217687,0.489130435,0.499017682,0.702005731,0.096296296,0.570694087,0.417445483,0.336477987,0.54379562,0.009280742,0.083783784,0.64171123,0.641242938,0.398809524,0.389380531,0.061576355,0.005524862,0.58961039,0.019704433,0.566666667,0.244966443,0.559602649,0.584183673,0.626506024,0.560102302,0.396995708,0.065088757,0.591304348,0.406466513,0.566091954,0.509485095,0.561586639,0.605839416,0.62568306,0.236725664,0.54214123,0.031026253,0.75433526,0.681372549,0.651558074,0.00795756,0.25257732,0.124390244,0.501557632,0.734693878,0.287292818,0.31372549,0.056892779,0.38362069,0.473529412,0.542735043,0.067741935,0.465863454,0.414772727,0.51214128,0.45508982,0.710594315,0.498470948,0.549479167,0.452332657,0.466165414,0.531680441,0.522911051,0.580060423,0.005602241,0.708933718,0.1171875,0.367164179,0.398809524,0.630136986,0.298102981,0.318996416,0.460815047,0.478431373,0.882352941,0.738709677,0.027989822,0.191919192,0.005128205,0.434375,0.416886544,0.512195122,0.191011236,0.66025641,0.755882353,0.498371336,1
0.374100719,0.949494949,0.690763052,0.150735294,0,0.708333333,0.010416667,0.677804296,0.018567639,0.543824701,0.533642691,0.421455939,0.515513126,0.635714286,0.539295393,0.129909366,0.014285714,0.587583149,0.518811881,0.463178295,0.238866397,0.005988024,0.196832579,0.709424084,0.494382022,0.148148148,0.168508287,0.054662379,0.3894081,0.587378641,0.003246753,0.373287671,0.27696793,0.532879819,0.010443864,0.501818182,0.035087719,0.232492997,0.484,0.175675676,0.955882353,0.463068182,0.509803922,0.634433962,0.534210526,0.417218543,0.007490637,0.221374046,0.659242762,0.515400411,0.34369287,0.008498584,0.052054795,0.237762238,0.540322581,0.459459459,0.015037594,0.903114187,0.632768362,0.615740741,0.017391304,0.567934783,0.502793296,0.741007194,0.164794007,0.397905759,0.002336449,0.458923513,0.492625369,0.461111111,0.86381323,0.681451613,0.474725275,0.557777778,0.556930693,0.095238095,0.014669927,0.617647059,0.460606061,0.43255814,0.095238095,0.008152174,0.351669941,0.558739255,0.659259259,0.028277635,0.912772586,0.220125786,0.138686131,0.703016241,0.402702703,0.219251337,0.042372881,0.452380952,0.123893805,0.679802956,0.541436464,0.012987013,0.551724138,0.01025641,0.983221477,0.344370861,0.492346939,0.518072289,0.542199488,0.549356223,0.073964497,0.214492754,0.570438799,0.502873563,0.514905149,0.181628392,0.03406326,0.040983607,0.637168142,0.5261959,0.618138425,0.089595376,0.024509804,0.158640227,0.546419098,0.556701031,0.656097561,0.542056075,0.387755102,0.574585635,0.639705882,0.592997812,0.579741379,0.002941176,0.068376068,0.15483871,0.393574297,0.46969697,0.66004415,0.482035928,0.090439276,0.272171254,0.205729167,0.490872211,0.402255639,0.247933884,0.016172507,0.012084592,0.005602241,0.014409222,0.1015625,0.686567164,0.845238095,0.145205479,0.054200542,0.021505376,0.006269592,0.815686275,0.441176471,0.764516129,0.03562341,0.22979798,0.7,0.396875,0.688654354,0.520325203,0.112359551,0.608974359,0.676470588,0.087947883,1
0.374100719,0.087542088,0.510040161,0.261029412,0,0.583333333,0.0078125,0.696897375,0.061007958,0.513944223,0.503480278,0.471264368,0.577565632,0.619047619,0.569105691,0.096676737,0.291428571,0.651884701,0.457425743,0.406976744,0.396761134,0.005988024,0.124434389,0.562827225,0.508426966,0.074074074,0.229281768,0.009646302,0.236760125,0.61407767,0.003246753,0.154109589,0.259475219,0.68707483,0.010443864,0.501818182,0.045112782,0.238095238,0.648,0.167567568,0.389705882,0.369318182,0.507625272,0.554245283,0.547368421,0.317880795,0.685393258,0.445292621,0.625835189,0.515400411,0.435100548,0.014164306,0.01369863,0.337995338,0.680107527,0.330561331,0.022556391,0.024221453,0.420903955,0.608796296,0.014492754,0.038043478,0.497206704,0.73381295,0.086142322,0.382198953,0.002336449,0.552407932,0.631268437,0.455555556,0.39688716,0.435483871,0.551648352,0.595555556,0.623762376,0.126984127,0.073349633,0.571428571,0.446464646,0.481395349,0.219954649,0.008152174,0.349705305,0.676217765,0.639506173,0.005141388,0.492211838,0.172955975,0.237226277,0.656612529,0,0.219251337,0.042372881,0.444444444,0.101769912,0.687192118,0.389502762,0.033766234,0.699507389,0.012820513,0.332214765,0.321192053,0.586734694,0.474698795,0.52173913,0.508583691,0.088757396,0.434782609,0.575057737,0.502873563,0.520325203,0.248434238,0.080291971,0.024590164,0.657079646,0.601366743,0.627684964,0.01734104,0.014705882,0.059490085,0.530503979,0.520618557,0.553658537,0.535825545,0.037414966,0.580110497,0.588235294,0.665207877,0.517241379,0,0.076923077,0.170967742,0.524096386,0.539772727,0.675496689,0.78742515,0.369509044,0.98470948,0.088541667,0.350912779,0.302631579,0.148760331,0.005390836,0.01510574,0.00280112,0.014409222,0.0625,0.540298507,0.55952381,0.243835616,0.048780488,0,0.003134796,0.478431373,0.248366013,0.377419355,0.043256997,0.378787879,0.725641026,0.3625,0.680738786,0.506775068,0.119850187,0.602564103,0.667647059,0.084690554,1
0.474820144,0.703703704,0.831325301,0.154411765,0,0.6953125,0.015625,0.696897375,0.015915119,0.523904382,0.517401392,0.421455939,0.515513126,0.638095238,0.531165312,0.090634441,0.011428571,0.576496674,0.506930693,0.476744186,0.236842105,0.005988024,0.183257919,0.730366492,0.491573034,0.165432099,0.70441989,0.093247588,0.380062305,0.589805825,0.409090909,0.979452055,0.023323615,0.517006803,0.078328982,0.247272727,0.027568922,0.117647059,0.412,0.513513514,0.871323529,0.511363636,0.507625272,0.627358491,0.552631579,0.386313466,0.003745318,0.218829517,0.659242762,0.509240246,0.34369287,0.005665722,0.054794521,0.27039627,0.543010753,0.478170478,0.110275689,0.740484429,0.621468927,0.587962963,0.005797101,0.692934783,0.189944134,0.731414868,0.161048689,0.267015707,0.002336449,0.606232295,0.132743363,0.736111111,0.86770428,0.504032258,0.468131868,0.568888889,0.514851485,0.063492063,0.007334963,0.602941176,0.450505051,0.446511628,0.097505669,0.010869565,0.337917485,0.581661891,0.64691358,0.035989717,0.956386293,0.298742138,0.138686131,0.69837587,0.610810811,0.834224599,0.008474576,0.416666667,0.292035398,0.061576355,0.516574586,0.007792208,0.625615764,0.082051282,0.818791946,0.559602649,0.466836735,0.515662651,0.552429668,0.521459227,0.056213018,0.191304348,0.558891455,0.505747126,0.512195122,0.171189979,0.03163017,0.038251366,0.650442478,0.5261959,0.61575179,0.231213873,0.12745098,0.637393768,0.554376658,0.559278351,0.653658537,0.205607477,0.959183673,0.718232044,0.625,0.592997812,0.564655172,0.070588235,0.547008547,0.483870968,0.397590361,0.475378788,0.657836645,0.51497006,0.105943152,0.568807339,0.205729167,0.492900609,0.392857143,0.280991736,0.032345013,0.006042296,0.005602241,0.014409222,0.140625,0.898507463,0.952380952,0.643835616,0.051490515,0.021505376,0.003134796,0.592156863,0.823529412,0.65483871,0.015267176,0.156565657,0.679487179,0.371875,0.211081794,0.425474255,0.280898876,0.782051282,0.770588235,0.592833876,1
0.338129496,0.2996633,0.578313253,0.264705882,0,0.575520833,0.010416667,0.706443914,0.061007958,0.503984064,0.494199536,0.477011494,0.579952267,0.619047619,0.563685637,0.084592145,0.022857143,0.645232816,0.455445545,0.416666667,0.400809717,0.008982036,0.128959276,0.570680628,0.505617978,0.07654321,0.099447514,0.012861736,0.236760125,0.616504854,0.003246753,0.157534247,0.268221574,0.684807256,0.060052219,0.021818182,0.042606516,0.106442577,0.48,0.137837838,0.503676471,0.3125,0.505446623,0.551886792,0.555263158,0.293598234,0.026217228,0.440203562,0.623608018,0.515400411,0.440585009,0.016997167,0.01369863,0.354312354,0.680107527,0.336798337,0.007518797,0.051903114,0.415254237,0.604166667,0.002898551,0.16576087,0.541899441,0.731414868,0.08988764,0.188481675,0.002336449,0.439093484,0.286135693,0.425,0.540856031,0.463709677,0.547252747,0.6,0.616336634,0.111111111,0.036674817,0.56512605,0.452525253,0.48372093,0.222222222,0.008152174,0.359528487,0.681948424,0.634567901,0.010282776,0.367601246,0.188679245,0.240875912,0.654292343,0.010810811,0.032085561,0.019774011,0.43452381,0.469026549,0.032019704,0.375690608,0.015584416,0.640394089,0.005128205,0.44966443,0.218543046,0.568877551,0.469879518,0.52173913,0.493562232,0.073964497,0.414492754,0.577367206,0.502873563,0.517615176,0.256784969,0.082725061,0.027322404,0.661504425,0.601366743,0.627684964,0.023121387,0.014705882,0.028328612,0.533156499,0.518041237,0.551219512,0.046728972,0.037414966,0.165745856,0.585784314,0.665207877,0.512931034,0.002941176,0.47008547,0.006451613,0.524096386,0.543560606,0.675496689,0.505988024,0.067183463,0.47706422,0.088541667,0.346855984,0.304511278,0.126721763,0.005390836,0.006042296,0.005602241,0.014409222,0.078125,0.489552239,0.467261905,0.139726027,0.151761518,0.003584229,0.003134796,0.439215686,0.300653595,0.348387097,0.03562341,0.358585859,0.717948718,0.321875,0.242744063,0.298102981,0.041198502,0.615384615,0.791176471,0.32247557,1
0.330935252,0.286195286,0.578313253,0.150735294,0,0.700520833,0.015625,0.687350835,0.018567639,0.537848606,0.526682135,0.423371648,0.515513126,0.638095238,0.536585366,0.114803625,0.014285714,0.585365854,0.514851485,0.468992248,0.240890688,0.008982036,0.194570136,0.719895288,0.491573034,0.155555556,0.102209945,0.025723473,0.38317757,0.589805825,0.003246753,0.150684932,0.259475219,0.526077098,0.062663185,0.029090909,0.032581454,0.106442577,0.484,0.135135135,0.496323529,0.309659091,0.507625272,0.629716981,0.539473684,0.40397351,0.018726592,0.223918575,0.661469933,0.513347023,0.345521024,0.008498584,0.054794521,0.247086247,0.540322581,0.46985447,0.012531328,0.044982699,0.624293785,0.604166667,0.002898551,0.157608696,0.536312849,0.736211031,0.161048689,0.193717277,0.002336449,0.439093484,0.294985251,0.422222222,0.53307393,0.459677419,0.472527473,0.562222222,0.53960396,0.079365079,0.014669927,0.613445378,0.456565657,0.437209302,0.097505669,0.010869565,0.347740668,0.564469914,0.651851852,0.033419023,0.355140187,0.226415094,0.138686131,0.700696056,0.008108108,0.032085561,0.019774011,0.438492063,0.473451327,0.041871921,0.527624309,0.01038961,0.640394089,0.007692308,0.439597315,0.218543046,0.479591837,0.515662651,0.547314578,0.538626609,0.068047337,0.208695652,0.56812933,0.502873563,0.514905149,0.181628392,0.03406326,0.040983607,0.64159292,0.523917995,0.61575179,0.060693642,0.024509804,0.033994334,0.551724138,0.556701031,0.653658537,0.043613707,0.030612245,0.143646409,0.632352941,0.592997812,0.573275862,0.002941176,0.478632479,0.006451613,0.397590361,0.473484848,0.66004415,0.508982036,0.064599483,0.486238532,0.208333333,0.494929006,0.402255639,0.126721763,0.008086253,0.006042296,0.005602241,0.014409222,0.1171875,0.48358209,0.458333333,0.136986301,0.151761518,0.021505376,0.003134796,0.435294118,0.297385621,0.341935484,0.025445293,0.204545455,0.68974359,0.321875,0.245382586,0.298102981,0.04494382,0.621794872,0.794117647,0.328990228,1
0.446043165,0.03030303,0.164658635,0.533088235,0,0.2421875,0.565104167,0.572792363,0.541114058,0.422310757,0.649651972,0.574712644,0.661097852,0.526190476,0.531165312,0.078549849,0.805714286,0.572062084,0.534653465,0.354651163,0.467611336,0.502994012,0.610859729,0.020942408,0.008426966,0.469135802,0.751381215,0.147909968,0.464174455,0.046116505,0.003246753,0.171232877,0.300291545,0.170068027,0.310704961,0.058181818,0.012531328,0.549019608,0.008,0.681081081,0.113970588,0.241477273,0.555555556,0.608490566,0.602631579,0.496688742,0.269662921,0.513994911,0.494432071,0.390143737,0.466179159,0.518413598,0.564383562,0.498834499,0.166666667,0.511434511,0.669172932,0.14532872,0.435028249,0.284722222,0.263768116,0,0.536312849,0.019184652,0.535580524,0.282722513,0.002336449,0.430594901,0.002949853,0.530555556,0.13229572,0.008064516,0.641758242,0.602222222,0.569306931,0.087301587,0.62591687,0.470588235,0.6,0.588372093,0.498866213,0.505434783,0.499017682,0.23495702,0.158024691,0.511568123,0.492211838,0.245283019,0.510948905,0.030162413,0,0.042780749,0.355932203,0.468253968,0.433628319,0.04679803,0.287292818,0.54025974,0.009852217,0.635897436,0.080536913,0.195364238,0.642857143,0.63373494,0.52173913,0.317596567,0.156804734,0.611594203,0.418013857,0.568965517,0.517615176,0.555323591,0.591240876,0.633879781,0.170353982,0.412300683,0.016706444,0.598265896,0.656862745,0.662889518,0.018567639,0.128865979,0.070731707,0.146417445,0.06122449,0.237569061,0.475490196,0.115973742,0.497844828,0.4,0.418803419,0.061290323,0.459839357,0.496212121,0.520971302,0.293413174,0.617571059,0.348623853,0.59375,0.460446247,0.44924812,0.622589532,0.595687332,0.564954683,0.005602241,0.014409222,0.0703125,0.558208955,0.535714286,0.742465753,0.281842818,0.448028674,0.373040752,0.011764706,0.330065359,0.009677419,0.053435115,0.222222222,0.025641026,0.05625,0.250659631,0.287262873,0.074906367,0.564102564,0.744117647,0.342019544,1
0.45323741,0.02020202,0.084337349,0.672794118,0,0.645833333,0.5703125,0.54176611,0.519893899,0.296812749,0.649651972,0.542145594,0.563245823,0.573809524,0.525745257,0.105740181,0.774285714,0.503325942,0.586138614,0.428294574,0.479757085,0.502994012,0.595022624,0.036649215,0.06741573,0.525925926,0.679558011,0.372990354,0.813084112,0.041262136,0.003246753,0.157534247,0.317784257,0.117913832,0.318537859,0.076363636,0,0.641456583,0.008,0.543243243,0.0625,0.244318182,0.435729847,0.660377358,0.573684211,0.523178808,0.202247191,0.590330789,0.547884187,0.351129363,0.435100548,0.532577904,0.55890411,0.477855478,0.706989247,0.461538462,0.636591479,0.155709343,0.799435028,0.185185185,0.4,0,0.525139665,0.016786571,0.606741573,0.298429319,0.002336449,0.407932011,0.002949853,0.361111111,0.062256809,0.008064516,0.589010989,0.535555556,0.475247525,0.055555556,0.572127139,0.567226891,0.604040404,0.597674419,0.548752834,0.491847826,0.499017682,0.449856734,0.09382716,0.573264781,0.370716511,0.333333333,0.824817518,0.303944316,0,0.037433155,0.384180791,0.400793651,0.42920354,0.071428571,0.35359116,0.592207792,0.024630542,0.566666667,0.053691275,0.185430464,0.579081633,0.624096386,0.554987212,0.412017167,0.068047337,0.6,0.406466513,0.563218391,0.512195122,0.561586639,0.610705596,0.62568306,0.236725664,0.535307517,0.143198091,0.757225434,0.681372549,0.651558074,0.023872679,0.675257732,0.565853659,0.190031153,0.047619048,0.232044199,0.31127451,0.107221007,0.381465517,0.505882353,0.427350427,0.093548387,0.463855422,0.418560606,0.516556291,0.464071856,0.713178295,0.504587156,0.544270833,0.45030426,0.464285714,0.537190083,0.525606469,0.583081571,0.00280112,0.014409222,0.109375,0.367164179,0.37797619,0.630136986,0.219512195,0.46953405,0.29153605,0.011764706,0.316993464,0.009677419,0.03562341,0.199494949,0.01025641,0.0625,0.27176781,0.284552846,0.082397004,0.557692308,0.735294118,0.348534202,1
0.309352518,0.888888889,0.763052209,0.150735294,0,0.697916667,0.015625,0.69451074,0.015915119,0.53187251,0.522041763,0.423371648,0.515513126,0.638095238,0.533875339,0.099697885,0.008571429,0.580931264,0.510891089,0.472868217,0.238866397,0.005988024,0.185520362,0.719895288,0.491573034,0.158024691,0.372928177,0.08681672,0.380062305,0.589805825,0.003246753,0.287671233,0.250728863,0.526077098,0.070496084,0.029090909,0.032581454,0.19047619,0.472,0.151351351,0.948529412,0.366477273,0.507625272,0.629716981,0.547368421,0.395143488,0.003745318,0.218829517,0.659242762,0.511293634,0.345521024,0.005665722,0.054794521,0.258741259,0.543010753,0.474012474,0.037593985,0.885813149,0.621468927,0.599537037,0.002898551,0.456521739,0.519553073,0.736211031,0.161048689,0.188481675,0.002336449,0.456090652,0.351032448,0.547222222,0.887159533,0.633064516,0.47032967,0.566666667,0.52970297,0.071428571,0.007334963,0.607142857,0.452525253,0.441860465,0.097505669,0.010869565,0.339882122,0.573065903,0.651851852,0.035989717,0.956386293,0.273584906,0.138686131,0.700696056,0.245945946,0.042780749,0.016949153,0.432539683,0.482300885,0.032019704,0.524861878,0.01038961,0.591133005,0.015384615,0.94966443,0.228476821,0.474489796,0.515662651,0.549872123,0.530042918,0.062130178,0.197101449,0.565819861,0.505747126,0.512195122,0.173277662,0.03163017,0.038251366,0.64380531,0.5261959,0.618138425,0.150289017,0.046568627,0.348441926,0.551724138,0.554123711,0.653658537,0.046728972,0.153061224,0.110497238,0.629901961,0.595185996,0.57112069,0.002941176,0.504273504,0.006451613,0.399598394,0.475378788,0.66004415,0.5,0.121447028,0.431192661,0.203125,0.492900609,0.394736842,0.148760331,0.008086253,0.009063444,0.005602241,0.014409222,0.125,0.791044776,0.907738095,0.232876712,0.157181572,0.021505376,0.003134796,0.737254902,0.395424837,0.674193548,0.022900763,0.186868687,0.68974359,0.33125,0.26121372,0.295392954,0.056179775,0.628205128,0.8,0.342019544,1
0.330935252,0.050505051,0.43373494,0.261029412,0.025352113,0.580729167,0.005208333,0.69928401,0.061007958,0.507968127,0.498839907,0.471264368,0.579952267,0.619047619,0.566395664,0.093655589,0.148571429,0.649667406,0.457425743,0.412790698,0.396761134,0.005988024,0.122171946,0.570680628,0.505617978,0.071604938,0.140883978,0.009646302,0.236760125,0.616504854,0.003246753,0.178082192,0.29154519,0.684807256,0.057441253,0.018181818,0.042606516,0.117647059,0.776,0.302702703,0.397058824,0.335227273,0.507625272,0.556603774,0.55,0.309050773,0.794007491,0.440203562,0.625835189,0.515400411,0.435100548,0.014164306,0.01369863,0.342657343,0.680107527,0.334719335,0.020050125,0,0.420903955,0.606481481,0.002898551,0.135869565,0.553072626,0.73381295,0.08988764,0.167539267,0.002336449,0.45325779,0.681415929,0.475,0.373540856,0.443548387,0.549450549,0.597777778,0.621287129,0.126984127,0.039119804,0.571428571,0.448484848,0.481395349,0.215419501,0.005434783,0.349705305,0.679083095,0.637037037,0.005141388,0.196261682,0.176100629,0.237226277,0.656612529,0,0.026737968,0.025423729,0.438492063,0.469026549,0.088669951,0.383977901,0.015584416,0.689655172,0.028205128,0.375838926,0.21192053,0.576530612,0.474698795,0.52173913,0.506437768,0.085798817,0.426086957,0.577367206,0.502873563,0.520325203,0.246346555,0.077858881,0.024590164,0.661504425,0.601366743,0.627684964,0.01734104,0.009803922,0.019830028,0.533156499,0.518041237,0.553658537,0.052959502,0.030612245,0.198895028,0.585784314,0.665207877,0.515086207,0.002941176,0.452991453,0.009677419,0.522088353,0.539772727,0.675496689,0.643712575,0.111111111,0.960244648,0.0859375,0.350912779,0.302631579,0.228650138,0.016172507,0.009063444,0.005602241,0.014409222,0.0703125,0.513432836,0.449404762,0.312328767,0.157181572,0.003584229,0.003134796,0.517647059,0.310457516,0.451612903,0.040712468,0.363636364,0.720512821,0.3375,0.340369393,0.300813008,0.033707865,0.615384615,0.794117647,0.306188925,1
0.316546763,0.895622896,0.746987952,0.268382353,0,0.575520833,0.010416667,0.711217184,0.058355438,0.5,0.489559165,0.482758621,0.579952267,0.619047619,0.56097561,0.075528701,0.017142857,0.640798226,0.451485149,0.424418605,0.402834008,0.005988024,0.128959276,0.568062827,0.505617978,0.079012346,0.367403315,0.118971061,0.236760125,0.616504854,0.003246753,0.294520548,0.262390671,0.684807256,0.067885117,0.025454545,0.040100251,0.196078431,0.472,0.148648649,0.944852941,0.366477273,0.503267974,0.549528302,0.560526316,0.278145695,0.011235955,0.437659033,0.621380846,0.515400411,0.442413163,0.014164306,0.016438356,0.365967366,0.682795699,0.336798337,0.030075188,0.903114187,0.412429379,0.604166667,0.002898551,0.464673913,0.530726257,0.729016787,0.08988764,0.183246073,0.002336449,0.45325779,0.333333333,0.530555556,0.875486381,0.620967742,0.545054945,0.602222222,0.611386139,0.103174603,0.029339853,0.558823529,0.454545455,0.486046512,0.222222222,0.008152174,0.36345776,0.684813754,0.634567901,0.01285347,0.959501558,0.251572327,0.244525547,0.654292343,0.267567568,0.048128342,0.019774011,0.428571429,0.477876106,0.024630542,0.370165746,0.012987013,0.566502463,0.012820513,0.94966443,0.231788079,0.558673469,0.465060241,0.52173913,0.484978541,0.068047337,0.402898551,0.577367206,0.505747126,0.514905149,0.263048017,0.082725061,0.030054645,0.663716814,0.603644647,0.627684964,0.057803468,0.029411765,0.328611898,0.535809019,0.520618557,0.551219512,0.049844237,0.166666667,0.127071823,0.585784314,0.665207877,0.512931034,0.002941176,0.491452991,0.006451613,0.522088353,0.543560606,0.673289183,0.5,0.121447028,0.415902141,0.0859375,0.342799189,0.306390977,0.154269972,0.008086253,0.009063444,0.005602241,0.014409222,0.09375,0.782089552,0.904761905,0.224657534,0.157181572,0.003584229,0.003134796,0.733333333,0.39869281,0.674193548,0.03307888,0.348484848,0.715384615,0.33125,0.258575198,0.295392954,0.048689139,0.628205128,0.8,0.332247557,1
0.45323741,0.02020202,0.084337349,0.669117647,0,0.643229167,0.578125,0.546539379,0.530503979,0.300796813,0.645011601,0.54789272,0.570405728,0.569047619,0.533875339,0.087613293,0.78,0.503325942,0.586138614,0.418604651,0.48582996,0.505988024,0.588235294,0.041884817,0.06741573,0.533333333,0.674033149,0.347266881,0.809968847,0.050970874,0.003246753,0.164383562,0.320699708,0.115646259,0.313315927,0.08,0,0.641456583,0.008,0.543243243,0.0625,0.247159091,0.446623094,0.658018868,0.578947368,0.51214128,0.198501873,0.58778626,0.545657016,0.344969199,0.440585009,0.535410765,0.553424658,0.498834499,0.709677419,0.467775468,0.636591479,0.148788927,0.799435028,0.189814815,0.388405797,0,0.530726257,0.014388489,0.602996255,0.298429319,0.002336449,0.40509915,0.002949853,0.355555556,0.062256809,0.012096774,0.591208791,0.537777778,0.485148515,0.055555556,0.574572127,0.556722689,0.608080808,0.597674419,0.56462585,0.5,0.502946955,0.455587393,0.09382716,0.580976864,0.358255452,0.339622642,0.821167883,0.315545244,0,0.037433155,0.38700565,0.400793651,0.438053097,0.064039409,0.339779006,0.592207792,0.024630542,0.569230769,0.053691275,0.188741722,0.586734694,0.626506024,0.557544757,0.392703863,0.062130178,0.605797101,0.404157044,0.566091954,0.506775068,0.565762004,0.615571776,0.620218579,0.223451327,0.533029613,0.14797136,0.757225434,0.681372549,0.64305949,0.023872679,0.675257732,0.568292683,0.186915888,0.051020408,0.220994475,0.321078431,0.10940919,0.387931034,0.508823529,0.435897436,0.093548387,0.463855422,0.424242424,0.507726269,0.464071856,0.718346253,0.50764526,0.53125,0.454361055,0.460526316,0.537190083,0.530997305,0.586102719,0.00280112,0.011527378,0.1171875,0.36119403,0.37202381,0.62739726,0.222222222,0.458781362,0.29153605,0.015686275,0.326797386,0.012903226,0.03307888,0.191919192,0.007692308,0.0625,0.26121372,0.284552846,0.086142322,0.557692308,0.741176471,0.351791531,1
0.417266187,0.033670034,0.176706827,0.529411765,0,0.2578125,0.5625,0.539379475,0.538461538,0.406374502,0.658932715,0.82183908,0.651551313,0.704761905,0.588075881,0.090634441,0.8,0.569844789,0.815841584,0.368217054,0.570850202,0.5,0.615384615,0.020942408,0.005617978,0.464197531,0.756906077,0.144694534,0.46728972,0.046116505,0.003246753,0.304794521,0.33819242,0.183673469,0.310704961,0.276363636,0.015037594,0.551820728,0.052,0.689189189,0.121323529,0.596590909,0.544662309,0.615566038,0.931578947,0.523178808,0.262172285,0.536895674,0.759465479,0.371663244,0.718464351,0.515580737,0.580821918,0.496503497,0.166666667,0.505197505,0.669172932,0.14532872,0.440677966,0.277777778,0.249275362,0.008152174,0.575418994,0.019184652,0.539325843,0.261780105,0.002336449,0.444759207,0.557522124,0.541666667,0.140077821,0.040322581,0.63956044,0.88,0.54950495,0.079365079,0.628361858,0.478991597,0.866666667,0.593023256,0.469387755,0.502717391,0.721021611,0.226361032,0.148148148,0.508997429,0.501557632,0.210691824,0.50729927,0.030162413,0,0.272727273,0.350282486,0.48015873,0.331858407,0.463054187,0.301104972,0.537662338,0.009852217,0.635897436,0.083892617,0.456953642,0.62755102,0.628915663,0.649616368,0.317596567,0.171597633,0.617391304,0.408775982,0.939655172,0.666666667,0.586638831,0.569343066,0.633879781,0.174778761,0.444191344,0.016706444,0.586705202,0.651960784,0.662889518,0.015915119,0.131443299,0.070731707,0.398753894,0.06122449,0.491712707,0.470588235,0.122538293,0.5,0.402941176,0.166666667,0.1,0.544176707,0.744318182,0.642384106,0.293413174,0.607235142,0.363914373,0.627604167,0.535496957,0.657894737,0.630853994,0.595687332,0.564954683,0.005602241,0.017291066,0.0703125,0.570149254,0.547619048,0.745205479,0.27100271,0.448028674,0.369905956,0.054901961,0.575163399,0.025806452,0.053435115,0.267676768,0.023076923,0.521875,0.733509235,0.574525745,0.041198502,0.570512821,0.717647059,0.201954397,1
0.431654676,0.269360269,0.570281124,0.213235294,0,0.6640625,0.015625,0.701670644,0.068965517,0.573705179,0.814385151,0.530651341,0.744630072,0.588095238,0.582655827,0.175226586,0.011428571,0.589800443,0.461386139,0.391472868,0.465587045,0.008982036,0.257918552,0.701570681,0.485955056,0.054320988,0.099447514,0.025723473,0.295950156,0.606796117,0.077922078,0.976027397,0.011661808,0.616780045,0.08616188,0.218181818,0.035087719,0.112044818,0.488,0.137837838,0.481617647,0.588068182,0.614379085,0.622641509,0.589473684,0.770419426,0.026217228,0.450381679,0.55233853,0.49486653,0.493601463,0.02266289,0.038356164,0.48951049,0.607526882,0.201663202,0.015037594,0.031141869,0.564971751,0.675925926,0.002898551,0.714673913,0.201117318,0.741007194,0.134831461,0.267015707,0.002336449,0.441926346,0.303834808,0.422222222,0.525291829,0.451612903,0.76043956,0.615555556,0.631188119,0.079365079,0.019559902,0.544117647,0.521212121,0.527906977,0.306122449,0.010869565,0.459724951,0.661891117,0.659259259,0.017994859,0.333333333,0.179245283,0.160583942,0.691415313,0.589189189,0.807486631,0.008474576,0.676587302,0.35840708,0.032019704,0.483425414,0.007792208,0.63546798,0.007692308,0.419463087,0.572847682,0.658163265,0.63373494,0.514066496,0.403433476,0.026627219,0.301449275,0.561200924,0.534482759,0.482384824,0.375782881,0.141119221,0.071038251,0.57079646,0.630979499,0.62052506,0.023121387,0.026960784,0.031161473,0.554376658,0.523195876,0.626829268,0.124610592,0.921768707,0.624309392,0.698529412,0.625820569,0.663793103,0.041176471,0.572649573,0.4,0.53815261,0.556818182,0.633554084,0.517964072,0.067183463,0.50764526,0.114583333,0.30831643,0.390977444,0.132231405,0.008086253,0.006042296,0.00280112,0.014409222,0.1328125,0.47761194,0.446428571,0.136986301,0.075880759,0.010752688,0.003134796,0.474509804,0.85620915,0.583870968,0.022900763,0.674242424,0.705128205,0.35625,0.200527704,0.460704607,0.232209738,0.75,0.788235294,0.54723127,1
0.338129496,0.161616162,0.080321285,0.529411765,0,0.255208333,0.567708333,0.54176611,0.527851459,0.322709163,0.649651972,0.808429119,0.589498807,0.671428571,0.577235772,0.078549849,0.765714286,0.498891353,0.835643564,0.410852713,0.578947368,0.497005988,0.585972851,0.047120419,0.005617978,0.535802469,0.665745856,0.379421222,0.46728972,0.014563107,0.003246753,0.883561644,0.233236152,0.120181406,0.310704961,0.207272727,0.015037594,0.644257703,0.016,0.52972973,0.106617647,0.732954545,0.470588235,0.650943396,0.907894737,0.514348786,0.194756554,0.577608142,0.817371938,0.351129363,0.698354662,0.529745042,0.542465753,0.515151515,0.169354839,0.463617464,0.629072682,0.15916955,0.437853107,0.203703704,0.252173913,0.668478261,0.318435754,0.007194245,0.539325843,0.287958115,0.002336449,0.413597734,0.002949853,0.352777778,0.054474708,0.10483871,0.602197802,0.846666667,0.504950495,0.055555556,0.564792176,0.539915966,0.868686869,0.590697674,0.569160998,0.486413043,0.721021611,0.232091691,0.103703704,0.575835476,0.395638629,0.367924528,0.50729927,0.013921114,0.040540541,0.631016043,0.350282486,0.416666667,0.420353982,0.081280788,0.298342541,0.58961039,0.024630542,0.556410256,0.211409396,0.57615894,0.599489796,0.631325301,0.6342711,0.371244635,0.050295858,0.602898551,0.404157044,0.936781609,0.685636856,0.597077244,0.608272506,0.606557377,0.223451327,0.537585421,0.028639618,0.76300578,0.678921569,0.640226629,0.01061008,0.128865979,0.065853659,0.161993769,0.673469388,0.20441989,0.348039216,0.070021882,0.411637931,0.402941176,0.55982906,0.1,0.532128514,0.704545455,0.593818985,0.47005988,0.713178295,0.50764526,0.520833333,0.557809331,0.676691729,0.534435262,0.520215633,0.583081571,0.005602241,0.017291066,0.109375,0.349253731,0.375,0.61369863,0.27100271,0.448028674,0.369905956,0.458823529,0.879084967,0.706451613,0.030534351,0.199494949,0.007692308,0.4875,0.488126649,0.539295393,0.164794007,0.666666667,0.773529412,0.475570033,1
0.374100719,0.316498316,0.582329317,0.220588235,0,0.658854167,0.005208333,0.594272076,0.021220159,0.509960159,0.614849188,0.465517241,0.556085919,0.60952381,0.512195122,0.265861027,0.022857143,0.507760532,0.554455446,0.476744186,0.319838057,0.008982036,0.334841629,0.636125654,0.5,0.155555556,0.110497238,0.012861736,0.271028037,0.597087379,0.003246753,0.150684932,0.303206997,0.628117914,0.005221932,0.465454545,0.055137845,0.109243697,0.468,0.145945946,0.514705882,0.357954545,0.568627451,0.660377358,0.521052632,0.520971302,0.02247191,0.155216285,0.648106904,0.470225873,0.400365631,0.014164306,0.082191781,0.785547786,0.639784946,0.432432432,0.005012531,0.076124567,0.539548023,0.55787037,0.011594203,0.171195652,0.536312849,0.75059952,0.134831461,0.35078534,0.002336449,0.444759207,0.486725664,0.436111111,0.548638132,0.463709677,0.520879121,0.513333333,0.49009901,0.111111111,0.026894866,0.630252101,0.529292929,0.595348837,0.113378685,0.005434783,0.455795678,0.650429799,0.575308642,0.028277635,0.392523364,0.103773585,0.182481752,0.682134571,0.018918919,0.203208556,0.042372881,0.386904762,0.207964602,0.65270936,0.508287293,0.015584416,0.63546798,0.002564103,0.459731544,0.367549669,0.492346939,0.563855422,0.531969309,0.568669528,0.082840237,0.153623188,0.540415704,0.525862069,0.525745257,0.334029228,0.090024331,0.084699454,0.672566372,0.681093394,0.630071599,0.031791908,0.009803922,0.033994334,0.525198939,0.512886598,0.602439024,0.523364486,0.034013605,0.552486188,0.671568627,0.636761488,0.55387931,0.002941176,0.025641026,0.109677419,0.319277108,0.418560606,0.61589404,0.505988024,0.069767442,0.464831804,0.307291667,0.521298174,0.471804511,0.132231405,0.002695418,0.006042296,0.00280112,0.014409222,0.09375,0.501492537,0.485119048,0.150684932,0.073170732,0.007168459,0.003134796,0.443137255,0.248366013,0.35483871,0.038167939,0.444444444,0.746153846,0.371875,0.709762533,0.533875339,0.078651685,0.602564103,0.7,0.117263844,1
0.431654676,0.016835017,0.084337349,0.382352941,0,0.53125,0.5703125,0.529832936,0.530503979,0.3187251,0.658932715,0.816091954,0.589498807,0.685714286,0.574525745,0.102719033,0.765714286,0.505543237,0.827722772,0.416666667,0.591093117,0.5,0.57918552,0.036649215,0.005617978,0.540740741,0.660220994,0.36977492,0.479750779,0.02184466,0.003246753,0.191780822,0.352769679,0.154195011,0.511749347,0.294545455,0.794486216,0.649859944,0.172,0.52972973,0.058823529,0.548295455,0.464052288,0.655660377,0.918421053,0.53200883,0.194756554,0.582697201,0.795100223,0.353182752,0.709323583,0.529745042,0.539726027,0.491841492,0.327956989,0.459459459,0.626566416,0.148788927,0.570621469,0.203703704,0.098550725,0.002717391,0.56424581,0.057553957,0.936329588,0.261780105,0.002336449,0.424929178,0.625368732,0.352777778,0.054474708,0.028225806,0.606593407,0.86,0.492574257,0.071428571,0.562347188,0.552521008,0.868686869,0.590697674,0.578231293,0.489130435,0.724950884,0.020057307,0.103703704,0.57840617,0.345794393,0.358490566,0.423357664,0.060324826,0,0.245989305,0.395480226,0.424603175,0.336283186,0.507389163,0.79558011,0.58961039,0.024630542,0.556410256,0.05033557,0.413907285,0.594387755,0.628915663,0.641943734,0.392703863,0.059171598,0.617391304,0.404157044,0.936781609,0.677506775,0.597077244,0.613138686,0.603825137,0.230088496,0.533029613,0.019093079,0.76300578,0.676470588,0.634560907,0.013262599,0.221649485,0.075609756,0.411214953,0.047619048,0.524861878,0.348039216,0.080962801,0.415948276,0.841176471,0.397435897,0.629032258,0.546184739,0.723484848,0.620309051,0.482035928,0.715762274,0.525993884,0.515625,0.539553753,0.672932331,0.534435262,0.520215633,0.583081571,0.005602241,0.017291066,0.09375,0.343283582,0.357142857,0.610958904,0.2899729,0.634408602,0.329153605,0.035294118,0.493464052,0.016129032,0.043256997,0.247474747,0.123076923,0.484375,0.736147757,0.555555556,0.059925094,0.557692308,0.694117647,0.198697068,1
0.496402878,0.053872054,0.397590361,0.227941176,0.073239437,0.6484375,0.010416667,0.622911695,0.01061008,0.513944223,0.600928074,0.442528736,0.548926014,0.619047619,0.509485095,0.166163142,0.02,0.498891353,0.548514851,0.484496124,0.277327935,0.005988024,0.316742081,0.654450262,0.494382022,0.172839506,0.063535912,0.022508039,0.267912773,0.601941748,0.107142857,0.979452055,0.017492711,0.623582766,0.083550914,0.236363636,0.047619048,0.18767507,0.796,0.278378378,0.448529412,0.536931818,0.568627451,0.655660377,0.523684211,0.490066225,0.797752809,0.145038168,0.65701559,0.46201232,0.371115174,0.008498584,0.082191781,0.813519814,0.64516129,0.457380457,0.015037594,0,0.531073446,0.555555556,0.002898551,0.684782609,0.189944134,0.743405276,0.134831461,0.272251309,0.002336449,0.467422096,0.764011799,0.452777778,0.381322957,0.443548387,0.50989011,0.513333333,0.465346535,0.079365079,0.012224939,0.617647059,0.513131313,0.579069767,0.088435374,0.008152174,0.436149312,0.670487106,0.558024691,0.035989717,0.049844237,0.141509434,0.189781022,0.679814385,0.57027027,0.844919786,0.008474576,0.365079365,0.305309735,0.305418719,0.483425414,0.01038961,0.610837438,0.025641026,0.432885906,0.57615894,0.487244898,0.56626506,0.549872123,0.534334764,0.082840237,0.130434783,0.512702079,0.514367816,0.52303523,0.30480167,0.072992701,0.076502732,0.672566372,0.687927107,0.632458234,0.049132948,0.019607843,0.008498584,0.533156499,0.515463918,0.602439024,0.177570093,0.948979592,0.70718232,0.659313725,0.636761488,0.519396552,0.070588235,0.555555556,0.503225806,0.297188755,0.410984848,0.61589404,0.535928144,0.067183463,0.908256881,0.3046875,0.527383367,0.462406015,0.283746556,0.018867925,0.009063444,0.00280112,0.014409222,0.1328125,0.444776119,0.300595238,0.189041096,0.056910569,0.010752688,0.003134796,0.509803922,0.836601307,0.564516129,0.015267176,0.406565657,0.728205128,0.415625,0.382585752,0.449864499,0.277153558,0.788461538,0.782352941,0.589576547,1
0.338129496,0.212121212,0.080321285,0.904411765,0,0.15625,0.5703125,0.546539379,0.525198939,0.326693227,0.642691415,0.80651341,0.589498807,0.661904762,0.579945799,0.066465257,0.768571429,0.496674058,0.837623762,0.403100775,0.576923077,0.5,0.588235294,0.136125654,0.005617978,0.533333333,0.671270718,0.376205788,0.445482866,0.007281553,0.051948052,0.907534247,0.411078717,0.113378685,0.352480418,0.236363636,0,0.641456583,0.008,0.535135135,0.113970588,0.71875,0.470588235,0.648584906,0.902631579,0.501103753,0.198501873,0.575063613,0.828507795,0.349075975,0.696526508,0.529745042,0.545205479,0.529137529,0.177419355,0.465696466,0.631578947,0.173010381,0.480225989,0.203703704,0.828985507,0.706521739,0.290502793,0.002398082,0.4082397,0.293193717,0.002336449,0.410764873,0.002949853,0.355555556,0.054474708,0.096774194,0.6,0.837777778,0.50990099,0.047619048,0.567237164,0.533613445,0.866666667,0.590697674,0.566893424,0.489130435,0.722986248,0.70487106,0.101234568,0.575835476,0.404984424,0.367924528,0.54379562,0.004640371,0.078378378,0.64171123,0.641242938,0.408730159,0.389380531,0.068965517,0.005524862,0.58961039,0.024630542,0.561538462,0.234899329,0.562913907,0.602040816,0.628915663,0.62915601,0.358369099,0.047337278,0.597101449,0.406466513,0.931034483,0.688346883,0.597077244,0.610705596,0.609289617,0.216814159,0.537585421,0.033412888,0.76300578,0.681372549,0.645892351,0.00530504,0.25257732,0.124390244,0.501557632,0.727891156,0.287292818,0.345588235,0.061269147,0.407327586,0.470588235,0.542735043,0.067741935,0.52811245,0.696969697,0.580573951,0.467065868,0.713178295,0.50764526,0.5234375,0.569979716,0.682330827,0.534435262,0.522911051,0.583081571,0.005602241,0.708933718,0.1171875,0.355223881,0.383928571,0.621917808,0.298102981,0.318996416,0.460815047,0.474509804,0.882352941,0.735483871,0.025445293,0.184343434,0.002564103,0.4375,0.424802111,0.514905149,0.191011236,0.66025641,0.758823529,0.498371336,1
0.374100719,0.087542088,0.510040161,0.268382353,0,0.572916667,0.005208333,0.68973747,0.061007958,0.577689243,0.503480278,0.446360153,0.663484487,0.633333333,0.975609756,0.117824773,0.3,0.654101996,0.477227723,0.674418605,0.374493927,0.005988024,0.124434389,0.536649215,0.508426966,0.083950617,0.23480663,0.006430868,0.239875389,0.616504854,0.003246753,0.157534247,0.259475219,0.693877551,0.010443864,0.501818182,0.045112782,0.238095238,0.648,0.167567568,0.389705882,0.372159091,0.625272331,0.606132075,0.610526316,0.337748344,0.685393258,0.440203562,0.636971047,0.679671458,0.413162706,0.014164306,0.019178082,0.300699301,0.685483871,0.363825364,0.020050125,0.027681661,0.406779661,0.597222222,0.014492754,0.038043478,0.497206704,0.73381295,0.082397004,0.387434555,0.002336449,0.552407932,0.631268437,0.455555556,0.39688716,0.435483871,0.571428571,0.577777778,0.930693069,0.134920635,0.073349633,0.581932773,0.442424242,0.562790698,0.201814059,0.005434783,0.333988212,0.676217765,0.624691358,0.005141388,0.492211838,0.172955975,0.251824818,0.651972158,0,0.22459893,0.042372881,0.44047619,0.097345133,0.684729064,0.372928177,0.033766234,0.699507389,0.012820513,0.332214765,0.32781457,0.926020408,0.74939759,0.731457801,0.536480687,0.115384615,0.457971014,0.879907621,0.672413793,0.764227642,0.217118998,0.070559611,0.019125683,0.663716814,0.585421412,0.625298329,0.026011561,0.012254902,0.059490085,0.527851459,0.525773196,0.543902439,0.53894081,0.044217687,0.585635359,0.612745098,0.669584245,0.521551724,0,0.072649573,0.167741935,0.512048193,0.526515152,0.673289183,0.78742515,0.372093023,0.981651376,0.106770833,0.39148073,0.313909774,0.148760331,0.002695418,0.01510574,0.00280112,0.014409222,0.0546875,0.540298507,0.55952381,0.246575342,0.046070461,0,0.003134796,0.478431373,0.251633987,0.377419355,0.045801527,0.434343434,0.725641026,0.3625,0.683377309,0.509485095,0.123595506,0.602564103,0.664705882,0.084690554,1
0.338129496,0.242424242,0.180722892,0.897058824,0,0.130208333,0.559895833,0.553699284,0.541114058,0.408366534,0.647331787,0.818007663,0.649164678,0.680952381,0.588075881,0.072507553,0.797142857,0.563192905,0.823762376,0.362403101,0.558704453,0.502994012,0.617647059,0.096858639,0.005617978,0.466666667,0.759668508,0.144694534,0.445482866,0.038834951,0.074675325,0.910958904,0.411078717,0.170068027,0.355091384,0.236363636,0,0.554621849,0.008,0.694594595,0.272058824,0.71875,0.544662309,0.610849057,0.921052632,0.503311258,0.258426966,0.531806616,0.783964365,0.377823409,0.71297989,0.515580737,0.589041096,0.515151515,0.180107527,0.509355509,0.669172932,0.148788927,0.474576271,0.275462963,0.831884058,0.711956522,0.296089385,0.011990408,0.400749064,0.293193717,0.002336449,0.456090652,0.002949853,0.55,0.206225681,0.112903226,0.632967033,0.866666667,0.556930693,0.063492063,0.630806846,0.468487395,0.866666667,0.593023256,0.462585034,0.502717391,0.724950884,0.70487106,0.150617284,0.508997429,0.514018692,0.226415094,0.532846715,0.016241299,0.086486486,0.64171123,0.63559322,0.466269841,0.389380531,0.056650246,0.005524862,0.54025974,0.014778325,0.638461538,0.32885906,0.559602649,0.630102041,0.626506024,0.639386189,0.296137339,0.159763314,0.614492754,0.41108545,0.936781609,0.672086721,0.584551148,0.564476886,0.639344262,0.174778761,0.444191344,0.023866348,0.580924855,0.651960784,0.66572238,0.01061008,0.255154639,0.12195122,0.504672897,0.738095238,0.29281768,0.465686275,0.111597374,0.49137931,0.464705882,0.542735043,0.061290323,0.52811245,0.729166667,0.604856512,0.293413174,0.604651163,0.333333333,0.638020833,0.54969574,0.669172932,0.633608815,0.595687332,0.567975831,0.005602241,0.749279539,0.0859375,0.582089552,0.556547619,0.750684932,0.292682927,0.315412186,0.445141066,0.474509804,0.882352941,0.738709677,0.045801527,0.234848485,0.015384615,0.43125,0.414248021,0.512195122,0.187265918,0.66025641,0.755882353,0.495114007,1
0.381294964,0.956228956,0.666666667,0.209558824,0,0.6796875,0.0078125,0.682577566,0.074270557,0.577689243,0.819025522,0.521072797,0.732696897,0.597619048,0.588075881,0.637462236,0.02,0.618625277,0.447524752,0.370155039,0.461538462,0.005988024,0.221719457,0.683246073,0.488764045,0.044444444,0.171270718,0.073954984,0.30529595,0.604368932,0.003246753,0.373287671,0.279883382,0.628117914,0.007832898,0.501818182,0.042606516,0.229691877,0.488,0.181081081,0.948529412,0.463068182,0.605664488,0.610849057,0.578947368,0.792494481,0.014981273,0.473282443,0.563474388,0.480492813,0.488117002,0.02266289,0.02739726,0.452214452,0.607526882,0.193347193,0.010025063,0.923875433,0.579096045,0.696759259,0.017391304,0.567934783,0.497206704,0.75059952,0.138576779,0.403141361,0.002336449,0.461756374,0.477876106,0.461111111,0.848249027,0.657258065,0.756043956,0.615555556,0.643564356,0.119047619,0.031784841,0.556722689,0.501010101,0.53255814,0.306122449,0.008152174,0.442043222,0.64469914,0.659259259,0.007712082,0.919003115,0.15408805,0.160583942,0.69837587,0.418918919,0.229946524,0.04519774,0.692460317,0.115044248,0.674876847,0.513812155,0.012987013,0.527093596,0.01025641,0.979865772,0.360927152,0.665816327,0.619277108,0.52173913,0.446351931,0.047337278,0.371014493,0.545034642,0.520114943,0.501355014,0.35908142,0.131386861,0.06010929,0.553097345,0.612756264,0.62052506,0.00867052,0.017156863,0.104815864,0.546419098,0.523195876,0.629268293,0.548286604,0.397959184,0.574585635,0.720588235,0.628008753,0.670258621,0.002941176,0.05982906,0.14516129,0.546184739,0.560606061,0.651214128,0.479041916,0.090439276,0.250764526,0.088541667,0.279918864,0.362781955,0.253443526,0.013477089,0.012084592,0.008403361,0.011527378,0.0859375,0.680597015,0.848214286,0.147945205,0.051490515,0.010752688,0.006269592,0.8,0.444444444,0.761290323,0.045801527,0.714646465,0.725641026,0.3875,0.693931398,0.528455285,0.116104869,0.615384615,0.676470588,0.081433225,1
0.431654676,0.033670034,0.172690763,0.389705882,0,0.53125,0.5625,0.534606205,0.538461538,0.398406375,0.665893271,0.823754789,0.651551313,0.716666667,0.582655827,0.105740181,0.805714286,0.574279379,0.80990099,0.374031008,0.58097166,0.502994012,0.615384615,0.013089005,0.002808989,0.461728395,0.754143646,0.1414791,0.485981308,0.048543689,0.003246753,0.20890411,0.352769679,0.22675737,0.519582245,0.294545455,0.786967419,0.551820728,0.056,0.686486486,0.117647059,0.553977273,0.540305011,0.622641509,0.934210526,0.538631347,0.265917603,0.539440204,0.741648107,0.363449692,0.723948812,0.515580737,0.578082192,0.48018648,0.330645161,0.503118503,0.669172932,0.14532872,0.581920904,0.273148148,0.147826087,0.002717391,0.56424581,0.112709832,0.947565543,0.256544503,0.002336449,0.444759207,0.616519174,0.538888889,0.13618677,0.028225806,0.643956044,0.886666667,0.542079208,0.087301587,0.630806846,0.487394958,0.864646465,0.593023256,0.473922902,0.502717391,0.722986248,0.020057307,0.140740741,0.508997429,0.498442368,0.201257862,0.427007299,0.069605568,0,0.256684492,0.395480226,0.484126984,0.331858407,0.502463054,0.79558011,0.54025974,0.009852217,0.635897436,0.087248322,0.420529801,0.625,0.628915663,0.654731458,0.334763948,0.174556213,0.617391304,0.406466513,0.933908046,0.661246612,0.590814196,0.574209246,0.636612022,0.172566372,0.44191344,0.009546539,0.586705202,0.654411765,0.662889518,0.018567639,0.213917526,0.07804878,0.423676012,0.054421769,0.53038674,0.468137255,0.133479212,0.502155172,0.844117647,0.393162393,0.619354839,0.560240964,0.753787879,0.666666667,0.296407186,0.612403101,0.373088685,0.622395833,0.529411765,0.656015038,0.628099174,0.595687332,0.567975831,0.005602241,0.017291066,0.0625,0.570149254,0.544642857,0.745205479,0.295392954,0.64874552,0.335423197,0.035294118,0.503267974,0.016129032,0.061068702,0.305555556,0.164102564,0.4875,0.736147757,0.558265583,0.063670412,0.557692308,0.694117647,0.19218241,1
0.474820144,0.703703704,0.827309237,0.143382353,0,0.700520833,0.015625,0.706443914,0.021220159,0.587649402,0.49187935,0.432950192,0.594272076,0.638095238,0.924119241,0.078549849,0.017142857,0.592017738,0.487128713,0.709302326,0.271255061,0.005988024,0.162895928,0.730366492,0.491573034,0.162962963,0.70441989,0.109324759,0.398753894,0.584951456,0.418831169,0.979452055,0.023323615,0.512471655,0.078328982,0.247272727,0.027568922,0.117647059,0.412,0.513513514,0.867647059,0.511363636,0.581699346,0.613207547,0.605263158,0.355408389,0.003745318,0.254452926,0.648106904,0.673511294,0.363802559,0.005665722,0.049315068,0.296037296,0.534946237,0.48024948,0.107769424,0.743944637,0.629943503,0.613425926,0.002898551,0.692934783,0.189944134,0.729016787,0.164794007,0.267015707,0.002336449,0.603399433,0.12979351,0.736111111,0.86770428,0.5,0.461538462,0.58,0.883663366,0.063492063,0.009779951,0.594537815,0.442424242,0.690697674,0.115646259,0.010869565,0.330058939,0.561604585,0.654320988,0.035989717,0.956386293,0.352201258,0.142335766,0.69837587,0.613513514,0.834224599,0.008474576,0.438492063,0.292035398,0.0591133,0.522099448,0.007792208,0.625615764,0.079487179,0.818791946,0.559602649,0.834183673,0.604819277,0.654731458,0.510729614,0.056213018,0.223188406,0.875288684,0.672413793,0.840108401,0.175365344,0.03649635,0.032786885,0.630530973,0.54214123,0.61575179,0.242774566,0.12745098,0.640226629,0.551724138,0.567010309,0.656097561,0.205607477,0.962585034,0.718232044,0.62254902,0.584245077,0.560344828,0.073529412,0.547008547,0.480645161,0.431726908,0.496212121,0.662251656,0.51497006,0.105943152,0.568807339,0.190104167,0.478701826,0.370300752,0.278236915,0.032345013,0.006042296,0.005602241,0.014409222,0.1328125,0.898507463,0.952380952,0.643835616,0.051490515,0.021505376,0.003134796,0.592156863,0.823529412,0.65483871,0.015267176,0.108585859,0.674358974,0.371875,0.211081794,0.425474255,0.280898876,0.775641026,0.770588235,0.592833876,1
0.158273381,0.01010101,0.076305221,1,0,0.098958333,0.6015625,0.517899761,0.562334218,0.235059761,0.64037123,0.432950192,0.508353222,0.6,0.506775068,0.157099698,0.728571429,0.463414634,0.382178218,0.408914729,0.475708502,0.508982036,0.386877828,0.020942408,0.039325843,0.528395062,0.629834254,0.15755627,0.498442368,0.031553398,0.003246753,0.01369863,0.609329446,0.106575964,0.407310705,0.101818182,0,0.422969188,0.016,0.556756757,0.047794118,0.139204545,0.37037037,0.66745283,0.468421053,0.523178808,0.209737828,0.580152672,0.469933185,0.308008214,0.468007313,0.484419263,0.484931507,0.431235431,0.427419355,0.463617464,0.629072682,0.096885813,0.259887006,0.166666667,0.649275362,0.002717391,0.56424581,0.033573141,0.56928839,0.146596859,0.004672897,0.254957507,0.005899705,0.333333333,0.058365759,0.012096774,0.556043956,0.486666667,0.428217822,0.095238095,0.621026895,0.600840336,0.42020202,0.604651163,0.439909297,0.548913043,0.47740668,0.839541547,0.081481481,0.59125964,0.286604361,0.235849057,0.788321168,0.03712297,0,0.245989305,0.56779661,0.365079365,0.615044248,0.019704433,0.127071823,0.485714286,0.014778325,0.587179487,0.030201342,0.354304636,0.538265306,0.607228916,0.557544757,0.489270386,0.292899408,0.713043478,0.401847575,0.445402299,0.54200542,0.427974948,0.367396594,0.396174863,0.192477876,0.45785877,0.042959427,0.684971098,0.654411765,0.555240793,0.042440318,0.141752577,0.051219512,0.741433022,0.003401361,0.232044199,0.264705882,0.06345733,0.323275862,0.476470588,0.854700855,0.038709677,0.457831325,0.445075758,0.569536424,0.188622754,0.493540052,0.23853211,0.427083333,0.442190669,0.409774436,0.495867769,0.563342318,0.531722054,0.00280112,0.005763689,0.1015625,0.349253731,0.333333333,0.61369863,0.425474255,0.41218638,0.492163009,0.011764706,0.254901961,0.006451613,0.03562341,0.194444444,0.030769231,0.0375,0.19525066,0.401084011,0.516853933,0.615384615,0.305882353,0.462540717,1
0.158273381,0.006734007,0.032128514,1,0,0.096354167,0.541666667,0.639618138,0.554376658,0.356573705,0.633410673,0.385057471,0.606205251,0.55,0.577235772,0.063444109,0.734285714,0.536585366,0.42970297,0.315891473,0.394736842,0.5,0.409502262,0.041884817,0.039325843,0.604938272,0.524861878,0.321543408,0.492211838,0.038834951,0.003246753,0.020547945,0.609329446,0.117913832,0.407310705,0.094545455,0,0.526610644,0.012,0.386486486,0.033088235,0.139204545,0.496732026,0.643867925,0.457894737,0.465783664,0.157303371,0.529262087,0.527839644,0.347022587,0.396709324,0.521246459,0.493150685,0.496503497,0.427419355,0.446985447,0.54887218,0.110726644,0.257062147,0.226851852,0.652173913,0.002717391,0.56424581,0.03117506,0.56928839,0.146596859,0.004672897,0.243626062,0.005899705,0.216666667,0.027237354,0.016129032,0.606593407,0.424444444,0.547029703,0.095238095,0.623471883,0.504201681,0.42020202,0.569767442,0.376417234,0.480978261,0.473477407,0.842406877,0.125925926,0.59125964,0.23364486,0.503144654,0.784671533,0.034802784,0.002702703,0.251336898,0.564971751,0.398809524,0.619469027,0.014778325,0.113259669,0.584415584,0.014778325,0.466666667,0.023489933,0.357615894,0.630102041,0.643373494,0.567774936,0.291845494,0.062130178,0.568115942,0.427251732,0.445402299,0.506775068,0.39874739,0.362530414,0.398907104,0.137168142,0.337129841,0.047732697,0.774566474,0.632352941,0.518413598,0.042440318,0.139175258,0.048780488,0.744548287,0.006802721,0.237569061,0.362745098,0.076586433,0.411637931,0.473529412,0.854700855,0.035483871,0.467871486,0.395833333,0.503311258,0.284431138,0.622739018,0.305810398,0.494791667,0.470588235,0.473684211,0.402203857,0.460916442,0.564954683,0.00280112,0.008645533,0.1015625,0.241791045,0.255952381,0.463013699,0.425474255,0.408602151,0.485893417,0.015686275,0.27124183,0.006451613,0.03562341,0.151515152,0.028205128,0.0375,0.166226913,0.398373984,0.516853933,0.615384615,0.302941176,0.459283388,1
0.194244604,0.01010101,0.080321285,0.547794118,0,0.7421875,0.6015625,0.525059666,0.564986737,0.233067729,0.635730858,0.432950192,0.510739857,0.602380952,0.509485095,0.145015106,0.725714286,0.463414634,0.384158416,0.40503876,0.473684211,0.508982036,0.386877828,0.02617801,0.039325843,0.528395062,0.632596685,0.154340836,0.700934579,0.02184466,0.003246753,0.037671233,0.638483965,0.126984127,0.477806789,0.098181818,0.719298246,0.425770308,0.016,0.559459459,0.051470588,0.144886364,0.37254902,0.66745283,0.473684211,0.516556291,0.209737828,0.580152672,0.469933185,0.303901437,0.466179159,0.484419263,0.484931507,0.440559441,0.091397849,0.465696466,0.629072682,0.100346021,0.793785311,0.164351852,0.104347826,0.002717391,0.664804469,0.09352518,0.996254682,0.12565445,0.004672897,0.257790368,0.005899705,0.336111111,0.058365759,0.012096774,0.556043956,0.486666667,0.428217822,0.087301587,0.621026895,0.598739496,0.42020202,0.604651163,0.439909297,0.548913043,0.479371316,0.094555874,0.079012346,0.59125964,0.286604361,0.238993711,0.53649635,0.139211137,0.002702703,0.267379679,0.381355932,0.361111111,0.57079646,0.019704433,0.870165746,0.483116883,0.014778325,0.587179487,0.033557047,0.360927152,0.540816327,0.607228916,0.560102302,0.480686695,0.289940828,0.713043478,0.399538106,0.448275862,0.539295393,0.427974948,0.367396594,0.396174863,0.188053097,0.45785877,0.047732697,0.682080925,0.654411765,0.558073654,0.039787798,0.18814433,0.214634146,0.682242991,0.003401361,0.182320442,0.264705882,0.06345733,0.32112069,0.752941176,0.820512821,0.751612903,0.455823293,0.445075758,0.567328918,0.188622754,0.490956072,0.235474006,0.424479167,0.442190669,0.413533835,0.49862259,0.563342318,0.534743202,0.00280112,0.008645533,0.109375,0.352238806,0.336309524,0.616438356,0.425474255,0.70609319,0.360501567,0.011764706,0.310457516,0.006451613,0.027989822,0.196969697,0.051282051,0.0375,0.126649077,0.398373984,0.516853933,0.608974359,0.302941176,0.449511401,1
0.194244604,0.006734007,0.032128514,0.544117647,0,0.7421875,0.541666667,0.642004773,0.554376658,0.360557769,0.633410673,0.385057471,0.608591885,0.547619048,0.577235772,0.060422961,0.734285714,0.536585366,0.42970297,0.315891473,0.394736842,0.5,0.409502262,0.031413613,0.039325843,0.604938272,0.524861878,0.318327974,0.713395639,0.033980583,0.003246753,0.061643836,0.638483965,0.151927438,0.480417755,0.087272727,0.706766917,0.521008403,0.012,0.386486486,0.033088235,0.147727273,0.498910675,0.641509434,0.457894737,0.463576159,0.161048689,0.526717557,0.527839644,0.349075975,0.396709324,0.521246459,0.493150685,0.496503497,0.094086022,0.446985447,0.54887218,0.107266436,0.799435028,0.226851852,0.139130435,0.002717391,0.670391061,0.129496403,1,0.120418848,0.004672897,0.240793201,0.005899705,0.213888889,0.027237354,0.012096774,0.604395604,0.424444444,0.547029703,0.095238095,0.62591687,0.5,0.422222222,0.569767442,0.376417234,0.480978261,0.473477407,0.097421203,0.125925926,0.59125964,0.230529595,0.503144654,0.558394161,0.134570766,0,0.278074866,0.381355932,0.398809524,0.566371681,0.014778325,0.867403315,0.584415584,0.014778325,0.469230769,0.023489933,0.364238411,0.630102041,0.640963855,0.567774936,0.287553648,0.065088757,0.571014493,0.427251732,0.445402299,0.504065041,0.39874739,0.362530414,0.398907104,0.139380531,0.334851936,0.050119332,0.774566474,0.632352941,0.518413598,0.039787798,0.195876289,0.217073171,0.679127726,0.006802721,0.193370166,0.365196078,0.100656455,0.411637931,0.75,0.816239316,0.751612903,0.467871486,0.395833333,0.503311258,0.281437126,0.622739018,0.305810398,0.494791667,0.470588235,0.473684211,0.399449036,0.460916442,0.561933535,0.00280112,0.008645533,0.1015625,0.241791045,0.255952381,0.463013699,0.425474255,0.716845878,0.373040752,0.015686275,0.330065359,0.009677419,0.03307888,0.148989899,0.035897436,0.034375,0.100263852,0.395663957,0.513108614,0.608974359,0.3,0.442996743,1
0.179856115,0.006734007,0.032128514,0.5625,0,0.098958333,0.536458333,0.634844869,0.551724138,0.366533865,0.631090487,0.657088123,0.61097852,0.55952381,0.574525745,0.060422961,0.734285714,0.518847007,0.667326733,0.317829457,0.684210526,0.497005988,0.71040724,0.031413613,0.042134831,0.6,0.527624309,0.334405145,0.242990654,0.036407767,0.003246753,0.034246575,0.626822157,0.120181406,0.396866841,0.090909091,0,0.532212885,0.012,0.391891892,0.033088235,0.142045455,0.503267974,0.639150943,0.578947368,0.461368653,0.161048689,0.554707379,0.661469933,0.35523614,0.665447898,0.521246459,0.534246575,0.501165501,0.086021505,0.505197505,0.54887218,0.114186851,0.288135593,0.231481481,0.060869565,0.002717391,0.620111732,0.03117506,0.580524345,0.136125654,0.004672897,0.249291785,0.005899705,0.219444444,0.027237354,0.012096774,0.606593407,0.588888889,0.551980198,0.095238095,0.621026895,0.491596639,0.698989899,0.56744186,0.548752834,0.475543478,0.746561886,0.091690544,0.130864198,0.583547558,0.236760125,0.503144654,0.313868613,0.034802784,0,0.267379679,0.381355932,0.402777778,0.584070796,0.014778325,0.082872928,0.584415584,0.014778325,0.466666667,0.023489933,0.360927152,0.632653061,0.640963855,0.562659847,0.324034335,0.062130178,0.568115942,0.429561201,0.548850575,0.501355014,0.707724426,0.525547445,0.513661202,0.14159292,0.343963554,0.047732697,0.771676301,0.629901961,0.52407932,0.039787798,0.048969072,0.051219512,0.719626168,0.006802721,0.215469613,0.375,0.078774617,0.418103448,0.464705882,0.837606838,0.667741935,0.59437751,0.587121212,0.51214128,0.290419162,0.625322997,0.311926606,0.661458333,0.709939148,0.716165414,0.407713499,0.460916442,0.564954683,0.00280112,0.008645533,0.1015625,0.244776119,0.258928571,0.468493151,0.425474255,0.358422939,0.263322884,0.011764706,0.303921569,0.006451613,0.03307888,0.151515152,0.028205128,0.034375,0.121372032,0.398373984,0.513108614,0.608974359,0.302941176,0.449511401,1
0.179856115,0.01010101,0.088353414,0.5625,0,0.1015625,0.596354167,0.732696897,0.551724138,0.247011952,0.64037123,0.421455939,0.515513126,0.59047619,0.501355014,0.16918429,0.734285714,0.458980044,0.536633663,0.414728682,0.471659919,0.502994012,0.488687783,0.023560209,0.039325843,0.609876543,0.643646409,0.151125402,0.239875389,0.029126214,0.003246753,0.020547945,0.629737609,0.111111111,0.396866841,0.101818182,0,0.442577031,0.016,0.575675676,0.055147059,0.139204545,0.379084967,0.662735849,0.471052632,0.527593819,0.224719101,0.572519084,0.714922049,0.32238193,0.457038391,0.473087819,0.495890411,0.426573427,0.083333333,0.74012474,0.631578947,0.100346021,0.290960452,0.168981481,0.055072464,0.002717391,0.620111732,0.03117506,0.580524345,0.136125654,0.004672897,0.277620397,0.005899705,0.361111111,0.062256809,0.012096774,0.56043956,0.475555556,0.433168317,0.087301587,0.616136919,0.594537815,0.452525253,0.6,0.428571429,0.543478261,0.491159136,0.085959885,0.086419753,0.57840617,0.302180685,0.327044025,0.317518248,0.034802784,0,0.256684492,0.384180791,0.375,0.579646018,0.019704433,0.096685083,0.483116883,0.014778325,0.592307692,0.033557047,0.360927152,0.538265306,0.604819277,0.549872123,0.482832618,0.310650888,0.704347826,0.404157044,0.448275862,0.531165312,0.427974948,0.384428224,0.415300546,0.203539823,0.4738041,0.042959427,0.664739884,0.649509804,0.563739377,0.042440318,0.046391753,0.053658537,0.710280374,0.003401361,0.198895028,0.274509804,0.065645514,0.336206897,0.467647059,0.837606838,0.690322581,0.483935743,0.450757576,0.556291391,0.19760479,0.496124031,0.247706422,0.622395833,0.718052738,0.558270677,0.520661157,0.571428571,0.53776435,0.00280112,0.008645533,0.109375,0.373134328,0.354166667,0.630136986,0.425474255,0.35125448,0.260188088,0.011764706,0.281045752,0.006451613,0.03307888,0.204545455,0.028205128,0.034375,0.145118734,0.398373984,0.516853933,0.608974359,0.305882353,0.456026059,1
0.179856115,0.01010101,0.080321285,0.5625,0,0.1015625,0.598958333,0.515513126,0.559681698,0.241035857,0.64037123,0.681992337,0.513126492,0.607142857,0.504065041,0.166163142,0.728571429,0.538802661,0.625742574,0.410852713,0.736842105,0.505988024,0.678733032,0.023560209,0.039325843,0.525925926,0.635359116,0.154340836,0.239875389,0.029126214,0.003246753,0.023972603,0.626822157,0.108843537,0.396866841,0.098181818,0,0.431372549,0.016,0.564864865,0.051470588,0.139204545,0.376906318,0.66509434,0.584210526,0.525386313,0.217228464,0.681933842,0.572383073,0.314168378,0.700182815,0.478753541,0.534246575,0.431235431,0.086021505,0.446985447,0.629072682,0.100346021,0.288135593,0.168981481,0.055072464,0.002717391,0.620111732,0.03117506,0.580524345,0.136125654,0.004672897,0.263456091,0.005899705,0.341666667,0.058365759,0.012096774,0.558241758,0.646666667,0.430693069,0.087301587,0.618581907,0.596638655,0.694949495,0.602325581,0.619047619,0.546195652,0.746561886,0.085959885,0.083950617,0.586118252,0.292834891,0.22327044,0.317518248,0.034802784,0,0.262032086,0.384180791,0.371031746,0.579646018,0.019704433,0.093922652,0.483116883,0.014778325,0.58974359,0.033557047,0.360927152,0.538265306,0.604819277,0.552429668,0.484978541,0.304733728,0.707246377,0.401847575,0.543103448,0.539295393,0.720250522,0.537712895,0.527322404,0.196902655,0.464692483,0.045346062,0.676300578,0.651960784,0.558073654,0.042440318,0.046391753,0.053658537,0.713395639,0.003401361,0.20441989,0.269607843,0.06345733,0.331896552,0.467647059,0.837606838,0.680645161,0.700803213,0.662878788,0.618101545,0.191616766,0.493540052,0.241590214,0.59375,0.618661258,0.684210526,0.504132231,0.566037736,0.534743202,0.00280112,0.008645533,0.109375,0.358208955,0.342261905,0.621917808,0.425474255,0.35125448,0.260188088,0.011764706,0.284313725,0.006451613,0.03307888,0.202020202,0.028205128,0.034375,0.142480211,0.398373984,0.516853933,0.615384615,0.305882353,0.456026059,1
0.179856115,0.01010101,0.036144578,0.5625,0,0.098958333,0.536458333,0.632458234,0.549071618,0.374501992,0.626450116,0.51532567,0.613365155,0.602380952,0.571815718,0.060422961,0.731428571,0.827050998,0.41980198,0.319767442,0.625506073,0.494011976,0.411764706,0.031413613,0.039325843,0.595061728,0.535911602,0.353697749,0.246105919,0.036407767,0.003246753,0.037671233,0.629737609,0.12244898,0.396866841,0.090909091,0,0.543417367,0.012,0.4,0.033088235,0.142045455,0.509803922,0.629716981,0.5,0.454746137,0.161048689,0.824427481,0.523385301,0.363449692,0.566727605,0.512747875,0.476712329,0.505827506,0.086021505,0.442827443,0.551378446,0.117647059,0.290960452,0.238425926,0.060869565,0.002717391,0.620111732,0.03117506,0.580524345,0.136125654,0.004672897,0.263456091,0.005899705,0.227777778,0.031128405,0.012096774,0.606593407,0.595555556,0.554455446,0.095238095,0.613691932,0.56092437,0.448484848,0.56744186,0.56462585,0.472826087,0.499017682,0.091690544,0.135802469,0.580976864,0.246105919,0.506289308,0.313868613,0.032482599,0.002702703,0.267379679,0.381355932,0.404761905,0.579646018,0.014778325,0.080110497,0.587012987,0.014778325,0.469230769,0.026845638,0.360927152,0.632653061,0.636144578,0.554987212,0.487124464,0.068047337,0.846376812,0.43187067,0.451149425,0.493224932,0.482254697,0.403892944,0.407103825,0.146017699,0.348519362,0.047732697,0.774566474,0.632352941,0.535410765,0.039787798,0.046391753,0.051219512,0.716510903,0.006802721,0.215469613,0.384803922,0.080962801,0.424568966,0.464705882,0.833333333,0.674193548,0.734939759,0.642045455,0.72406181,0.30239521,0.633074935,0.321100917,0.481770833,0.488843813,0.458646617,0.421487603,0.46361186,0.570996979,0.00280112,0.008645533,0.1015625,0.250746269,0.264880952,0.473972603,0.425474255,0.358422939,0.263322884,0.015686275,0.303921569,0.009677419,0.03307888,0.151515152,0.025641026,0.034375,0.116094987,0.398373984,0.513108614,0.608974359,0.302941176,0.449511401,1
0.503597122,0.303030303,0.526104418,0.529411765,0.090140845,0.200520833,0.515625,0.651551313,0.610079576,0.338645418,0.607888631,0.37164751,0.579952267,0.564285714,0.588075881,0.039274924,0.651428571,0.503325942,0.425742574,0.312015504,0.4048583,0.592814371,0.416289593,0.036649215,0.019662921,0.607407407,0.538674033,0.446945338,0.45482866,0.02184466,0.003246753,0.547945205,0.274052478,0.090702948,0.331592689,0.16,0.010025063,0.574229692,0.792,0.408108108,0.485294118,0.653409091,0.472766885,0.636792453,0.484210526,0.426048565,0.827715356,0.536895674,0.532293987,0.338809035,0.389396709,0.614730878,0.465753425,0.531468531,0.147849462,0.471933472,0.538847118,0.186851211,0.418079096,0.203703704,0.275362319,0.676630435,0.441340782,0.016786571,0.543071161,0.35078534,0.002336449,0.416430595,0.761061947,0.413888889,0.525291829,0.39516129,0.58021978,0.435555556,0.537128713,0.03968254,0.635696822,0.49789916,0.41010101,0.569767442,0.412698413,0.502717391,0.451866405,0.1747851,0.111111111,0.575835476,0.423676012,0.597484277,0.503649635,0.025522042,0.043243243,0.160427807,0.370056497,0.359126984,0.32300885,0.073891626,0.26519337,0.641558442,0.620689655,0.456410256,0.446308725,0.245033113,0.617346939,0.631325301,0.58056266,0.231759657,0.00591716,0.498550725,0.434180139,0.462643678,0.485094851,0.39039666,0.413625304,0.43442623,0.132743363,0.348519362,0.031026253,0.826589595,0.644607843,0.566572238,0.023872679,0.115979381,0.065853659,0.152647975,0.306122449,0.254143646,0.325980392,0.056892779,0.370689655,0.417647059,0.329059829,0.061290323,0.481927711,0.409090909,0.503311258,0.526946108,0.630490956,0.914373089,0.481770833,0.511156187,0.477443609,0.451790634,0.501347709,0.66163142,0.00280112,0.002881844,0.1640625,0.501492537,0.50297619,0.465753425,0.281842818,0.458781362,0.385579937,0.501960784,0.594771242,0.706451613,0.027989822,0.118686869,0.015384615,0.609375,0.498680739,0.376693767,0.134831461,0.538461538,0.667647059,0.371335505,1
0.489208633,0.101010101,0.518072289,0.529411765,0.047887324,0.208333333,0.6328125,0.551312649,0.620689655,0.221115538,0.605568445,0.436781609,0.489260143,0.621428571,0.539295393,0.081570997,0.671428571,0.483370288,0.415841584,0.389534884,0.455465587,0.547904192,0.416289593,0.039267016,0.019662921,0.550617284,0.649171271,0.131832797,0.45482866,0.012135922,0.003246753,0.568493151,0.274052478,0.072562358,0.334203655,0.167272727,0.010025063,0.431372549,0.804,0.575675676,0.503676471,0.630681818,0.359477124,0.662735849,0.526315789,0.461368653,0.794007491,0.648854962,0.458797327,0.287474333,0.451553931,0.541076487,0.509589041,0.498834499,0.150537634,0.482328482,0.656641604,0.089965398,0.420903955,0.150462963,0.272463768,0.679347826,0.441340782,0.014388489,0.546816479,0.35078534,0.002336449,0.42776204,0.749262537,0.455555556,0.529182879,0.399193548,0.531868132,0.506666667,0.430693069,0.03968254,0.640586797,0.584033613,0.446464646,0.602325581,0.489795918,0.578804348,0.500982318,0.169054441,0.069135802,0.622107969,0.429906542,0.248427673,0.503649635,0.020881671,0.02972973,0.155080214,0.370056497,0.311507937,0.331858407,0.073891626,0.270718232,0.498701299,0.655172414,0.615384615,0.453020134,0.238410596,0.543367347,0.604819277,0.585677749,0.43776824,0.144970414,0.747826087,0.390300231,0.474137931,0.501355014,0.442588727,0.433090024,0.43989071,0.181415929,0.476082005,0.035799523,0.705202312,0.681372549,0.563739377,0.023872679,0.115979381,0.063414634,0.14953271,0.292517007,0.220994475,0.237745098,0.035010941,0.275862069,0.420588235,0.346153846,0.064516129,0.425702811,0.424242424,0.580573951,0.553892216,0.45994832,0.932721713,0.463541667,0.440162272,0.466165414,0.512396694,0.590296496,0.555891239,0,0.002881844,0.140625,0.537313433,0.529761905,0.635616438,0.281842818,0.458781362,0.385579937,0.494117647,0.604575163,0.712903226,0.025445293,0.133838384,0.012820513,0.59375,0.53298153,0.384823848,0.131086142,0.544871795,0.676470588,0.377850163,1
0.510791367,0.95959596,0.662650602,0.525735294,0,0.2109375,0.6484375,0.491646778,0.530503979,0.231075697,0.658932715,0.427203065,0.515513126,0.588095238,0.493224932,0.244712991,0.771428571,0.483370288,0.374257426,0.401162791,0.495951417,0.616766467,0.393665158,0.005235602,0.019662921,0.535802469,0.624309392,0.061093248,0.45482866,0.02184466,0.003246753,0.325342466,0.27696793,0.115646259,0.334203655,0.138181818,0.012531328,0.476190476,0.416,0.57027027,0.948529412,0.690340909,0.37037037,0.672169811,0.447368421,0.558498896,0.277153558,0.592875318,0.483296214,0.303901437,0.475319927,0.507082153,0.567123288,0.37995338,0.14516129,0.438669439,0.631578947,0.937716263,0.420903955,0.164351852,0.269565217,0.567934783,0.458100559,0.026378897,0.546816479,0.345549738,0.002336449,0.419263456,0.693215339,0.5,0.848249027,0.657258065,0.567032967,0.477777778,0.420792079,0.126984127,0.621026895,0.613445378,0.406060606,0.593023256,0.428571429,0.630434783,0.457760314,0.160458453,0.074074074,0.624678663,0.92834891,0.081761006,0.503649635,0.030162413,0.408108108,0.122994652,0.367231638,0.388888889,0.318584071,0.18226601,0.276243094,0.493506494,0.571428571,0.620512821,0.983221477,0.271523179,0.528061224,0.604819277,0.539641944,0.519313305,0.423076923,0.75942029,0.406466513,0.456896552,0.563685637,0.423799582,0.379562044,0.483606557,0.17699115,0.419134396,0.028639618,0.592485549,0.634803922,0.558073654,0.026525199,0.115979381,0.065853659,0.112149533,0.159863946,0.298342541,0.272058824,0.067833698,0.342672414,0.423529412,0.311965812,0.087096774,0.510040161,0.46780303,0.565121413,0.476047904,0.472868217,0.513761468,0.471354167,0.464503043,0.396616541,0.542699725,0.630727763,0.63141994,0.005602241,0.002881844,0.046875,0.686567164,0.851190476,0.610958904,0.279132791,0.458781362,0.385579937,0.8,0.588235294,0.758064516,0.055979644,0.22979798,0.030769231,0.596875,0.509234828,0.365853659,0.131086142,0.532051282,0.664705882,0.358306189,1
0.510791367,0.949494949,0.710843373,0.529411765,0,0.205729167,0.567708333,0.618138425,0.580901857,0.348605578,0.663573086,0.429118774,0.61575179,0.533333333,0.536585366,0.117824773,0.76,0.549889135,0.43960396,0.312015504,0.441295547,0.541916168,0.443438914,0.002617801,0.019662921,0.651851852,0.571823204,0.266881029,0.45482866,0.038834951,0.003246753,0.315068493,0.282798834,0.14739229,0.334203655,0.12,0.010025063,0.540616246,0.42,0.408108108,0.963235294,0.698863636,0.496732026,0.650943396,0.439473684,0.527593819,0.142322097,0.526717557,0.534521158,0.318275154,0.453382084,0.54674221,0.57260274,0.417249417,0.147849462,0.490644491,0.526315789,0.920415225,0.420903955,0.229166667,0.272463768,0.543478261,0.474860335,0.028776978,0.546816479,0.335078534,0.002336449,0.433427762,0.684365782,0.483333333,0.875486381,0.669354839,0.621978022,0.444444444,0.522277228,0.126984127,0.655256724,0.529411765,0.446464646,0.569767442,0.412698413,0.52173913,0.500982318,0.169054441,0.116049383,0.627249357,0.940809969,0.437106918,0.503649635,0.032482599,0.354054054,0.144385027,0.370056497,0.442460317,0.32300885,0.169950739,0.270718232,0.612987013,0.591133005,0.453846154,0.983221477,0.281456954,0.617346939,0.640963855,0.542199488,0.394849785,0.071005917,0.614492754,0.397228637,0.462643678,0.552845528,0.436325678,0.384428224,0.472677596,0.126106195,0.302961276,0.023866348,0.757225434,0.615196078,0.575070822,0.029177719,0.115979381,0.068292683,0.124610592,0.153061224,0.320441989,0.384803922,0.096280088,0.443965517,0.420588235,0.307692308,0.080645161,0.451807229,0.403409091,0.494481236,0.476047904,0.648578811,0.535168196,0.567708333,0.436105477,0.462406015,0.421487603,0.469002695,0.589123867,0.00280112,0.002881844,0.046875,0.72238806,0.875,0.493150685,0.281842818,0.458781362,0.385579937,0.803921569,0.630718954,0.751612903,0.058524173,0.224747475,0.033333333,0.571875,0.514511873,0.363143631,0.119850187,0.538461538,0.670588235,0.345276873,1
0.482014388,0.090909091,0.481927711,0.525735294,0,0.2265625,0.575520833,0.54176611,0.543766578,0.320717131,0.654292343,0.549808429,0.587112172,0.552380952,0.512195122,0.114803625,0.754285714,0.501108647,0.568316832,0.424418605,0.516194332,0.511976048,0.583710407,0.041884817,0.005617978,0.580246914,0.627071823,0.356913183,0.457943925,0.019417476,0.003246753,0.606164384,0.271137026,0.136054422,0.326370757,0.163636364,0.012531328,0.663865546,0.436,0.5,0.525735294,0.585227273,0.464052288,0.646226415,0.6,0.534216336,0.127340824,0.575063613,0.543429844,0.359342916,0.449725777,0.543909348,0.545205479,0.48951049,0.147849462,0.46985447,0.614035088,0.134948097,0.426553672,0.206018519,0.263768116,0.657608696,0.452513966,0.009592326,0.546816479,0.345549738,0.004672897,0.461756374,0.365781711,0.425,0.529182879,0.383064516,0.602197802,0.557777778,0.487623762,0.055555556,0.596577017,0.544117647,0.6,0.586046512,0.578231293,0.497282609,0.500982318,0.180515759,0.10617284,0.601542416,0.473520249,0.396226415,0.503649635,0.018561485,0.005405405,0.165775401,0.361581921,0.428571429,0.353982301,0.056650246,0.284530387,0.631168831,0.403940887,0.535897436,0.463087248,0.235099338,0.586734694,0.621686747,0.534526854,0.394849785,0.047337278,0.602898551,0.399538106,0.594827586,0.506775068,0.580375783,0.603406326,0.581967213,0.245575221,0.546697039,0.023866348,0.791907514,0.681372549,0.609065156,0.01061008,0.115979381,0.06097561,0.137071651,0.183673469,0.20441989,0.352941176,0.083150985,0.420258621,0.417647059,0.367521368,0.067741935,0.463855422,0.433712121,0.48785872,0.479041916,0.723514212,0.587155963,0.536458333,0.45030426,0.445488722,0.534435262,0.528301887,0.634441088,0.00280112,0.008645533,0.109375,0.501492537,0.529761905,0.569863014,0.276422764,0.455197133,0.379310345,0.505882353,0.656862745,0.732258065,0.038167939,0.237373737,0.012820513,0.528125,0.604221636,0.371273713,0.123595506,0.551282051,0.688235294,0.381107492,1
0.503597122,0.414141414,0.369477912,0.533088235,0,0.21875,0.606770833,0.544152745,0.557029178,0.420318725,0.651972158,0.559386973,0.658711217,0.50952381,0.514905149,0.087613293,0.797142857,0.574279379,0.554455446,0.362403101,0.45951417,0.520958084,0.626696833,0.02617801,0.005617978,0.471604938,0.73480663,0.090032154,0.457943925,0.048543689,0.003246753,0.342465753,0.285714286,0.188208617,0.326370757,0.105454545,0.010025063,0.557422969,0.424,0.694594595,0.558823529,0.701704545,0.555555556,0.601415094,0.610526316,0.509933775,0.243445693,0.539440204,0.489977728,0.383983573,0.440585009,0.509915014,0.57260274,0.508158508,0.150537634,0.505197505,0.684210526,0.103806228,0.423728814,0.291666667,0.269565217,0.171195652,0.491620112,0.019184652,0.543071161,0.32460733,0.004672897,0.473087819,0.643067847,0.519444444,0.470817121,0.383064516,0.641758242,0.582222222,0.559405941,0.087301587,0.645476773,0.470588235,0.6,0.58372093,0.482993197,0.546195652,0.499017682,0.194842407,0.158024691,0.544987147,0.542056075,0.191823899,0.503649635,0.025522042,0.002702703,0.181818182,0.36440678,0.48015873,0.340707965,0.10591133,0.273480663,0.532467532,0.428571429,0.661538462,0.567114094,0.291390728,0.632653061,0.626506024,0.511508951,0.306866953,0.192307692,0.660869565,0.406466513,0.597701149,0.512195122,0.559498956,0.562043796,0.614754098,0.181415929,0.446469248,0.016706444,0.583815029,0.666666667,0.617563739,0.015915119,0.115979381,0.063414634,0.137071651,0.071428571,0.331491713,0.485294118,0.126914661,0.506465517,0.414705882,0.311965812,0.067741935,0.465863454,0.479166667,0.534216336,0.461077844,0.57881137,0.541284404,0.627604167,0.46653144,0.469924812,0.64738292,0.638814016,0.601208459,0.00280112,0.005763689,0.0625,0.567164179,0.580357143,0.739726027,0.276422764,0.455197133,0.382445141,0.533333333,0.715686275,0.519354839,0.055979644,0.257575758,0.025641026,0.496875,0.559366755,0.333333333,0.108614232,0.538461538,0.679411765,0.338762215,1
0.510791367,0.993265993,0.574297189,0.533088235,0,0.2109375,0.6328125,0.489260143,0.541114058,0.408366534,0.6774942,0.823754789,0.665871122,0.828571429,0.60704607,0.178247734,0.834285714,0.607538803,0.766336634,0.389534884,0.597165992,0.574850299,0.597285068,0.002617801,0.005617978,0.461728395,0.682320442,0.041800643,0.457943925,0.065533981,0.003246753,0.376712329,0.282798834,0.272108844,0.326370757,0.12,0.007518797,0.599439776,0.42,0.686486486,0.930147059,0.681818182,0.551198257,0.634433962,0.984210526,0.578366446,0.382022472,0.569974555,0.619153675,0.36550308,0.71297989,0.504249292,0.545205479,0.431235431,0.147849462,0.46985447,0.671679198,0.951557093,0.420903955,0.30787037,0.275362319,0.630434783,0.48603352,0.057553957,0.539325843,0.335078534,0.004672897,0.490084986,0.675516224,0.547222222,0.79766537,0.64516129,0.654945055,0.933333333,0.517326733,0.150793651,0.628361858,0.50210084,0.846464646,0.581395349,0.557823129,0.597826087,0.666011788,0.200573066,0.15308642,0.560411311,0.884735202,0.066037736,0.50729927,0.039443155,0.508108108,0.112299465,0.367231638,0.529761905,0.340707965,0.199507389,0.26519337,0.524675325,0.556650246,0.671794872,0.989932886,0.281456954,0.602040816,0.609638554,0.739130435,0.412017167,0.360946746,0.686956522,0.404157044,0.965517241,0.661246612,0.592901879,0.593673966,0.590163934,0.185840708,0.44191344,0.011933174,0.505780347,0.639705882,0.569405099,0.018567639,0.113402062,0.063414634,0.124610592,0.210884354,0.309392265,0.514705882,0.166301969,0.545258621,0.411764706,0.320512821,0.077419355,0.59437751,0.784090909,0.792494481,0.491017964,0.560723514,0.516819572,0.5234375,0.480730223,0.567669173,0.663911846,0.67115903,0.667673716,0.011204482,0.005763689,0,0.662686567,0.788690476,0.709589041,0.279132791,0.455197133,0.382445141,0.815686275,0.581699346,0.8,0.073791349,0.419191919,0.038461538,0.575,0.522427441,0.39295393,0.116104869,0.532051282,0.679411765,0.348534202,1
0.503597122,0.993265993,0.550200803,0.525735294,0,0.229166667,0.640625,0.806682578,0.5066313,0.326693227,0.656612529,0.494252874,0.522673031,0.576190476,0.482384824,0.256797583,0.857142857,0.543237251,0.588118812,0.465116279,0.487854251,0.586826347,0.617647059,0.018324607,0.005617978,0.525925926,0.668508287,0.334405145,0.457943925,0.007281553,0.006493506,0.376712329,0.279883382,0.115646259,0.328981723,0.127272727,0.015037594,0.579831933,0.42,0.667567568,0.911764706,0.690340909,0.40087146,0.662735849,0.555263158,0.558498896,0.468164794,0.62086514,0.652561247,0.431211499,0.424131627,0.492917847,0.583561644,0.361305361,0.147849462,0.667359667,0.666666667,0.972318339,0.429378531,0.168981481,0.260869565,0.630434783,0.480446927,0.011990408,0.546816479,0.340314136,0.004672897,0.478753541,0.681415929,0.525,0.770428016,0.612903226,0.571428571,0.508888889,0.465346535,0.111111111,0.611246944,0.602941176,0.57979798,0.558139535,0.501133787,0.608695652,0.483300589,0.171919771,0.145679012,0.57840617,0.887850467,0.783018868,0.503649635,0.013921114,0.524324324,0.106951872,0.361581921,0.398809524,0.345132743,0.192118227,0.287292818,0.522077922,0.54679803,0.664102564,0.979865772,0.284768212,0.530612245,0.602409639,0.529411765,0.504291845,0.381656805,0.660869565,0.427251732,0.568965517,0.517615176,0.557411273,0.571776156,0.617486339,0.331858407,0.553530752,0.028639618,0.598265896,0.642156863,0.569405099,0.00795756,0.113402062,0.058536585,0.109034268,0.221088435,0.29281768,0.276960784,0.061269147,0.357758621,0.420588235,0.333333333,0.090322581,0.530120482,0.429924242,0.549668874,0.48502994,0.591731266,0.535168196,0.609375,0.559837728,0.471804511,0.644628099,0.668463612,0.664652568,0.019607843,0.005763689,0.0703125,0.644776119,0.779761905,0.693150685,0.279132791,0.458781362,0.382445141,0.796078431,0.60130719,0.790322581,0.048346056,0.237373737,0.017948718,0.56875,0.517150396,0.390243902,0.116104869,0.538461538,0.682352941,0.35504886,1
0.496402878,0.410774411,0.550200803,0.533088235,0.287323944,0.216145833,0.53125,0.53221957,0.586206897,0.386454183,0.663573086,0.819923372,0.639618138,0.757142857,0.585365854,0.120845921,0.697142857,0.549889135,0.796039604,0.395348837,0.546558704,0.55988024,0.628959276,0.015706806,0.002808989,0.530864198,0.751381215,0.533762058,0.457943925,0.058252427,0.003246753,0.547945205,0.27696793,0.217687075,0.326370757,0.145454545,0.010025063,0.591036415,0.712,0.564864865,0.441176471,0.642045455,0.527233115,0.617924528,0.955263158,0.55187638,0.940074906,0.51653944,0.714922049,0.361396304,0.711151737,0.586402266,0.57260274,0.475524476,0.14516129,0.511434511,0.651629073,0.314878893,0.423728814,0.275462963,0.272463768,0.66576087,0.469273743,0.026378897,0.539325843,0.345549738,0.004672897,0.433427762,0.796460177,0.466666667,0.513618677,0.39516129,0.635164835,0.9,0.514851485,0.087301587,0.635696822,0.485294118,0.856565657,0.595348837,0.451247166,0.480978261,0.695481336,0.197707736,0.135802469,0.539845758,0.535825545,0.383647799,0.503649635,0.044083527,0.032432432,0.14973262,0.36440678,0.492063492,0.345132743,0.133004926,0.270718232,0.641558442,0.551724138,0.564102564,0.39261745,0.251655629,0.599489796,0.609638554,0.677749361,0.341201717,0.017751479,0.530434783,0.399538106,0.954022989,0.672086721,0.565762004,0.515815085,0.595628415,0.190265487,0.4738041,0,0.786127168,0.700980392,0.750708215,0.021220159,0.115979381,0.068292683,0.152647975,0.292517007,0.254143646,0.470588235,0.142231947,0.506465517,0.411764706,0.346153846,0.058064516,0.552208835,0.757575758,0.708609272,0.47005988,0.656330749,0.834862385,0.674479167,0.531440162,0.622180451,0.515151515,0.530997305,0.649546828,0.00280112,0.005763689,0.1171875,0.552238806,0.556547619,0.676712329,0.276422764,0.455197133,0.382445141,0.48627451,0.60130719,0.706451613,0.061068702,0.353535354,0.030769231,0.578125,0.535620053,0.401084011,0.123595506,0.538461538,0.682352941,0.368078176,1
0.489208633,0.397306397,0.550200803,0.525735294,0.25915493,0.231770833,0.536458333,0.887828162,0.543766578,0.35059761,0.617169374,0.448275862,0.472553699,0.592857143,0.482384824,0.205438066,0.702857143,0.487804878,0.596039604,0.478682171,0.483805668,0.553892216,0.606334842,0.020942408,0.002808989,0.575308642,0.723756906,0.533762058,0.46105919,0.016990291,0.003246753,0.551369863,0.274052478,0.088435374,0.328981723,0.156363636,0.015037594,0.649859944,0.732,0.543243243,0.448529412,0.653409091,0.381263617,0.650943396,0.547368421,0.51214128,0.913857678,0.575063613,0.677060134,0.455852156,0.414990859,0.558073654,0.589041096,0.414918415,0.14516129,0.623700624,0.64160401,0.30449827,0.429378531,0.166666667,0.257971014,0.668478261,0.463687151,0.009592326,0.550561798,0.345549738,0.004672897,0.461756374,0.802359882,0.452777778,0.521400778,0.39516129,0.527472527,0.502222222,0.465346535,0.015873016,0.616136919,0.598739496,0.55959596,0.548837209,0.467120181,0.483695652,0.449901768,0.169054441,0.172839506,0.557840617,0.507788162,0.814465409,0.503649635,0.030162413,0.040540541,0.144385027,0.361581921,0.343253968,0.349557522,0.133004926,0.290055249,0.651948052,0.556650246,0.548717949,0.38590604,0.254966887,0.505102041,0.578313253,0.537084399,0.506437768,0.097633136,0.437681159,0.434180139,0.563218391,0.525745257,0.48434238,0.457420925,0.571038251,0.365044248,0.571753986,0.016706444,0.806358382,0.700980392,0.730878187,0.015915119,0.115979381,0.065853659,0.146417445,0.302721088,0.226519337,0.242647059,0.054704595,0.295258621,0.423529412,0.358974359,0.067741935,0.493975904,0.410984848,0.57615894,0.502994012,0.695090439,0.837920489,0.708333333,0.553752535,0.473684211,0.539944904,0.541778976,0.670694864,0.00280112,0.008645533,0.1640625,0.537313433,0.538690476,0.646575342,0.279132791,0.458781362,0.382445141,0.482352941,0.604575163,0.696774194,0.038167939,0.189393939,0.012820513,0.575,0.525065963,0.403794038,0.123595506,0.544871795,0.685294118,0.374592834,1
0.496402878,0.377104377,0.53815261,0.525735294,0.154929577,0.229166667,0.528645833,0.584725537,0.533156499,0.342629482,0.619489559,0.77394636,0.587112172,0.621428571,0.593495935,0.033232628,0.68,0.472283814,0.853465347,0.391472868,0.506072874,0.556886228,0.619909502,0.081151832,0.005617978,0.560493827,0.64640884,0.517684887,0.457943925,0.014563107,0.003246753,0.554794521,0.274052478,0.108843537,0.328981723,0.156363636,0.015037594,0.68627451,0.784,0.508108108,0.474264706,0.670454545,0.479302832,0.627358491,0.892105263,0.465783664,0.816479401,0.549618321,0.888641425,0.357289528,0.627056673,0.566572238,0.550684932,0.571095571,0.147849462,0.476091476,0.598997494,0.294117647,0.429378531,0.210648148,0.260869565,0.673913043,0.463687151,0,0.546816479,0.345549738,0.004672897,0.484419263,0.805309735,0.447222222,0.529182879,0.391129032,0.589010989,0.791111111,0.522277228,0,0.596577017,0.5,0.856565657,0.574418605,0.489795918,0.486413043,0.666011788,0.17765043,0.111111111,0.565552699,0.46105919,0.5,0.503649635,0.011600928,0.059459459,0.155080214,0.361581921,0.39484127,0.349557522,0.110837438,0.287292818,0.65974026,0.586206897,0.517948718,0.412751678,0.268211921,0.604591837,0.619277108,0.618925831,0.289699571,0,0.510144928,0.413394919,0.962643678,0.775067751,0.580375783,0.571776156,0.603825137,0.234513274,0.571753986,0.031026253,0.829479769,0.681372549,0.668555241,0.00795756,0.113402062,0.058536585,0.152647975,0.336734694,0.237569061,0.355392157,0.065645514,0.403017241,0.420588235,0.354700855,0.064516129,0.487951807,0.611742424,0.505518764,0.541916168,0.713178295,0.859327217,0.598958333,0.578093306,0.652255639,0.573002755,0.547169811,0.694864048,0.00280112,0.011527378,0.1953125,0.510447761,0.514880952,0.561643836,0.279132791,0.458781362,0.382445141,0.490196078,0.614379085,0.683870968,0.017811705,0.161616162,0,0.584375,0.493403694,0.398373984,0.127340824,0.544871795,0.682352941,0.371335505,1
0.496402878,0.410774411,0.546184739,0.533088235,0.208450704,0.213541667,0.515625,0.634844869,0.562334218,0.472111554,0.573085847,0.5651341,0.658711217,0.564285714,0.533875339,0.148036254,0.677142857,0.784922395,0.481188119,0.356589147,0.524291498,0.562874251,0.588235294,0.028795812,0.005617978,0.525925926,0.698895028,0.575562701,0.457943925,0.053398058,0.003246753,0.554794521,0.279883382,0.14739229,0.326370757,0.145454545,0.010025063,0.669467787,0.756,0.524324324,0.463235294,0.661931818,0.581699346,0.577830189,0.631578947,0.406181015,0.872659176,0.65648855,0.505567929,0.457905544,0.469835466,0.583569405,0.520547945,0.533799534,0.147849462,0.525987526,0.616541353,0.356401384,0.423728814,0.342592593,0.275362319,0.673913043,0.469273743,0.014388489,0.539325843,0.345549738,0.004672897,0.473087819,0.802359882,0.447222222,0.525291829,0.39516129,0.608791209,0.633333333,0.603960396,0.047619048,0.608801956,0.619747899,0.571717172,0.565116279,0.562358277,0.480978261,0.485265226,0.200573066,0.217283951,0.532133676,0.504672897,0.525157233,0.50729927,0.030162413,0.048648649,0.155080214,0.367231638,0.428571429,0.349557522,0.118226601,0.267955801,0.662337662,0.571428571,0.528205128,0.399328859,0.264900662,0.645408163,0.597590361,0.511508951,0.682403433,0.372781065,0.811594203,0.454965358,0.574712644,0.487804878,0.572025052,0.600973236,0.595628415,0.234513274,0.362186788,0.011933174,0.815028902,0.68627451,0.722379603,0.018567639,0.113402062,0.063414634,0.158878505,0.323129252,0.254143646,0.509803922,0.115973742,0.49137931,0.411764706,0.346153846,0.058064516,0.586345382,0.551136364,0.693156733,0.517964072,0.700258398,0.850152905,0.541666667,0.517241379,0.437969925,0.556473829,0.547169811,0.694864048,0.005602241,0.005763689,0.1328125,0.528358209,0.535714286,0.61369863,0.279132791,0.455197133,0.382445141,0.48627451,0.607843137,0.693548387,0.048346056,0.123737374,0.020512821,0.578125,0.509234828,0.401084011,0.119850187,0.544871795,0.685294118,0.364820847,1
0.503597122,0.996632997,0.530120482,0.525735294,0,0.229166667,0.643229167,0.522673031,0.546419098,0.358565737,0.645011601,0.795019157,0.613365155,0.652380952,0.593495935,0.081570997,0.871428571,0.545454545,0.83960396,0.385658915,0.591093117,0.583832335,0.542986425,0.062827225,0.005617978,0.518518519,0.640883978,0.090032154,0.457943925,0.009708738,0.012987013,0.380136986,0.279883382,0.131519274,0.328981723,0.127272727,0.015037594,0.537815126,0.412,0.6,0.886029412,0.698863636,0.501089325,0.636792453,0.910526316,0.501103753,0.434456929,0.595419847,0.841870824,0.357289528,0.670932358,0.507082153,0.550684932,0.543123543,0.150537634,0.444906445,0.651629073,1,0.429378531,0.224537037,0.260869565,0.630434783,0.480446927,0.004796163,0.546816479,0.340314136,0.004672897,0.436260623,0.681415929,0.461111111,0.727626459,0.568548387,0.613186813,0.831111111,0.52970297,0.111111111,0.611246944,0.506302521,0.862626263,0.572093023,0.614512472,0.611413043,0.695481336,0.1747851,0.116049383,0.614395887,0.887850467,0.160377358,0.503649635,0,0.551351351,0.117647059,0.361581921,0.428571429,0.340707965,0.174876847,0.287292818,0.527272727,0.541871921,0.633333333,0.966442953,0.291390728,0.617346939,0.631325301,0.6342711,0.36695279,0.224852071,0.646376812,0.408775982,0.951149425,0.720867209,0.590814196,0.596107056,0.56284153,0.212389381,0.533029613,0.038186158,0.61849711,0.654411765,0.583569405,0,0.113402062,0.051219512,0.112149533,0.238095238,0.29281768,0.389705882,0.072210066,0.4375,0.420588235,0.333333333,0.087096774,0.522088353,0.674242424,0.554083885,0.494011976,0.645994832,0.547400612,0.5,0.551724138,0.661654135,0.564738292,0.630727763,0.619335347,0.081232493,0.008645533,0.0859375,0.597014925,0.764880952,0.635616438,0.276422764,0.458781362,0.379310345,0.768627451,0.633986928,0.777419355,0.03562341,0.196969697,0.007692308,0.559375,0.511873351,0.382113821,0.119850187,0.538461538,0.679411765,0.35504886,1
0.510791367,1,0.534136546,0.533088235,0,0.2109375,0.638020833,0.646778043,0.567639257,0.496015936,0.587006961,0.561302682,0.670644391,0.611904762,0.531165312,0.205438066,0.865714286,0.798226164,0.447524752,0.364341085,0.550607287,0.568862275,0.497737557,0.015706806,0.005617978,0.488888889,0.674033149,0.128617363,0.457943925,0.050970874,0.00974026,0.386986301,0.285714286,0.149659864,0.326370757,0.116363636,0.010025063,0.565826331,0.416,0.656756757,0.897058824,0.696022727,0.60130719,0.617924528,0.65,0.463576159,0.411985019,0.687022901,0.514476615,0.482546201,0.475319927,0.509915014,0.498630137,0.482517483,0.150537634,0.413721414,0.669172932,0.989619377,0.420903955,0.375,0.275362319,0.635869565,0.48603352,0.016786571,0.539325843,0.335078534,0.004672897,0.470254958,0.678466077,0.505555556,0.743190661,0.588709677,0.610989011,0.657777778,0.618811881,0.142857143,0.621026895,0.710084034,0.547474747,0.544186047,0.634920635,0.600543478,0.451866405,0.203438395,0.251851852,0.586118252,0.884735202,0.267295597,0.50729927,0.013921114,0.548648649,0.128342246,0.367231638,0.428571429,0.340707965,0.179802956,0.26519337,0.52987013,0.54679803,0.656410256,0.976510067,0.291390728,0.650510204,0.587951807,0.524296675,0.776824034,0.482248521,0.776811594,0.461893764,0.57183908,0.490514905,0.536534447,0.576642336,0.516393443,0.274336283,0.312072893,0.026252983,0.569364162,0.651960784,0.589235127,0.015915119,0.113402062,0.056097561,0.127725857,0.238095238,0.309392265,0.534313725,0.113785558,0.504310345,0.411764706,0.320512821,0.074193548,0.568273092,0.551136364,0.730684327,0.48502994,0.622739018,0.532110092,0.515625,0.498985801,0.422932331,0.625344353,0.654986523,0.640483384,0.028011204,0.005763689,0.03125,0.626865672,0.767857143,0.687671233,0.279132791,0.455197133,0.382445141,0.784313725,0.620915033,0.787096774,0.058524173,0.123737374,0.023076923,0.559375,0.514511873,0.387533875,0.112359551,0.532051282,0.679411765,0.348534202,1
0.510791367,0.996632997,0.570281124,0.716911765,0,0.625,0.635416667,0.529832936,0.549071618,0.426294821,0.668213457,0.572796935,0.673031026,0.55952381,0.485094851,0.135951662,0.842857143,0.589800443,0.457425743,0.362403101,0.528340081,0.580838323,0.585972851,0.002617801,0.042134831,0.471604938,0.685082873,0.041800643,0.822429907,0.148058252,0.003246753,0.380136986,0.306122449,0.263038549,0.334203655,0.12,0.002506266,0.596638655,0.42,0.689189189,0.930147059,0.684659091,0.566448802,0.591981132,0.644736842,0.547461369,0.389513109,0.55216285,0.467706013,0.375770021,0.482632541,0.509915014,0.539726027,0.445221445,0.706989247,0.471933472,0.676691729,0.958477509,0.796610169,0.324074074,0.428985507,0.630434783,0.480446927,0.071942446,0.61423221,0.340314136,0.004672897,0.492917847,0.678466077,0.547222222,0.789883268,0.641129032,0.654945055,0.653333333,0.547029703,0.150793651,0.628361858,0.491596639,0.567676768,0.579069767,0.58276644,0.600543478,0.491159136,0.495702006,0.162962963,0.565552699,0.887850467,0.091194969,0.850364964,0.262180974,0.513513514,0.122994652,0.38700565,0.513888889,0.331858407,0.194581281,0.096685083,0.527272727,0.556650246,0.674358974,0.986577181,0.281456954,0.625,0.619277108,0.519181586,0.41416309,0.334319527,0.67826087,0.399538106,0.586206897,0.531165312,0.584551148,0.605839416,0.587431694,0.172566372,0.40546697,0.054892601,0.514450867,0.644607843,0.57223796,0.092838196,0.664948454,0.541463415,0.196261682,0.214285714,0.320441989,0.517156863,0.221006565,0.538793103,0.505882353,0.354700855,0.090322581,0.475903614,0.53219697,0.556291391,0.491017964,0.571059432,0.519877676,0.510416667,0.464503043,0.422932331,0.663911846,0.673854447,0.667673716,0.011204482,0.002881844,0,0.662686567,0.788690476,0.712328767,0.208672087,0.494623656,0.313479624,0.811764706,0.581699346,0.8,0.073791349,0.356060606,0.033333333,0.578125,0.519788918,0.39295393,0.119850187,0.532051282,0.673529412,0.348534202,1
0.517985612,0.952861953,0.726907631,0.930147059,0,0.354166667,0.533854167,0.446300716,0.572944297,0.348605578,0.679814385,0.551724138,0.618138425,0.602380952,0.463414634,0.235649547,0.654285714,0.492239468,0.485148515,0.432170543,0.552631579,0.535928144,0.475113122,0.039267016,0.005617978,0.644444444,0.569060773,0.376205788,0.457943925,0.04368932,0.081168831,0.325342466,0.39941691,0.217687075,0.373368146,0.098181818,0,0.725490196,0.424,0.521621622,0.977941176,0.696022727,0.494553377,0.622641509,0.652631579,0.589403974,0.048689139,0.65394402,0.565701559,0.371663244,0.473491773,0.552407932,0.528767123,0.426573427,0.166666667,0.507276507,0.513784461,0.896193772,0.511299435,0.243055556,0.802898551,0.5625,0.502793296,0.026378897,0.404494382,0.32460733,0.004672897,0.552407932,0.669616519,0.561111111,0.891050584,0.705645161,0.630769231,0.668888889,0.482673267,0.095238095,0.564792176,0.523109244,0.525252525,0.588372093,0.630385488,0.505434783,0.451866405,0.770773639,0.120987654,0.601542416,0.925233645,0.537735849,0.591240876,0.048723898,0.351351351,0.160427807,0.615819209,0.496031746,0.340707965,0.18226601,0.027624309,0.662337662,0.615763547,0.48974359,0.996644295,0.298013245,0.576530612,0.607228916,0.529411765,0.427038627,0.082840237,0.643478261,0.404157044,0.574712644,0.501355014,0.538622129,0.571776156,0.513661202,0.241150442,0.517084282,0.016706444,0.797687861,0.620098039,0.589235127,0.015915119,0.175257732,0.12195122,0.470404984,0.163265306,0.359116022,0.433823529,0.131291028,0.49137931,0.426470588,0.354700855,0.035483871,0.506024096,0.545454545,0.565121413,0.541916168,0.73126615,0.55351682,0.536458333,0.464503043,0.419172932,0.622589532,0.5606469,0.709969789,0.00280112,0.69740634,0.0625,0.713432836,0.866071429,0.506849315,0.284552846,0.311827957,0.445141066,0.831372549,0.633986928,0.770967742,0.058524173,0.386363636,0.028205128,0.553125,0.527704485,0.382113821,0.108614232,0.525641026,0.676470588,0.328990228,1
0.496402878,0.387205387,0.542168675,0.694852941,0.166197183,0.6484375,0.53125,0.587112172,0.530503979,0.30876494,0.621809745,0.475095785,0.560859189,0.564285714,0.544715447,0.051359517,0.682857143,0.474501109,0.6,0.414728682,0.463562753,0.562874251,0.631221719,0.065445026,0.050561798,0.558024691,0.660220994,0.52733119,0.825545171,0.026699029,0.003246753,0.551369863,0.300291545,0.097505669,0.328981723,0.163636364,0.002506266,0.68627451,0.78,0.513513514,0.470588235,0.670454545,0.444444444,0.641509434,0.557894737,0.476821192,0.835205993,0.564885496,0.610244989,0.351129363,0.402193784,0.569405099,0.567123288,0.536130536,0.698924731,0.471933472,0.609022556,0.301038062,0.810734463,0.1875,0.405797101,0.673913043,0.452513966,0.004796163,0.632958801,0.35078534,0.004672897,0.484419263,0.805309735,0.45,0.529182879,0.39516129,0.575824176,0.484444444,0.492574257,0,0.601466993,0.533613445,0.57979798,0.581395349,0.471655329,0.486413043,0.487229862,0.426934097,0.098765432,0.562982005,0.470404984,0.48427673,0.843065693,0.201856148,0.056756757,0.14973262,0.392655367,0.378968254,0.340707965,0.113300493,0.389502762,0.664935065,0.581280788,0.523076923,0.409395973,0.268211921,0.586734694,0.61686747,0.560102302,0.341201717,0.00591716,0.492753623,0.401847575,0.583333333,0.501355014,0.563674322,0.559610706,0.617486339,0.254424779,0.574031891,0.155131265,0.826589595,0.68627451,0.682719547,0.015915119,0.667525773,0.553658537,0.208722741,0.329931973,0.226519337,0.31372549,0.087527352,0.372844828,0.508823529,0.384615385,0.090322581,0.475903614,0.392045455,0.501103753,0.538922156,0.715762274,0.859327217,0.6328125,0.476673428,0.484962406,0.573002755,0.549865229,0.697885196,0.00280112,0.008645533,0.1953125,0.51641791,0.517857143,0.578082192,0.208672087,0.505376344,0.31661442,0.490196078,0.611111111,0.687096774,0.020356234,0.164141414,0.002564103,0.5875,0.496042216,0.398373984,0.131086142,0.538461538,0.679411765,0.377850163,1
0.489208633,0.074074074,0.514056225,0.922794118,0.028169014,0.322916667,0.6171875,0.527446301,0.583554377,0.420318725,0.610208817,0.473180077,0.639618138,0.511904762,0.555555556,0.042296073,0.702857143,0.487804878,0.594059406,0.360465116,0.423076923,0.547904192,0.604072398,0.212041885,0.008426966,0.511111111,0.693370166,0.051446945,0.46105919,0.024271845,0.012987013,0.595890411,0.405247813,0.131519274,0.37075718,0.167272727,0.002506266,0.649859944,0.832,0.721621622,0.514705882,0.636363636,0.544662309,0.589622642,0.502631579,0.432671082,0.719101124,0.638676845,0.661469933,0.406570842,0.427787934,0.501416431,0.594520548,0.596736597,0.163978495,0.486486486,0.671679198,0.048442907,0.505649718,0.273148148,0.814492754,0.684782609,0.458100559,0.004796163,0.400749064,0.35078534,0.004672897,0.552407932,0.766961652,0.563888889,0.53307393,0.407258065,0.613186813,0.513333333,0.576732673,0.03968254,0.62591687,0.418067227,0.533333333,0.56744186,0.469387755,0.581521739,0.445972495,0.753581662,0.158024691,0.542416452,0.417445483,0.43081761,0.569343066,0.009280742,0.02972973,0.155080214,0.624293785,0.424603175,0.35840708,0.078817734,0.016574586,0.522077922,0.679802956,0.682051282,0.459731544,0.251655629,0.640306122,0.621686747,0.514066496,0.313304721,0.316568047,0.782608696,0.438799076,0.557471264,0.490514905,0.461377871,0.479318735,0.557377049,0.199115044,0.503416856,0.033412888,0.51734104,0.620098039,0.498583569,0.00530504,0.18814433,0.112195122,0.457943925,0.329931973,0.209944751,0.448529412,0.083150985,0.463362069,0.438235294,0.401709402,0.038709677,0.477911647,0.5,0.527593819,0.607784431,0.490956072,0.926605505,0.703125,0.52535497,0.469924812,0.707988981,0.684636119,0.685800604,0.00280112,0.720461095,0.125,0.591044776,0.553571429,0.736986301,0.287262873,0.311827957,0.445141066,0.48627451,0.617647059,0.7,0.025445293,0.146464646,0.005128205,0.578125,0.540897098,0.401084011,0.127340824,0.544871795,0.688235294,0.381107492,1
0.482014388,0.094276094,0.477911647,0.529411765,0,0.2265625,0.572916667,0.53699284,0.546419098,0.342629482,0.651972158,0.812260536,0.603818616,0.711904762,0.596205962,0.093655589,0.751428571,0.512195122,0.821782178,0.406976744,0.587044534,0.508982036,0.570135747,0.04973822,0.005617978,0.585185185,0.61878453,0.353697749,0.457943925,0.02184466,0.003246753,0.606164384,0.271137026,0.142857143,0.326370757,0.163636364,0.012531328,0.666666667,0.436,0.497297297,0.525735294,0.585227273,0.488017429,0.636792453,0.95,0.523178808,0.123595506,0.572519084,0.781737194,0.357289528,0.691042048,0.541076487,0.536986301,0.517482517,0.150537634,0.46985447,0.611528822,0.131487889,0.426553672,0.222222222,0.263768116,0.660326087,0.458100559,0.007194245,0.543071161,0.345549738,0.004672897,0.464589235,0.362831858,0.425,0.529182879,0.383064516,0.610989011,0.877777778,0.507425743,0.055555556,0.594132029,0.521008403,0.864646465,0.581395349,0.589569161,0.497282609,0.689587426,0.183381089,0.113580247,0.601542416,0.473520249,0.411949686,0.503649635,0.016241299,0.005405405,0.165775401,0.361581921,0.438492063,0.353982301,0.054187192,0.281767956,0.631168831,0.403940887,0.533333333,0.466442953,0.235099338,0.599489796,0.624096386,0.664961637,0.369098712,0.035502959,0.6,0.401847575,0.971264368,0.707317073,0.592901879,0.600973236,0.571038251,0.232300885,0.544419134,0.026252983,0.791907514,0.678921569,0.603399433,0.01061008,0.115979381,0.058536585,0.137071651,0.183673469,0.20441989,0.387254902,0.087527352,0.439655172,0.417647059,0.367521368,0.067741935,0.530120482,0.723484848,0.626931567,0.482035928,0.726098191,0.590214067,0.5234375,0.511156187,0.633458647,0.537190083,0.525606469,0.634441088,0.00280112,0.008645533,0.109375,0.501492537,0.529761905,0.561643836,0.276422764,0.455197133,0.379310345,0.505882353,0.660130719,0.732258065,0.03562341,0.237373737,0.012820513,0.528125,0.604221636,0.371273713,0.123595506,0.551282051,0.688235294,0.381107492,1
0.503597122,0.457912458,0.353413655,0.533088235,0,0.21875,0.604166667,0.634844869,0.570291777,0.484063745,0.568445476,0.563218391,0.663484487,0.619047619,0.539295393,0.102719033,0.817142857,0.827050998,0.518811881,0.364341085,0.542510121,0.51497006,0.574660633,0.034031414,0.005617978,0.508641975,0.726519337,0.144694534,0.457943925,0.046116505,0.003246753,0.349315068,0.288629738,0.138321995,0.326370757,0.098181818,0.010025063,0.549019608,0.428,0.645945946,0.551470588,0.704545455,0.590413943,0.615566038,0.631578947,0.401766004,0.232209738,0.651399491,0.503340757,0.474332649,0.473491773,0.52407932,0.523287671,0.536130536,0.150537634,0.501039501,0.676691729,0.138408304,0.423728814,0.354166667,0.272463768,0.201086957,0.497206704,0.014388489,0.539325843,0.319371728,0.004672897,0.430594901,0.637168142,0.466666667,0.447470817,0.379032258,0.606593407,0.631111111,0.613861386,0.087301587,0.645476773,0.68697479,0.585858586,0.553488372,0.587301587,0.532608696,0.491159136,0.197707736,0.22962963,0.568123393,0.554517134,0.355345912,0.50729927,0.016241299,0.005405405,0.187165775,0.36440678,0.420634921,0.345132743,0.098522167,0.273480663,0.576623377,0.448275862,0.638461538,0.580536913,0.298013245,0.650510204,0.592771084,0.514066496,0.716738197,0.201183432,0.785507246,0.464203233,0.600574713,0.482384824,0.576200418,0.603406326,0.576502732,0.256637168,0.359908884,0.023866348,0.670520231,0.683823529,0.64305949,0.013262599,0.115979381,0.058536585,0.143302181,0.078231293,0.337016575,0.514705882,0.105032823,0.49137931,0.411764706,0.311965812,0.064516129,0.608433735,0.573863636,0.763796909,0.458083832,0.651162791,0.550458716,0.5234375,0.490872211,0.432330827,0.581267218,0.601078167,0.589123867,0.00280112,0.005763689,0.0859375,0.528358209,0.568452381,0.709589041,0.279132791,0.455197133,0.382445141,0.529411765,0.722222222,0.529032258,0.048346056,0.101010101,0.017948718,0.490625,0.556728232,0.33604336,0.104868914,0.538461538,0.682352941,0.335504886,1
0.503597122,0.407407407,0.369477912,0.529411765,0,0.221354167,0.604166667,0.520286396,0.557029178,0.406374502,0.658932715,0.810344828,0.651551313,0.695238095,0.596205962,0.105740181,0.794285714,0.569844789,0.825742574,0.375968992,0.524291498,0.517964072,0.624434389,0.02617801,0.005617978,0.469135802,0.737569061,0.08681672,0.457943925,0.050970874,0.003246753,0.339041096,0.285714286,0.204081633,0.326370757,0.109090909,0.010025063,0.557422969,0.424,0.697297297,0.558823529,0.701704545,0.544662309,0.606132075,0.944736842,0.53200883,0.239700375,0.557251908,0.792873051,0.371663244,0.68738574,0.507082153,0.578082192,0.501165501,0.147849462,0.498960499,0.684210526,0.103806228,0.426553672,0.287037037,0.269565217,0.168478261,0.491620112,0.021582734,0.543071161,0.32460733,0.004672897,0.47592068,0.646017699,0.525,0.474708171,0.383064516,0.63956044,0.871111111,0.53960396,0.087301587,0.645476773,0.476890756,0.864646465,0.586046512,0.469387755,0.543478261,0.689587426,0.191977077,0.150617284,0.542416452,0.542056075,0.160377358,0.503649635,0.027842227,0.002702703,0.181818182,0.36440678,0.488095238,0.340707965,0.110837438,0.276243094,0.532467532,0.42364532,0.661538462,0.563758389,0.291390728,0.617346939,0.619277108,0.657289003,0.321888412,0.210059172,0.663768116,0.404157044,0.971264368,0.712737127,0.572025052,0.545012165,0.612021858,0.188053097,0.471526196,0.016706444,0.578034682,0.664215686,0.617563739,0.015915119,0.115979381,0.063414634,0.133956386,0.06462585,0.325966851,0.482843137,0.133479212,0.50862069,0.414705882,0.316239316,0.067741935,0.510040161,0.715909091,0.609271523,0.461077844,0.573643411,0.541284404,0.643229167,0.53346856,0.637218045,0.650137741,0.638814016,0.601208459,0.00280112,0.008645533,0.0703125,0.570149254,0.583333333,0.742465753,0.276422764,0.455197133,0.379310345,0.533333333,0.712418301,0.516129032,0.055979644,0.310606061,0.025641026,0.496875,0.559366755,0.333333333,0.108614232,0.538461538,0.682352941,0.338762215,1
0.503597122,0.441077441,0.357429719,0.525735294,0,0.234375,0.614583333,0.816229117,0.522546419,0.320717131,0.626450116,0.4348659,0.491646778,0.604761905,0.501355014,0.145015106,0.822857143,0.503325942,0.592079208,0.467054264,0.497975709,0.511976048,0.610859729,0.028795812,0.005617978,0.533333333,0.723756906,0.144694534,0.46105919,0.002427184,0.003246753,0.315068493,0.282798834,0.0861678,0.328981723,0.112727273,0.01754386,0.549019608,0.424,0.667567568,0.555147059,0.704545455,0.376906318,0.662735849,0.536842105,0.509933775,0.277153558,0.603053435,0.661469933,0.431211499,0.424131627,0.490084986,0.605479452,0.417249417,0.147849462,0.638253638,0.681704261,0.110726644,0.43220339,0.155092593,0.255072464,0.190217391,0.491620112,0.007194245,0.550561798,0.32460733,0.004672897,0.447592068,0.651917404,0.483333333,0.455252918,0.379032258,0.540659341,0.495555556,0.455445545,0.055555556,0.638141809,0.600840336,0.539393939,0.560465116,0.469387755,0.551630435,0.453831041,0.169054441,0.148148148,0.570694087,0.53894081,0.889937107,0.503649635,0.013921114,0.005405405,0.171122995,0.358757062,0.345238095,0.349557522,0.123152709,0.29281768,0.542857143,0.438423645,0.653846154,0.573825503,0.294701987,0.525510204,0.597590361,0.557544757,0.491416309,0.236686391,0.602898551,0.420323326,0.543103448,0.514905149,0.501043841,0.484184915,0.603825137,0.342920354,0.569476082,0.028639618,0.661849711,0.676470588,0.617563739,0.00795756,0.115979381,0.058536585,0.121495327,0.054421769,0.309392265,0.245098039,0.039387309,0.301724138,0.423529412,0.329059829,0.080645161,0.526104418,0.426136364,0.578366446,0.452095808,0.620155039,0.55351682,0.690104167,0.531440162,0.469924812,0.614325069,0.625336927,0.595166163,0.00280112,0.008645533,0.171875,0.540298507,0.568452381,0.720547945,0.279132791,0.458781362,0.379310345,0.529411765,0.712418301,0.512903226,0.03562341,0.176767677,0.01025641,0.496875,0.551451187,0.338753388,0.108614232,0.538461538,0.685294118,0.345276873,1
0.208633094,0.02020202,0.076305221,0.544117647,0,0.3828125,0.565104167,0.548926014,0.514588859,0.306772908,0.649651972,0.534482759,0.570405728,0.569047619,0.531165312,0.090634441,0.768571429,0.501108647,0.588118812,0.428294574,0.479757085,0.494011976,0.597285068,0.044502618,0.014044944,0.525925926,0.674033149,0.392282958,0.423676012,0.012135922,0.003246753,0.503424658,0.457725948,0.113378685,0.681462141,0.116363636,0,0.633053221,0.008,0.535135135,0.058823529,0.125,0.446623094,0.658018868,0.573684211,0.518763797,0.205992509,0.580152672,0.556792873,0.357289528,0.427787934,0.52407932,0.553424658,0.48951049,0.069892473,0.459459459,0.629072682,0.15916955,0.502824859,0.19212963,0.12173913,0.04076087,0.597765363,0.007194245,0.486891386,0.047120419,0.004672897,0.396600567,0.002949853,0.352777778,0.054474708,0.004032258,0.593406593,0.526666667,0.485148515,0.055555556,0.572127139,0.558823529,0.6,0.595348837,0.53968254,0.483695652,0.497053045,0.134670487,0.101234568,0.570694087,0.370716511,0.349056604,0.339416058,0.018561485,0,0.160427807,0.358757062,0.404761905,0.522123894,0.401477833,0.325966851,0.587012987,0.019704433,0.558974359,0.05033557,0.182119205,0.586734694,0.626506024,0.554987212,0.392703863,0.065088757,0.585507246,0.406466513,0.57183908,0.509485095,0.563674322,0.600973236,0.617486339,0.245575221,0.548974943,0.035799523,0.760115607,0.676470588,0.648725212,0.013262599,0.100515464,0.087804878,0.401869159,0.336734694,0.281767956,0.321078431,0.06345733,0.390086207,0.532352941,0.628205128,0.790322581,0.463855422,0.414772727,0.507726269,0.452095808,0.705426357,0.49235474,0.549479167,0.45030426,0.464285714,0.526170799,0.517520216,0.577039275,0.005602241,0.017291066,0.1171875,0.358208955,0.375,0.621917808,0.653116531,0.422939068,0.435736677,0.011764706,0.39869281,0.038709677,0.025445293,0.196969697,0.007692308,0.00625,0.116094987,0.162601626,0.026217228,0.634615385,0.835294118,0.218241042,1
0.100719424,0.033670034,0.16064257,0.463235294,0,0.026041667,0.5625,0.565632458,0.538461538,0.432270916,0.645011601,0.568965517,0.665871122,0.516666667,0.528455285,0.069486405,0.797142857,0.567627494,0.536633663,0.358527132,0.463562753,0.494011976,0.610859729,0.028795812,0.016853933,0.466666667,0.745856354,0.163987138,0.398753894,0.053398058,0.00974026,0.284246575,0.693877551,0.176870748,0.352480418,0.130909091,0,0.540616246,0.008,0.672972973,0.110294118,0.173295455,0.564270153,0.596698113,0.610526316,0.48785872,0.27340824,0.508905852,0.489977728,0.402464066,0.455210238,0.507082153,0.556164384,0.512820513,0.188172043,0.509355509,0.664160401,0.148788927,0.152542373,0.300925926,0.730434783,0.002717391,0.48603352,0.023980815,0.471910112,0.010471204,0.004672897,0.422096317,0.002949853,0.519444444,0.128404669,0.008064516,0.641758242,0.6,0.576732673,0.079365079,0.623471883,0.462184874,0.595959596,0.588372093,0.492063492,0.497282609,0.497053045,0.034383954,0.17037037,0.508997429,0.489096573,0.254716981,0.467153285,0.023201856,0,0.122994652,0.68079096,0.472222222,0.256637168,0.325123153,0.019337017,0.532467532,0.009852217,0.628205128,0.080536913,0.21192053,0.645408163,0.631325301,0.519181586,0.30472103,0.162721893,0.611594203,0.420323326,0.577586207,0.512195122,0.555323591,0.579075426,0.620218579,0.181415929,0.425968109,0.026252983,0.604046243,0.654411765,0.660056657,0.026525199,0.121134021,0.029268293,0.669781931,0.020408163,0.546961326,0.490196078,0.124726477,0.506465517,0.514705882,0.320512821,0.438709677,0.453815261,0.486742424,0.520971302,0.28742515,0.604651163,0.342507645,0.59375,0.460446247,0.45112782,0.611570248,0.587601078,0.558912387,0.005602241,0.017291066,0.078125,0.552238806,0.529761905,0.734246575,0.577235772,0.301075269,0.379310345,0.007843137,0.346405229,0.009677419,0.048346056,0.21969697,0.025641026,0.03125,0.002638522,0.260162602,0.161048689,0.653846154,0.720588235,0.003257329,1
0.208633094,0.023569024,0.084337349,0.544117647,0,0.388020833,0.598958333,0.548926014,0.816976127,0.324701195,0.638051044,0.783524904,0.584725537,0.638095238,0.585365854,0.060422961,0.788571429,0.494456763,0.847524752,0.399224806,0.751012146,0.823353293,0.882352941,0.062827225,0.011235955,0.587654321,0.696132597,0.347266881,0.423676012,0.009708738,0.003246753,0.503424658,0.454810496,0.111111111,0.681462141,0.116363636,0,0.596638655,0.008,0.572972973,0.069852941,0.125,0.468409586,0.646226415,0.889473684,0.492273731,0.288389513,0.75826972,0.870824053,0.349075975,0.665447898,0.861189802,0.893150685,0.540792541,0.067204301,0.463617464,0.64160401,0.155709343,0.502824859,0.203703704,0.115942029,0.038043478,0.597765363,0.004796163,0.486891386,0.047120419,0.004672897,0.385269122,0.002949853,0.377777778,0.070038911,0.004032258,0.595604396,0.802222222,0.50990099,0.047619048,0.586797066,0.529411765,0.858585859,0.579069767,0.857142857,0.641304348,0.73870334,0.134670487,0.103703704,0.622107969,0.398753894,0.327044025,0.339416058,0.013921114,0,0.160427807,0.355932203,0.402777778,0.522123894,0.401477833,0.337016575,0.568831169,0.014778325,0.582051282,0.05704698,0.185430464,0.602040816,0.628915663,0.624040921,0.343347639,0.079881657,0.579710145,0.406466513,0.945402299,0.739837398,0.828810021,0.922141119,0.980874317,0.225663717,0.548974943,0.035799523,0.728323699,0.676470588,0.657223796,0.00795756,0.100515464,0.087804878,0.395638629,0.333333333,0.276243094,0.340686275,0.061269147,0.400862069,0.535294118,0.628205128,0.790322581,0.568273092,0.640151515,0.538631347,0.44011976,0.687338501,0.519877676,0.895833333,0.653144016,0.70112782,0.52892562,0.530997305,0.567975831,0.005602241,0.020172911,0.125,0.402985075,0.410714286,0.654794521,0.650406504,0.422939068,0.435736677,0.007843137,0.39869281,0.035483871,0.022900763,0.176767677,0.002564103,0.00625,0.116094987,0.162601626,0.026217228,0.641025641,0.838235294,0.221498371,1
0.100719424,0.02020202,0.084337349,0.466911765,0.002816901,0.020833333,0.591145833,0.54176611,0.814323607,0.328685259,0.647331787,0.785440613,0.591885442,0.647619048,0.588075881,0.075528701,0.785714286,0.496674058,0.843564356,0.406976744,0.75708502,0.808383234,0.877828054,0.060209424,0.016853933,0.582716049,0.685082873,0.347266881,0.404984424,0.019417476,0.00974026,0.27739726,0.690962099,0.12244898,0.365535248,0.127272727,0,0.593837535,0.008,0.562162162,0.066176471,0.170454545,0.472766885,0.646226415,0.905263158,0.507726269,0.292134831,0.770992366,0.859688196,0.35523614,0.667276051,0.852691218,0.882191781,0.526806527,0.188172043,0.455301455,0.636591479,0.155709343,0.172316384,0.208333333,0.742028986,0.002717391,0.491620112,0.011990408,0.471910112,0.015706806,0.004672897,0.382436261,0.002949853,0.369444444,0.06614786,0.004032258,0.602197802,0.815555556,0.507425743,0.055555556,0.586797066,0.533613445,0.858585859,0.576744186,0.859410431,0.630434783,0.736738703,0.037249284,0.108641975,0.616966581,0.3894081,0.323899371,0.467153285,0.011600928,0,0.122994652,0.663841808,0.41468254,0.278761062,0.332512315,0.016574586,0.566233766,0.014778325,0.574358974,0.05704698,0.21192053,0.602040816,0.628915663,0.631713555,0.356223176,0.088757396,0.585507246,0.404157044,0.956896552,0.745257453,0.830897704,0.919708029,0.972677596,0.238938053,0.553530752,0.033412888,0.728323699,0.674019608,0.648725212,0.015915119,0.121134021,0.02195122,0.663551402,0.013605442,0.541436464,0.352941176,0.074398249,0.413793103,0.514705882,0.333333333,0.448387097,0.584337349,0.649621212,0.547461369,0.437125749,0.687338501,0.516819572,0.888020833,0.640973631,0.695488722,0.520661157,0.525606469,0.561933535,0.005602241,0.017291066,0.1171875,0.391044776,0.398809524,0.643835616,0.604336043,0.301075269,0.39184953,0.007843137,0.343137255,0.009677419,0.027989822,0.196969697,0.01025641,0.03125,0.005277045,0.260162602,0.153558052,0.653846154,0.723529412,0.009771987,1
0.208633094,0.033670034,0.136546185,0.544117647,0,0.385416667,0.630208333,0.832935561,0.663129973,0.322709163,0.631090487,0.461685824,0.489260143,0.6,0.498644986,0.166163142,0.805714286,0.503325942,0.596039604,0.472868217,0.668016194,0.814371257,0.909502262,0.023560209,0.011235955,0.735802469,0.745856354,0.22829582,0.423676012,0.007281553,0.003246753,0.5,0.454810496,0.090702948,0.681462141,0.112727273,0,0.56022409,0.008,0.651351351,0.099264706,0.127840909,0.379084967,0.662735849,0.542105263,0.520971302,0.310861423,0.597964377,0.65701559,0.437371663,0.468007313,0.781869688,0.969863014,0.393939394,0.067204301,0.667359667,0.666666667,0.15916955,0.505649718,0.157407407,0.11884058,0.038043478,0.597765363,0.009592326,0.486891386,0.047120419,0.004672897,0.393767705,0.002949853,0.483333333,0.108949416,0.004032258,0.542857143,0.504444444,0.462871287,0.047619048,0.594132029,0.605042017,0.565656566,0.569767442,0.750566893,0.682065217,0.660117878,0.128939828,0.148148148,0.688946015,0.479750779,0.852201258,0.339416058,0.023201856,0,0.160427807,0.358757062,0.353174603,0.522123894,0.401477833,0.328729282,0.548051948,0,0.620512821,0.073825503,0.185430464,0.520408163,0.595180723,0.549872123,0.504291845,0.213017751,0.539130435,0.436489607,0.540229885,0.517615176,0.805845511,0.878345499,0.99726776,0.334070796,0.55808656,0.031026253,0.673410405,0.669117647,0.674220963,0.015915119,0.100515464,0.090243902,0.395638629,0.326530612,0.276243094,0.24754902,0.04595186,0.306034483,0.532352941,0.628205128,0.790322581,0.497991968,0.426136364,0.578366446,0.344311377,0.65374677,0.440366972,1,0.689655172,0.654135338,0.581267218,0.574123989,0.564954683,0.005602241,0.017291066,0.1328125,0.519402985,0.508928571,0.720547945,0.650406504,0.422939068,0.435736677,0.007843137,0.39869281,0.035483871,0.030534351,0.186868687,0.01025641,0.009375,0.116094987,0.162601626,0.026217228,0.641025641,0.838235294,0.221498371,1
0.100719424,0.02020202,0.232931727,0.463235294,0.002816901,0.026041667,0.546875,0.642004773,0.541114058,0.362549801,0.668213457,0.781609195,0.625298329,0.621428571,0.571815718,0.123867069,0.762857143,0.525498891,0.84950495,0.420542636,0.471659919,0.494011976,0.608597285,0.031413613,0.016853933,0.644444444,0.726519337,0.176848875,0.401869159,0.04368932,0.00974026,0.27739726,0.693877551,0.179138322,0.360313316,0.127272727,0,0.62464986,0.008,0.724324324,0.113970588,0.173295455,0.507625272,0.629716981,0.894736842,0.549668874,0.254681648,0.559796438,0.877505568,0.367556468,0.643510055,0.481586402,0.594520548,0.48018648,0.185483871,0.717255717,0.649122807,0.089965398,0.163841808,0.247685185,0.736231884,0.002717391,0.491620112,0.021582734,0.471910112,0.015706806,0.004672897,0.54674221,0.002949853,0.602777778,0.159533074,0.004032258,0.628571429,0.8,0.512376238,0.071428571,0.621026895,0.510504202,0.858585859,0.597674419,0.439909297,0.508152174,0.679764244,0.031518625,0.125925926,0.506426735,0.451713396,0.933962264,0.467153285,0.023201856,0,0.122994652,0.669491525,0.472222222,0.269911504,0.332512315,0.024861878,0.501298701,0.039408867,0.646153846,0.067114094,0.21192053,0.602040816,0.624096386,0.611253197,0.371244635,0.316568047,0.701449275,0.408775982,0.954022989,0.753387534,0.534446764,0.506082725,0.609289617,0.223451327,0.521640091,0.026252983,0.774566474,0.595588235,0.575070822,0.023872679,0.121134021,0.029268293,0.666666667,0.013605442,0.541436464,0.428921569,0.118161926,0.476293103,0.514705882,0.329059829,0.44516129,0.483935743,0.630681818,0.540838852,0.362275449,0.527131783,0.266055046,0.669270833,0.634888438,0.661654135,0.694214876,0.630727763,0.604229607,0.005602241,0.017291066,0.1171875,0.608955224,0.547619048,0.753424658,0.593495935,0.301075269,0.388714734,0.007843137,0.343137255,0.006451613,0.040712468,0.297979798,0.023076923,0.03125,0.007915567,0.260162602,0.153558052,0.653846154,0.723529412,0.009771987,1
0.107913669,0.047138047,0.156626506,0.511029412,0,0.135416667,0.6015625,0.529832936,0.74801061,0.40438247,0.663573086,0.823754789,0.653937947,0.785714286,0.598915989,0.114803625,0.8,0.578713969,0.784158416,0.374031008,0.728744939,0.829341317,0.898190045,0.013089005,0.008426966,0.619753086,0.754143646,0.305466238,0.317757009,0.058252427,0.006493506,0.482876712,0.612244898,0.215419501,0.428198433,0.094545455,0.002506266,0.546218487,0,0.654054054,0.125,0.039772727,0.544662309,0.622641509,0.963157895,0.543046358,0.262172285,0.631043257,0.677060134,0.36550308,0.716636197,0.835694051,0.934246575,0.473193473,0.185483871,0.503118503,0.651629073,0.190311419,0.305084746,0.289351852,0.628985507,0.029891304,0.452513966,0.026378897,0.558052434,0.094240838,0.004672897,0.402266289,0.002949853,0.508333333,0.13229572,0.008064516,0.643956044,0.913333333,0.534653465,0.095238095,0.618581907,0.483193277,0.852525253,0.590697674,0.814058957,0.663043478,0.73870334,0.1747851,0.150617284,0.632390746,0.53271028,0.254716981,0.416058394,0.027842227,0.005405405,0.197860963,0.624293785,0.496031746,0.539823009,0.219211823,0.392265193,0.561038961,0,0.605128205,0.104026846,0.102649007,0.614795918,0.61686747,0.695652174,0.356223176,0.142011834,0.588405797,0.401847575,0.954022989,0.66395664,0.82045929,0.907542579,0.994535519,0.17699115,0.437357631,0.014319809,0.630057803,0.651960784,0.694050992,0.021220159,0.067010309,0.03902439,0.666666667,0.551020408,0.226519337,0.487745098,0.142231947,0.515086207,0.417647059,0.615384615,0.038709677,0.628514056,0.770833333,0.746136865,0.311377246,0.638242894,0.376146789,0.950520833,0.628803245,0.682330827,0.581267218,0.552560647,0.561933535,0.005602241,0.017291066,0.0625,0.555223881,0.553571429,0.726027397,0.658536585,0.365591398,0.536050157,0.011764706,0.12745098,0.029032258,0.061068702,0.333333333,0.030769231,0.015625,0.335092348,0.214092141,0.119850187,0.698717949,0.873529412,0.394136808,1
0.021582734,0.047138047,0.156626506,0.397058824,0,0.078125,0.598958333,0.534606205,0.734748011,0.414342629,0.656612529,0.819923372,0.656324582,0.778571429,0.604336043,0.099697885,0.794285714,0.569844789,0.788118812,0.372093023,0.726720648,0.817365269,0.898190045,0.020942408,0.014044944,0.624691358,0.751381215,0.308681672,0.46728972,0.058252427,0.006493506,0.023972603,0.285714286,0.215419501,0.686684073,0.156363636,0.5839599,0.540616246,0.004,0.651351351,0.121323529,0.116477273,0.551198257,0.615566038,0.965789474,0.53200883,0.262172285,0.623409669,0.694877506,0.373716632,0.709323583,0.821529745,0.931506849,0.487179487,0.094086022,0.505197505,0.651629073,0.193771626,0.466101695,0.298611111,0.449275362,0,0.201117318,0.026378897,0.486891386,0.052356021,0.004672897,0.399433428,0.002949853,0.508333333,0.13229572,0.008064516,0.641758242,0.908888889,0.542079208,0.087301587,0.616136919,0.472689076,0.852525253,0.590697674,0.807256236,0.654891304,0.736738703,0.020057307,0.158024691,0.632390746,0.53271028,0.264150943,0.401459854,0.023201856,0,0.069518717,0.375706215,0.494047619,0.420353982,0.039408867,0.049723757,0.555844156,0.004926108,0.602564103,0.100671141,0.162251656,0.617346939,0.614457831,0.698209719,0.343347639,0.139053254,0.585507246,0.404157044,0.962643678,0.672086721,0.82045929,0.900243309,0.989071038,0.181415929,0.446469248,0.023866348,0.632947977,0.651960784,0.69121813,0.023872679,0.139175258,0.075609756,0.414330218,0.323129252,0.375690608,0.495098039,0.142231947,0.517241379,0.682352941,0.692307692,0.732258065,0.614457831,0.761363636,0.730684327,0.305389222,0.633074935,0.370030581,0.950520833,0.636916836,0.684210526,0.578512397,0.549865229,0.555891239,0.005602241,0.017291066,0.0703125,0.552238806,0.550595238,0.723287671,0.588075881,0.390681004,0.304075235,0.011764706,0.045751634,0.006451613,0.050890585,0.323232323,0.028205128,0.034375,0.2823219,0.279132791,0.329588015,0.871794872,0.852941176,0.618892508,1
0.208633094,0.01010101,0.136546185,0.544117647,0,0.375,0.5390625,0.53699284,0.538461538,0.400398406,0.64037123,0.825670498,0.639618138,0.778571429,0.617886179,0.102719033,0.671428571,0.725055432,0.79009901,0.372093023,0.607287449,0.491017964,0.529411765,0.054973822,0.014044944,0.585185185,0.580110497,0.411575563,0.426791277,0.029126214,0.003246753,0.503424658,0.469387755,0.142857143,0.673629243,0.116363636,0,0.711484594,0.004,0.518918919,0.033088235,0.127840909,0.535947712,0.627358491,0.965789474,0.481236203,0.119850187,0.773536896,0.688195991,0.379876797,0.718464351,0.529745042,0.517808219,0.552447552,0.069892473,0.46985447,0.573934837,0.138408304,0.502824859,0.259259259,0.142028986,0.04076087,0.603351955,0.009592326,0.483146067,0.041884817,0.004672897,0.526912181,0.002949853,0.413888889,0.035019455,0.004032258,0.626373626,0.913333333,0.561881188,0.063492063,0.547677262,0.516806723,0.856565657,0.586046512,0.600907029,0.467391304,0.693516699,0.143266476,0.143209877,0.580976864,0.283489097,0.493710692,0.339416058,0.016241299,0,0.160427807,0.367231638,0.442460317,0.513274336,0.399014778,0.273480663,0.605194805,0.054187192,0.502564103,0.033557047,0.182119205,0.637755102,0.636144578,0.698209719,0.545064378,0.591715976,0.994202899,0.424942263,0.956896552,0.658536585,0.580375783,0.603406326,0.557377049,0.192477876,0.498861048,0.035799523,0.797687861,0.654411765,0.586402266,0.013262599,0.100515464,0.087804878,0.423676012,0.343537415,0.29281768,0.43872549,0.089715536,0.467672414,0.526470588,0.623931624,0.790322581,0.652610442,0.770833333,0.737306843,0.550898204,0.723514212,0.50764526,0.5,0.482758621,0.610902256,0.608815427,0.520215633,0.637462236,0.005602241,0.017291066,0.109375,0.307462687,0.288690476,0.523287671,0.655826558,0.422939068,0.445141066,0.011764706,0.401960784,0.04516129,0.030534351,0.186868687,0.01025641,0.00625,0.113456464,0.162601626,0.026217228,0.634615385,0.835294118,0.211726384,1
0.09352518,0.037037037,0.104417671,0.466911765,0.002816901,0.0234375,0.5703125,0.653937947,0.859416446,0.484063745,0.568445476,0.567049808,0.663484487,0.573809524,0.544715447,0.19939577,0.788571429,0.77827051,0.463366337,0.36627907,0.78340081,0.781437126,0.857466063,0.02617801,0.016853933,0.520987654,0.723756906,0.40192926,0.395638629,0.053398058,0.012987013,0.29109589,0.693877551,0.136054422,0.352480418,0.130909091,0,0.591036415,0.004,0.594594595,0.095588235,0.176136364,0.592592593,0.589622642,0.623684211,0.426048565,0.235955056,0.867684478,0.516703786,0.476386037,0.57952468,0.861189802,0.82739726,0.51048951,0.190860215,0.476091476,0.64160401,0.193771626,0.149717514,0.349537037,0.733333333,0.002717391,0.474860335,0.019184652,0.471910112,0.010471204,0.004672897,0.379603399,0.002949853,0.416666667,0.093385214,0.008064516,0.608791209,0.642222222,0.618811881,0.087301587,0.621026895,0.653361345,0.55959596,0.558139535,0.891156463,0.60326087,0.671905697,0.037249284,0.22962963,0.575835476,0.476635514,0.41509434,0.467153285,0.018561485,0,0.122994652,0.677966102,0.416666667,0.261061947,0.320197044,0.016574586,0.584415584,0.004926108,0.579487179,0.083892617,0.21192053,0.653061224,0.597590361,0.516624041,0.725321888,0.405325444,0.779710145,0.47113164,0.554597701,0.490514905,0.832985386,0.924574209,0.950819672,0.254424779,0.328018223,0.028639618,0.708092486,0.669117647,0.688385269,0.023872679,0.118556701,0.024390244,0.669781931,0.023809524,0.541436464,0.512254902,0.105032823,0.489224138,0.511764706,0.320512821,0.435483871,0.668674699,0.554924242,0.695364238,0.392215569,0.687338501,0.455657492,0.822916667,0.519269777,0.590225564,0.537190083,0.522911051,0.570996979,0.005602241,0.017291066,0.0859375,0.462686567,0.476190476,0.679452055,0.579945799,0.301075269,0.376175549,0.011764706,0.349673203,0.012903226,0.045801527,0.113636364,0.023076923,0.03125,0,0.257452575,0.164794007,0.66025641,0.717647059,0,1
0.129496403,0.03030303,0.164658635,0.507352941,0,0.700520833,0.565104167,0.565632458,0.538461538,0.424302789,0.651972158,0.574712644,0.663484487,0.526190476,0.525745257,0.081570997,0.802857143,0.572062084,0.530693069,0.356589147,0.467611336,0.5,0.608597285,0.020942408,0.011235955,0.466666667,0.748618785,0.154340836,0.579439252,0.055825243,0.00974026,0.493150685,0.629737609,0.256235828,0.511749347,0.094545455,0.776942356,0.546218487,0.004,0.678378378,0.110294118,0.042613636,0.559912854,0.606132075,0.607894737,0.501103753,0.277153558,0.511450382,0.487750557,0.392197125,0.464351005,0.512747875,0.55890411,0.498834499,0.188172043,0.507276507,0.666666667,0.14532872,0.717514124,0.291666667,0.623188406,0.032608696,0.469273743,0.225419664,0.943820225,0.09947644,0.002336449,0.42776204,0.002949853,0.525,0.128404669,0.008064516,0.643956044,0.606666667,0.569306931,0.087301587,0.62591687,0.470588235,0.597979798,0.588372093,0.498866213,0.5,0.497053045,0.171919771,0.162962963,0.508997429,0.489096573,0.242138365,0.46350365,0.146171694,0.005405405,0.197860963,0.646892655,0.474206349,0.539823009,0.236453202,0.867403315,0.535064935,0.004926108,0.630769231,0.080536913,0.105960265,0.642857143,0.63373494,0.52173913,0.324034335,0.162721893,0.611594203,0.418013857,0.57183908,0.517615176,0.555323591,0.586374696,0.62568306,0.174778761,0.419134396,0.021479714,0.601156069,0.654411765,0.660056657,0.021220159,0.118556701,0.16097561,0.651090343,0.547619048,0.220994475,0.485294118,0.175054705,0.504310345,0.761764706,0.606837607,0.45483871,0.457831325,0.494318182,0.520971302,0.290419162,0.612403101,0.348623853,0.588541667,0.45841785,0.447368421,0.61707989,0.590296496,0.561933535,0.005602241,0.017291066,0.0703125,0.555223881,0.532738095,0.736986301,0.650406504,0.627240143,0.529780564,0.011764706,0.150326797,0.032258065,0.053435115,0.27020202,0.28974359,0.015625,0.332453826,0.208672087,0.108614232,0.692307692,0.870588235,0.381107492,1
0.215827338,0.023569024,0.080321285,0.544117647,0,0.815104167,0.567708333,0.553699284,0.514588859,0.304780876,0.64037123,0.530651341,0.568019093,0.569047619,0.539295393,0.075528701,0.771428571,0.498891353,0.592079208,0.420542636,0.477732794,0.5,0.597285068,0.052356021,0.014044944,0.52345679,0.682320442,0.38585209,0.77258567,0.041262136,0.003246753,0.5,0.483965015,0.204081633,0.665796345,0.116363636,0.528822055,0.633053221,0.012,0.543243243,0.0625,0.139204545,0.446623094,0.655660377,0.571052632,0.505518764,0.205992509,0.580152672,0.561247216,0.349075975,0.425959781,0.526912181,0.556164384,0.508158508,0.309139785,0.463617464,0.634085213,0.15916955,0.861581921,0.1875,0.127536232,0.043478261,0.597765363,0.347721823,0.880149813,0.036649215,0.002336449,0.399433428,0.002949853,0.358333333,0.058365759,0.008064516,0.586813187,0.522222222,0.487623762,0.03968254,0.572127139,0.552521008,0.6,0.597674419,0.53968254,0.486413043,0.497053045,0.140401146,0.09382716,0.570694087,0.37694704,0.349056604,0.635036496,0.450116009,0,0.14973262,0.381355932,0.39484127,0.513274336,0.401477833,0.839779006,0.587012987,0.019704433,0.564102564,0.053691275,0.182119205,0.586734694,0.624096386,0.557544757,0.379828326,0.059171598,0.582608696,0.406466513,0.568965517,0.506775068,0.561586639,0.603406326,0.62295082,0.232300885,0.544419134,0.040572792,0.757225434,0.681372549,0.654390935,0.01061008,0.507731959,0.529268293,0.448598131,0.31292517,0.325966851,0.318627451,0.157549234,0.38362069,0.608823529,0.632478632,0.8,0.463855422,0.410984848,0.507726269,0.452095808,0.708010336,0.495412844,0.552083333,0.452332657,0.468045113,0.531680441,0.522911051,0.580060423,0.005602241,0.017291066,0.1328125,0.367164179,0.380952381,0.630136986,0.669376694,0.641577061,0.476489028,0.011764706,0.411764706,0.041935484,0.017811705,0.191919192,0.046153846,0.0125,0.10817942,0.165311653,0.02247191,0.634615385,0.823529412,0.198697068,1
0.215827338,0.02020202,0.076305221,0.9375,0,0.385416667,0.565104167,0.546539379,0.514588859,0.306772908,0.649651972,0.536398467,0.570405728,0.569047619,0.531165312,0.093655589,0.768571429,0.501108647,0.588118812,0.428294574,0.479757085,0.494011976,0.597285068,0.17539267,0.014044944,0.525925926,0.674033149,0.392282958,0.445482866,0.014563107,0.006493506,0.506849315,0.448979592,0.115646259,0.689295039,0.109090909,0,0.633053221,0.008,0.535135135,0.058823529,0.122159091,0.446623094,0.658018868,0.573684211,0.518763797,0.202247191,0.580152672,0.554565702,0.357289528,0.429616088,0.52407932,0.553424658,0.487179487,0.268817204,0.459459459,0.629072682,0.15916955,0.502824859,0.19212963,0.71884058,0.04076087,0.597765363,0.009592326,0.490636704,0.052356021,0.004672897,0.399433428,0.002949853,0.352777778,0.054474708,0.004032258,0.593406593,0.528888889,0.482673267,0.055555556,0.572127139,0.558823529,0.602020202,0.595348837,0.541950113,0.483695652,0.497053045,0.836676218,0.101234568,0.570694087,0.367601246,0.349056604,0.642335766,0.020881671,0,0.160427807,0.562146893,0.404761905,0.526548673,0.396551724,0.32320442,0.587012987,0.019704433,0.556410256,0.05033557,0.178807947,0.586734694,0.626506024,0.554987212,0.394849785,0.065088757,0.588405797,0.406466513,0.57183908,0.509485095,0.563674322,0.600973236,0.617486339,0.245575221,0.546697039,0.042959427,0.760115607,0.676470588,0.648725212,0.013262599,0.108247423,0.090243902,0.45482866,0.353741497,0.259668508,0.321078431,0.065645514,0.392241379,0.538235294,0.632478632,0.780645161,0.463855422,0.414772727,0.507726269,0.452095808,0.705426357,0.49235474,0.549479167,0.448275862,0.464285714,0.52892562,0.517520216,0.580060423,0.005602241,0.017291066,0.1171875,0.358208955,0.375,0.621917808,0.639566396,0.426523297,0.526645768,0.011764706,0.395424837,0.038709677,0.027989822,0.199494949,0.01025641,0.00625,0.131926121,0.162601626,0.029962547,0.634615385,0.838235294,0.234527687,1
0.129496403,0.033670034,0.164658635,0.841911765,0,0.440104167,0.5625,0.568019093,0.538461538,0.428286853,0.645011601,0.568965517,0.661097852,0.516666667,0.531165312,0.072507553,0.8,0.567627494,0.538613861,0.356589147,0.461538462,0.497005988,0.610859729,0.02617801,0.028089888,0.466666667,0.751381215,0.160771704,0.797507788,0.065533981,0.025974026,0.287671233,0.688046647,0.172335601,0.342036554,0.130909091,0,0.543417367,0.008,0.678378378,0.110294118,0.1875,0.562091503,0.601415094,0.605263158,0.48785872,0.269662921,0.508905852,0.4922049,0.39835729,0.457038391,0.512747875,0.561643836,0.51048951,0.698924731,0.511434511,0.666666667,0.148788927,0.723163842,0.293981481,0.704347826,0.005434783,0.502793296,0.021582734,0.573033708,0.010471204,0.004672897,0.42776204,0.002949853,0.525,0.13229572,0.008064516,0.63956044,0.595555556,0.574257426,0.079365079,0.62591687,0.464285714,0.597979798,0.588372093,0.489795918,0.5,0.497053045,0.664756447,0.165432099,0.508997429,0.495327103,0.254716981,0.883211679,0.060324826,0,0.128342246,0.700564972,0.468253968,0.212389381,0.344827586,0.013812155,0.535064935,0.009852217,0.630769231,0.083892617,0.205298013,0.642857143,0.631325301,0.519181586,0.302575107,0.156804734,0.611594203,0.420323326,0.574712644,0.512195122,0.553235908,0.581508516,0.62568306,0.17920354,0.423690205,0.054892601,0.601156069,0.654411765,0.662889518,0.023872679,0.605670103,0.397560976,0.672897196,0.017006803,0.563535912,0.482843137,0.131291028,0.5,0.511764706,0.290598291,0.44516129,0.455823293,0.486742424,0.518763797,0.290419162,0.609819121,0.342507645,0.598958333,0.460446247,0.453007519,0.61707989,0.590296496,0.561933535,0.00280112,0.014409222,0.078125,0.558208955,0.535714286,0.736986301,0.514905149,0.512544803,0.501567398,0.011764706,0.35620915,0.012903226,0.048346056,0.217171717,0.025641026,0.034375,0.013192612,0.257452575,0.149812734,0.634615385,0.717647059,0.019543974,1
0.115107914,0.006734007,0.032128514,0.518382353,0,0.130208333,0.546875,0.644391408,0.557029178,0.348605578,0.635730858,0.653256705,0.603818616,0.571428571,0.579945799,0.069486405,0.74,0.521064302,0.657425743,0.310077519,0.698380567,0.5,0.726244344,0.020942408,0.028089888,0.604938272,0.538674033,0.324758842,0.317757009,0.031553398,0.006493506,0.482876712,0.620991254,0.113378685,0.451697128,0.094545455,0.002506266,0.546218487,0.004,0.405405405,0.033088235,0.042613636,0.490196078,0.650943396,0.578947368,0.46799117,0.157303371,0.562340967,0.654788419,0.338809035,0.670932358,0.526912181,0.547945205,0.484848485,0.188172043,0.503118503,0.558897243,0.110726644,0.285310734,0.219907407,0.620289855,0.032608696,0.452513966,0.026378897,0.561797753,0.104712042,0.002336449,0.257790368,0.005899705,0.225,0.027237354,0.008064516,0.604395604,0.588888889,0.544554455,0.095238095,0.623471883,0.512605042,0.692929293,0.56744186,0.566893424,0.483695652,0.752455796,0.146131805,0.118518519,0.59125964,0.239875389,0.493710692,0.430656934,0.030162413,0.005405405,0.192513369,0.610169492,0.39484127,0.544247788,0.214285714,0.386740331,0.594805195,0.009852217,0.476923077,0.023489933,0.102649007,0.630102041,0.645783133,0.57544757,0.334763948,0.056213018,0.571014493,0.424942263,0.543103448,0.512195122,0.722338205,0.545012165,0.532786885,0.130530973,0.323462415,0.033412888,0.774566474,0.637254902,0.529745042,0.034482759,0.077319588,0.046341463,0.672897196,0.547619048,0.226519337,0.352941176,0.072210066,0.405172414,0.429411765,0.615384615,0.041935484,0.604417671,0.587121212,0.525386313,0.299401198,0.640826873,0.318042813,0.6796875,0.713995943,0.721804511,0.421487603,0.471698113,0.574018127,0.00280112,0.011527378,0.0859375,0.247761194,0.261904762,0.479452055,0.666666667,0.362007168,0.517241379,0.011764706,0.133986928,0.029032258,0.040712468,0.151515152,0.028205128,0.015625,0.340369393,0.211382114,0.119850187,0.698717949,0.867647059,0.400651466,1
0.223021583,0.01010101,0.088353414,0.544117647,0,0.369791667,0.6015625,0.720763723,0.557029178,0.231075697,0.633410673,0.41954023,0.503579952,0.602380952,0.509485095,0.13897281,0.74,0.463414634,0.528712871,0.40503876,0.481781377,0.502994012,0.50678733,0.02617801,0.028089888,0.624691358,0.657458564,0.147909968,0.429906542,0.016990291,0.003246753,0.5,0.457725948,0.095238095,0.681462141,0.112727273,0,0.453781513,0.012,0.589189189,0.051470588,0.130681818,0.368191721,0.66509434,0.486842105,0.51214128,0.217228464,0.572519084,0.708240535,0.303901437,0.458866545,0.478753541,0.501369863,0.438228438,0.075268817,0.752598753,0.64160401,0.103806228,0.505649718,0.159722222,0.139130435,0.043478261,0.597765363,0.021582734,0.490636704,0.047120419,0.002336449,0.28611898,0.002949853,0.375,0.062256809,0.004032258,0.551648352,0.484444444,0.425742574,0.071428571,0.623471883,0.598739496,0.448484848,0.604651163,0.43537415,0.546195652,0.497053045,0.131805158,0.07654321,0.57840617,0.314641745,0.289308176,0.343065693,0.030162413,0,0.155080214,0.367231638,0.35515873,0.526548673,0.399014778,0.082872928,0.493506494,0.009852217,0.602564103,0.033557047,0.182119205,0.535714286,0.604819277,0.560102302,0.480686695,0.284023669,0.695652174,0.399538106,0.459770115,0.539295393,0.442588727,0.391727494,0.423497268,0.188053097,0.45785877,0.040572792,0.667630058,0.656862745,0.575070822,0.029177719,0.108247423,0.095121951,0.401869159,0.326530612,0.287292818,0.257352941,0.050328228,0.314655172,0.526470588,0.636752137,0.793548387,0.485943775,0.448863636,0.571743929,0.203592814,0.511627907,0.250764526,0.6484375,0.728194726,0.563909774,0.531680441,0.579514825,0.546827795,0.00280112,0.014409222,0.1171875,0.385074627,0.366071429,0.646575342,0.658536585,0.419354839,0.423197492,0.007843137,0.405228758,0.038709677,0.027989822,0.181818182,0.017948718,0.00625,0.121372032,0.162601626,0.02247191,0.634615385,0.829411765,0.218241042,1
0.223021583,0.01010101,0.084337349,0.544117647,0,0.369791667,0.604166667,0.529832936,0.567639257,0.225099602,0.631090487,0.676245211,0.501193317,0.611904762,0.512195122,0.132930514,0.734285714,0.532150776,0.621782178,0.401162791,0.74291498,0.508982036,0.701357466,0.02617801,0.028089888,0.525925926,0.651933702,0.147909968,0.429906542,0.016990291,0.003246753,0.5,0.460641399,0.092970522,0.681462141,0.112727273,0,0.442577031,0.012,0.578378378,0.051470588,0.130681818,0.363834423,0.66745283,0.578947368,0.507726269,0.209737828,0.684478372,0.581291759,0.295687885,0.700182815,0.487252125,0.545205479,0.440559441,0.075268817,0.459459459,0.64160401,0.100346021,0.505649718,0.157407407,0.142028986,0.043478261,0.597765363,0.021582734,0.490636704,0.047120419,0.002336449,0.274787535,0.002949853,0.358333333,0.058365759,0.008064516,0.547252747,0.633333333,0.423267327,0.071428571,0.623471883,0.598739496,0.688888889,0.606976744,0.634920635,0.548913043,0.752455796,0.131805158,0.074074074,0.588688946,0.302180685,0.22327044,0.343065693,0.030162413,0,0.155080214,0.367231638,0.349206349,0.526548673,0.399014778,0.082872928,0.493506494,0.009852217,0.6,0.033557047,0.182119205,0.535714286,0.604819277,0.565217391,0.482832618,0.278106509,0.704347826,0.399538106,0.537356322,0.547425474,0.734864301,0.562043796,0.543715847,0.181415929,0.451025057,0.040572792,0.676300578,0.661764706,0.57223796,0.029177719,0.108247423,0.095121951,0.404984424,0.329931973,0.29281768,0.25245098,0.048140044,0.306034483,0.523529412,0.636752137,0.793548387,0.698795181,0.65530303,0.618101545,0.194610778,0.503875969,0.244648318,0.611979167,0.634888438,0.693609023,0.520661157,0.576819407,0.543806647,0.00280112,0.014409222,0.1171875,0.373134328,0.354166667,0.638356164,0.661246612,0.419354839,0.423197492,0.011764706,0.405228758,0.038709677,0.027989822,0.176767677,0.017948718,0.00625,0.118733509,0.162601626,0.02247191,0.634615385,0.829411765,0.218241042,1
0.115107914,0.006734007,0.036144578,0.518382353,0,0.127604167,0.546875,0.639618138,0.551724138,0.356573705,0.633410673,0.507662835,0.606205251,0.602380952,0.577235772,0.069486405,0.74,0.831485588,0.41980198,0.313953488,0.63562753,0.497005988,0.423076923,0.020942408,0.028089888,0.595061728,0.546961326,0.337620579,0.317757009,0.033980583,0.006493506,0.482876712,0.620991254,0.115646259,0.449086162,0.094545455,0.002506266,0.557422969,0.004,0.413513514,0.033088235,0.042613636,0.496732026,0.643867925,0.5,0.463576159,0.161048689,0.844783715,0.530066815,0.347022587,0.568555759,0.509915014,0.484931507,0.487179487,0.188172043,0.438669439,0.561403509,0.114186851,0.288135593,0.224537037,0.623188406,0.032608696,0.452513966,0.026378897,0.561797753,0.104712042,0.002336449,0.271954674,0.005899705,0.233333333,0.027237354,0.008064516,0.604395604,0.584444444,0.547029703,0.095238095,0.618581907,0.56302521,0.444444444,0.56744186,0.585034014,0.483695652,0.502946955,0.148997135,0.12345679,0.588688946,0.249221184,0.493710692,0.427007299,0.027842227,0.005405405,0.192513369,0.610169492,0.398809524,0.539823009,0.21182266,0.386740331,0.594805195,0.004926108,0.482051282,0.026845638,0.102649007,0.630102041,0.640963855,0.567774936,0.482832618,0.065088757,0.869565217,0.427251732,0.459770115,0.509485095,0.492693111,0.413625304,0.418032787,0.134955752,0.328018223,0.033412888,0.774566474,0.639705882,0.538243626,0.031830239,0.074742268,0.043902439,0.672897196,0.547619048,0.226519337,0.362745098,0.074398249,0.411637931,0.426470588,0.615384615,0.041935484,0.742971888,0.640151515,0.715231788,0.311377246,0.645994832,0.330275229,0.489583333,0.492900609,0.466165414,0.432506887,0.474393531,0.577039275,0.00280112,0.014409222,0.0859375,0.253731343,0.267857143,0.487671233,0.666666667,0.362007168,0.517241379,0.011764706,0.130718954,0.029032258,0.040712468,0.154040404,0.025641026,0.015625,0.340369393,0.211382114,0.119850187,0.698717949,0.867647059,0.400651466,1
0.230215827,0.006734007,0.02811245,0.9375,0,0.364583333,0.552083333,0.656324582,0.557029178,0.344621514,0.626450116,0.383141762,0.596658711,0.566666667,0.588075881,0.057401813,0.737142857,0.534368071,0.42970297,0.308139535,0.4048583,0.505988024,0.42081448,0.123036649,0.028089888,0.604938272,0.541436464,0.318327974,0.448598131,0.024271845,0.006493506,0.506849315,0.454810496,0.102040816,0.686684073,0.109090909,0,0.535014006,0.008,0.402702703,0.029411765,0.125,0.48583878,0.648584906,0.476315789,0.450331126,0.153558052,0.534351145,0.53674833,0.340862423,0.398537477,0.52407932,0.493150685,0.494172494,0.258064516,0.444906445,0.561403509,0.110726644,0.505649718,0.212962963,0.730434783,0.046195652,0.597765363,0.021582734,0.490636704,0.052356021,0.002336449,0.249291785,0.002949853,0.222222222,0.023346304,0.008064516,0.597802198,0.433333333,0.544554455,0.079365079,0.628361858,0.510504202,0.416161616,0.569767442,0.380952381,0.489130435,0.47740668,0.836676218,0.116049383,0.596401028,0.239875389,0.5,0.631386861,0.030162413,0,0.155080214,0.570621469,0.380952381,0.530973451,0.39408867,0.074585635,0.592207792,0.009852217,0.482051282,0.020134228,0.175496689,0.630102041,0.643373494,0.583120205,0.278969957,0.053254438,0.565217391,0.43187067,0.465517241,0.509485095,0.409185804,0.367396594,0.398907104,0.130530973,0.316628702,0.045346062,0.780346821,0.642156863,0.532577904,0.029177719,0.115979381,0.095121951,0.46728972,0.357142857,0.281767956,0.340686275,0.061269147,0.390086207,0.526470588,0.636752137,0.783870968,0.475903614,0.399621212,0.509933775,0.28742515,0.633074935,0.308868502,0.5,0.482758621,0.481203008,0.41322314,0.471698113,0.570996979,0.00280112,0.634005764,0.1015625,0.247761194,0.261904762,0.482191781,0.650406504,0.419354839,0.523510972,0.011764706,0.401960784,0.04516129,0.03307888,0.133838384,0.020512821,0.00625,0.134564644,0.162601626,0.026217228,0.634615385,0.832352941,0.228013029,1
0.122302158,0.01010101,0.080321285,0.849264706,0,0.4609375,0.606770833,0.527446301,0.567639257,0.22310757,0.633410673,0.429118774,0.498806683,0.60952381,0.509485095,0.145015106,0.734285714,0.470066519,0.386138614,0.401162791,0.483805668,0.511976048,0.393665158,0.020942408,0.039325843,0.525925926,0.640883978,0.151125402,0.809968847,0.024271845,0.016233766,0.273972603,0.702623907,0.095238095,0.352480418,0.130909091,0,0.434173669,0.012,0.567567568,0.047794118,0.190340909,0.359477124,0.669811321,0.481578947,0.514348786,0.205992509,0.577608142,0.474387528,0.295687885,0.469835466,0.487252125,0.482191781,0.433566434,0.693548387,0.46985447,0.636591479,0.096885813,0.737288136,0.159722222,0.713043478,0.005434783,0.497206704,0.026378897,0.595505618,0.005235602,0.002336449,0.260623229,0.005899705,0.341666667,0.058365759,0.008064516,0.549450549,0.491111111,0.420792079,0.079365079,0.628361858,0.605042017,0.416161616,0.606976744,0.444444444,0.551630435,0.483300589,0.64469914,0.074074074,0.593830334,0.289719626,0.229559748,0.894160584,0.046403712,0,0.122994652,0.686440678,0.349206349,0.234513274,0.344827586,0.019337017,0.493506494,0.009852217,0.594871795,0.030201342,0.201986755,0.533163265,0.604819277,0.565217391,0.491416309,0.278106509,0.710144928,0.399538106,0.459770115,0.550135501,0.440501044,0.372262774,0.398907104,0.181415929,0.444191344,0.052505967,0.682080925,0.659313725,0.563739377,0.034482759,0.603092784,0.395121951,0.672897196,0.017006803,0.563535912,0.254901961,0.052516411,0.306034483,0.514705882,0.299145299,0.451612903,0.459839357,0.446969697,0.580573951,0.191616766,0.503875969,0.241590214,0.427083333,0.448275862,0.415413534,0.506887052,0.571428571,0.540785498,0.00280112,0.011527378,0.109375,0.358208955,0.342261905,0.62739726,0.552845528,0.541218638,0.514106583,0.007843137,0.352941176,0.009677419,0.03307888,0.179292929,0.025641026,0.0375,0.021108179,0.257452575,0.149812734,0.634615385,0.711764706,0.019543974,1
0.129496403,0.003367003,0.032128514,0.514705882,0,0.697916667,0.552083333,0.649164678,0.554376658,0.342629482,0.635730858,0.388888889,0.599045346,0.566666667,0.582655827,0.069486405,0.742857143,0.538802661,0.431683168,0.308139535,0.406882591,0.505988024,0.423076923,0.020942408,0.028089888,0.607407407,0.533149171,0.305466238,0.573208723,0.029126214,0.006493506,0.493150685,0.638483965,0.16553288,0.519582245,0.094545455,0.781954887,0.537815126,0.004,0.4,0.029411765,0.042613636,0.483660131,0.655660377,0.471052632,0.46799117,0.157303371,0.534351145,0.53674833,0.332648871,0.402193784,0.521246459,0.498630137,0.48018648,0.190860215,0.444906445,0.558897243,0.107266436,0.711864407,0.212962963,0.620289855,0.038043478,0.469273743,0.143884892,0.947565543,0.104712042,0.002336449,0.249291785,0.005899705,0.222222222,0.027237354,0.008064516,0.602197802,0.435555556,0.53960396,0.095238095,0.628361858,0.518907563,0.418181818,0.569767442,0.380952381,0.489130435,0.481335953,0.148997135,0.116049383,0.596401028,0.23364486,0.490566038,0.467153285,0.134570766,0.005405405,0.192513369,0.63559322,0.390873016,0.539823009,0.231527094,0.867403315,0.592207792,0.009852217,0.479487179,0.023489933,0.102649007,0.62755102,0.645783133,0.58056266,0.30472103,0.062130178,0.573913043,0.424942263,0.465517241,0.517615176,0.413361169,0.367396594,0.401639344,0.128318584,0.316628702,0.035799523,0.777456647,0.639705882,0.52407932,0.031830239,0.12371134,0.163414634,0.657320872,0.544217687,0.215469613,0.343137255,0.094091904,0.396551724,0.770588235,0.606837607,0.470967742,0.475903614,0.395833333,0.51214128,0.290419162,0.635658915,0.311926606,0.5,0.47464503,0.479323308,0.41322314,0.469002695,0.570996979,0.00280112,0.011527378,0.0859375,0.244776119,0.258928571,0.476712329,0.658536585,0.627240143,0.520376176,0.011764706,0.153594771,0.032258065,0.038167939,0.148989899,0.187179487,0.015625,0.337730871,0.20596206,0.108614232,0.685897436,0.864705882,0.38762215,1
0.230215827,0.01010101,0.084337349,0.544117647,0,0.815104167,0.609375,0.546539379,0.572944297,0.215139442,0.621809745,0.429118774,0.494033413,0.616666667,0.52303523,0.111782477,0.731428571,0.470066519,0.392079208,0.389534884,0.483805668,0.511976048,0.400452489,0.031413613,0.028089888,0.520987654,0.654696133,0.147909968,0.781931464,0.012135922,0.003246753,0.5,0.489795918,0.14739229,0.663185379,0.112727273,0.526315789,0.442577031,0.016,0.581081081,0.047794118,0.144886364,0.359477124,0.66745283,0.502631579,0.492273731,0.198501873,0.580152672,0.476614699,0.281314168,0.468007313,0.492917847,0.476712329,0.459207459,0.309139785,0.482328482,0.644110276,0.100346021,0.867231638,0.150462963,0.15942029,0.048913043,0.597765363,0.256594724,0.895131086,0.036649215,0.002336449,0.271954674,0.005899705,0.355555556,0.058365759,0.008064516,0.540659341,0.497777778,0.420792079,0.063492063,0.628361858,0.596638655,0.418181818,0.609302326,0.446712018,0.551630435,0.489194499,0.137535817,0.066666667,0.593830334,0.299065421,0.242138365,0.653284672,0.43387471,0,0.144385027,0.389830508,0.333333333,0.522123894,0.399014778,0.842541436,0.496103896,0.009852217,0.602564103,0.030201342,0.178807947,0.538265306,0.604819277,0.57544757,0.472103004,0.25739645,0.707246377,0.3926097,0.471264368,0.544715447,0.448851775,0.377128954,0.398907104,0.170353982,0.439635535,0.045346062,0.682080925,0.664215686,0.57223796,0.026525199,0.507731959,0.524390244,0.451713396,0.306122449,0.342541436,0.242647059,0.09190372,0.293103448,0.611764706,0.641025641,0.803225806,0.449799197,0.443181818,0.582781457,0.194610778,0.503875969,0.23853211,0.427083333,0.45030426,0.42481203,0.520661157,0.576819407,0.546827795,0.00280112,0.011527378,0.125,0.370149254,0.351190476,0.638356164,0.674796748,0.64874552,0.476489028,0.011764706,0.41503268,0.04516129,0.022900763,0.156565657,0.033333333,0.0125,0.113456464,0.165311653,0.018726592,0.634615385,0.817647059,0.198697068,1
0.230215827,0.006734007,0.032128514,0.9375,0,0.364583333,0.546875,0.653937947,0.557029178,0.352589641,0.626450116,0.647509579,0.599045346,0.569047619,0.588075881,0.054380665,0.737142857,0.518847007,0.661386139,0.310077519,0.690283401,0.502994012,0.728506787,0.128272251,0.028089888,0.604938272,0.546961326,0.337620579,0.448598131,0.024271845,0.006493506,0.506849315,0.454810496,0.10430839,0.686684073,0.109090909,0,0.543417367,0.008,0.408108108,0.029411765,0.125,0.490196078,0.643867925,0.576315789,0.44812362,0.153558052,0.55216285,0.661469933,0.347022587,0.663619744,0.529745042,0.547945205,0.498834499,0.258064516,0.511434511,0.561403509,0.114186851,0.505649718,0.217592593,0.730434783,0.046195652,0.597765363,0.021582734,0.490636704,0.052356021,0.002336449,0.257790368,0.002949853,0.227777778,0.027237354,0.008064516,0.597802198,0.58,0.54950495,0.079365079,0.623471883,0.50210084,0.690909091,0.56744186,0.557823129,0.483695652,0.750491159,0.836676218,0.118518519,0.59125964,0.246105919,0.503144654,0.631386861,0.030162413,0,0.155080214,0.56779661,0.382936508,0.530973451,0.39408867,0.074585635,0.594805195,0.009852217,0.479487179,0.023489933,0.175496689,0.630102041,0.643373494,0.578005115,0.313304721,0.050295858,0.565217391,0.434180139,0.548850575,0.504065041,0.720250522,0.545012165,0.532786885,0.134955752,0.32118451,0.042959427,0.780346821,0.642156863,0.541076487,0.029177719,0.115979381,0.095121951,0.46728972,0.357142857,0.281767956,0.348039216,0.06345733,0.396551724,0.526470588,0.636752137,0.783870968,0.588353414,0.573863636,0.514348786,0.296407186,0.638242894,0.314984709,0.690104167,0.722109533,0.723684211,0.421487603,0.471698113,0.577039275,0.00280112,0.634005764,0.1015625,0.250746269,0.264880952,0.484931507,0.650406504,0.419354839,0.523510972,0.011764706,0.401960784,0.04516129,0.03307888,0.133838384,0.020512821,0.00625,0.134564644,0.162601626,0.026217228,0.634615385,0.832352941,0.228013029,1
0.09352518,0.01010101,0.088353414,0.9375,0,0.1484375,0.6015625,0.706443914,0.554376658,0.227091633,0.642691415,0.41954023,0.496420048,0.6,0.495934959,0.196374622,0.754285714,0.476718404,0.546534653,0.410852713,0.487854251,0.505988024,0.529411765,0.007853403,0.025280899,0.622222222,0.654696133,0.1414791,0.638629283,0.033980583,0.003246753,0.47260274,0.606413994,0.10430839,0.540469974,0.105454545,0,0.459383754,0.008,0.586486486,0.058823529,0.042613636,0.352941176,0.669811321,0.476315789,0.534216336,0.228464419,0.572519084,0.712694878,0.316221766,0.457038391,0.478753541,0.509589041,0.393939394,0.669354839,0.742203742,0.639097744,0.100346021,0.460451977,0.159722222,0.614492754,0.029891304,0.424581006,0.028776978,0.558052434,0.104712042,0.002336449,0.283286119,0.005899705,0.369444444,0.06614786,0.012096774,0.551648352,0.477777778,0.420792079,0.095238095,0.628361858,0.611344538,0.462626263,0.597674419,0.43537415,0.548913043,0.508840864,0.862464183,0.081481481,0.580976864,0.308411215,0.229559748,0.828467153,0.039443155,0.005405405,0.203208556,0.573446328,0.363095238,0.544247788,0.199507389,0.403314917,0.498701299,0.009852217,0.602564103,0.036912752,0.102649007,0.522959184,0.6,0.549872123,0.515021459,0.295857988,0.689855072,0.408775982,0.462643678,0.555555556,0.45302714,0.394160584,0.428961749,0.190265487,0.444191344,0.085918854,0.664739884,0.656862745,0.569405099,0.034482759,0.453608247,0.085365854,0.691588785,0.540816327,0.237569061,0.257352941,0.067833698,0.314655172,0.426470588,0.628205128,0.061290323,0.502008032,0.452651515,0.578366446,0.206586826,0.524547804,0.259938838,0.658854167,0.732251521,0.580827068,0.531680441,0.579514825,0.549848943,0.00280112,0.011527378,0.0859375,0.382089552,0.360119048,0.64109589,0.682926829,0.41218638,0.554858934,0.011764706,0.120915033,0.025806452,0.048346056,0.204545455,0.033333333,0.021875,0.350923483,0.211382114,0.142322097,0.717948718,0.864705882,0.429967427,1
0.230215827,0.01010101,0.084337349,0.9375,0,0.369791667,0.604166667,0.527446301,0.567639257,0.225099602,0.631090487,0.676245211,0.498806683,0.614285714,0.512195122,0.135951662,0.734285714,0.534368071,0.621782178,0.403100775,0.74291498,0.508982036,0.701357466,0.068062827,0.028089888,0.525925926,0.651933702,0.147909968,0.448598131,0.019417476,0.006493506,0.503424658,0.451895044,0.092970522,0.689295039,0.109090909,0,0.442577031,0.012,0.578378378,0.051470588,0.125,0.361655773,0.66745283,0.578947368,0.509933775,0.213483146,0.684478372,0.579064588,0.297741273,0.700182815,0.490084986,0.545205479,0.438228438,0.258064516,0.459459459,0.64160401,0.100346021,0.505649718,0.157407407,0.727536232,0.046195652,0.597765363,0.021582734,0.490636704,0.057591623,0.002336449,0.271954674,0.002949853,0.358333333,0.058365759,0.008064516,0.547252747,0.633333333,0.423267327,0.071428571,0.62591687,0.600840336,0.688888889,0.606976744,0.634920635,0.548913043,0.752455796,0.833810888,0.074074074,0.588688946,0.302180685,0.22327044,0.638686131,0.032482599,0,0.155080214,0.56779661,0.349206349,0.530973451,0.39408867,0.082872928,0.493506494,0.009852217,0.6,0.033557047,0.178807947,0.535714286,0.604819277,0.565217391,0.484978541,0.278106509,0.701449275,0.399538106,0.537356322,0.547425474,0.734864301,0.564476886,0.546448087,0.181415929,0.448747153,0.042959427,0.676300578,0.661764706,0.57223796,0.031830239,0.115979381,0.097560976,0.46105919,0.346938776,0.270718232,0.25245098,0.050328228,0.306034483,0.529411765,0.641025641,0.783870968,0.698795181,0.65530303,0.618101545,0.19760479,0.506459948,0.244648318,0.611979167,0.634888438,0.693609023,0.520661157,0.576819407,0.543806647,0.00280112,0.602305476,0.109375,0.373134328,0.354166667,0.638356164,0.647696477,0.419354839,0.523510972,0.011764706,0.39869281,0.038709677,0.030534351,0.176767677,0.020512821,0.00625,0.134564644,0.162601626,0.026217228,0.634615385,0.832352941,0.231270358,1
0.100719424,0.006734007,0.040160643,0.9375,0,0.135416667,0.549479167,0.634844869,0.554376658,0.346613546,0.64037123,0.501915709,0.603818616,0.602380952,0.571815718,0.081570997,0.742857143,0.831485588,0.41980198,0.310077519,0.637651822,0.497005988,0.425339367,0.028795812,0.025280899,0.597530864,0.546961326,0.331189711,0.635514019,0.038834951,0.003246753,0.476027397,0.61516035,0.120181406,0.519582245,0.101818182,0,0.56302521,0.004,0.416216216,0.036764706,0.045454545,0.490196078,0.650943396,0.492105263,0.479028698,0.157303371,0.854961832,0.532293987,0.332648871,0.566727605,0.509915014,0.484931507,0.475524476,0.669354839,0.438669439,0.563909774,0.114186851,0.45480226,0.219907407,0.617391304,0.029891304,0.43575419,0.028776978,0.558052434,0.109947644,0.002336449,0.277620397,0.005899705,0.236111111,0.031128405,0.012096774,0.606593407,0.575555556,0.537128713,0.103174603,0.618581907,0.567226891,0.44040404,0.56744186,0.594104308,0.486413043,0.502946955,0.865329513,0.116049383,0.59125964,0.249221184,0.487421384,0.824817518,0.034802784,0.005405405,0.197860963,0.581920904,0.402777778,0.544247788,0.187192118,0.389502762,0.597402597,0.009852217,0.484615385,0.030201342,0.102649007,0.625,0.643373494,0.567774936,0.487124464,0.065088757,0.884057971,0.418013857,0.462643678,0.517615176,0.494780793,0.418491484,0.420765027,0.130530973,0.325740319,0.069212411,0.774566474,0.642156863,0.538243626,0.034482759,0.451030928,0.080487805,0.68847352,0.547619048,0.237569061,0.357843137,0.080962801,0.409482759,0.426470588,0.623931624,0.05483871,0.74497992,0.636363636,0.710816777,0.317365269,0.651162791,0.336391437,0.4921875,0.492900609,0.466165414,0.438016529,0.477088949,0.583081571,0.00280112,0.011527378,0.078125,0.256716418,0.270833333,0.490410959,0.680216802,0.408602151,0.551724138,0.015686275,0.124183007,0.032258065,0.050890585,0.166666667,0.030769231,0.021875,0.350923483,0.214092141,0.134831461,0.711538462,0.864705882,0.423452769,1
0.129496403,0.01010101,0.084337349,0.514705882,0,0.697916667,0.604166667,0.517899761,0.567639257,0.225099602,0.638051044,0.67816092,0.498806683,0.611904762,0.504065041,0.163141994,0.74,0.549889135,0.613861386,0.406976744,0.748987854,0.511976048,0.696832579,0.018324607,0.028089888,0.52345679,0.64640884,0.1414791,0.570093458,0.024271845,0.006493506,0.493150685,0.635568513,0.133786848,0.522193211,0.094545455,0.784461153,0.445378151,0.008,0.575675676,0.051470588,0.042613636,0.359477124,0.669811321,0.573684211,0.523178808,0.217228464,0.692111959,0.570155902,0.303901437,0.703839122,0.487252125,0.545205479,0.417249417,0.188172043,0.455301455,0.639097744,0.096885813,0.709039548,0.159722222,0.617391304,0.035326087,0.463687151,0.110311751,0.943820225,0.104712042,0.002336449,0.271954674,0.005899705,0.355555556,0.058365759,0.008064516,0.549450549,0.637777778,0.420792079,0.087301587,0.62591687,0.607142857,0.686868687,0.604651163,0.64399093,0.551630435,0.750491159,0.140401146,0.07654321,0.588688946,0.295950156,0.20754717,0.46350365,0.139211137,0.005405405,0.192513369,0.629943503,0.357142857,0.539823009,0.236453202,0.870165746,0.493506494,0.009852217,0.6,0.033557047,0.102649007,0.530612245,0.602409639,0.557544757,0.497854077,0.292899408,0.701449275,0.404157044,0.540229885,0.555555556,0.734864301,0.564476886,0.543715847,0.183628319,0.446469248,0.033412888,0.673410405,0.659313725,0.563739377,0.034482759,0.12371134,0.163414634,0.657320872,0.540816327,0.215469613,0.254901961,0.065645514,0.310344828,0.767647059,0.611111111,0.477419355,0.708835341,0.660984848,0.624724062,0.19760479,0.509043928,0.247706422,0.604166667,0.620689655,0.687969925,0.517906336,0.576819407,0.546827795,0.00280112,0.014409222,0.09375,0.367164179,0.348214286,0.632876712,0.661246612,0.623655914,0.520376176,0.007843137,0.153594771,0.029032258,0.038167939,0.237373737,0.212820513,0.015625,0.337730871,0.203252033,0.112359551,0.692307692,0.864705882,0.390879479,1
0.230215827,0.01010101,0.036144578,0.544117647,0,0.815104167,0.549479167,0.661097852,0.557029178,0.358565737,0.610208817,0.528735632,0.596658711,0.604761905,0.588075881,0.045317221,0.737142857,0.822616408,0.417821782,0.312015504,0.647773279,0.5,0.429864253,0.036649215,0.025280899,0.592592593,0.566298343,0.353697749,0.785046729,0.055825243,0.003246753,0.5,0.495626822,0.160997732,0.657963446,0.116363636,0.521303258,0.554621849,0.012,0.424324324,0.033088235,0.144886364,0.492374728,0.632075472,0.518421053,0.42384106,0.153558052,0.839694656,0.532293987,0.359342916,0.583180987,0.515580737,0.476712329,0.512820513,0.314516129,0.440748441,0.573934837,0.121107266,0.867231638,0.215277778,0.205797101,0.051630435,0.597765363,0.287769784,0.895131086,0.036649215,0.002336449,0.269121813,0.005899705,0.238888889,0.027237354,0.008064516,0.589010989,0.597777778,0.551980198,0.071428571,0.618581907,0.546218487,0.456565657,0.562790698,0.596371882,0.483695652,0.516699411,0.146131805,0.120987654,0.588688946,0.261682243,0.506289308,0.656934307,0.431554524,0,0.144385027,0.395480226,0.373015873,0.517699115,0.396551724,0.839779006,0.594805195,0.009852217,0.492307692,0.026845638,0.175496689,0.630102041,0.63373494,0.572890026,0.448497854,0.050295858,0.84057971,0.443418014,0.468390805,0.490514905,0.513569937,0.423357664,0.418032787,0.139380531,0.32118451,0.047732697,0.780346821,0.649509804,0.558073654,0.023872679,0.510309278,0.524390244,0.464174455,0.316326531,0.35359116,0.352941176,0.153172867,0.392241379,0.608823529,0.636752137,0.8,0.746987952,0.647727273,0.715231788,0.308383234,0.643410853,0.327217125,0.486979167,0.507099391,0.466165414,0.435261708,0.479784367,0.580060423,0.00280112,0.011527378,0.1171875,0.265671642,0.279761905,0.506849315,0.677506775,0.64874552,0.482758621,0.015686275,0.41503268,0.048387097,0.025445293,0.116161616,0.028205128,0.0125,0.110817942,0.165311653,0.02247191,0.634615385,0.814705882,0.188925081,1
0.129496403,0.006734007,0.032128514,0.514705882,0,0.697916667,0.546875,0.646778043,0.557029178,0.348605578,0.635730858,0.653256705,0.601431981,0.571428571,0.579945799,0.066465257,0.742857143,0.521064302,0.657425743,0.310077519,0.696356275,0.5,0.728506787,0.023560209,0.028089888,0.604938272,0.541436464,0.324758842,0.573208723,0.029126214,0.006493506,0.493150685,0.638483965,0.167800454,0.519582245,0.094545455,0.781954887,0.546218487,0.004,0.405405405,0.033088235,0.042613636,0.490196078,0.650943396,0.576315789,0.465783664,0.157303371,0.559796438,0.654788419,0.340862423,0.669104205,0.526912181,0.547945205,0.484848485,0.190860215,0.503118503,0.558897243,0.110726644,0.711864407,0.217592593,0.620289855,0.038043478,0.469273743,0.148681055,0.947565543,0.104712042,0.002336449,0.257790368,0.005899705,0.227777778,0.027237354,0.008064516,0.604395604,0.586666667,0.544554455,0.095238095,0.62591687,0.512605042,0.692929293,0.56744186,0.566893424,0.486413043,0.752455796,0.148997135,0.118518519,0.59125964,0.242990654,0.493710692,0.46350365,0.134570766,0.005405405,0.192513369,0.63559322,0.392857143,0.539823009,0.231527094,0.867403315,0.594805195,0.009852217,0.479487179,0.023489933,0.102649007,0.630102041,0.643373494,0.57544757,0.332618026,0.056213018,0.571014493,0.427251732,0.543103448,0.512195122,0.722338205,0.547445255,0.532786885,0.132743363,0.32118451,0.035799523,0.774566474,0.639705882,0.532577904,0.031830239,0.12371134,0.163414634,0.657320872,0.544217687,0.215469613,0.350490196,0.098468271,0.403017241,0.770588235,0.606837607,0.470967742,0.602409639,0.585227273,0.523178808,0.299401198,0.638242894,0.318042813,0.682291667,0.716024341,0.721804511,0.421487603,0.471698113,0.574018127,0.00280112,0.014409222,0.09375,0.250746269,0.264880952,0.482191781,0.658536585,0.627240143,0.520376176,0.011764706,0.153594771,0.032258065,0.038167939,0.148989899,0.18974359,0.015625,0.337730871,0.20596206,0.108614232,0.685897436,0.864705882,0.38762215,1
0.230215827,0.01010101,0.092369478,0.544117647,0,0.815104167,0.6015625,0.718377088,0.559681698,0.227091633,0.626450116,0.417624521,0.501193317,0.604761905,0.514905149,0.120845921,0.74,0.461197339,0.520792079,0.397286822,0.483805668,0.505988024,0.513574661,0.031413613,0.025280899,0.634567901,0.662983425,0.144694534,0.781931464,0.014563107,0.003246753,0.5,0.486880466,0.158730159,0.665796345,0.112727273,0.526315789,0.459383754,0.016,0.597297297,0.055147059,0.144886364,0.368191721,0.662735849,0.492105263,0.501103753,0.217228464,0.572519084,0.70155902,0.293634497,0.458866545,0.481586402,0.504109589,0.454545455,0.306451613,0.760914761,0.644110276,0.103806228,0.867231638,0.155092593,0.150724638,0.048913043,0.597765363,0.270983213,0.895131086,0.036649215,0.002336449,0.294617564,0.005899705,0.383333333,0.06614786,0.008064516,0.547252747,0.486666667,0.425742574,0.063492063,0.62591687,0.592436975,0.444444444,0.604651163,0.437641723,0.546195652,0.497053045,0.137535817,0.071604938,0.57840617,0.317757009,0.289308176,0.649635036,0.436194896,0,0.144385027,0.38700565,0.347222222,0.522123894,0.399014778,0.842541436,0.496103896,0.009852217,0.607692308,0.033557047,0.178807947,0.538265306,0.604819277,0.565217391,0.467811159,0.275147929,0.695652174,0.394919169,0.462643678,0.536585366,0.444676409,0.394160584,0.426229508,0.17920354,0.453302961,0.045346062,0.667630058,0.659313725,0.580736544,0.023872679,0.507731959,0.524390244,0.448598131,0.306122449,0.337016575,0.25245098,0.102844639,0.308189655,0.611764706,0.641025641,0.803225806,0.483935743,0.446969697,0.571743929,0.203592814,0.511627907,0.250764526,0.661458333,0.730223124,0.563909774,0.539944904,0.582210243,0.549848943,0.00280112,0.011527378,0.125,0.394029851,0.37202381,0.652054795,0.674796748,0.64874552,0.476489028,0.011764706,0.41503268,0.041935484,0.022900763,0.174242424,0.038461538,0.0125,0.113456464,0.165311653,0.018726592,0.634615385,0.817647059,0.198697068,1
0.014388489,0.03030303,0.156626506,0.496323529,0,0.091145833,0.5625,0.553699284,0.533156499,0.444223108,0.642691415,0.561302682,0.670644391,0.50952381,0.520325203,0.069486405,0.791428571,0.563192905,0.530693069,0.362403101,0.463562753,0.48502994,0.608597285,0.034031414,0.028089888,0.461728395,0.737569061,0.170418006,0.317757009,0.065533981,0.006493506,0.273972603,0.317784257,0.19047619,0.313315927,0.138181818,0,0.529411765,0.008,0.664864865,0.106617647,0,0.572984749,0.58490566,0.618421053,0.485651214,0.277153558,0.506361323,0.481069042,0.410677618,0.447897623,0.495750708,0.545205479,0.517482517,0.048387097,0.505197505,0.65914787,0.148788927,0.347457627,0.31712963,0.350724638,0.005434783,0.212290503,0.028776978,0.565543071,0.005235602,0.004672897,0.410764873,0.002949853,0.508333333,0.124513619,0.008064516,0.643956044,0.6,0.579207921,0.087301587,0.618581907,0.457983193,0.58989899,0.588372093,0.489795918,0.494565217,0.493123772,0.05730659,0.182716049,0.508997429,0.479750779,0.257861635,0.237226277,0.032482599,0,0.192513369,0.338983051,0.48015873,0.398230088,0.325123153,0.041436464,0.524675325,0.009852217,0.623076923,0.077181208,0,0.642857143,0.624096386,0.514066496,0.30472103,0.177514793,0.614492754,0.418013857,0.591954023,0.509485095,0.557411273,0.569343066,0.603825137,0.194690265,0.44191344,0.035799523,0.60982659,0.651960784,0.654390935,0.034482759,0.048969072,0.051219512,0.308411215,0.506802721,0.325966851,0.507352941,0.135667396,0.517241379,0.367647059,0.508547009,0.070967742,0.449799197,0.479166667,0.520971302,0.278443114,0.594315245,0.333333333,0.588541667,0.460446247,0.44924812,0.603305785,0.582210243,0.552870091,0.00280112,0.014409222,0.0859375,0.537313433,0.517857143,0.723287671,0.338753388,0.365591398,0.250783699,0.011764706,0,0.006451613,0.043256997,0.232323232,0.028205128,0,0.102902375,0.113821138,0.205992509,1,1,0.328990228,1
0.014388489,0.02020202,0.072289157,0.555147059,0,0.057291667,0.557291667,0.54176611,0.50928382,0.324701195,0.658932715,0.528735632,0.584725537,0.552380952,0.517615176,0.111782477,0.765714286,0.505543237,0.578217822,0.437984496,0.487854251,0.479041916,0.590497738,0.044502618,0.030898876,0.533333333,0.651933702,0.395498392,0.130841121,0.029126214,0.003246753,0.438356164,0.43148688,0.138321995,0.289817232,0.16,0,0.619047619,0.008,0.513513514,0.058823529,0.039772727,0.461873638,0.653301887,0.581578947,0.536423841,0.213483146,0.569974555,0.550111359,0.373716632,0.425959781,0.507082153,0.536986301,0.473193473,0.091397849,0.449064449,0.614035088,0.155709343,0.15819209,0.208333333,0.037681159,0.010869565,0.329608939,0.021582734,0.543071161,0,0.004672897,0.382436261,0.002949853,0.333333333,0.054474708,0.008064516,0.604395604,0.526666667,0.487623762,0.071428571,0.572127139,0.552521008,0.593939394,0.586046512,0.541950113,0.475543478,0.493123772,0.068767908,0.118518519,0.568123393,0.352024922,0.355345912,0.372262774,0.025522042,0,0.251336898,0.307909605,0.428571429,0.353982301,0.39408867,0.066298343,0.581818182,0.019704433,0.543589744,0.05033557,0.142384106,0.589285714,0.626506024,0.539641944,0.394849785,0.076923077,0.588405797,0.406466513,0.58908046,0.509485095,0.565762004,0.586374696,0.590163934,0.274336283,0.564920273,0.042959427,0.757225434,0.666666667,0.631728045,0.029177719,0.033505155,0.029268293,0.38317757,0.425170068,0.20441989,0.348039216,0.085339168,0.418103448,0.488235294,0.316239316,0.309677419,0.463855422,0.416666667,0.494481236,0.434131737,0.695090439,0.480122324,0.5390625,0.440162272,0.453007519,0.512396694,0.506738544,0.567975831,0.00280112,0.014409222,0.109375,0.340298507,0.357142857,0.6,0.341463415,0.315412186,0.250783699,0.011764706,0.120915033,0.012903226,0.027989822,0.232323232,0.017948718,0,0.013192612,0,0.149812734,0.942307692,0.964705882,0.16286645,1
0.352517986,0.35016835,0.421686747,0.283088235,0.002816901,0.619791667,0.520833333,0.159904535,0.610079576,0.577689243,0.011600928,0.233716475,0.455847255,0.133333333,0.024390244,0.039274924,0.565714286,0.465631929,0.136633663,0.379844961,0.5,0.476047904,0.43438914,0.952879581,0.530898876,0.612345679,0.508287293,0.353697749,0.249221184,0.611650485,0.003246753,0.160958904,0.2303207,0.637188209,0.057441253,0.036363636,0.037593985,0.68627451,0.496,0.618918919,0.544117647,0.261363636,0.564270153,0.077830189,0.097368421,0.008830022,0.056179775,0.712468193,0.144766147,0.554414784,0.367458867,0.538243626,0.498630137,0.076923077,0.521505376,0.467775468,0.526315789,0.141868512,0.494350282,0.604166667,0,0.10326087,0.530726257,0.731414868,0.108614232,0.219895288,0.002336449,0.611898017,0.315634218,0.558333333,0.482490272,0.286290323,0.057142857,0.2,0.428217822,0.079365079,0.537897311,0.105042017,0.187878788,0.041860465,0.578231293,0.451086957,0.373280943,0.627507163,0.590123457,0.580976864,0.498442368,0.534591195,0.208029197,0.670533643,0,0.037433155,0.014124294,0.033730159,0.46460177,0.036945813,0.430939227,0.425974026,0.418719212,0.484615385,0.533557047,0.221854305,0.135204082,0.045783133,0.033248082,0.122317597,0.071005917,0.724637681,0.096997691,0.045977011,0.029810298,0.471816284,0.527980535,0.494535519,0.60840708,0.564920273,0.682577566,0.789017341,0.62254902,0.512747875,0.543766578,0.463917526,0.587804878,0.037383178,0.044217687,0.149171271,0.634803922,0.645514223,0.420258621,0.002941176,0.474358974,0.006451613,0.510040161,0.331439394,0.258278146,0.523952096,0.511627907,0.556574924,0.4921875,0.310344828,0.296992481,0.691460055,0.460916442,0.46223565,0.005602241,0.201729107,0.3515625,0.534328358,0.514880952,0.539726027,0.138211382,0.003584229,0,0.321568627,0.320261438,0.306451613,0.027989822,0.055555556,0.707692308,0.253125,0.250659631,0.295392954,0.052434457,0.608974359,0.782352941,0.338762215,1
0.417266187,0.033670034,0.084337349,0.544117647,0,0.625,0.979166667,0.114558473,0.525198939,0.549800797,0.039443155,0.409961686,0.520286396,0.188095238,0.021680217,0.039274924,0.78,0.419068736,0.354455446,0.044573643,0.556680162,0.77245509,0.563348416,0.704188482,0.407303371,0.822222222,0.712707182,0.225080386,0.495327103,0.531553398,0.006493506,0.147260274,0.288629738,0.591836735,0.331592689,0.029090909,0.005012531,0.607843137,0.004,0.621621622,0.106617647,0.198863636,0.572984749,0.108490566,0.192105263,0.008830022,0.224719101,0.618320611,0.305122494,0.386036961,0.473491773,0.541076487,0.797260274,0.032634033,0.650537634,0.361746362,0.939849624,0.114186851,0.576271186,0.699074074,0.15942029,0,0.553072626,0.541966427,0.486891386,0.240837696,0.002336449,0.359773371,0,0.363888889,0.093385214,0.004032258,0.193406593,0.34,0.141089109,0.071428571,0.589242054,0.092436975,0.402020202,0.034883721,0.562358277,0.902173913,0.520628684,0.489971347,0.604938272,0.971722365,0.504672897,0.471698113,0.441605839,0.482598608,0,0.042780749,0.290960452,0.46031746,0.442477876,0.034482759,0.541436464,0.592207792,0.004926108,0.884615385,0.083892617,0.201986755,0.091836735,0.077108434,0.074168798,0.06223176,0.047337278,0.489855072,0.016166282,0.129310345,0.051490515,0.561586639,0.542579075,0.633879781,0.502212389,0.544419134,0.548926014,0.913294798,0.977941176,0.592067989,0.464190981,0.646907216,0.495121951,0.121495327,0.06122449,0.270718232,0.789215686,0.577680525,0.644396552,0.476470588,0.41025641,0.029032258,0.526104418,0.426136364,0.317880795,0.392215569,0.684754522,0.449541284,0.638020833,0.470588235,0.481203008,0.573002755,0.854447439,0.746223565,0.005602241,0.017291066,0.1015625,0.429850746,0.5,0.717808219,0.235772358,0.35125448,0.228840125,0.007843137,0.300653595,0.003225806,0.03562341,0.103535354,0.458974359,0.05,0.255936675,0.292682927,0.052434457,0.576923077,0.755882353,0.315960912,1
0.395683453,0,0.228915663,0.470588235,0.025352113,0.463541667,0.505208333,0.317422434,0.655172414,0.362549801,0.099767981,0.272030651,0.145584726,0.20952381,0.029810298,0.401812689,0.731428571,0.501108647,0.201980198,0.135658915,0.396761134,0.511976048,0.463800905,0.188481675,0.412921348,0.644444444,0.513812155,0.118971061,0.514018692,0.587378641,0.003246753,0.150684932,0.317784257,0.725623583,0.232375979,0.065454545,0.027568922,0.745098039,0.004,0.681081081,0.047794118,0.213068182,0.202614379,0.115566038,0.139473684,0.156732892,0.374531835,0.707379135,0.280623608,0.326488706,0.330895795,0.535410765,0.545205479,0.074592075,0.61827957,0.584199584,0.518796992,0.027681661,0.550847458,0.601851852,0.075362319,0,0.519553073,0.64028777,0.56928839,0.261780105,0.018691589,0.611898017,0.002949853,0.577777778,0.108949416,0.008064516,0.094505495,0.291111111,0.034653465,0.444444444,0.537897311,0.191176471,0.224242424,0.034883721,0.58276644,0.5,0.339882122,0.659025788,0.525925926,0.547557841,0.158878505,0.534591195,0.434306569,0.549883991,0,0.032085561,0.392655367,0.41468254,0.455752212,0.0591133,0.458563536,0.579220779,0.068965517,0.58974359,0.013422819,0.208609272,0.028061224,0.038554217,0.076726343,0.343347639,0.905325444,0.886956522,0.011547344,0.060344828,0.027100271,0.394572025,0.496350365,0.49726776,0.601769912,0.687927107,0.443914081,0.676300578,0.490196078,0.23796034,0.477453581,0.652061856,0.53902439,0.124610592,0.040816327,0.138121547,0.691176471,0.663019694,0.575431034,0.45,0.47008547,0.032258065,0.457831325,0.382575758,0.401766004,0.538922156,0.640826873,0.272171254,0.614583333,0.498985801,0.359022556,0.727272727,0.636118598,0.703927492,0.005602241,0.017291066,0.078125,0.504477612,0.330357143,0.635616438,0.235772358,0.326164875,0.269592476,0.011764706,0.326797386,0.006451613,0.114503817,0.696969697,0.617948718,0.046875,0.221635884,0.2899729,0.074906367,0.58974359,0.764705882,0.35504886,1
0.395683453,0,0.212851406,0.470588235,0,0.463541667,0.7734375,0.381861575,0.562334218,0.360557769,0.088167053,0.25862069,0.143198091,0.171428571,0.027100271,0.060422961,0.488571429,0.54767184,0.19009901,0.135658915,0.495951417,0.703592814,0.71040724,0.256544503,0.41011236,1,0.436464088,0.237942122,0.510903427,0.589805825,0.006493506,0.157534247,0.317784257,0.723356009,0.232375979,0.061818182,0.025062657,0.75070028,0,0.640540541,0.033088235,0.213068182,0.202614379,0.101415094,0.115789474,0.119205298,0.059925094,0.730279898,0.300668151,0.320328542,0.376599634,0.552407932,0.964383562,0.03962704,0.620967742,0.738045738,0.541353383,0.069204152,0.54519774,0.606481481,0.075362319,0,0.519553073,0.637889688,0.56928839,0.261780105,0.002336449,0.603399433,0.002949853,0.547222222,0.089494163,0.008064516,0.085714286,0.237777778,0.034653465,0.087301587,0.520782396,0.18487395,0.208080808,0.053488372,0.555555556,0.747282609,0.387033399,0.661891117,0.52345679,0.93059126,0.133956386,0.421383648,0.434306569,0.549883991,0,0.032085561,0.392655367,0.410714286,0.455752212,0.054187192,0.458563536,0.597402597,0.068965517,0.569230769,0.006711409,0.208609272,0.028061224,0.03373494,0.056265985,0.246781116,0.165680473,0.791304348,0.011547344,0.054597701,0.029810298,0.505219207,0.571776156,0.830601093,0.599557522,0.687927107,0.443914081,0.803468208,0.654411765,0.322946176,0.480106101,0.652061856,0.536585366,0.127725857,0.040816327,0.143646409,0.693627451,0.663019694,0.575431034,0.447058824,0.47008547,0.029032258,0.536144578,0.373106061,0.348785872,0.562874251,0.679586563,0.360856269,0.989583333,0.634888438,0.379699248,0.70523416,0.622641509,0.697885196,0.005602241,0.017291066,0.078125,0.447761194,0.25,0.57260274,0.235772358,0.326164875,0.269592476,0.011764706,0.330065359,0.009677419,0.045801527,0.689393939,0.612820513,0.046875,0.216358839,0.2899729,0.071161049,0.58974359,0.764705882,0.35504886,1
0.374100719,0.181818182,0.156626506,0.066176471,0,0.5703125,0.635416667,0.353221957,0.551724138,0.462151394,0.3225058,0.356321839,0.522673031,0.392857143,0.262872629,0.057401813,0.791428571,0.328159645,0.320792079,0.375968992,0.546558704,0.541916168,0.608597285,0.688481675,0.511235955,0.528395062,0.64640884,0.92926045,0.249221184,0.631067961,0.003246753,0.72260274,0.29154519,0.557823129,0.060052219,0.170909091,0.005012531,0.607843137,0.092,0.516216216,0.261029412,0.724431818,0.488017429,0.349056604,0.344736842,0.04415011,0.239700375,0.595419847,0.360801782,0.517453799,0.440585009,0.552407932,0.591780822,0.207459207,0.389784946,0.440748441,0.684210526,0.39100346,0.474576271,0.532407407,0,0.25,0.525139665,0.681055156,0.06741573,0.267015707,0.002336449,0.422096317,0.053097345,0.466666667,0.206225681,0.129032258,0.463736264,0.371111111,0.400990099,0.087301587,0.584352078,0.281512605,0.347474747,0.318604651,0.580498866,0.532608696,0.512770138,0.300859599,0.456790123,0.565552699,0.551401869,0.918238994,0.083941606,0.663573086,0.013513514,0.50802139,0.02259887,0.458333333,0.46460177,0.056650246,0.251381215,0.579220779,0.009852217,0.628205128,0.228187919,0.572847682,0.329081633,0.303614458,0.329923274,0.06223176,0.056213018,0.417391304,0.228637413,0.278735632,0.254742547,0.5782881,0.596107056,0.631147541,0.460176991,0.560364465,0.534606205,0.924855491,0.68627451,0.733711048,0.607427056,0.512886598,0.609756098,0.056074766,0.176870748,0.220994475,0.56372549,0.628008753,0.517241379,0,0.461538462,0.006451613,0.479919679,0.367424242,0.381898455,0.422155689,0.700258398,0.486238532,0.6328125,0.492900609,0.484962406,0.50137741,0.566037736,0.583081571,0.120448179,0.034582133,0.6171875,0.573134328,0.598214286,0.61369863,0.165311653,0.003584229,0,0.309803922,0.803921569,0.390322581,0.053435115,0.060606061,0.566666667,0.575,0.659630607,0.601626016,0.02247191,0.653846154,0.802941176,0.309446254,1
0.366906475,0.003367003,0.040160643,0.261029412,0,0.479166667,0.515625,0.38902148,0.538461538,0.440239044,0.234338747,0.409961686,0.427207637,0.323809524,0.319783198,0.042296073,0.717142857,0.523281596,0.372277228,0.273255814,0.453441296,0.502994012,0.43438914,0.489528796,0.657303371,0.614814815,0.46961326,0.321543408,0.582554517,0.587378641,0.003246753,0.691780822,0.271137026,0.716553288,0.062663185,0.178181818,0.002506266,0.577030812,0.028,0.375675676,0.022058824,0.721590909,0.450980392,0.325471698,0.307894737,0.116997792,0.134831461,0.491094148,0.380846325,0.31211499,0.449725777,0.52407932,0.493150685,0.144522145,0.747311828,0.478170478,0.511278195,0.100346021,0.610169492,0.680555556,0.002898551,0.108695652,0.525139665,0.551558753,0.059925094,0.267015707,0.002336449,0.288951841,0.03539823,0.216666667,0.019455253,0.092741935,0.338461538,0.357777778,0.287128713,0.095238095,0.611246944,0.300420168,0.422222222,0.295348837,0.396825397,0.470108696,0.504911591,0.438395415,0.688888889,0.580976864,0.205607477,0.531446541,0.51459854,0.535962877,0,0.465240642,0.02259887,0.511904762,0.460176991,0.091133005,0.096685083,0.605194805,0.004926108,0.433333333,0.013422819,0.556291391,0.336734694,0.344578313,0.299232737,0.263948498,0.044378698,0.565217391,0.224018476,0.284482759,0.254742547,0.457202505,0.374695864,0.404371585,0.887168142,0.993166287,0.713603819,0.777456647,0.610294118,0.478753541,0.530503979,0.703608247,0.619512195,0.040498442,0.119047619,0.198895028,0.781862745,0.66083151,0.661637931,0.002941176,0.461538462,0.006451613,0.439759036,0.384469697,0.40397351,0.320359281,0.648578811,0.330275229,0.505208333,0.427991886,0.468045113,0.443526171,0.460916442,0.601208459,0.005602241,0.014409222,0.109375,0.211940299,0.226190476,0.402739726,0.154471545,0.032258065,0.003134796,0.192156863,0.787581699,0.322580645,0.025445293,0.674242424,0.451282051,0.590625,0.670184697,0.596205962,0.029962547,0.641025641,0.794117647,0.319218241,1
0.374100719,0,0.044176707,0.352941176,0,0.6875,0.502604167,0.374701671,0.538461538,0.593625498,0.26450116,0.400383142,0.408114558,0.330952381,0.311653117,0.054380665,0.705714286,0.527716186,0.374257426,0.298449612,0.44534413,0.505988024,0.43438914,0.939790576,0.508426966,0.609876543,0.46961326,0.353697749,0.342679128,0.594660194,0.003246753,0.695205479,0.285714286,0.551020408,0.057441253,0.170909091,0.037593985,0.588235294,0.024,0.381081081,0.025735294,0.721590909,0.557734205,0.346698113,0.302631579,0.035320088,0.119850187,0.501272265,0.380846325,0.544147844,0.442413163,0.529745042,0.476712329,0.324009324,0.51344086,0.478170478,0.503759398,0.107266436,0.598870056,0.657407407,0.002898551,0.114130435,0.530726257,0.743405276,0.149812734,0.261780105,0.002336449,0.303116147,0.032448378,0.222222222,0.019455253,0.092741935,0.301098901,0.355555556,0.366336634,0.111111111,0.606356968,0.302521008,0.418181818,0.295348837,0.392290249,0.467391304,0.502946955,0.664756447,0.656790123,0.570694087,0.211838006,0.556603774,0.215328467,0.69837587,0,0.470588235,0.025423729,0.063492063,0.455752212,0.07635468,0.522099448,0.61038961,0.004926108,0.430769231,0.016778523,0.559602649,0.349489796,0.356626506,0.306905371,0.201716738,0.041420118,0.565217391,0.2147806,0.287356322,0.262872629,0.455114823,0.377128954,0.398907104,0.652654867,0.555808656,0.68973747,0.780346821,0.605392157,0.487252125,0.549071618,0.528350515,0.63902439,0.049844237,0.129251701,0.220994475,0.674019608,0.610503282,0.407327586,0,0.448717949,0.003225806,0.4437751,0.382575758,0.40397351,0.326347305,0.65374677,0.324159021,0.5,0.434077079,0.471804511,0.460055096,0.469002695,0.613293051,0.005602241,0.216138329,0.421875,0.211940299,0.229166667,0.4,0.157181572,0.014336918,0.003134796,0.192156863,0.787581699,0.341935484,0.03307888,0.042929293,0.71025641,0.5875,0.667546174,0.596205962,0.02247191,0.641025641,0.794117647,0.309446254,1
0.366906475,0.006734007,0.096385542,0.25,0,0.669270833,0.604166667,0.441527446,0.564986737,0.559760956,0.327146172,0.398467433,0.572792363,0.373809524,0.241192412,0.048338369,0.691428571,0.383592018,0.376237624,0.217054264,0.447368421,0.511976048,0.429864253,0.636125654,1,0.486419753,0.654696133,0.125401929,0.45482866,0.832524272,0.003246753,0.712328767,0.259475219,0.623582766,0.065274151,0.170909091,0,0.459383754,0.028,0.602702703,0.073529412,0.727272727,0.603485839,0.391509434,0.302631579,0.090507726,0.194756554,0.610687023,0.405345212,0.388090349,0.438756856,0.478753541,0.463013699,0.144522145,0.862903226,0.461538462,0.64160401,0.093425606,0.652542373,0.708333333,0.002898551,0.141304348,0.51396648,0.522781775,0.179775281,0.267015707,0.002336449,0.30878187,0.029498525,0.394444444,0.06614786,0.096774194,0.391208791,0.36,0.272277228,0.087301587,0.608801956,0.340336134,0.42020202,0.327906977,0.448979592,0.554347826,0.502946955,0.23782235,0.607407407,0.575835476,0.314641745,0.204402516,0.459854015,0.92575406,0,0.481283422,0.02259887,0.51984127,0.46460177,0.071428571,0.519337017,0.464935065,0.004926108,0.61025641,0.060402685,0.562913907,0.288265306,0.318072289,0.309462916,0.236051502,0.319526627,0.747826087,0.182448037,0.284482759,0.276422764,0.45302714,0.384428224,0.398907104,0.524336283,0.644646925,0.618138425,0.638728324,0.649509804,0.560906516,0.986737401,1,1,0.037383178,0.156462585,0.182320442,0.81372549,0.634573304,0.683189655,0.002941176,0.478632479,0.006451613,0.403614458,0.340909091,0.364238411,0.185628743,0.439276486,0.204892966,0.4453125,0.440162272,0.47556391,0.550964187,0.592991914,0.555891239,0.005602241,0.014409222,0.109375,0.397014925,0.369047619,0.652054795,0.154471545,0.021505376,0.003134796,0.215686275,0.800653595,0.425806452,0.030534351,0.477272727,0.097435897,0.590625,0.659630607,0.593495935,0.037453184,0.647435897,0.797058824,0.332247557,1
0.460431655,0.205387205,0.429718876,0.150735294,0,0.505208333,0.5390625,0.37947494,0.551724138,0.507968127,0.234338747,0.243295019,0.560859189,0.15952381,0.005420054,0.063444109,0.46,0.54767184,0.231683168,0.114341085,0.473684211,0.583832335,0.472850679,0.468586387,0.595505618,0.634567901,0.5,0.099678457,0.510903427,0.524271845,0,0.575342466,0.119533528,0.650793651,0.036553525,0.116363636,0,0.739495798,0.436,0.675675676,0.555147059,0.630681818,0.564270153,0.160377358,0.094736842,0.214128035,0.082397004,0.72264631,0.345211581,0.344969199,0.352833638,0.521246459,0.528767123,0.233100233,0.698924731,0.596673597,0.551378446,0.024221453,0.584745763,0.659722222,0.005797101,0.442934783,0.480446927,0.460431655,0.059925094,0.308900524,0.004672897,0.555240793,0.410029499,0.538888889,0.517509728,0.375,0.386813187,0.22,0.131188119,0.079365079,0.523227384,0.241596639,0.22020202,0.065116279,0.537414966,0.559782609,0.373280943,0.1747851,0.525925926,0.526992288,0.348909657,0.544025157,0.375912409,0.556844548,0,0.171122995,0.019774011,0.555555556,0.371681416,0.081280788,0.069060773,0.620779221,0.403940887,0.620512821,0.516778523,0.241721854,0.091836735,0.084337349,0.038363171,0.289699571,0.25739645,0.805797101,0,0.034482759,0.01897019,0.43006263,0.450121655,0.467213115,0.530973451,0.701594533,0.508353222,0.641618497,0.480392157,0.252124646,0.535809019,0.68556701,0.634146341,0.009345794,0.078231293,0.243093923,0.781862745,0.588621444,0.67887931,0.008823529,0.35042735,0,0.522088353,0.356060606,0.342163355,0.517964072,0.633074935,0.532110092,0.6171875,0.52535497,0.389097744,0.719008264,0.676549865,0.752265861,0,0.005763689,0.1015625,0.543283582,0.508928571,0.62739726,0.081300813,0.025089606,0.012539185,0.537254902,0.72875817,0.670967742,0.038167939,0.636363636,0.235897436,0.475,0.62005277,0.333333333,0.093632959,0.570512821,0.702941176,0.358306189,1
0.474820144,0.397306397,0.365461847,0.1875,0,0.6171875,0.611979167,0.243436754,0.551724138,0.573705179,0.006960557,0.396551724,0.472553699,0.121428571,0.086720867,0.051359517,0.785714286,0.268292683,0.407920792,0.381782946,0.506072874,0.508982036,0.57918552,0.672774869,0.488764045,0.516049383,0.712707182,0.099678457,0.23364486,0.609223301,0,0.345890411,0.12244898,0.641723356,0.031331593,0.109090909,0.042606516,0.529411765,0.424,0.664864865,0.558823529,0.696022727,0.566448802,0.04009434,0.202631579,0.008830022,0.243445693,0.55216285,0.427616927,0.550308008,0.444241316,0.484419263,0.536986301,0.006993007,0.586021505,0.471933472,0.674185464,0.100346021,0.488700565,0.599537037,0.005797101,0.157608696,0.48603352,0.731414868,0.112359551,0.314136126,0.004672897,0.444759207,0.640117994,0.486111111,0.478599222,0.383064516,0.061538462,0.291111111,0.440594059,0.087301587,0.640586797,0.044117647,0.42020202,0.1,0.487528345,0.554347826,0.52259332,0.604584527,0.577777778,0.560411311,0.526479751,0.072327044,0.145985401,0.668213457,0.002702703,0.155080214,0.019774011,0.03968254,0.35840708,0.120689655,0.433701657,0.519480519,0.42364532,0.648717949,0.563758389,0.28807947,0.178571429,0.028915663,0.061381074,0.072961373,0.207100592,0.67826087,0.161662818,0.186781609,0.143631436,0.542797495,0.496350365,0.538251366,0.597345133,0.54214123,0.62052506,0.60982659,0.666666667,0.600566572,0.538461538,0.476804124,0.582926829,0.003115265,0.051020408,0.287292818,0.632352941,0.645514223,0.431034483,0.005882353,0.311965812,0.003225806,0.43373494,0.363636364,0.189845475,0.446107784,0.555555556,0.541284404,0.619791667,0.551724138,0.513157895,0.61707989,0.628032345,0.592145015,0.00280112,0.005763689,0.09375,0.543283582,0.56547619,0.715068493,0.075880759,0.010752688,0.009404389,0.529411765,0.715686275,0.512903226,0.043256997,0.065656566,0.712820513,0.4875,0.564643799,0.333333333,0.093632959,0.557692308,0.694117647,0.345276873,1
0.330935252,0.121212121,0.088353414,0.900735294,0,0.135416667,0.609375,0.53221957,0.575596817,0.221115538,0.628770302,0.894636015,0.498806683,0.642857143,0.514905149,0.129909366,0.742857143,0.625277162,0.952475248,0.391472868,0.678137652,0.526946108,0.742081448,0.02617801,0.02247191,0.520987654,0.654696133,0.135048232,0.45482866,0.014563107,0.061688312,0.904109589,0.422740525,0.090702948,0.35770235,0.24,0,0.453781513,0.012,0.589189189,0.132352941,0.71875,0.363834423,0.66745283,0.813157895,0.505518764,0.224719101,0.671755725,0.935412027,0.287474333,0.809872029,0.509915014,0.597260274,0.454545455,0.174731183,0.465696466,0.644110276,0.096885813,0.480225989,0.157407407,0.84057971,0.711956522,0.290502793,0.016786571,0.404494382,0.293193717,0.002336449,0.283286119,0.002949853,0.366666667,0.062256809,0.108870968,0.547252747,0.806666667,0.420792079,0.071428571,0.623471883,0.598739496,0.977777778,0.602325581,0.607709751,0.554347826,0.895874263,0.690544413,0.071604938,0.588688946,0.358255452,0.22327044,0.53649635,0.023201856,0.086486486,0.625668449,0.646892655,0.347222222,0.380530973,0.066502463,0.008287293,0.490909091,0.009852217,0.607692308,0.214765101,0.556291391,0.535714286,0.604819277,0.588235294,0.478540773,0.289940828,0.704347826,0.3926097,0.836206897,0.639566396,0.734864301,0.673965937,0.655737705,0.174778761,0.446469248,0.035799523,0.667630058,0.661764706,0.569405099,0.023872679,0.242268041,0.124390244,0.510903427,0.724489796,0.281767956,0.25245098,0.04595186,0.306034483,0.473529412,0.534188034,0.064516129,0.682730924,0.710227273,0.624724062,0.200598802,0.509043928,0.250764526,0.622395833,0.799188641,0.866541353,0.531680441,0.58490566,0.552870091,0.00280112,0.717579251,0.109375,0.379104478,0.380952381,0.643835616,0.303523035,0.318996416,0.460815047,0.501960784,0.879084967,0.74516129,0.030534351,0.171717172,0.017948718,0.446875,0.419525066,0.509485095,0.191011236,0.66025641,0.752941176,0.498371336,1
0.431654676,0.003367003,0.060240964,0.389705882,0.076056338,0.502604167,0.533854167,0.677804296,0.543766578,0.390438247,0.610208817,0.417624521,0.622911695,0.583333333,0.617886179,0.652567976,0.697142857,0.749445676,0.431683168,0.323643411,0.473684211,0.538922156,0.432126697,0.010471204,0.02247191,0.624691358,0.477900552,0.289389068,0.479750779,0.033980583,0.003246753,0.20890411,0.352769679,0.097505669,0.527415144,0.287272727,0.789473684,0.633053221,0.08,0.416216216,0.025735294,0.548295455,0.522875817,0.634433962,0.478947368,0.465783664,0.269662921,0.763358779,0.561247216,0.396303901,0.449725777,0.549575071,0.509589041,0.454545455,0.319892473,0.482328482,0.526315789,0.096885813,0.556497175,0.233796296,0.127536232,0.002717391,0.553072626,0.03117506,0.943820225,0.251308901,0.137850467,0.339943343,0.628318584,0.247222222,0.019455253,0.032258065,0.604395604,0.464444444,0.591584158,1,0.611246944,0.605042017,0.428282828,0.551162791,0.426303855,0.497282609,0.499017682,0.022922636,0.138271605,0.593830334,0.202492212,0.531446541,0.434306569,0.067285383,0,0.256684492,0.398305085,0.371031746,0.327433628,0.5,0.784530387,0.641558442,0.009852217,0.461538462,0.016778523,0.410596026,0.660714286,0.653012048,0.588235294,0.669527897,1,0.947826087,0.480369515,0.482758621,0.520325203,0.450939457,0.379562044,0.415300546,0.150442478,0.264236902,0.026252983,0.780346821,0.62254902,0.478753541,0.031830239,0.208762887,0.082926829,0.423676012,0.06462585,0.535911602,0.370098039,0.065645514,0.403017241,0.852941176,0.405982906,0.64516129,0.520080321,0.473484848,0.695364238,0.353293413,0.682170543,0.370030581,0.513020833,0.421906694,0.460526316,0.512396694,0.506738544,0.658610272,0.00280112,0.008645533,0.078125,0.217910448,0.229166667,0.421917808,0.300813008,0.64516129,0.335423197,0.039215686,0.496732026,0.019354839,0.279898219,0.176767677,0.043589744,0.4875,0.733509235,0.552845528,0.071161049,0.557692308,0.685294118,0.188925081,1
0.431654676,0.01010101,0.084337349,0.389705882,0,0.5078125,0.604166667,0.503579952,0.580901857,0.225099602,0.638051044,0.764367816,0.494033413,0.669047619,0.495934959,0.205438066,0.748571429,0.944567627,0.702970297,0.412790698,0.900809717,0.51497006,0.764705882,0.007853403,0.019662921,0.538271605,0.654696133,0.147909968,0.479750779,0.026699029,0.003246753,0.205479452,0.352769679,0.10430839,0.524804178,0.287272727,0.79197995,0.453781513,0.064,0.583783784,0.055147059,0.548295455,0.350762527,0.66509434,0.592105263,0.53200883,0.217228464,1,0.672605791,0.314168378,0.829981718,0.507082153,0.624657534,0.389277389,0.319892473,0.434511435,0.64160401,0.100346021,0.559322034,0.157407407,0.115942029,0.002717391,0.558659218,0.03117506,0.940074906,0.251308901,0.002336449,0.274787535,0.628318584,0.361111111,0.062256809,0.032258065,0.547252747,0.797777778,0.418316832,0.087301587,0.630806846,0.613445378,0.715151515,0.604651163,0.777777778,0.548913043,0.770137525,0.022922636,0.079012346,0.586118252,0.308411215,0.194968553,0.430656934,0.069605568,0,0.251336898,0.398305085,0.361111111,0.331858407,0.5,0.787292818,0.503896104,0.009852217,0.602564103,0.036912752,0.410596026,0.517857143,0.595180723,0.547314578,0.515021459,0.284023669,0.779710145,0.413394919,0.557471264,0.566395664,0.764091858,0.600973236,0.644808743,0.185840708,0.439635535,0.023866348,0.676300578,0.661764706,0.575070822,0.031830239,0.211340206,0.082926829,0.420560748,0.057823129,0.53038674,0.254901961,0.06345733,0.3125,0.85,0.405982906,0.641935484,0.969879518,0.869318182,0.836644592,0.203592814,0.524547804,0.262996942,0.755208333,0.60851927,0.654135338,0.523415978,0.576819407,0.549848943,0.00280112,0.011527378,0.0859375,0.376119403,0.357142857,0.64109589,0.298102981,0.641577061,0.332288401,0.035294118,0.496732026,0.016129032,0.045801527,0.217171717,0.069230769,0.490625,0.733509235,0.552845528,0.06741573,0.557692308,0.688235294,0.19218241,1
0.482014388,0.720538721,0.835341365,0.091911765,0,0.5625,0.028645833,0.704057279,0.031830239,1,0.464037123,0.473180077,0.637231504,0.652380952,0.593495935,0.051359517,0.022857143,0.574279379,0.415841584,0.660852713,0.305668016,0.020958084,0.092760181,0.709424084,0.494382022,0.064197531,0.696132597,0.102893891,0.221183801,0.631067961,0.503246753,0.976027397,0.029154519,0.612244898,0.078328982,0.247272727,0.012531328,0.120448179,0.408,0.491891892,0.882352941,0.488636364,1,0.599056604,0.610526316,0.27593819,0.011235955,0.246819338,0.570155902,1,0.400365631,0.019830028,0.021917808,0.466200466,0.422043011,0.222453222,0.107769424,0.757785467,0.440677966,0.900462963,0.008695652,0.6875,0.206703911,0.695443645,0.078651685,0.261780105,0.002336449,0.59490085,0.12979351,0.730555556,0.879377432,0.516129032,0.468131868,0.613333333,0.858910891,0.063492063,0.017114914,0.56512605,0.448484848,0.539534884,0.129251701,0.024456522,0.304518664,0.401146132,0.948148148,0.025706941,0.965732087,0.251572327,0.069343066,0.656612529,0.624324324,0.834224599,0.008474576,0.408730159,0.287610619,0.061576355,0.279005525,0.023376623,0.630541872,0.084615385,0.83557047,0.549668874,0.553571429,0.501204819,0.572890026,0.442060086,0.035502959,0.168115942,0.697459584,0.548850575,0.512195122,0.164926931,0.0486618,0.021857923,0.951327434,0.733485194,0.582338902,0.080924855,0.071078431,0.631728045,0.591511936,0.466494845,0.585365854,0.23364486,0.969387755,0.73480663,0.914215686,0.645514223,0.512931034,0.011764706,0.542735043,0.487096774,0.445783133,0.518939394,0.664459161,0.517964072,0.108527132,0.571865443,0.059895833,0.212981744,0.22556391,0.242424242,0.043126685,0.024169184,0.00280112,0.011527378,0.125,0.898507463,0.955357143,0.630136986,0.048780488,0.010752688,0.006269592,0.6,0.810457516,0.65483871,0.027989822,0.063131313,0.617948718,0.378125,0.211081794,0.409214092,0.284644195,0.782051282,0.770588235,0.596091205,1
0.431654676,0.006734007,0.036144578,0.389705882,0,0.505208333,0.5546875,0.644391408,0.74535809,0.34063745,0.638051044,0.680076628,0.596658711,0.580952381,0.579945799,0.075528701,0.754285714,0.525498891,0.659405941,0.304263566,0.963562753,0.583832335,0.995475113,0.018324607,0.019662921,0.607407407,0.549723757,0.31511254,0.479750779,0.031553398,0.003246753,0.215753425,0.352769679,0.111111111,0.527415144,0.283636364,0.789473684,0.546218487,0.068,0.416216216,0.033088235,0.556818182,0.483660131,0.653301887,0.639473684,0.470198675,0.176029963,0.933842239,0.603563474,0.330595483,0.776965265,0.69121813,0.734246575,0.48018648,0.319892473,0.557172557,0.56641604,0.110726644,0.559322034,0.212962963,0.136231884,0.002717391,0.558659218,0.028776978,0.943820225,0.251308901,0,0.260623229,0.622418879,0.233333333,0.031128405,0.032258065,0.602197802,0.622222222,0.537128713,0.095238095,0.621026895,0.521008403,0.723232323,0.562790698,1,0.510869565,0.884086444,0.022922636,0.113580247,0.596401028,0.246105919,0.481132075,0.434306569,0.067285383,0,0.262032086,0.398305085,0.390873016,0.331858407,0.495073892,0.784530387,0.587012987,0.009852217,0.48974359,0.026845638,0.417218543,0.62755102,0.645783133,0.58056266,0.339055794,0.068047337,0.573913043,0.422632794,0.600574713,0.517615176,1,1,0.959016393,0.126106195,0.316628702,0.026252983,0.771676301,0.642156863,0.535410765,0.029177719,0.208762887,0.080487805,0.423676012,0.06462585,0.535911602,0.343137255,0.070021882,0.396551724,0.852941176,0.405982906,0.641935484,0.817269076,0.568181818,0.53200883,0.305389222,0.643410853,0.376146789,0.861979167,0.697768763,0.783834586,0.426997245,0.474393531,0.564954683,0.00280112,0.011527378,0.078125,0.256716418,0.267857143,0.493150685,0.300813008,0.64516129,0.335423197,0.039215686,0.506535948,0.019354839,0.045801527,0.151515152,0.038461538,0.49375,0.733509235,0.555555556,0.06741573,0.557692308,0.688235294,0.19218241,1
0.503597122,0.053872054,0.40562249,0.139705882,0.061971831,0.4140625,0.026041667,0.692124105,0.018567639,0.679282869,0.580046404,0.379310345,0.794749403,0.630952381,0.880758808,0.123867069,0.025714286,0.514412417,0.495049505,0.875968992,0.147773279,0.020958084,0.115384615,0.602094241,0.530898876,0.098765432,0.069060773,0.028938907,0.140186916,0.606796117,0.126623377,0.976027397,0.020408163,0.707482993,0.08616188,0.229090909,0.022556391,0.182072829,0.808,0.264864865,0.444852941,0.522727273,0.732026144,0.653301887,0.534210526,0.454746137,0.771535581,0.160305344,0.650334076,0.8275154,0.268738574,0.019830028,0.032876712,0.293706294,0.586021505,0.374220374,0.025062657,0.003460208,0.279661017,0.662037037,0.005797101,0.676630435,0.201117318,0.659472422,0.048689139,0.272251309,0.002336449,0.473087819,0.772861357,0.458333333,0.381322957,0.447580645,0.610989011,0.531111111,1,0.071428571,0.019559902,0.611344538,0.424242424,0.786046512,0.068027211,0.024456522,0.249508841,0.521489971,0.654320988,0.025706941,0.049844237,0.172955975,0.131386861,0.580046404,0.567567568,0.844919786,0.005649718,0.420634921,0.300884956,0.307881773,0.209944751,0.023376623,0.615763547,0.033333333,0.432885906,0.572847682,0.81122449,0.597590361,0.595907928,0.517167382,0.053254438,0.133333333,0.995381062,0.548850575,0.756097561,0.108559499,0.01703163,0.024590164,0.725663717,0.574031891,0.637231504,0.037572254,0.029411765,0.016997167,0.517241379,0.425257732,0.453658537,0.193146417,0.952380952,0.723756906,0.713235294,0.667396061,0.605603448,0.011764706,0.555555556,0.512903226,0.287148594,0.418560606,0.629139073,0.532934132,0.074935401,0.905198777,0.122395833,0.409736308,0.317669173,0.269972452,0.032345013,0.027190332,0.00280112,0.011527378,0.1171875,0.450746269,0.300595238,0.183561644,0.054200542,0.014336918,0.006269592,0.517647059,0.826797386,0.561290323,0.022900763,0.611111111,0.625641026,0.41875,0.385224274,0.444444444,0.280898876,0.794871795,0.785294118,0.589576547,1
0.323741007,0.141414141,0.036144578,0.797794118,0,0.4609375,0.557291667,0.651551313,0.74270557,0.342629482,0.628770302,0.676245211,0.594272076,0.578571429,0.582655827,0.066465257,0.754285714,0.523281596,0.663366337,0.304263566,0.961538462,0.586826347,1,0.020942408,0.058988764,0.609876543,0.555248619,0.318327974,0.781931464,0.026699029,0.00974026,0.907534247,0.294460641,0.10430839,0.289817232,0.24,0,0.546218487,0.008,0.421621622,0.044117647,0.715909091,0.483660131,0.650943396,0.636842105,0.456953642,0.176029963,0.921119593,0.605790646,0.334702259,0.775137112,0.69121813,0.742465753,0.487179487,0.739247312,0.563409563,0.571428571,0.121107266,0.720338983,0.210648148,0.376811594,0.711956522,0.245810056,0.021582734,0.558052434,0.287958115,0,0.260623229,0.005899705,0.236111111,0.031128405,0.10483871,0.597802198,0.611111111,0.53960396,0.087301587,0.623471883,0.514705882,0.723232323,0.560465116,0.997732426,0.513586957,0.884086444,0.681948424,0.113580247,0.598971722,0.295950156,0.48427673,0.854014599,0.053364269,0.089189189,0.636363636,0.389830508,0.382936508,0.376106195,0.071428571,0.019337017,0.58961039,0.009852217,0.494871795,0.144295302,0.559602649,0.62755102,0.643373494,0.58056266,0.326180258,0.065088757,0.571014493,0.427251732,0.603448276,0.512195122,1,1,0.964480874,0.126106195,0.314350797,0.076372315,0.771676301,0.644607843,0.541076487,0.029177719,0.649484536,0.470731707,0.295950156,0.734693878,0.243093923,0.340686275,0.065645514,0.392241379,0.505882353,0.538461538,0.119354839,0.809236948,0.558712121,0.527593819,0.305389222,0.643410853,0.336391437,0.872395833,0.69979716,0.787593985,0.426997245,0.477088949,0.564954683,0.00280112,0.008645533,0.0859375,0.259701493,0.273809524,0.501369863,0.224932249,0.437275986,0.313479624,0.478431373,0.882352941,0.738709677,0.043256997,0.141414141,0.023076923,0.43125,0.411609499,0.509485095,0.194756554,0.673076923,0.752941176,0.504885993,1
0.366906475,0.080808081,0.510040161,0.147058824,0,0.434895833,0.020833333,0.663484487,0.023872679,0.930278884,0.598607889,0.38697318,0.809069212,0.621428571,0.60704607,0.196374622,0.162857143,0.523281596,0.514851485,0.753875969,0.149797571,0.020958084,0.124434389,0.594240838,0.525280899,0.086419753,0.20441989,0.019292605,0.143302181,0.609223301,0.003246753,0.147260274,0.256559767,0.714285714,0.01305483,0.501818182,0.025062657,0.224089636,0.66,0.167567568,0.397058824,0.366477273,0.823529412,0.655660377,0.521052632,0.492273731,0.700374532,0.165394402,0.654788419,0.987679671,0.276051188,0.02266289,0.032876712,0.221445221,0.577956989,0.343035343,0.030075188,0.020761246,0.288135593,0.773148148,0.017391304,0.038043478,0.491620112,0.673860911,0.04494382,0.382198953,0.002336449,0.538243626,0.637168142,0.455555556,0.408560311,0.431451613,0.61978022,0.508888889,0.78960396,0.103174603,0.026894866,0.62605042,0.452525253,0.474418605,0.068027211,0.02173913,0.280943026,0.512893983,0.901234568,0.017994859,0.485981308,0.125786164,0.131386861,0.591647332,0,0.20855615,0.039548023,0.438492063,0.10619469,0.694581281,0.223756906,0.041558442,0.704433498,0.025641026,0.332214765,0.298013245,0.658163265,0.573493976,0.547314578,0.553648069,0.103550296,0.168115942,0.70669746,0.534482759,0.566395664,0.118997912,0.02189781,0.027322404,1,0.785876993,0.630071599,0.023121387,0.024509804,0.062322946,0.517241379,0.422680412,0.46097561,0.53271028,0.027210884,0.580110497,0.772058824,0.671772429,0.642241379,0.002941176,0.098290598,0.193548387,0.273092369,0.401515152,0.626931567,0.784431138,0.333333333,0.987767584,0.122395833,0.411764706,0.338345865,0.14600551,0.018867925,0.03021148,0.00280112,0.011527378,0.078125,0.546268657,0.5625,0.230136986,0.046070461,0.007168459,0.006269592,0.478431373,0.241830065,0.374193548,0.043256997,0.621212121,0.648717949,0.365625,0.670184697,0.493224932,0.119850187,0.602564103,0.664705882,0.087947883,1
0.417266187,0.033670034,0.172690763,0.529411765,0,0.2578125,0.559895833,0.534606205,0.541114058,0.400398406,0.663573086,1,0.651551313,0.7,0.64498645,0.099697885,0.8,0.609756098,0.8,0.374031008,1,0.5,0.669683258,0.020942408,0.005617978,0.461728395,0.754143646,0.144694534,0.46728972,0.046116505,0.003246753,0.304794521,0.33819242,0.19047619,0.310704961,0.28,0.015037594,0.549019608,0.052,0.686486486,0.121323529,0.596590909,0.540305011,0.617924528,0.944736842,0.534216336,0.258426966,0.699745547,0.830734967,0.36550308,1,0.512747875,0.580821918,0.48951049,0.166666667,0.503118503,0.666666667,0.14532872,0.440677966,0.275462963,0.252173913,0.008152174,0.575418994,0.021582734,0.539325843,0.261780105,0.002336449,0.444759207,0.557522124,0.541666667,0.140077821,0.040322581,0.63956044,1,0.542079208,0.079365079,0.630806846,0.483193277,0.975757576,0.593023256,0.600907029,0.502717391,0.996070727,0.229226361,0.143209877,0.511568123,0.498442368,0.204402516,0.50729927,0.030162413,0,0.272727273,0.350282486,0.484126984,0.331858407,0.463054187,0.301104972,0.537662338,0.009852217,0.635897436,0.083892617,0.456953642,0.62244898,0.626506024,0.726342711,0.324034335,0.177514793,0.620289855,0.413394919,0.936781609,0.631436314,0.876826722,0.566909976,0.633879781,0.17699115,0.448747153,0.016706444,0.586705202,0.651960784,0.662889518,0.015915119,0.131443299,0.070731707,0.401869159,0.06462585,0.491712707,0.470588235,0.124726477,0.502155172,0.402941176,0.166666667,0.1,1,1,0.726269316,0.290419162,0.604651163,0.357798165,0.6328125,0.523326572,0.830827068,0.628099174,0.595687332,0.564954683,0.005602241,0.017291066,0.0703125,0.570149254,0.547619048,0.745205479,0.27100271,0.448028674,0.369905956,0.050980392,0.575163399,0.025806452,0.055979644,0.287878788,0.025641026,0.521875,0.733509235,0.574525745,0.041198502,0.570512821,0.717647059,0.201954397,1
0.338129496,0.195286195,0.13253012,0.529411765,0,0.255208333,0.5703125,0.890214797,0.485411141,0.346613546,0.626450116,0.471264368,0.465393795,0.604761905,0.493224932,0.208459215,0.808571429,0.516629712,0.598019802,0.478682171,0.483805668,0.488023952,0.601809955,0.013089005,0.008426966,0.728395062,0.743093923,0.260450161,0.46728972,0.009708738,0.003246753,0.886986301,0.233236152,0.0861678,0.313315927,0.207272727,0.015037594,0.56022409,0.008,0.648648649,0.224264706,0.730113636,0.376906318,0.662735849,0.544736842,0.520971302,0.288389513,0.615776081,0.68596882,0.453798768,0.424131627,0.490084986,0.619178082,0.307692308,0.166666667,1,0.664160401,0.15916955,0.437853107,0.159722222,0.252173913,0.673913043,0.30726257,0.011990408,0.539325843,0.282722513,0.002336449,0.388101983,0.002949853,0.477777778,0.140077821,0.10483871,0.527472527,0.515555556,0.472772277,0.055555556,0.606356968,0.615546218,0.575757576,0.560465116,0.482993197,0.5,0.455795678,0.229226361,0.158024691,0.550128535,0.485981308,0.952830189,0.50729927,0.023201856,0.043243243,0.631016043,0.350282486,0.337301587,0.415929204,0.078817734,0.298342541,0.553246753,0,0.620512821,0.288590604,0.572847682,0.505102041,0.58313253,0.544757033,0.530042918,0.218934911,0.536231884,0.457274827,0.543103448,0.52303523,0.488517745,0.489051095,0.620218579,0.340707965,0.544419134,0.021479714,0.797687861,0.671568627,0.674220963,0.015915119,0.128865979,0.068292683,0.168224299,0.683673469,0.209944751,0.232843137,0.043763676,0.280172414,0.402941176,0.555555556,0.103225806,0.510040161,0.420454545,0.593818985,0.338323353,0.658914729,0.425076453,0.7109375,0.736308316,0.47556391,0.578512397,0.571428571,0.561933535,0.005602241,0.014409222,0.203125,0.513432836,0.505952381,0.717808219,0.27100271,0.448028674,0.369905956,0.462745098,0.879084967,0.712903226,0.040712468,0.186868687,0.015384615,0.48125,0.477572559,0.536585366,0.168539326,0.673076923,0.773529412,0.478827362,1
0.374100719,0.32996633,0.586345382,0.198529412,0,0.682291667,0.0078125,0.677804296,0.082228117,0.599601594,1,0.524904215,1,0.592857143,0.590785908,0.670694864,0.025714286,0.614190687,0.44950495,0.36627907,0.469635628,0.008982036,0.242081448,0.688481675,0.488764045,0.039506173,0.11878453,0.006430868,0.314641745,0.599514563,0.003246753,0.157534247,0.303206997,0.768707483,0.002610966,0.465454545,0.042606516,0.106442577,0.464,0.148648649,0.518382353,0.366477273,0.753812636,0.591981132,0.578947368,1,0.026217228,0.478371501,0.556792873,0.476386037,0.493601463,0.028328612,0.030136986,0.454545455,0.594086022,0.182952183,0.005012531,0.093425606,0.584745763,0.703703704,0.011594203,0.182065217,0.530726257,0.748201439,0.142322097,0.356020942,0.004672897,0.441926346,0.474926254,0.438888889,0.552529183,0.463709677,1,0.615555556,0.646039604,0.150793651,0.039119804,0.611344538,0.507070707,0.534883721,0.317460317,0.008152174,0.451866405,0.633237822,0.654320988,0.005141388,0.404984424,0.135220126,0.153284672,0.696055684,0.024324324,0.213903743,0.04519774,1,0.199115044,0.645320197,0.519337017,0.015584416,0.63546798,0.005128205,0.469798658,0.380794702,0.701530612,0.595180723,0.52173913,0.469957082,0.047337278,0.371014493,0.540415704,0.520114943,0.501355014,0.371607516,0.143552311,0.06557377,0.544247788,0.605922551,0.62052506,0.002890173,0.009803922,0.033994334,0.543766578,0.523195876,0.631707317,0.529595016,0.044217687,0.552486188,0.894607843,0.652078775,1,0,0.021367521,0.103225806,0.548192771,0.5625,0.646799117,0.502994012,0.064599483,0.455657492,0.096354167,0.286004057,0.37593985,0.134986226,0.005390836,0.006042296,0.005602241,0.014409222,0.078125,0.507462687,0.494047619,0.156164384,0.070460705,0.010752688,0.003134796,0.447058824,0.267973856,0.361290323,0.106870229,0.984848485,0.723076923,0.375,0.712401055,0.54200542,0.082397004,0.608974359,0.697058824,0.110749186,1
0.438848921,0.252525253,0.56626506,0.139705882,0,0.6953125,0.020833333,0.713603819,0.018567639,0.603585657,0.482598608,0.438697318,0.618138425,0.638095238,0.810298103,0.066465257,0.005714286,0.592017738,0.479207921,1,0.28340081,0.005988024,0.156108597,0.730366492,0.491573034,0.165432099,0.099447514,0.035369775,0.392523364,0.584951456,0.061688312,0.976027397,0.008746356,0.510204082,0.088772846,0.218181818,0.027568922,0.112044818,0.492,0.135135135,0.470588235,0.599431818,0.566448802,0.615566038,0.618421053,0.342163355,0.018726592,0.262086514,0.643652561,0.921971253,0.371115174,0.002832861,0.049315068,0.31002331,0.532258065,0.484407484,0.01754386,0.027681661,0.627118644,0.615740741,0.002898551,0.706521739,0.195530726,0.729016787,0.164794007,0.272251309,0.002336449,0.441926346,0.312684366,0.419444444,0.517509728,0.447580645,0.479120879,0.584444444,0.948019802,0.055555556,0.004889976,0.586134454,0.44040404,0.88372093,0.120181406,0.013586957,0.328094303,0.558739255,0.651851852,0.038560411,0.320872274,0.374213836,0.138686131,0.696055684,0.556756757,0.807486631,0.005649718,0.438492063,0.35840708,0.04679803,0.519337017,0.005194805,0.63546798,0.01025641,0.409395973,0.582781457,0.875,0.703614458,0.606138107,0.5,0.050295858,0.220289855,1,0.764367816,0.89701897,0.175365344,0.03649635,0.030054645,0.639380531,0.717539863,0.61575179,0.083815029,0.034313725,0.033994334,0.551724138,0.56185567,0.653658537,0.112149533,0.911564626,0.61878453,0.617647059,0.584245077,0.55387931,0.064705882,0.576923077,0.435483871,0.437751004,0.5,0.662251656,0.520958084,0.067183463,0.513761468,0.1875,0.47464503,0.359022556,0.129476584,0.008086253,0.003021148,0.005602241,0.014409222,0.1484375,0.471641791,0.4375,0.136986301,0.075880759,0.021505376,0.003134796,0.470588235,0.859477124,0.577419355,0.012722646,0.093434343,0.674358974,0.359375,0.216358839,0.474254743,0.239700375,0.756410256,0.791176471,0.550488599,1
0.345323741,0.154882155,0.080321285,0.529411765,0,0.255208333,0.5703125,0.54176611,0.530503979,0.326693227,0.649651972,0.877394636,0.591885442,0.688095238,0.585365854,0.078549849,0.765714286,0.518847007,1,0.40503876,0.617408907,0.497005988,0.766968326,0.04973822,0.008426966,0.575308642,0.660220994,0.36977492,0.46728972,0.014563107,0.003246753,0.883561644,0.233236152,0.12244898,0.310704961,0.203636364,0.015037594,0.644257703,0.02,0.527027027,0.102941176,0.732954545,0.472766885,0.650943396,0.805263158,0.51214128,0.198501873,0.575063613,1,0.349075975,0.828153565,0.526912181,0.536986301,0.522144522,0.169354839,0.486486486,0.626566416,0.152249135,0.437853107,0.208333333,0.252173913,0.668478261,0.318435754,0.007194245,0.539325843,0.287958115,0.002336449,0.413597734,0.002949853,0.35,0.050583658,0.10483871,0.604395604,0.822222222,0.507425743,0.055555556,0.564792176,0.535714286,1,0.588372093,0.575963719,0.489130435,1,0.232091691,0.103703704,0.57840617,0.3894081,0.371069182,0.50729927,0.016241299,0.040540541,0.625668449,0.350282486,0.418650794,0.420353982,0.078817734,0.298342541,0.58961039,0.024630542,0.556410256,0.208053691,0.572847682,0.602040816,0.631325301,0.595907928,0.369098712,0.050295858,0.602898551,0.41108545,0.925287356,0.802168022,0.782881002,0.608272506,0.598360656,0.221238938,0.535307517,0.028639618,0.76300578,0.678921569,0.634560907,0.01061008,0.128865979,0.065853659,0.161993769,0.673469388,0.20441989,0.352941176,0.072210066,0.415948276,0.402941176,0.555555556,0.1,0.524096386,0.729166667,0.690949227,0.473053892,0.713178295,0.50764526,0.645833333,1,1,0.531680441,0.520215633,0.583081571,0.005602241,0.017291066,0.109375,0.343283582,0.369047619,0.610958904,0.27100271,0.448028674,0.369905956,0.462745098,0.879084967,0.709677419,0.03307888,0.199494949,0.01025641,0.4875,0.488126649,0.539295393,0.164794007,0.666666667,0.773529412,0.475570033,1
0.374100719,0.316498316,0.582329317,0.224264706,0,0.651041667,0.0078125,0.627684964,0.023872679,0.513944223,0.621809745,0.475095785,0.558472554,0.604761905,0.509485095,0.290030211,0.022857143,0.494456763,0.556435644,0.496124031,0.340080972,0.008982036,0.34841629,0.636125654,0.497191011,0.155555556,0.110497238,0.012861736,0.264797508,0.599514563,0.003246753,0.147260274,0.303206997,0.634920635,0.005221932,0.465454545,0.055137845,0.109243697,0.468,0.145945946,0.514705882,0.355113636,0.572984749,0.660377358,0.523684211,0.529801325,0.02247191,0.152671756,0.643652561,0.468172485,0.413162706,0.014164306,0.087671233,1,0.642473118,0.424116424,0.005012531,0.076124567,0.528248588,0.55787037,0.011594203,0.173913043,0.536312849,0.748201439,0.127340824,0.35078534,0.002336449,0.441926346,0.489675516,0.436111111,0.548638132,0.463709677,0.525274725,0.513333333,0.485148515,0.111111111,0.024449878,0.628151261,0.535353535,0.562790698,0.129251701,0.008152174,0.465618861,0.656160458,0.562962963,0.030848329,0.392523364,0.094339623,0.189781022,0.679814385,0.018918919,0.197860963,0.042372881,0.390873016,0.212389381,0.65270936,0.497237569,0.015584416,0.63546798,0.002564103,0.459731544,0.364238411,0.494897959,0.56626506,0.529411765,0.564377682,0.079881657,0.144927536,0.535796767,0.528735632,0.52303523,0.350730689,0.099756691,0.092896175,0.670353982,1,0.630071599,0.031791908,0.009803922,0.033994334,0.525198939,0.512886598,0.597560976,0.520249221,0.030612245,0.546961326,0.669117647,0.638949672,0.543103448,0.002941176,0.02991453,0.112903226,0.325301205,0.420454545,0.609271523,0.505988024,0.067183463,0.464831804,0.315104167,0.521298174,0.477443609,0.132231405,0.005390836,0.006042296,0.005602241,0.014409222,0.140625,0.501492537,0.485119048,0.150684932,0.073170732,0.007168459,0.003134796,0.443137255,0.248366013,0.35483871,0.03562341,0.457070707,0.743589744,0.371875,0.709762533,0.533875339,0.074906367,0.602564103,0.7,0.120521173,1
0.345323741,0.218855219,0.112449799,0.536764706,0,0.244791667,0.5625,0.673031026,0.564986737,0.478087649,0.679814385,0.576628352,0.653937947,0.833333333,0.563685637,0.268882175,0.797142857,1,0.483168317,0.375968992,0.522267206,0.491017964,0.527149321,0.020942408,0.008426966,0.50617284,0.732044199,0.334405145,0.464174455,0.038834951,0.003246753,0.890410959,0.239067055,0.113378685,0.308093995,0.203636364,0.010025063,0.579831933,0.004,0.618918919,0.205882353,0.730113636,0.583877996,0.872641509,0.618421053,0.432671082,0.258426966,0.692111959,0.527839644,0.478439425,0.484460695,0.529745042,0.490410959,0.505827506,0.172043011,0.484407484,0.656641604,0.179930796,0.435028249,0.331018519,0.266666667,0.679347826,0.324022346,0.014388489,0.531835206,0.282722513,0.002336449,0.379603399,0.002949853,0.436111111,0.112840467,0.10483871,0.597802198,0.684444444,0.623762376,0.119047619,0.594132029,1,0.575757576,0.546511628,0.605442177,0.483695652,0.469548134,0.246418338,0.217283951,0.53470437,0.479750779,0.411949686,0.510948905,0.020881671,0.048648649,0.631016043,0.353107345,0.390873016,0.420353982,0.061576355,0.281767956,0.568831169,0.004926108,0.6,0.281879195,0.572847682,0.655612245,0.65060241,0.585677749,1,0.408284024,0.898550725,0.487297921,0.557471264,0.482384824,0.542797495,0.610705596,0.56284153,0.254424779,0.30523918,0.021479714,0.696531792,0.676470588,0.682719547,0.015915119,0.128865979,0.068292683,0.174454829,0.69047619,0.220994475,0.490196078,0.087527352,0.465517241,0.397058824,0.555555556,0.090322581,0.584337349,0.604166667,1,0.377245509,0.679586563,0.455657492,0.528645833,0.505070994,0.42481203,0.548209366,0.544474394,0.561933535,0.005602241,0.014409222,0.0859375,0.47761194,0.485119048,0.695890411,0.273712737,0.444444444,0.369905956,0.466666667,0.882352941,0.716129032,0.058524173,0.111111111,0.017948718,0.475,0.472295515,0.533875339,0.161048689,0.666666667,0.773529412,0.472312704,1
0.374100719,0.326599327,0.586345382,0.257352941,0,0.59375,0.002604167,0.680190931,0.063660477,0.611553785,0.503480278,0.438697318,0.821002387,0.669047619,0.910569106,0.132930514,0.037142857,0.66075388,0.489108911,0.887596899,0.370445344,0.005988024,0.126696833,0.57591623,0.502808989,0.079012346,0.113259669,0.003215434,0.236760125,0.616504854,0.003246753,0.154109589,0.297376093,0.682539683,0.002610966,0.465454545,0.045112782,0.109243697,0.464,0.145945946,0.518382353,0.357954545,0.710239651,0.591981132,0.702631579,0.364238411,0.029962547,0.450381679,0.639198218,0.714579055,0.404021938,0.014164306,0.019178082,0.265734266,0.672043011,0.35966736,0.002506266,0.08650519,0.437853107,0.604166667,0.011594203,0.179347826,0.530726257,0.738609113,0.086142322,0.35078534,0.002336449,0.441926346,0.483775811,0.436111111,0.548638132,0.463709677,0.591208791,0.58,0.97029703,0.142857143,0.048899756,0.586134454,0.442424242,1,0.204081633,0.005434783,0.333988212,0.673352436,0.634567901,0.002570694,0.401869159,0.150943396,0.233576642,0.663573086,0.021621622,0.20855615,0.04519774,0.448412698,0.199115044,0.650246305,0.403314917,0.018181818,0.63546798,0.002564103,0.466442953,0.364238411,1,0.66746988,0.836317136,0.551502146,0.124260355,0.489855072,0.972286374,0.752873563,0.970189702,0.212943633,0.068126521,0.019125683,0.657079646,0.615034169,0.622911695,0.014450867,0.004901961,0.031161473,0.533156499,0.515463918,0.56097561,0.526479751,0.037414966,0.55801105,0.629901961,0.665207877,0.515086207,0,0.021367521,0.112903226,0.512048193,0.518939394,0.668874172,0.502994012,0.069767442,0.458715596,0.109375,0.397565923,0.319548872,0.132231405,0.002695418,0.006042296,0.005602241,0.014409222,0.046875,0.504477612,0.491071429,0.150684932,0.067750678,0,0.003134796,0.447058824,0.251633987,0.358064516,0.050890585,0.396464646,0.730769231,0.371875,0.709762533,0.533875339,0.082397004,0.602564103,0.694117647,0.114006515,1
0.208633094,0.026936027,0.088353414,0.544117647,0,0.385416667,0.596354167,0.546539379,0.75331565,0.298804781,0.645011601,0.513409962,0.558472554,0.578571429,0.531165312,0.093655589,0.785714286,0.498891353,0.594059406,0.432170543,0.74291498,0.796407186,0.900452489,0.044502618,0.011235955,0.619753086,0.701657459,0.36977492,0.423676012,0.007281553,0.003246753,0.503424658,0.457725948,0.106575964,0.681462141,0.116363636,0,0.605042017,0.008,0.572972973,0.073529412,0.125,0.433551198,0.660377358,0.560526316,0.514348786,0.258426966,0.684478372,0.576837416,0.357289528,0.537477148,0.821529745,0.912328767,0.482517483,0.067204301,0.46985447,0.644110276,0.166089965,0.505649718,0.18287037,0.11884058,0.038043478,0.597765363,0.007194245,0.486891386,0.047120419,0.004672897,0.385269122,0.002949853,0.380555556,0.073929961,0.004032258,0.584615385,0.508888889,0.475247525,0.047619048,0.58190709,0.56512605,0.591919192,0.593023256,0.829931973,0.633152174,0.689587426,0.134670487,0.098765432,0.632390746,0.417445483,0.298742138,0.339416058,0.016241299,0,0.160427807,0.358757062,0.392857143,0.522123894,0.401477833,0.331491713,0.574025974,0.014778325,0.579487179,0.060402685,0.185430464,0.579081633,0.624096386,0.560102302,0.405579399,0.088757396,0.571014493,0.406466513,0.563218391,0.506775068,0.832985386,0.909975669,0.983606557,0.252212389,0.551252847,0.035799523,0.731213873,0.678921569,0.66572238,0.01061008,0.100515464,0.087804878,0.398753894,0.333333333,0.276243094,0.306372549,0.056892779,0.375,0.532352941,0.628205128,0.790322581,0.530120482,0.433712121,0.520971302,0.431137725,0.69250646,0.501529052,0.934895833,0.61663286,0.648496241,0.531680441,0.528301887,0.570996979,0.005602241,0.017291066,0.1171875,0.408955224,0.419642857,0.657534247,0.653116531,0.422939068,0.435736677,0.011764706,0.39869281,0.038709677,0.025445293,0.189393939,0.007692308,0.009375,0.116094987,0.162601626,0.026217228,0.641025641,0.838235294,0.218241042,1
0.100719424,0.02020202,0.232931727,0.511029412,0,0.140625,0.549479167,0.639618138,0.541114058,0.354581673,0.672853828,0.492337165,0.622911695,0.521428571,0.504065041,0.126888218,0.768571429,0.538802661,0.594059406,0.416666667,0.451417004,0.502994012,0.610859729,0.023560209,0.011235955,0.661728395,0.726519337,0.15755627,0.317757009,0.041262136,0.006493506,0.479452055,0.606413994,0.170068027,0.464751958,0.098181818,0,0.630252101,0.004,0.727027027,0.117647059,0.039772727,0.503267974,0.641509434,0.531578947,0.554083885,0.254681648,0.567430025,0.608017817,0.361396304,0.431444241,0.487252125,0.597260274,0.470862471,0.185483871,0.727650728,0.651629073,0.08650519,0.305084746,0.238425926,0.623188406,0.027173913,0.441340782,0.021582734,0.558052434,0.094240838,0.004672897,0.552407932,0.002949853,0.605555556,0.163424125,0.008064516,0.630769231,0.5,0.50990099,0.079365079,0.623471883,0.525210084,0.577777778,0.597674419,0.446712018,0.513586957,0.461689587,0.148997135,0.118518519,0.511568123,0.448598131,0.91509434,0.423357664,0.027842227,0.005405405,0.203208556,0.607344633,0.468253968,0.539823009,0.226600985,0.406077348,0.503896104,0.039408867,0.651282051,0.067114094,0.102649007,0.607142857,0.628915663,0.511508951,0.379828326,0.319526627,0.704347826,0.408775982,0.554597701,0.525745257,0.505219207,0.520681265,0.620218579,0.212389381,0.507972665,0.019093079,0.774566474,0.598039216,0.57223796,0.023872679,0.069587629,0.03902439,0.666666667,0.547619048,0.232044199,0.414215686,0.111597374,0.469827586,0.417647059,0.623931624,0.04516129,0.502008032,0.492424242,0.547461369,0.365269461,0.529715762,0.266055046,0.669270833,0.54969574,0.473684211,0.699724518,0.633423181,0.610271903,0.005602241,0.017291066,0.09375,0.611940299,0.547619048,0.756164384,0.66395664,0.365591398,0.536050157,0.007843137,0.12745098,0.025806452,0.050890585,0.282828283,0.025641026,0.015625,0.337730871,0.208672087,0.127340824,0.705128205,0.873529412,0.403908795,1
0.230215827,0.96969697,0.674698795,0.5625,0,0.739583333,0.627604167,0.517899761,0.570291777,0.452191235,0.654292343,0.542145594,0.682577566,0.514285714,0.498644986,0.090634441,0.768571429,0.567627494,0.514851485,0.387596899,0.477732794,0.523952096,0.619909502,0.034031414,0.028089888,0.503703704,0.690607735,0.112540193,0.676012461,0.09223301,0.003246753,0.438356164,0.620991254,0.306122449,0.501305483,0.127272727,0.736842105,0.490196078,0.396,0.62972973,0.970588235,0.460227273,0.583877996,0.566037736,0.668421053,0.523178808,0.217228464,0.557251908,0.467706013,0.404517454,0.436928702,0.498583569,0.553424658,0.503496503,0.091397849,0.488565489,0.671679198,0.851211073,0.779661017,0.351851852,0.069565217,0.625,0.51396648,0.258992806,0.985018727,0.204188482,0.004672897,0.467422096,0.415929204,0.511111111,0.86770428,0.745967742,0.654945055,0.613333333,0.561881188,0.095238095,0.645476773,0.468487395,0.573737374,0.588372093,0.496598639,0.570652174,0.508840864,0.103151862,0.195061728,0.596401028,0.853582555,0.20754717,0.50729927,0.187935035,0.432432432,0.304812834,0.38700565,0.515873016,0.597345133,0.002463054,0.875690608,0.522077922,0.57635468,0.638461538,1,0.364238411,0.630102041,0.609638554,0.514066496,0.317596567,0.201183432,0.692753623,0.399538106,0.66091954,0.525745257,0.5782881,0.523114355,0.551912568,0.219026549,0.489749431,0.031026253,0.664739884,0.681372549,0.611898017,0.037135279,0.167525773,0.204878049,0.738317757,0.217687075,0.220994475,0.544117647,0.225382932,0.551724138,0.755882353,0.837606838,0.306451613,0.449799197,0.46780303,0.549668874,0.523952096,0.542635659,0.434250765,0.591145833,0.47464503,0.479323308,0.573002755,0.614555256,0.583081571,0.00280112,0.005763689,0.0703125,0.662686567,0.794642857,0.682191781,0.441734417,0.684587814,0.338557994,0.882352941,0.506535948,0.825806452,0.050890585,0.351010101,0.258974359,0.4,0.332453826,0.39295393,0.471910112,0.557692308,0.35,0.456026059,1
0.273381295,0.080808081,0.481927711,0.547794118,0.022535211,0.768229167,0.575520833,0.563245823,0.559681698,0.368525896,0.651972158,0.505747126,0.62052506,0.519047619,0.52303523,0.075528701,0.768571429,0.525498891,0.568316832,0.424418605,0.548582996,0.51497006,0.583710407,0.068062827,0.028089888,0.604938272,0.577348066,0.295819936,0.728971963,0.041262136,0.003246753,0.308219178,0.658892128,0.22675737,0.462140992,0.101818182,0.694235589,0.593837535,0.864,0.456756757,0.367647059,0.360795455,0.507625272,0.627358491,0.613157895,0.518763797,0.486891386,0.547073791,0.561247216,0.383983573,0.442413163,0.535410765,0.536986301,0.522144522,0.102150538,0.46985447,0.591478697,0.114186851,0.81920904,0.243055556,0.110144928,0.288043478,0.636871508,0.213429257,0.985018727,0.178010471,0.004672897,0.467422096,0.814159292,0.466666667,0.404669261,0.427419355,0.61978022,0.517777778,0.524752475,0.063492063,0.638141809,0.49789916,0.577777778,0.574418605,0.555555556,0.508152174,0.508840864,0.106017192,0.135802469,0.609254499,0.352024922,0.408805031,0.569343066,0.171693735,0,0.35828877,0.392655367,0.450396825,0.553097345,0.130541872,0.875690608,0.623376623,0.669950739,0.515384615,0.315436242,0.377483444,0.612244898,0.626506024,0.52685422,0.345493562,0.050295858,0.582608696,0.401847575,0.655172414,0.52303523,0.592901879,0.557177616,0.532786885,0.28539823,0.589977221,0.050119332,0.786127168,0.664215686,0.558073654,0.023872679,0.231958763,0.268292683,0.576323988,0.010204082,0.165745856,0.416666667,0.153172867,0.461206897,0.717647059,0.777777778,0.796774194,0.473895582,0.418560606,0.472406181,0.52994012,0.682170543,0.862385321,0.546875,0.442190669,0.453007519,0.465564738,0.504043127,0.607250755,0.00280112,0.008645533,0.1171875,0.513432836,0.449404762,0.528767123,0.45799458,0.695340502,0.360501567,0.509803922,0.401960784,0.503225806,0.020356234,0.26010101,0.094871795,0.44375,0.432717678,0.387533875,0.464419476,0.551282051,0.344117647,0.42019544,1
0.223021583,0.96969697,0.666666667,0.992647059,0,0.109375,0.625,0.513126492,0.572944297,0.444223108,0.6612529,0.542145594,0.682577566,0.516666667,0.495934959,0.099697885,0.768571429,0.569844789,0.514851485,0.393410853,0.475708502,0.523952096,0.619909502,0.065445026,0.025280899,0.50617284,0.690607735,0.118971061,0.523364486,0.084951456,0.003246753,0.428082192,0.597667638,0.258503401,0.438642298,0.138181818,0,0.487394958,0.396,0.627027027,0.970588235,0.460227273,0.579520697,0.573113208,0.668421053,0.536423841,0.209737828,0.557251908,0.465478842,0.39835729,0.436928702,0.501416431,0.553424658,0.494172494,0.497311828,0.486486486,0.671679198,0.851211073,0.310734463,0.344907407,0.631884058,0.627717391,0.491620112,0.040767386,0.56928839,0.209424084,0.004672897,0.467422096,0.415929204,0.508333333,0.86381323,0.745967742,0.657142857,0.613333333,0.556930693,0.103174603,0.645476773,0.472689076,0.573737374,0.586046512,0.492063492,0.567934783,0.508840864,0.859598854,0.187654321,0.596401028,0.85046729,0.20754717,0.795620438,0.044083527,0.440540541,0.28342246,0.539548023,0.521825397,0.646017699,0.004926108,0.154696133,0.524675325,0.571428571,0.635897436,1,0.357615894,0.62755102,0.612048193,0.516624041,0.324034335,0.195266272,0.686956522,0.399538106,0.658045977,0.525745257,0.576200418,0.520681265,0.551912568,0.219026549,0.494305239,0.040572792,0.670520231,0.681372549,0.614730878,0.039787798,0.164948454,0.051219512,0.750778816,0.217687075,0.232044199,0.541666667,0.175054705,0.55387931,0.467647059,0.841880342,0.038709677,0.449799197,0.46780303,0.549668874,0.523952096,0.545219638,0.428134557,0.59375,0.476673428,0.481203008,0.567493113,0.611859838,0.580060423,0.00280112,0.005763689,0.0625,0.659701493,0.788690476,0.682191781,0.452574526,0.401433692,0.460815047,0.882352941,0.503267974,0.829032258,0.058524173,0.363636364,0.041025641,0.403125,0.337730871,0.395663957,0.471910112,0.564102564,0.352941176,0.465798046,1
0.26618705,0.080808081,0.485943775,0.977941176,0.01971831,0.122395833,0.572916667,0.560859189,0.559681698,0.364541833,0.656612529,0.507662835,0.62052506,0.521428571,0.520325203,0.084592145,0.762857143,0.525498891,0.566336634,0.430232558,0.546558704,0.51497006,0.585972851,0.178010471,0.028089888,0.604938272,0.577348066,0.305466238,0.436137072,0.041262136,0.003246753,0.29109589,0.655976676,0.160997732,0.412532637,0.109090909,0,0.596638655,0.864,0.456756757,0.367647059,0.360795455,0.505446623,0.632075472,0.615789474,0.527593819,0.471910112,0.547073791,0.559020045,0.386036961,0.442413163,0.538243626,0.534246575,0.51048951,0.360215054,0.46985447,0.591478697,0.114186851,0.370056497,0.243055556,0.684057971,0.288043478,0.625698324,0.021582734,0.573033708,0.183246073,0.004672897,0.467422096,0.814159292,0.466666667,0.404669261,0.427419355,0.621978022,0.52,0.51980198,0.063492063,0.638141809,0.506302521,0.577777778,0.572093023,0.553287982,0.505434783,0.508840864,0.845272206,0.138271605,0.609254499,0.352024922,0.411949686,0.729927007,0.025522042,0,0.347593583,0.56779661,0.452380952,0.548672566,0.130541872,0.124309392,0.625974026,0.674876847,0.512820513,0.315436242,0.374172185,0.609693878,0.626506024,0.529411765,0.354077253,0.053254438,0.582608696,0.399538106,0.655172414,0.52303523,0.592901879,0.554744526,0.532786885,0.294247788,0.589977221,0.066825776,0.786127168,0.664215686,0.558073654,0.029177719,0.105670103,0.053658537,0.61682243,0.006802721,0.165745856,0.414215686,0.105032823,0.461206897,0.476470588,0.790598291,0.780645161,0.473895582,0.418560606,0.474613687,0.532934132,0.682170543,0.865443425,0.549479167,0.442190669,0.454887218,0.465564738,0.504043127,0.610271903,0.00280112,0.008645533,0.109375,0.513432836,0.452380952,0.526027397,0.452574526,0.383512545,0.451410658,0.509803922,0.39869281,0.503225806,0.025445293,0.25,0.017948718,0.44375,0.432717678,0.387533875,0.464419476,0.551282051,0.344117647,0.426710098,1
0.467625899,0.2996633,0.586345382,0.492647059,0,0.4765625,0.013020833,0.720763723,0.068965517,0.450199203,0.452436195,0.477011494,0.584725537,0.60952381,0.536585366,0.066465257,0.022857143,0.643015521,0.465346535,0.451550388,0.408906883,0.011976048,0.162895928,0.64921466,0.533707865,0.128395062,0.102209945,0.019292605,0.429906542,0.648058252,0.003246753,0.191780822,0.335276968,0.702947846,0.365535248,0,0.050125313,0.109243697,0.484,0.140540541,0.507352941,0.269886364,0.501089325,0.54009434,0.55,0.271523179,0.02247191,0.455470738,0.636971047,0.474332649,0.442413163,0.019830028,0.032876712,0.37995338,0.653225806,0.449064449,0.010025063,0.051903114,0.466101695,0.643518519,0.243478261,0.171195652,0.553072626,0.666666667,0.558052434,0.136125654,0.002336449,0.441926346,0.286135693,0.430555556,0.544747082,0.471774194,0.531868132,0.593333333,0.522277228,0.087301587,0.041564792,0.554621849,0.454545455,0.462790698,0.242630385,0.013586957,0.371316306,0.64756447,0.57037037,0.023136247,0.370716511,0.342767296,0.47080292,0.607888631,0.010810811,0.22459893,0.367231638,0.367063492,0.256637168,0.034482759,0.397790055,0.020779221,0.645320197,0.007692308,0.453020134,0.112582781,0.522959184,0.469879518,0.503836317,0.489270386,0.073964497,0.434782609,0.56812933,0.50862069,0.539295393,0.27348643,0.092457421,0.035519126,0.650442478,0.601366743,0.656324582,0.060693642,0.017156863,0.033994334,0.578249337,0.469072165,0.492682927,0.404984424,0.091836735,0.580110497,0.68872549,0.687089716,0.534482759,0.464705882,0.170940171,0.148387097,0.526104418,0.539772727,0.666666667,0.508982036,0.072351421,0.480122324,0.140625,0.436105477,0.343984962,0.129476584,0.010781671,0.01510574,0.00280112,0.008645533,0.109375,0.492537313,0.470238095,0.142465753,0.303523035,0.465949821,0.385579937,0.447058824,0.199346405,0.351612903,0.012722646,0.313131313,0.582051282,0.321875,0.36939314,0.273712737,0.104868914,0.525641026,0.661764706,0.182410423,1
0.244604317,0.282828283,0.582329317,0.533088235,0,0.671875,0.020833333,0.677804296,0.042440318,0.629482072,0.496519722,0.4348659,0.529832936,0.614285714,0.636856369,0.135951662,0.02,0.640798226,0.512871287,0.401162791,0.319838057,0.011976048,0.214932127,0.633507853,0.528089888,0.17037037,0.102209945,0.022508039,0.464174455,0.63592233,0.003246753,0.455479452,0.274052478,0.609977324,0.342036554,0.283636364,0.027568922,0.109243697,0.492,0.137837838,0.5,0.326704545,0.572984749,0.587264151,0.515789474,0.406181015,0.026217228,0.368956743,0.654788419,0.509240246,0.382084095,0.011331445,0.063013699,0.242424242,0.456989247,0.476091476,0.01754386,0.038062284,0.579096045,0.662037037,0.347826087,0.1875,0.206703911,0.760191847,0.501872659,0.319371728,0.002336449,0.441926346,0.297935103,0.425,0.536964981,0.467741935,0.461538462,0.562222222,0.589108911,0.095238095,0.026894866,0.602941176,0.458585859,0.437209302,0.149659864,0.016304348,0.367387033,0.458452722,0.597530864,0.041131105,0.352024922,0.238993711,0.47810219,0.712296984,0.008108108,0.096256684,0.401129944,0.503968254,0.349557522,0.088669951,0.494475138,0.015584416,0.645320197,0.012820513,0.439597315,0.221854305,0.571428571,0.496385542,0.537084399,0.56223176,0.106508876,0.405797101,0.579676674,0.502873563,0.512195122,0.231732777,0.055961071,0.049180328,0.555309735,0.555808656,0.61575179,0.066473988,0.029411765,0.031161473,0.583554377,0.518041237,0.643902439,0.193146417,0.051020408,0.005524862,0.68872549,0.652078775,0.556034483,0.4,0.517094017,0.116129032,0.473895582,0.501893939,0.668874172,0.51497006,0.067183463,0.49235474,0.229166667,0.498985801,0.406015038,0.129476584,0.013477089,0.01510574,0.00280112,0.008645533,0.0859375,0.486567164,0.461309524,0.139726027,0.303523035,0.440860215,0.39184953,0.439215686,0.441176471,0.351612903,0.053435115,0.232323232,0.717948718,0.325,0.176781003,0.222222222,0.224719101,0.641025641,0.732352941,0.524429967,1
0.237410072,0.252525253,0.550200803,0.540441176,0,0.239583333,0.606770833,0.53699284,0.610079576,0.428286853,0.64037123,0.513409962,0.661097852,0.492857143,0.52303523,0.057401813,0.728571429,0.538802661,0.584158416,0.375968992,0.425101215,0.517964072,0.624434389,0.047120419,0.014044944,0.52345679,0.743093923,0.163987138,0.46728972,0.053398058,0.003246753,0.47260274,0.239067055,0.179138322,0.315926893,0.214545455,0.010025063,0.495798319,0.532,0.656756757,0.477941176,0.332386364,0.559912854,0.594339623,0.589473684,0.490066225,0.157303371,0.580152672,0.534521158,0.39835729,0.416819013,0.543909348,0.569863014,0.55011655,0.169354839,0.503118503,0.686716792,0.134948097,0.435028249,0.298611111,0.263768116,0.195652174,0.318435754,0.019184652,0.539325843,0.277486911,0.002336449,0.464589235,0.365781711,0.511111111,0.513618677,0.491935484,0.637362637,0.526666667,0.569306931,0.03968254,0.655256724,0.449579832,0.58989899,0.588372093,0.462585034,0.529891304,0.473477407,0.232091691,0.167901235,0.568123393,0.489096573,0.270440252,0.51459854,0.032482599,0.005405405,0.160427807,0.358757062,0.470238095,0.424778761,0.022167488,0.281767956,0.550649351,0.650246305,0.643589744,0.419463087,0.231788079,0.637755102,0.624096386,0.506393862,0.274678112,0.106508876,0.675362319,0.413394919,0.629310345,0.52303523,0.51565762,0.498783455,0.557377049,0.205752212,0.501138952,0.021479714,0.676300578,0.693627451,0.662889518,0.021220159,0.131443299,0.073170732,0.165109034,0.074829932,0.055248619,0.487745098,0.124726477,0.504310345,0.402941176,0.568376068,0.093548387,0.463855422,0.46969697,0.538631347,0.473053892,0.545219638,0.49235474,0.6796875,0.509127789,0.492481203,0.58677686,0.603773585,0.577039275,0.00280112,0.008645533,0.1171875,0.558208955,0.541666667,0.723287671,0.276422764,0.451612903,0.376175549,0.466666667,0.418300654,0.367741935,0.040712468,0.22979798,0.020512821,0.371875,0.197889182,0.208672087,0.176029963,0.653846154,0.776470588,0.482084691,1
0.45323741,0.03030303,0.072289157,0.540441176,0,0.2734375,0.544270833,0.560859189,0.519893899,0.410358566,0.656612529,0.440613027,0.501193317,0.573809524,0.43902439,0.392749245,0.76,0.516629712,0.57029703,0.412790698,0.481781377,0.494011976,0.610859729,0.015706806,0.221910112,0.545679012,0.685082873,0.453376206,0.464174455,0.339805825,0.003246753,0.188356164,0.311953353,0.31292517,0.313315927,0.029090909,0.007518797,0.610644258,0.004,0.52972973,0.080882353,0.244318182,0.427015251,0.662735849,0.544736842,0.57615894,0.146067416,0.597964377,0.594654788,0.501026694,0.409506399,0.518413598,0.550684932,0.291375291,0.295698925,0.40956341,0.62406015,0.186851211,0.429378531,0.405092593,0.275362319,0.002717391,0.553072626,0.201438849,0.535580524,0.267015707,0.002336449,0.331444759,0.005899705,0.333333333,0.070038911,0.02016129,0.556043956,0.484444444,0.477722772,0.119047619,0.621026895,0.621848739,0.535353535,0.327906977,0.458049887,0.464673913,0.451866405,0.283667622,0.311111111,0.552699229,0.408099688,0.411949686,0.51459854,0.245939675,0,0.053475936,0.36440678,0.39484127,0.420353982,0.027093596,0.267955801,0.618181818,0.009852217,0.546153846,0.077181208,0.19205298,0.505102041,0.585542169,0.511508951,0.555793991,0.139053254,0.498550725,0.33256351,0.58908046,0.482384824,0.503131524,0.462287105,0.546448087,0.353982301,0.455580866,0.343675418,0.765895954,0.676470588,0.674220963,0.25464191,0.198453608,0.197560976,0.171339564,0.098639456,0.314917127,0.43627451,0.387308534,0.396551724,0.4,0.367521368,0.05483871,0.518072289,0.412878788,0.565121413,0.359281437,0.687338501,0.370030581,0.671875,0.503042596,0.473684211,0.509641873,0.514824798,0.607250755,0.00280112,0.008645533,0.046875,0.373134328,0.398809524,0.624657534,0.284552846,0.451612903,0.379310345,0.023529412,0.330065359,0.019354839,0.061068702,0.267676768,0.028205128,0.0625,0.250659631,0.284552846,0.063670412,0.557692308,0.735294118,0.315960912,1
0.309352518,0.255892256,0.574297189,0.040441176,0,0.690104167,0.276041667,0.747016706,0.278514589,0.587649402,0.410672854,0.450191571,0.568019093,0.454761905,0.569105691,0,0.32,0.496674058,0.431683168,0.463178295,0.443319838,0.230538922,0.343891403,0.602094241,0.528089888,0.35308642,0.237569061,0.035369775,0.404984424,0.589805825,0.003246753,0.119863014,0.244897959,0.510204082,0.075718016,0.043636364,0.01754386,0.243697479,0.5,0.227027027,0.481617647,0.301136364,0.620915033,0.554245283,0.442105263,0.311258278,0.014981273,0.376590331,0.561247216,0.470225873,0.464351005,0.243626062,0.284931507,0.496503497,0.456989247,0.376299376,0.215538847,0.027681661,0.629943503,0.643518519,0.002898551,0.138586957,0.519553073,0.717026379,0.161048689,0.193717277,0.002336449,0.436260623,0.315634218,0.413888889,0.525291829,0.463709677,0.47032967,0.44,0.507425743,0.047619048,0.342298289,0.388655462,0.458585859,0.495348837,0.290249433,0.233695652,0.495088409,0.212034384,0.538271605,0.331619537,0.320872274,0.41509434,0.142335766,0.696055684,0.002702703,0,0.011299435,0.464285714,0.473451327,0.103448276,0.488950276,0.280519481,0.645320197,0.169230769,0.419463087,0.198675497,0.573979592,0.602409639,0.549872123,0.358369099,0.032544379,0.405797101,0.45034642,0.399425287,0.414634146,0.415448852,0.243309002,0.245901639,0.528761062,0.592255125,0.596658711,0.329479769,0.296568627,0.110481586,0.567639257,0.582474227,0.66097561,0.024922118,0.006802721,0.08839779,0.767156863,0.577680525,0.57112069,0.011764706,0.5,0.019354839,0.413654618,0.412878788,0.44812362,0.51497006,0.294573643,0.50764526,0.333333333,0.379310345,0.447368421,0.203856749,0.15902965,0.217522659,0.00280112,0.011527378,0.2109375,0.471641791,0.44047619,0.252054795,0.154471545,0.028673835,0.006269592,0.431372549,0.251633987,0.332258065,0,0.54040404,0.635897436,0.328125,0.279683377,0.300813008,0.052434457,0.628205128,0.797058824,0.345276873,1
0.330935252,0.313131313,0.586345382,0.169117647,0,0.627604167,0.307291667,0.494033413,0.326259947,0.511952191,0.605568445,0.436781609,0.560859189,0.6,0.501355014,0.344410876,0.228571429,0.541019956,0.425742574,0.436046512,0.394736842,0.230538922,0.346153846,0.740837696,0.508426966,0.29382716,0.306629834,0.012861736,0.277258567,0.638349515,0.003246753,0.195205479,0.27696793,0.580498866,0.060052219,0.007272727,0.012531328,0.196078431,0.484,0.286486486,0.514705882,0.318181818,0.575163399,0.650943396,0.45,0.525386313,0.026217228,0.374045802,0.425389755,0.46201232,0.438756856,0.249291785,0.249315068,0.382284382,0.52688172,0.399168399,0.310776942,0.055363322,0.528248588,0.55787037,0.002898551,0.176630435,0.541899441,0.726618705,0.093632959,0.178010471,0.002336449,0.439093484,0.280235988,0.427777778,0.548638132,0.475806452,0.50989011,0.491111111,0.45049505,0.134920635,0.337408313,0.638655462,0.460606061,0.469767442,0.303854875,0.255434783,0.493123772,0.593123209,0.533333333,0.30848329,0.37694704,0.160377358,0.116788321,0.693735499,0.013513514,0.048128342,0.031073446,0.367063492,0.469026549,0.012315271,0.356353591,0.202597403,0.645320197,0.269230769,0.459731544,0.228476821,0.456632653,0.539759036,0.508951407,0.596566524,0.106508876,0.417391304,0.505773672,0.431034483,0.520325203,0.400835073,0.245742092,0.24863388,0.64159292,0.533029613,0.601431981,0.297687861,0.345588235,0.169971671,0.602122016,0.528350515,0.634146341,0.062305296,0.068027211,0.171270718,0.644607843,0.643326039,0.517241379,0.002941176,0.461538462,0.003225806,0.369477912,0.433712121,0.624724062,0.505988024,0.217054264,0.467889908,0.309895833,0.417849899,0.468045113,0.247933884,0.239892183,0.202416918,0.00280112,0.008645533,0.0625,0.495522388,0.476190476,0.317808219,0.154471545,0.007168459,0.009404389,0.450980392,0.333333333,0.361290323,0.053435115,0.368686869,0.643589744,0.325,0.213720317,0.2899729,0.037453184,0.621794872,0.791176471,0.315960912,1
0.338129496,0.326599327,0.590361446,0.257352941,0,0.296875,0.302083333,0.494033413,0.334217507,0.460159363,0.584686775,0.4348659,0.517899761,0.585714286,0.447154472,0.404833837,0.22,0.587583149,0.42970297,0.389534884,0.394736842,0.230538922,0.34841629,0.47382199,0.536516854,0.288888889,0.309392265,0.003215434,0.230529595,0.645631068,0.003246753,0.212328767,0.285714286,0.716553288,0.052219321,0,0.002506266,0.196078431,0.476,0.283783784,0.522058824,0.321022727,0.522875817,0.632075472,0.423684211,0.523178808,0.029962547,0.386768448,0.436525612,0.46201232,0.438756856,0.257790368,0.249315068,0.351981352,0.693548387,0.372141372,0.308270677,0.07266436,0.234463277,0.6875,0.002898551,0.1875,0.553072626,0.623501199,0,0.172774869,0.002336449,0.439093484,0.268436578,0.430555556,0.556420233,0.475806452,0.472527473,0.482222222,0.601485149,0.166666667,0.342298289,0.647058824,0.460606061,0.565116279,0.306122449,0.244565217,0.493123772,0.653295129,0.558024691,0.305912596,0.392523364,0.147798742,0.259124088,0.563805104,0.021621622,0.058823529,0.033898305,0.444444444,0.46460177,0.004926108,0.121546961,0.21038961,0.645320197,0.258974359,0.469798658,0.228476821,0.589285714,0.530120482,0.470588235,0.635193133,0.153846154,0.446376812,0.459584296,0.396551724,0.517615176,0.402922756,0.250608273,0.24863388,0.568584071,0.687927107,0.627684964,0.306358382,0.348039216,0.186968839,0.570291777,0.543814433,0.458536585,0.07165109,0.095238095,0.20441989,0.754901961,0.691466083,0.592672414,0.002941176,0.444444444,0.003225806,0.393574297,0.441287879,0.633554084,0.5,0.219638243,0.455657492,0.309895833,0.413793103,0.468045113,0.239669421,0.229110512,0.19939577,0.00280112,0.008645533,0.03125,0.501492537,0.485119048,0.317808219,0.154471545,0.003584229,0.009404389,0.458823529,0.339869281,0.367741935,0.066157761,0.537878788,0.502564103,0.325,0.205804749,0.287262873,0.029962547,0.615384615,0.791176471,0.306188925,1
0.410071942,0.003367003,0.084337349,0.514705882,0,0.330729167,0.596354167,0.649164678,0.527851459,0.454183267,0.43387471,0.461685824,0.489260143,0.633333333,0.422764228,0.018126888,0.737142857,0.485587583,0.538613861,0.385658915,0.538461538,0.52994012,0.441176471,0.070680628,0.207865169,0.659259259,0.450276243,0.131832797,0.470404984,0.349514563,0.003246753,0.109589041,0.27696793,0.278911565,0.326370757,0.12,0.035087719,0.661064426,0.02,0.440540541,0,0.227272727,0.468409586,0.497641509,0.584210526,0.306843267,0.149812734,0.715012723,0.572383073,0.507186858,0.429616088,0.47592068,0.594520548,0.615384615,0.241935484,0.478170478,0.551378446,0.058823529,0.449152542,0.368055556,0.217391304,0,0.48603352,0.314148681,0.561797753,0.298429319,0.002336449,0.433427762,0.005899705,0.294444444,0.003891051,0.008064516,0.465934066,0.591111111,0.495049505,0.023809524,0.562347188,0.371848739,0.517171717,0.548837209,0.591836735,0.551630435,0.455795678,0.206303725,0.308641975,0.64781491,0.152647975,0.481132075,0.503649635,0.3387471,0,0.010695187,0.344632768,0.406746032,0.438053097,0.118226601,0.331491713,0.605194805,0.02955665,0.48974359,0,0.182119205,0.400510204,0.407228916,0.537084399,0.343347639,0.165680473,0.591304348,0.323325635,0.488505747,0.414634146,0.465553236,0.479318735,0.510928962,0.360619469,0.428246014,0.295942721,0.75433526,0.632352941,0.396600567,0.289124668,0.219072165,0.268292683,0.109034268,0.020408163,0.08839779,0.433823529,0.36761488,0.418103448,0.432352941,0.47008547,0.109677419,0.536144578,0.46969697,0.600441501,0.473053892,0.713178295,0.480122324,0.575520833,0.46653144,0.426691729,0.534435262,0.509433962,0.607250755,0.00280112,0.011527378,0.1953125,0.214925373,0.196428571,0.42739726,0.284552846,0.462365591,0.373040752,0.003921569,0.300653595,0.003225806,0.015267176,0.078282828,0.002564103,0.0625,0.279683377,0.284552846,0.097378277,0.583333333,0.75,0.381107492,1
0.345323741,0.249158249,0.076305221,0.547794118,0,0.268229167,0.544270833,0.560859189,0.519893899,0.412350598,0.656612529,0.442528736,0.501193317,0.573809524,0.436314363,0.395770393,0.762857143,0.516629712,0.57029703,0.412790698,0.481781377,0.494011976,0.610859729,0.013089005,0.221910112,0.545679012,0.685082873,0.450160772,0.46105919,0.339805825,0.006493506,0.904109589,0.247813411,0.31292517,0.313315927,0.203636364,0.005012531,0.607843137,0.004,0.532432432,0.136029412,0.71875,0.427015251,0.662735849,0.544736842,0.57615894,0.149812734,0.597964377,0.594654788,0.501026694,0.409506399,0.515580737,0.550684932,0.284382284,0.295698925,0.40956341,0.62406015,0.235294118,0.423728814,0.407407407,0.286956522,0.706521739,0.324022346,0.199040767,0.528089888,0.282722513,0.002336449,0.331444759,0.005899705,0.333333333,0.070038911,0.108870968,0.556043956,0.484444444,0.48019802,0.119047619,0.621026895,0.621848739,0.535353535,0.330232558,0.458049887,0.464673913,0.451866405,0.289398281,0.311111111,0.552699229,0.442367601,0.408805031,0.51459854,0.245939675,0.075675676,0.636363636,0.367231638,0.392857143,0.411504425,0.034482759,0.254143646,0.618181818,0.009852217,0.548717949,0.258389262,0.562913907,0.505102041,0.58313253,0.511508951,0.555793991,0.142011834,0.501449275,0.334872979,0.58908046,0.482384824,0.503131524,0.462287105,0.546448087,0.351769912,0.455580866,0.343675418,0.76300578,0.674019608,0.671388102,0.25464191,0.198453608,0.197560976,0.202492212,0.727891156,0.254143646,0.43627451,0.387308534,0.396551724,0.394117647,0.542735043,0.077419355,0.518072289,0.412878788,0.565121413,0.356287425,0.687338501,0.373088685,0.671875,0.501014199,0.473684211,0.506887052,0.514824798,0.604229607,0.00280112,0.011527378,0.046875,0.376119403,0.410714286,0.62739726,0.276422764,0.448028674,0.379310345,0.474509804,0.882352941,0.735483871,0.061068702,0.267676768,0.028205128,0.440625,0.424802111,0.514905149,0.161048689,0.666666667,0.764705882,0.469055375,1
0.366906475,0.2996633,0.586345382,0.169117647,0,0.596354167,0.263020833,0.713603819,0.278514589,0.61752988,0.522041763,0.45210728,0.525059666,0.388095238,0.642276423,0.033232628,0.317142857,0.514412417,0.433663366,0.356589147,0.453441296,0.22754491,0.337104072,0.54973822,0.556179775,0.35308642,0.248618785,0.019292605,0.211838006,0.594660194,0.003246753,0.130136986,0.29154519,0.68707483,0.01305483,0.461818182,0.065162907,0.254901961,0.484,0.22972973,0.507352941,0.335227273,0.577342048,0.403301887,0.442105263,0.437086093,0.018726592,0.396946565,0.563474388,0.472279261,0.469835466,0.246458924,0.279452055,0.477855478,0.639784946,0.343035343,0.20802005,0.051903114,0.435028249,0.657407407,0.011594203,0.160326087,0.536312849,0.738609113,0.112359551,0.335078534,0.002336449,0.444759207,0.507374631,0.433333333,0.544747082,0.467741935,0.49010989,0.417777778,0.574257426,0.087301587,0.342298289,0.382352941,0.454545455,0.511627907,0.29478458,0.225543478,0.493123772,0.561604585,0.585185185,0.323907455,0.373831776,0.245283019,0.164233577,0.651972158,0.010810811,0.171122995,0.039548023,0.412698413,0.216814159,0.665024631,0.444751381,0.290909091,0.645320197,0.161538462,0.44966443,0.324503311,0.619897959,0.534939759,0.470588235,0.375536481,0.053254438,0.44057971,0.519630485,0.431034483,0.482384824,0.415448852,0.245742092,0.243169399,0.513274336,0.59453303,0.651551313,0.326589595,0.284313725,0.133144476,0.5066313,0.494845361,0.541463415,0.507788162,0.013605442,0.541436464,0.710784314,0.654266958,0.471982759,0.005882353,0.047008547,0.138709677,0.431726908,0.422348485,0.430463576,0.511976048,0.302325581,0.483180428,0.328125,0.352941176,0.437969925,0.212121212,0.156334232,0.226586103,0.00280112,0.008645533,0.140625,0.495522388,0.473214286,0.257534247,0.075880759,0.010752688,0.009404389,0.439215686,0.209150327,0.348387097,0.022900763,0.517676768,0.751282051,0.365625,0.699208443,0.512195122,0.071161049,0.602564103,0.694117647,0.13029316,1
0.417266187,0.013468013,0.112449799,0.518382353,0,0.325520833,0.611979167,0.673031026,0.543766578,0.450199203,0.431554524,0.528735632,0.501193317,0.545238095,0.406504065,0.024169184,0.814285714,0.494456763,0.43960396,0.387596899,0.558704453,0.508982036,0.509049774,0.047120419,0.207865169,0.50617284,0.701657459,0.125401929,0.46728972,0.351941748,0.003246753,0.198630137,0.332361516,0.276643991,0.326370757,0.290909091,0.027568922,0.529411765,0.068,0.640540541,0.066176471,0.556818182,0.472766885,0.389150943,0.660526316,0.313465784,0.325842697,0.597964377,0.498886414,0.507186858,0.460694698,0.473087819,0.487671233,0.559440559,0.23655914,0.46985447,0.669172932,0.103806228,0.443502825,0.37037037,0.228985507,0.002717391,0.56424581,0.299760192,0.558052434,0.261780105,0.002336449,0.342776204,0.613569322,0.438888889,0.081712062,0.028225806,0.479120879,0.64,0.495049505,0.03968254,0.613691932,0.43697479,0.525252525,0.548837209,0.607709751,0.551630435,0.455795678,0.217765043,0.308641975,0.575835476,0.352024922,0.377358491,0.503649635,0.3387471,0,0.229946524,0.347457627,0.426587302,0.327433628,0.497536946,0.32320442,0.519480519,0.009852217,0.635897436,0.040268456,0.42384106,0.37244898,0.356626506,0.457800512,0.418454936,0.159763314,0.582608696,0.339491917,0.606321839,0.474254743,0.557411273,0.562043796,0.505464481,0.35840708,0.403189066,0.288782816,0.647398844,0.674019608,0.603399433,0.299734748,0.224226804,0.273170732,0.37694704,0.034013605,0.486187845,0.441176471,0.361050328,0.443965517,0.426470588,0.188034188,0.177419355,0.479919679,0.486742424,0.529801325,0.281437126,0.609819121,0.400611621,0.502604167,0.515212982,0.42481203,0.584022039,0.60916442,0.577039275,0.00280112,0.008645533,0.15625,0.444776119,0.410714286,0.693150685,0.279132791,0.458781362,0.376175549,0.031372549,0.509803922,0.016129032,0.030534351,0.078282828,0.012820513,0.490625,0.736147757,0.56097561,0.041198502,0.570512821,0.711764706,0.211726384,1
0.417266187,0.296296296,0.582329317,0.172794118,0,0.6171875,0.309895833,0.494033413,0.326259947,0.513944223,0.600928074,0.432950192,0.553699284,0.607142857,0.495934959,0.287009063,0.222857143,0.536585366,0.431683168,0.436046512,0.37854251,0.230538922,0.352941176,0.751308901,0.511235955,0.29382716,0.306629834,0.01607717,0.271028037,0.640776699,0.194805195,0.976027397,0.020408163,0.575963719,0.083550914,0.221818182,0.010025063,0.201680672,0.488,0.291891892,0.496323529,0.559659091,0.575163399,0.650943396,0.463157895,0.51214128,0.026217228,0.374045802,0.425389755,0.459958932,0.427787934,0.249291785,0.249315068,0.417249417,0.529569892,0.405405405,0.315789474,0.038062284,0.519774011,0.560185185,0.005797101,0.725543478,0.217877095,0.71942446,0.08988764,0.256544503,0.002336449,0.444759207,0.294985251,0.427777778,0.536964981,0.463709677,0.505494505,0.497777778,0.440594059,0.119047619,0.334963325,0.632352941,0.456565657,0.5,0.301587302,0.252717391,0.491159136,0.607449857,0.525925926,0.305912596,0.355140187,0.188679245,0.120437956,0.691415313,0.643243243,0.796791444,0.019774011,0.357142857,0.35840708,0.012315271,0.325966851,0.2,0.645320197,0.274358974,0.436241611,0.552980132,0.456632653,0.544578313,0.52173913,0.581545064,0.091715976,0.408695652,0.487297921,0.431034483,0.528455285,0.396659708,0.245742092,0.24863388,0.637168142,0.560364465,0.601431981,0.303468208,0.350490196,0.16713881,0.607427056,0.528350515,0.631707317,0.165109034,0.942176871,0.640883978,0.637254902,0.641137856,0.49137931,0.005882353,0.564102564,0.24516129,0.361445783,0.431818182,0.626931567,0.517964072,0.219638243,0.495412844,0.315104167,0.430020284,0.471804511,0.253443526,0.245283019,0.202416918,0.00280112,0.008645533,0.078125,0.489552239,0.461309524,0.320547945,0.078590786,0.007168459,0.009404389,0.482352941,0.843137255,0.587096774,0.043256997,0.343434343,0.628205128,0.35,0.171503958,0.428184282,0.224719101,0.743589744,0.779411765,0.537459283,1
0.230215827,0.249158249,0.546184739,0.536764706,0,0.2421875,0.604166667,0.534606205,0.612732095,0.418326693,0.645011601,0.779693487,0.653937947,0.623809524,0.609756098,0.060422961,0.722857143,0.527716186,0.84950495,0.385658915,0.469635628,0.51497006,0.617647059,0.04973822,0.011235955,0.528395062,0.745856354,0.170418006,0.46728972,0.053398058,0.003246753,0.469178082,0.236151603,0.188208617,0.315926893,0.214545455,0.010025063,0.495798319,0.536,0.662162162,0.474264706,0.332386364,0.551198257,0.594339623,0.928947368,0.503311258,0.153558052,0.580152672,0.875278396,0.388090349,0.617915905,0.54674221,0.567123288,0.545454545,0.169354839,0.496881497,0.686716792,0.138408304,0.437853107,0.293981481,0.260869565,0.190217391,0.312849162,0.016786571,0.539325843,0.272251309,0.002336449,0.467422096,0.368731563,0.513888889,0.509727626,0.491935484,0.635164835,0.817777778,0.554455446,0.031746032,0.652811736,0.451680672,0.858585859,0.588372093,0.46031746,0.524456522,0.640471513,0.232091691,0.160493827,0.565552699,0.492211838,0.273584906,0.51459854,0.032482599,0.002702703,0.160427807,0.358757062,0.474206349,0.424778761,0.027093596,0.287292818,0.550649351,0.650246305,0.643589744,0.416107383,0.231788079,0.62755102,0.619277108,0.6342711,0.287553648,0.103550296,0.672463768,0.422632794,0.997126437,0.804878049,0.511482255,0.491484185,0.551912568,0.212389381,0.519362187,0.021479714,0.673410405,0.693627451,0.66572238,0.021220159,0.131443299,0.073170732,0.161993769,0.06462585,0.055248619,0.482843137,0.129102845,0.504310345,0.402941176,0.572649573,0.1,0.469879518,0.623106061,0.543046358,0.473053892,0.542635659,0.49235474,0.6875,0.594320487,0.62406015,0.58953168,0.601078167,0.577039275,0.00280112,0.011527378,0.125,0.56119403,0.541666667,0.728767123,0.276422764,0.451612903,0.376175549,0.462745098,0.41503268,0.364516129,0.038167939,0.26010101,0.017948718,0.371875,0.200527704,0.211382114,0.179775281,0.653846154,0.776470588,0.48534202,1
0.482014388,0.306397306,0.586345382,0.492647059,0,0.544270833,0.015625,0.723150358,0.098143236,0.575697211,0.842227378,0.511494253,0.804295943,0.588095238,0.612466125,0.066465257,0.022857143,0.629711752,0.453465347,0.40503876,0.475708502,0.01497006,0.246606335,0.722513089,0.525280899,0.088888889,0.104972376,0.019292605,0.433021807,0.662621359,0.003246753,0.188356164,0.33819242,0.664399093,0.362924282,0,0.027568922,0.109243697,0.484,0.140540541,0.511029412,0.275568182,0.653594771,0.676886792,0.557894737,0.739514349,0.02247191,0.513994911,0.608017817,0.527720739,0.488117002,0.036827195,0.035616438,0.400932401,0.577956989,0.37006237,0.012531328,0.055363322,0.508474576,0.627314815,0.272463768,0.171195652,0.558659218,0.712230216,0.546816479,0.162303665,0.002336449,0.441926346,0.283185841,0.430555556,0.548638132,0.471774194,0.804395604,0.602222222,0.613861386,0.095238095,0.048899756,0.56092437,0.488888889,0.469767442,0.342403628,0.013586957,0.444007859,0.616045845,0.607407407,0.01285347,0.373831776,0.286163522,0.459854015,0.668213457,0.010810811,0.213903743,0.375706215,0.670634921,0.274336283,0.039408867,0.422651934,0.020779221,0.645320197,0.01025641,0.456375839,0.11589404,0.701530612,0.715662651,0.516624041,0.424892704,0.050295858,0.443478261,0.577367206,0.517241379,0.514905149,0.375782881,0.160583942,0.073770492,0.637168142,0.605922551,0.637231504,0.040462428,0.019607843,0.033994334,0.610079576,0.469072165,0.580487805,0.3894081,0.081632653,0.569060773,0.693627451,0.682713348,0.676724138,0.452941176,0.183760684,0.132258065,0.558232932,0.558712121,0.644591611,0.508982036,0.069767442,0.47706422,0.1171875,0.359026369,0.366541353,0.132231405,0.010781671,0.01510574,0.00280112,0.008645533,0.109375,0.495522388,0.476190476,0.145205479,0.308943089,0.458781362,0.388714734,0.447058824,0.199346405,0.35483871,0.020356234,0.598484848,0.628205128,0.321875,0.36939314,0.276422764,0.097378277,0.519230769,0.667647059,0.195439739,1
0.424460432,0.36026936,0.570281124,0.529411765,0,0.255208333,0.6015625,0.494033413,0.562334218,0.374501992,0.675174014,0.819923372,0.637231504,0.828571429,0.639566396,0.126888218,0.805714286,0.56097561,0.78019802,0.420542636,0.605263158,0.523952096,0.49321267,0.039267016,0.014044944,0.619753086,0.538674033,0.167202572,0.470404984,0.041262136,0.003246753,0.178082192,0.346938776,0.192743764,0.318537859,0.025454545,0.015037594,0.607843137,0.496,0.448648649,0.536764706,0.306818182,0.520697168,0.648584906,1,0.558498896,0.194756554,0.625954198,0.663697105,0.377823409,0.689213894,0.507082153,0.556164384,0.487179487,0.166666667,0.459459459,0.588972431,0.15916955,0.440677966,0.256944444,0.249275362,0.236413043,0.586592179,0.021582734,0.546816479,0.120418848,0.002336449,0.45325779,0.294985251,0.416666667,0.552529183,0.512096774,0.63956044,0.928888889,0.517326733,0.111111111,0.623471883,0.514705882,0.850505051,0.581395349,0.621315193,0.548913043,0.638506876,0.209169054,0.133333333,0.632390746,0.426791277,0.333333333,0.510948905,0.023201856,0.043243243,0.069518717,0.353107345,0.486111111,0.327433628,0.056650246,0.301104972,0.607792208,0.645320197,0.528205128,0.493288591,0.092715232,0.607142857,0.624096386,0.759590793,0.405579399,0.079881657,0.626086957,0.415704388,1,0.699186992,0.56993737,0.564476886,0.532786885,0.247787611,0.544419134,0.031026253,0.748554913,0.651960784,0.487252125,0.015915119,0.131443299,0.070731707,0.420560748,0.037414966,0.519337017,0.448529412,0.120350109,0.493534483,0.411764706,0.158119658,0.080645161,0.584337349,0.763257576,0.761589404,0.517964072,0.708010336,0.535168196,0.5234375,0.464503043,0.539473684,0.473829201,0.517520216,0.592145015,0.00280112,0.008645533,0.046875,0.480597015,0.479166667,0.509589041,0.276422764,0.455197133,0.376175549,0.505882353,0.225490196,0.422580645,0.045801527,0.320707071,0.020512821,0.36875,0.34828496,0.27100271,0.056179775,0.551282051,0.714705882,0.19218241,1
0.237410072,0.279461279,0.550200803,0.540441176,0,0.234375,0.588541667,0.587112172,0.586206897,0.486055777,0.587006961,0.549808429,0.677804296,0.633333333,0.528455285,0.081570997,0.765714286,0.831485588,0.536633663,0.36627907,0.544534413,0.51497006,0.617647059,0.041884817,0.011235955,0.518518519,0.715469613,0.31511254,0.46728972,0.063106796,0.003246753,0.469178082,0.244897959,0.167800454,0.313315927,0.207272727,0.007518797,0.526610644,0.528,0.589189189,0.488970588,0.338068182,0.59912854,0.615566038,0.644736842,0.410596026,0.153558052,0.659033079,0.496659243,0.466119097,0.478976234,0.552407932,0.542465753,0.554778555,0.169354839,0.515592516,0.664160401,0.176470588,0.435028249,0.368055556,0.269565217,0.211956522,0.329608939,0.019184652,0.535580524,0.272251309,0.002336449,0.42776204,0.356932153,0.472222222,0.521400778,0.5,0.624175824,0.637777778,0.611386139,0.055555556,0.657701711,0.674369748,0.585858586,0.574418605,0.523809524,0.505434783,0.504911591,0.240687679,0.234567901,0.575835476,0.489096573,0.389937107,0.51459854,0.030162413,0.008108108,0.160427807,0.361581921,0.452380952,0.433628319,0.022167488,0.276243094,0.602597403,0.650246305,0.6,0.436241611,0.231788079,0.650510204,0.6,0.516624041,0.686695279,0.121301775,0.779710145,0.445727483,0.637931034,0.504065041,0.586638831,0.564476886,0.573770492,0.243362832,0.425968109,0.021479714,0.74566474,0.696078431,0.671388102,0.026525199,0.131443299,0.070731707,0.165109034,0.06462585,0.060773481,0.536764706,0.129102845,0.517241379,0.4,0.568376068,0.087096774,0.634538153,0.59280303,0.774834437,0.482035928,0.633074935,0.504587156,0.5703125,0.484787018,0.462406015,0.509641873,0.547169811,0.589123867,0.00280112,0.008645533,0.1015625,0.528358209,0.526785714,0.673972603,0.279132791,0.451612903,0.379310345,0.478431373,0.418300654,0.383870968,0.045801527,0.138888889,0.023076923,0.378125,0.197889182,0.214092141,0.168539326,0.653846154,0.779411765,0.475570033,1
0.26618705,0.272727273,0.578313253,0.522058824,0,0.619791667,0.020833333,0.632458234,0.023872679,0.56374502,0.535962877,0.438697318,0.575178998,0.619047619,0.558265583,0.187311178,0.017142857,0.596452328,0.536633663,0.459302326,0.305668016,0.011976048,0.341628959,0.630890052,0.542134831,0.232098765,0.099447514,0.025723473,0.436137072,0.628640777,0.003246753,0.441780822,0.274052478,0.675736961,0.349869452,0.28,0.045112782,0.112044818,0.492,0.137837838,0.492647059,0.329545455,0.540305011,0.622641509,0.510526316,0.432671082,0.026217228,0.24173028,0.652561247,0.527720739,0.378427788,0.011331445,0.106849315,0.745920746,0.559139785,0.492723493,0.01754386,0.034602076,0.533898305,0.604166667,0.333333333,0.173913043,0.240223464,0.752997602,0.513108614,0.32460733,0.002336449,0.441926346,0.300884956,0.422222222,0.53307393,0.463709677,0.494505495,0.535555556,0.514851485,0.087301587,0.017114914,0.619747899,0.494949495,0.672093023,0.117913832,0.016304348,0.434184676,0.515759312,0.597530864,0.05655527,0.342679128,0.182389937,0.47080292,0.682134571,0.005405405,0.085561497,0.395480226,0.436507937,0.362831858,0.093596059,0.480662983,0.015584416,0.645320197,0.012820513,0.432885906,0.221854305,0.474489796,0.501204819,0.524296675,0.572961373,0.097633136,0.260869565,0.56812933,0.505747126,0.533875339,0.315240084,0.082725061,0.095628415,0.630530973,0.69476082,0.651551313,0.072254335,0.029411765,0.031161473,0.551724138,0.469072165,0.590243902,0.183800623,0.040816327,0.005524862,0.629901961,0.669584245,0.564655172,0.417647059,0.521367521,0.129032258,0.397590361,0.458333333,0.653421634,0.51497006,0.069767442,0.498470948,0.3515625,0.539553753,0.466165414,0.129476584,0.013477089,0.01510574,0.00280112,0.011527378,0.1015625,0.48358209,0.455357143,0.136986301,0.308943089,0.444444444,0.39184953,0.435294118,0.441176471,0.34516129,0.038167939,0.414141414,0.735897436,0.325,0.179419525,0.230352304,0.217228464,0.634615385,0.732352941,0.51465798,1
0.402877698,0.2996633,0.554216867,0.536764706,0,0.260416667,0.578125,0.546539379,0.705570292,0.446215139,0.647331787,0.576628352,0.677804296,0.55,0.504065041,0.078549849,0.76,0.558758315,0.493069307,0.370155039,0.789473684,0.667664671,0.911764706,0.020942408,0.011235955,0.614814815,0.70441989,0.408360129,0.473520249,0.067961165,0.003246753,0.174657534,0.355685131,0.222222222,0.313315927,0.010909091,0.012531328,0.523809524,0.528,0.556756757,0.5,0.315340909,0.577342048,0.575471698,0.663157895,0.505518764,0.157303371,0.694656489,0.5077951,0.404517454,0.616087751,0.722379603,0.852054795,0.498834499,0.172043011,0.503118503,0.646616541,0.21799308,0.446327684,0.333333333,0.249275362,0.206521739,0.603351955,0.033573141,0.546816479,0.120418848,0.002336449,0.419263456,0.345132743,0.455555556,0.529182879,0.508064516,0.648351648,0.646666667,0.569306931,0.079365079,0.64792176,0.460084034,0.583838384,0.593023256,0.83446712,0.570652174,0.752455796,0.226361032,0.185185185,0.614395887,0.498442368,0.383647799,0.51459854,0.041763341,0.013513514,0.042780749,0.353107345,0.498015873,0.380530973,0.024630542,0.301104972,0.597402597,0.650246305,0.574358974,0.453020134,0.145695364,0.635204082,0.61686747,0.52685422,0.360515021,0.071005917,0.588405797,0.408775982,0.612068966,0.520325203,0.862212944,0.890510949,0.93989071,0.194690265,0.446469248,0.016706444,0.765895954,0.691176471,0.679886686,0.026525199,0.136597938,0.07804878,0.404984424,0.047619048,0.475138122,0.526960784,0.150984683,0.536637931,0.405882353,0.205128205,0.067741935,0.598393574,0.528409091,0.534216336,0.482035928,0.633074935,0.498470948,0.924479167,0.673427992,0.708646617,0.484848485,0.520215633,0.577039275,0.00280112,0.011527378,0.078125,0.519402985,0.526785714,0.649315068,0.281842818,0.455197133,0.376175549,0.490196078,0.222222222,0.396774194,0.055979644,0.29040404,0.028205128,0.38125,0.332453826,0.2899729,0.037453184,0.564102564,0.744117647,0.208469055,1
0.129496403,0.286195286,0.582329317,0.518382353,0,0.4453125,0.010416667,0.663484487,0.055702918,0.470119522,0.496519722,0.436781609,0.608591885,0.6,0.504065041,0.16918429,0.04,0.651884701,0.524752475,0.445736434,0.329959514,0.011976048,0.235294118,0.534031414,0.626404494,0.160493827,0.08839779,0.012861736,0.45482866,0.601941748,0.003246753,0.523972603,0.236151603,0.732426304,0.347258486,0.338181818,0.035087719,0.109243697,0.496,0.12972973,0.5,0.306818182,0.522875817,0.575471698,0.5,0.395143488,0.037453184,0.402035623,0.65701559,0.480492813,0.385740402,0.016997167,0.063013699,0.757575758,0.706989247,0.465696466,0.005012531,0.034602076,0.437853107,0.62037037,0.298550725,0.230978261,0,0.647482014,0.535580524,0.308900524,0.002336449,0.436260623,0.300884956,0.422222222,0.536964981,0.471774194,0.545054945,0.548888889,0.532178218,0.119047619,0.046454768,0.602941176,0.470707071,0.490697674,0.163265306,0.010869565,0.381139489,0.538681948,0.555555556,0.030848329,0.348909657,0.194968553,0.496350365,0.556844548,0.008108108,0.165775401,0.381355932,0.438492063,0.243362832,0.344827586,0.378453039,0.025974026,0.645320197,0.005128205,0.44295302,0.201986755,0.56122449,0.503614458,0.488491049,0.577253219,0.136094675,0.463768116,0.538106236,0.5,0.56097561,0.248434238,0.063260341,0.054644809,0.648230088,0.76309795,0.665871122,0.052023121,0.012254902,0.025495751,0.527851459,0.585051546,0.473170732,0.161993769,0.319727891,0,0.703431373,0.673960613,0.581896552,0.426470588,0.44017094,0.319354839,0.481927711,0.498106061,0.666666667,0.511976048,0.074935401,0.489296636,0.236979167,0.503042596,0.419172932,0.126721763,0.010781671,0.018126888,0.00280112,0.008645533,0.078125,0.48358209,0.458333333,0.128767123,0.292682927,0.455197133,0.388714734,0.443137255,0.431372549,0.361290323,0.03562341,0.689393939,0.617948718,0.328125,0.179419525,0.165311653,0.314606742,0.666666667,0.676470588,0.599348534,1
0.417266187,0.34006734,0.562248996,0.529411765,0,0.263020833,0.614583333,0.527446301,0.75862069,0.338645418,0.670533643,0.567049808,0.601431981,0.542857143,0.495934959,0.148036254,0.82,0.532150776,0.562376238,0.441860465,0.827935223,0.655688623,0.880090498,0.036649215,0.011235955,0.602469136,0.604972376,0.173633441,0.470404984,0.026699029,0.003246753,0.171232877,0.346938776,0.158730159,0.318537859,0.029090909,0.01754386,0.56022409,0.512,0.505405405,0.522058824,0.3125,0.477124183,0.646226415,0.618421053,0.560706402,0.254681648,0.86259542,0.541202673,0.383983573,0.650822669,0.736543909,0.767123288,0.452214452,0.166666667,0.449064449,0.626566416,0.141868512,0.446327684,0.217592593,0.24057971,0.230978261,0.592178771,0.014388489,0.550561798,0.120418848,0.002336449,0.42776204,0.321533923,0.433333333,0.544747082,0.516129032,0.617582418,0.557777778,0.49009901,0.087301587,0.623471883,0.546218487,0.6,0.579069767,0.884353741,0.586956522,0.750491159,0.200573066,0.12345679,0.627249357,0.436137072,0.267295597,0.510948905,0.023201856,0.02972973,0.058823529,0.350282486,0.456349206,0.336283186,0.068965517,0.312154696,0.576623377,0.645320197,0.571794872,0.479865772,0.086092715,0.586734694,0.624096386,0.529411765,0.409871245,0.133136095,0.620289855,0.404157044,0.635057471,0.520325203,0.866388309,0.900243309,0.904371585,0.287610619,0.562642369,0.031026253,0.742774566,0.674019608,0.54674221,0.015915119,0.131443299,0.070731707,0.417445483,0.027210884,0.513812155,0.379901961,0.096280088,0.44612069,0.417647059,0.166666667,0.087096774,0.702811245,0.5,0.514348786,0.502994012,0.679586563,0.5382263,0.830729167,0.576064909,0.67481203,0.476584022,0.541778976,0.570996979,0.00280112,0.011527378,0.078125,0.489552239,0.485119048,0.578082192,0.279132791,0.458781362,0.376175549,0.509803922,0.225490196,0.419354839,0.040712468,0.282828283,0.017948718,0.38125,0.345646438,0.268292683,0.048689139,0.557692308,0.720588235,0.195439739,1
0.438848921,0.2996633,0.582329317,0.514705882,0,0.638020833,0.0234375,0.725536993,0.063660477,0.621513944,0.6774942,0.490421456,0.732696897,0.60952381,0.653116531,0.114803625,0.014285714,0.634146341,0.459405941,0.40503876,0.41902834,0.011976048,0.178733032,0.701570681,0.575842697,0.150617284,0.110497238,0.032154341,0.495327103,0.643203883,0.003246753,0.215753425,0.311953353,0.678004535,0.349869452,0.018181818,0.010025063,0.106442577,0.488,0.140540541,0.507352941,0.252840909,0.636165577,0.547169811,0.563157895,0.70419426,0.011235955,0.450381679,0.628062361,0.507186858,0.453382084,0.019830028,0.04109589,0.386946387,0.48655914,0.471933472,0.022556391,0.051903114,0.596045198,0.648148148,0.286956522,0.173913043,0.452513966,0.697841727,0.539325843,0.068062827,0.002336449,0.436260623,0.294985251,0.425,0.544747082,0.471774194,0.703296703,0.602222222,0.584158416,0.063492063,0.029339853,0.542016807,0.464646465,0.469767442,0.25170068,0.019021739,0.387033399,0.441260745,0.604938272,0.038560411,0.364485981,0.43081761,0.481751825,0.709976798,0.010810811,0.379679144,0.378531073,0.742063492,0.14159292,0.177339901,0.419889503,0.015584416,0.645320197,0.017948718,0.453020134,0.099337748,0.619897959,0.527710843,0.547314578,0.461373391,0.056213018,0.405797101,0.558891455,0.50862069,0.485094851,0.292275574,0.097323601,0.040983607,0.559734513,0.583143508,0.563245823,0.089595376,0.036764706,0.045325779,0.647214854,0.615979381,0.682926829,0.414330218,0.085034014,0.629834254,0.767156863,0.619256018,0.769396552,0.432352941,0.123931624,0.093548387,0.52811245,0.545454545,0.664459161,0.505988024,0.059431525,0.47706422,0.15625,0.444219067,0.353383459,0.129476584,0.016172507,0.01510574,0.00280112,0.008645533,0.125,0.489552239,0.467261905,0.142465753,0.292682927,0.458781362,0.388714734,0.450980392,0.205882353,0.35483871,0.030534351,0.853535354,0.48974359,0.328125,0.364116095,0.233062331,0.187265918,0.512820513,0.582352941,0.140065147,1
0.230215827,0.28956229,0.582329317,0.551470588,0,0.6875,0.0234375,0.708830549,0.068965517,0.621513944,0.668213457,0.477011494,0.673031026,0.607142857,0.655826558,0.791540785,0.031428571,0.654101996,0.469306931,0.418604651,0.41902834,0.011976048,0.169683258,0.620418848,0.530898876,0.128395062,0.107734807,0.022508039,0.489096573,0.633495146,0.003246753,0.465753425,0.274052478,0.693877551,0.328981723,0.283636364,0.010025063,0.106442577,0.488,0.140540541,0.503676471,0.323863636,0.620915033,0.554245283,0.542105263,0.74392936,0.02247191,0.478371501,0.634743875,0.472279261,0.447897623,0.019830028,0.035616438,0.347319347,0.448924731,0.436590437,0.022556391,0.044982699,0.615819209,0.675925926,0.371014493,0.195652174,0.195530726,0.743405276,0.479400749,0.314136126,0.004672897,0.439093484,0.292035398,0.425,0.540856031,0.467741935,0.665934066,0.593333333,0.596534653,0.111111111,0.034229829,0.556722689,0.456565657,0.462790698,0.260770975,0.019021739,0.377210216,0.435530086,0.580246914,0.030848329,0.358255452,0.305031447,0.481751825,0.721577726,0.008108108,0.106951872,0.406779661,0.740079365,0.345132743,0.086206897,0.472375691,0.012987013,0.645320197,0.015384615,0.446308725,0.221854305,0.655612245,0.58313253,0.557544757,0.497854077,0.076923077,0.466666667,0.524249423,0.49137931,0.479674797,0.281837161,0.097323601,0.038251366,0.53539823,0.580865604,0.579952267,0.063583815,0.036764706,0.033994334,0.610079576,0.587628866,0.680487805,0.202492212,0.054421769,0.011049724,0.772058824,0.628008753,0.743534483,0.376470588,0.521367521,0.093548387,0.536144578,0.543560606,0.671081678,0.511976048,0.062015504,0.486238532,0.143229167,0.432048682,0.345864662,0.129476584,0.016172507,0.012084592,0.00280112,0.011527378,0.0859375,0.486567164,0.464285714,0.142465753,0.298102981,0.430107527,0.39184953,0.443137255,0.441176471,0.35483871,0.096692112,0.904040404,0.648717949,0.325,0.17414248,0.216802168,0.228464419,0.647435897,0.732352941,0.527687296,1
0.417266187,0.047138047,0.16064257,0.529411765,0,0.255208333,0.606770833,0.539379475,0.75862069,0.402390438,0.6612529,0.825670498,0.651551313,0.776190476,0.593495935,0.111782477,0.802857143,0.578713969,0.786138614,0.370155039,0.728744939,0.844311377,0.898190045,0.013089005,0.002808989,0.619753086,0.759668508,0.295819936,0.46728972,0.050970874,0.003246753,0.304794521,0.341107872,0.20861678,0.308093995,0.28,0.012531328,0.551820728,0.064,0.659459459,0.136029412,0.596590909,0.540305011,0.622641509,0.957894737,0.538631347,0.258426966,0.631043257,0.681514477,0.363449692,0.722120658,0.847025496,0.942465753,0.473193473,0.169354839,0.505197505,0.656641604,0.190311419,0.437853107,0.282407407,0.255072464,0.008152174,0.575418994,0.028776978,0.535580524,0.261780105,0.002336449,0.407932011,0.551622419,0.513888889,0.13618677,0.036290323,0.63956044,0.911111111,0.534653465,0.087301587,0.621026895,0.483193277,0.856565657,0.590697674,0.816326531,0.673913043,0.740667976,0.23495702,0.145679012,0.637532134,0.535825545,0.257861635,0.50729927,0.032482599,0,0.272727273,0.350282486,0.490079365,0.327433628,0.463054187,0.29558011,0.563636364,0.004926108,0.61025641,0.104026846,0.460264901,0.614795918,0.619277108,0.68797954,0.356223176,0.133136095,0.585507246,0.401847575,0.945402299,0.658536585,0.82045929,0.909975669,1,0.170353982,0.430523918,0.014319809,0.630057803,0.654411765,0.696883853,0.015915119,0.131443299,0.070731707,0.408099688,0.068027211,0.497237569,0.477941176,0.133479212,0.50862069,0.4,0.158119658,0.093548387,0.630522088,0.772727273,0.741721854,0.317365269,0.645994832,0.409785933,0.950520833,0.62474645,0.682330827,0.58677686,0.557951482,0.567975831,0.005602241,0.017291066,0.0625,0.56119403,0.556547619,0.731506849,0.27100271,0.448028674,0.369905956,0.066666667,0.575163399,0.029032258,0.058524173,0.320707071,0.025641026,0.51875,0.733509235,0.577235772,0.041198502,0.570512821,0.717647059,0.198697068,1
0.431654676,0.252525253,0.56626506,0.172794118,0,0.6953125,0.018229167,0.711217184,0.013262599,0.84063745,0.484918794,0.4348659,0.563245823,0.64047619,0.886178862,0.060422961,0.002857143,0.578713969,0.471287129,0.715116279,0.265182186,0.002994012,0.156108597,0.704188482,0.570224719,0.17037037,0.099447514,0.035369775,0.358255452,0.623786408,0.058441558,0.97260274,0.005830904,0.53968254,0.08616188,0.221818182,0.055137845,0.109243697,0.492,0.135135135,0.470588235,0.602272727,0.729847495,0.610849057,0.610526316,0.337748344,0.018726592,0.236641221,0.636971047,0.782340862,0.363802559,0,0.049315068,0.314685315,0.575268817,0.488565489,0.01754386,0.027681661,0.610169492,0.923611111,0.002898551,0.706521739,0.189944134,0.738609113,0.176029963,0.272251309,0.002336449,0.441926346,0.312684366,0.419444444,0.517509728,0.447580645,0.452747253,0.584444444,0.831683168,0.055555556,0,0.584033613,0.438383838,0.769767442,0.108843537,0.010869565,0.322200393,0.610315186,0.972839506,0.038560411,0.320872274,0.402515723,0.145985401,0.686774942,0.554054054,0.807486631,0.008474576,0.408730159,0.353982301,0.049261084,0.555248619,0,0.63546798,0.007692308,0.409395973,0.582781457,0.75,0.559036145,0.631713555,0.489270386,0.044378698,0.188405797,0.859122402,0.695402299,0.886178862,0.169102296,0.03163017,0.027322404,0.935840708,0.612756264,0.625298329,0.092485549,0.034313725,0.033994334,0.625994695,0.525773196,0.629268293,0.109034268,0.908163265,0.613259669,0.887254902,0.601750547,0.558189655,0.1,0.572649573,0.432258065,0.423694779,0.494318182,0.657836645,0.520958084,0.064599483,0.516819572,0.190104167,0.47464503,0.355263158,0.129476584,0.005390836,0,0.005602241,0.014409222,0.15625,0.471641791,0.4375,0.134246575,0.073170732,0.021505376,0.003134796,0.470588235,0.859477124,0.580645161,0.010178117,0.169191919,0.720512821,0.359375,0.218997361,0.474254743,0.239700375,0.756410256,0.788235294,0.553745928,1
0.417266187,0.02020202,0.257028112,0.525735294,0,0.263020833,0.546875,0.634844869,0.543766578,0.35059761,0.670533643,0.791187739,0.618138425,0.630952381,0.566395664,0.129909366,0.774285714,0.534368071,0.851485149,0.416666667,0.487854251,0.505988024,0.613122172,0.023560209,0.005617978,0.659259259,0.73480663,0.170418006,0.46728972,0.036407767,0.003246753,0.284246575,0.33819242,0.170068027,0.313315927,0.28,0.020050125,0.633053221,0.056,0.732432432,0.121323529,0.590909091,0.498910675,0.636792453,0.892105263,0.554083885,0.258426966,0.559796438,0.870824053,0.359342916,0.663619744,0.492917847,0.608219178,0.470862471,0.166666667,0.721413721,0.654135338,0.08650519,0.443502825,0.236111111,0.243478261,0.005434783,0.575418994,0.014388489,0.543071161,0.261780105,0.002336449,0.558073654,0.566371681,0.611111111,0.186770428,0.076612903,0.626373626,0.808888889,0.504950495,0.071428571,0.628361858,0.523109244,0.864646465,0.6,0.444444444,0.513586957,0.701375246,0.214899713,0.116049383,0.511568123,0.457943925,0.924528302,0.50729927,0.027842227,0,0.262032086,0.347457627,0.466269841,0.336283186,0.467980296,0.309392265,0.509090909,0.073891626,0.653846154,0.070469799,0.453642384,0.599489796,0.624096386,0.611253197,0.379828326,0.307692308,0.695652174,0.406466513,0.945402299,0.72899729,0.54697286,0.518248175,0.62568306,0.212389381,0.507972665,0.019093079,0.786127168,0.600490196,0.577903683,0.015915119,0.131443299,0.073170732,0.392523364,0.054421769,0.486187845,0.411764706,0.10940919,0.467672414,0.408823529,0.175213675,0.116129032,0.495983936,0.649621212,0.547461369,0.371257485,0.54005168,0.281345566,0.671875,0.645030426,0.676691729,0.70523416,0.636118598,0.607250755,0.005602241,0.017291066,0.1015625,0.617910448,0.556547619,0.761643836,0.273712737,0.448028674,0.369905956,0.050980392,0.565359477,0.022580645,0.048346056,0.29040404,0.020512821,0.51875,0.736147757,0.574525745,0.041198502,0.570512821,0.717647059,0.205211726,1
0.431654676,0.272727273,0.570281124,0.224264706,0,0.674479167,0.015625,0.704057279,0.068965517,0.868525896,0.807424594,0.528735632,0.76849642,0.585714286,0.582655827,0.501510574,0.011428571,0.592017738,0.459405941,0.403100775,0.465587045,0.005988024,0.255656109,0.706806283,0.561797753,0.054320988,0.099447514,0.022508039,0.314641745,0.652912621,0.077922078,0.976027397,0.011661808,0.609977324,0.08616188,0.221818182,0.035087719,0.109243697,0.488,0.137837838,0.481617647,0.588068182,0.812636166,0.613207547,0.586842105,0.766004415,0.026217228,0.452926209,0.556792873,0.780287474,0.493601463,0.02266289,0.038356164,0.482517483,0.60483871,0.207900208,0.012531328,0.031141869,0.579096045,0.962962963,0.002898551,0.717391304,0.201117318,0.741007194,0.142322097,0.267015707,0.002336449,0.441926346,0.303834808,0.422222222,0.525291829,0.451612903,0.749450549,0.613333333,0.653465347,0.079365079,0.019559902,0.542016807,0.517171717,0.525581395,0.306122449,0.010869565,0.457760314,0.673352436,0.980246914,0.017994859,0.336448598,0.182389937,0.167883212,0.693735499,0.591891892,0.807486631,0.011299435,0.672619048,0.35840708,0.032019704,0.494475138,0.005194805,0.63546798,0.007692308,0.419463087,0.572847682,0.653061224,0.621686747,0.511508951,0.409871245,0.026627219,0.313043478,0.556581986,0.531609195,0.482384824,0.373695198,0.141119221,0.071038251,0.909292035,0.61047836,0.613365155,0.023121387,0.026960784,0.031161473,0.641909814,0.528350515,0.634146341,0.124610592,0.921768707,0.624309392,0.977941176,0.636761488,0.709051724,0.044117647,0.572649573,0.393548387,0.536144578,0.556818182,0.633554084,0.517964072,0.067183463,0.50764526,0.114583333,0.30831643,0.389097744,0.132231405,0.005390836,0.003021148,0.00280112,0.014409222,0.1328125,0.47761194,0.449404762,0.136986301,0.075880759,0.014336918,0.003134796,0.474509804,0.85620915,0.583870968,0.025445293,0.676767677,0.702564103,0.35625,0.200527704,0.45799458,0.232209738,0.75,0.785294118,0.54723127,1
0.338129496,0.171717172,0.088353414,0.529411765,0,0.260416667,0.604166667,0.548926014,0.822281167,0.316733068,0.638051044,0.787356322,0.579952267,0.64047619,0.582655827,0.066465257,0.791428571,0.494456763,0.84950495,0.399224806,0.746963563,0.838323353,0.882352941,0.057591623,0.005617978,0.587654321,0.701657459,0.337620579,0.46728972,0.007281553,0.003246753,0.886986301,0.2303207,0.108843537,0.310704961,0.210909091,0.01754386,0.599439776,0.02,0.581081081,0.154411765,0.732954545,0.461873638,0.650943396,0.886842105,0.494481236,0.288389513,0.753180662,0.870824053,0.344969199,0.669104205,0.872521246,0.901369863,0.533799534,0.169354839,0.465696466,0.646616541,0.15916955,0.440677966,0.196759259,0.249275362,0.668478261,0.301675978,0.002398082,0.539325843,0.282722513,0.002336449,0.390934844,0.002949853,0.386111111,0.073929961,0.100806452,0.593406593,0.804444444,0.504950495,0.047619048,0.591687042,0.537815126,0.860606061,0.581395349,0.857142857,0.652173913,0.740667976,0.229226361,0.098765432,0.624678663,0.433021807,0.317610063,0.50729927,0.011600928,0.040540541,0.631016043,0.347457627,0.398809524,0.415929204,0.088669951,0.303867403,0.574025974,0.014778325,0.587179487,0.241610738,0.57615894,0.599489796,0.628915663,0.621483376,0.354077253,0.079881657,0.582608696,0.404157044,0.939655172,0.726287263,0.828810021,0.927007299,0.989071038,0.223451327,0.54214123,0.028639618,0.725433526,0.678921569,0.657223796,0.00530504,0.128865979,0.063414634,0.161993769,0.676870748,0.209944751,0.330882353,0.059080963,0.394396552,0.402941176,0.55982906,0.109677419,0.564257028,0.645833333,0.547461369,0.443113772,0.69250646,0.52293578,0.8984375,0.655172414,0.703007519,0.534435262,0.53638814,0.574018127,0.005602241,0.017291066,0.125,0.408955224,0.428571429,0.660273973,0.27100271,0.448028674,0.369905956,0.447058824,0.879084967,0.706451613,0.027989822,0.176767677,0.005128205,0.48125,0.485488127,0.54200542,0.172284644,0.673076923,0.776470588,0.482084691,1
0.374100719,0.32996633,0.586345382,0.275735294,0,0.619791667,0,0.677804296,0.063660477,0.822709163,0.510440835,0.4348659,0.715990453,0.642857143,1,0.13897281,0.037142857,0.65631929,0.483168317,0.637596899,0.366396761,0.002994012,0.119909502,0.62565445,0.581460674,0.071604938,0.116022099,0,0.249221184,0.633495146,0.003246753,0.160958904,0.303206997,0.657596372,0.002610966,0.461818182,0.045112782,0.106442577,0.46,0.148648649,0.522058824,0.369318182,0.751633987,0.641509434,0.615789474,0.370860927,0.029962547,0.44783715,0.634743875,0.784394251,0.400365631,0.014164306,0.01369863,0.27972028,0.653225806,0.343035343,0,0.100346021,0.480225989,0.895833333,0.014492754,0.182065217,0.530726257,0.741007194,0.101123596,0.356020942,0.002336449,0.444759207,0.474926254,0.438888889,0.552529183,0.463709677,0.606593407,0.564444444,0.940594059,0.150793651,0.048899756,0.584033613,0.438383838,0.523255814,0.199546485,0.002717391,0.326129666,0.696275072,0.965432099,0,0.408099688,0.144654088,0.226277372,0.672853828,0.024324324,0.219251337,0.04519774,0.452380952,0.199115044,0.642857143,0.436464088,0.015584416,0.630541872,0,0.469798658,0.38410596,0.961734694,0.828915663,0.808184143,0.551502146,0.127218935,0.486956522,0.872979215,0.701149425,0.720867209,0.206680585,0.068126521,0.016393443,0.946902655,0.653758542,0.608591885,0.011560694,0,0.031161473,0.615384615,0.507731959,0.582926829,0.529595016,0.047619048,0.552486188,0.816176471,0.654266958,0.521551724,0,0.017094017,0.1,0.508032129,0.515151515,0.666666667,0.502994012,0.069767442,0.452599388,0.098958333,0.38336714,0.308270677,0.134986226,0,0.003021148,0.005602241,0.014409222,0.046875,0.507462687,0.494047619,0.156164384,0.070460705,0,0.003134796,0.447058824,0.274509804,0.361290323,0.050890585,0.335858586,0.728205128,0.375,0.715039578,0.544715447,0.082397004,0.608974359,0.697058824,0.110749186,1
0.345323741,0.138047138,0.140562249,0.533088235,0,0.247395833,0.544270833,0.534606205,0.546419098,0.392430279,0.647331787,0.829501916,0.637231504,0.783333333,0.615176152,0.108761329,0.677142857,0.725055432,0.788118812,0.372093023,0.613360324,0.494011976,0.527149321,0.047120419,0.008426966,0.585185185,0.582872928,0.40192926,0.464174455,0.029126214,0.003246753,0.890410959,0.236151603,0.142857143,0.310704961,0.203636364,0.010025063,0.717086835,0.036,0.521621622,0.047794118,0.730113636,0.529411765,0.634433962,0.963157895,0.490066225,0.123595506,0.776081425,0.674832962,0.373716632,0.725776965,0.535410765,0.520547945,0.543123543,0.172043011,0.467775468,0.576441103,0.14532872,0.435028249,0.252314815,0.260869565,0.676630435,0.324022346,0.009592326,0.531835206,0.282722513,0.002336449,0.532577904,0.002949853,0.416666667,0.035019455,0.125,0.626373626,0.915555556,0.556930693,0.071428571,0.552567237,0.521008403,0.858585859,0.586046512,0.605442177,0.470108696,0.701375246,0.243553009,0.135802469,0.583547558,0.320872274,0.48427673,0.510948905,0.016241299,0.045945946,0.631016043,0.353107345,0.444444444,0.420353982,0.064039409,0.287292818,0.607792208,0.093596059,0.505128205,0.151006711,0.572847682,0.635204082,0.638554217,0.695652174,0.545064378,0.600591716,1,0.420323326,0.948275862,0.650406504,0.584551148,0.605839416,0.56010929,0.188053097,0.492027335,0.026252983,0.794797688,0.656862745,0.586402266,0.01061008,0.128865979,0.065853659,0.174454829,0.68707483,0.220994475,0.431372549,0.09190372,0.465517241,0.397058824,0.555555556,0.090322581,0.66064257,0.778409091,0.748344371,0.55988024,0.728682171,0.513761468,0.497395833,0.484787018,0.614661654,0.614325069,0.522911051,0.637462236,0.005602241,0.017291066,0.09375,0.307462687,0.291666667,0.528767123,0.27100271,0.444444444,0.369905956,0.462745098,0.882352941,0.716129032,0.040712468,0.194444444,0.012820513,0.478125,0.474934037,0.536585366,0.161048689,0.666666667,0.773529412,0.472312704,1
0.374100719,0.316498316,0.582329317,0.227941176,0,0.6640625,0.005208333,0.596658711,0.021220159,0.788844622,0.612529002,0.461685824,0.544152745,0.611904762,0.506775068,0.259818731,0.022857143,0.516629712,0.552475248,0.521317829,0.315789474,0.005988024,0.332579186,0.623036649,0.581460674,0.158024691,0.110497238,0.009646302,0.277258567,0.606796117,0.003246753,0.147260274,0.300291545,0.623582766,0.005221932,0.465454545,0.065162907,0.109243697,0.468,0.145945946,0.511029412,0.355113636,0.590413943,0.658018868,0.521052632,0.516556291,0.02247191,0.157760814,0.648106904,0.765913758,0.396709324,0.014164306,0.082191781,0.783216783,0.650537634,0.434511435,0.002506266,0.07266436,0.54519774,0.831018519,0.011594203,0.171195652,0.536312849,0.75059952,0.142322097,0.345549738,0.002336449,0.444759207,0.489675516,0.436111111,0.544747082,0.463709677,0.514285714,0.513333333,0.495049505,0.111111111,0.024449878,0.630252101,0.525252525,0.586046512,0.113378685,0.005434783,0.453831041,0.656160458,0.940740741,0.028277635,0.392523364,0.106918239,0.193430657,0.679814385,0.016216216,0.203208556,0.042372881,0.388888889,0.207964602,0.65270936,0.524861878,0.015584416,0.63546798,0.002564103,0.459731544,0.364238411,0.489795918,0.559036145,0.531969309,0.568669528,0.082840237,0.15942029,0.533487298,0.522988506,0.52303523,0.331941545,0.087591241,0.084699454,0.960176991,0.799544419,0.632458234,0.034682081,0.007352941,0.033994334,0.594164456,0.515463918,0.597560976,0.523364486,0.030612245,0.552486188,0.698529412,0.630196937,0.547413793,0.002941176,0.025641026,0.112903226,0.321285141,0.420454545,0.620309051,0.505988024,0.067183463,0.467889908,0.307291667,0.519269777,0.469924812,0.132231405,0.002695418,0.006042296,0.00280112,0.014409222,0.1015625,0.501492537,0.485119048,0.150684932,0.070460705,0.007168459,0.003134796,0.443137255,0.245098039,0.351612903,0.03562341,0.444444444,0.753846154,0.371875,0.709762533,0.533875339,0.078651685,0.602564103,0.697058824,0.117263844,1
0.438848921,0.033670034,0.176706827,0.533088235,0,0.244791667,0.5625,0.54176611,0.538461538,0.406374502,0.658932715,0.819923372,0.651551313,0.7,0.588075881,0.090634441,0.8,0.567627494,0.815841584,0.368217054,0.566801619,0.5,0.615384615,0.023560209,0.005617978,0.464197531,0.756906077,0.1414791,0.464174455,0.046116505,0.003246753,0.164383562,0.300291545,0.183673469,0.310704961,0.061818182,0.012531328,0.551820728,0.008,0.689189189,0.117647059,0.235795455,0.544662309,0.615566038,0.931578947,0.520971302,0.262172285,0.536895674,0.763919822,0.371663244,0.716636197,0.515580737,0.580821918,0.498834499,0.166666667,0.505197505,0.669172932,0.14532872,0.435028249,0.277777778,0.260869565,0,0.530726257,0.019184652,0.535580524,0.282722513,0.002336449,0.447592068,0.002949853,0.541666667,0.140077821,0.008064516,0.63956044,0.877777778,0.54950495,0.079365079,0.630806846,0.476890756,0.866666667,0.593023256,0.467120181,0.502717391,0.721021611,0.23495702,0.148148148,0.508997429,0.501557632,0.210691824,0.50729927,0.027842227,0,0.037433155,0.353107345,0.478174603,0.433628319,0.051724138,0.287292818,0.537662338,0.009852217,0.635897436,0.083892617,0.195364238,0.62755102,0.628915663,0.649616368,0.313304721,0.171597633,0.617391304,0.408775982,0.939655172,0.669376694,0.586638831,0.569343066,0.633879781,0.17699115,0.446469248,0.016706444,0.583815029,0.651960784,0.662889518,0.015915119,0.128865979,0.068292683,0.143302181,0.054421769,0.232044199,0.470588235,0.122538293,0.5,0.4,0.423076923,0.064516129,0.540160643,0.740530303,0.635761589,0.293413174,0.607235142,0.336391437,0.627604167,0.535496957,0.659774436,0.630853994,0.595687332,0.564954683,0.005602241,0.017291066,0.0703125,0.573134328,0.547619048,0.747945205,0.281842818,0.448028674,0.373040752,0.011764706,0.326797386,0.006451613,0.053435115,0.267676768,0.023076923,0.05625,0.253298153,0.287262873,0.074906367,0.564102564,0.744117647,0.342019544,1
0.438848921,0.03030303,0.128514056,0.525735294,0,0.260416667,0.572916667,0.837708831,0.485411141,0.324701195,0.631090487,0.475095785,0.477326969,0.604761905,0.493224932,0.190332326,0.808571429,0.514412417,0.598019802,0.474806202,0.477732794,0.491017964,0.606334842,0.018324607,0.008426966,0.528395062,0.740331492,0.22829582,0.46728972,0.009708738,0.003246753,0.147260274,0.294460641,0.088435374,0.313315927,0.072727273,0.01754386,0.565826331,0.008,0.645945946,0.095588235,0.227272727,0.37254902,0.66509434,0.547368421,0.523178808,0.288389513,0.62086514,0.661469933,0.441478439,0.422303473,0.492917847,0.619178082,0.370629371,0.163978495,0.661122661,0.666666667,0.155709343,0.440677966,0.155092593,0.246376812,0,0.525139665,0.009592326,0.543071161,0.287958115,0.002336449,0.385269122,0.002949853,0.469444444,0.105058366,0.008064516,0.536263736,0.515555556,0.462871287,0.055555556,0.601466993,0.613445378,0.577777778,0.569767442,0.482993197,0.502717391,0.457760314,0.212034384,0.148148148,0.547557841,0.470404984,0.833333333,0.50729927,0.023201856,0,0.032085561,0.350282486,0.345238095,0.438053097,0.073891626,0.306629834,0.555844156,0.004926108,0.620512821,0.073825503,0.19205298,0.510204082,0.590361446,0.547314578,0.521459227,0.204142012,0.533333333,0.445727483,0.543103448,0.52303523,0.490605428,0.503649635,0.628415301,0.327433628,0.546697039,0.023866348,0.682080925,0.674019608,0.674220963,0.013262599,0.128865979,0.068292683,0.133956386,0.040816327,0.20441989,0.237745098,0.04595186,0.293103448,0.408823529,0.435897436,0.074193548,0.508032129,0.418560606,0.587196468,0.347305389,0.664082687,0.437308869,0.6796875,0.545638945,0.47556391,0.573002755,0.571428571,0.561933535,0.005602241,0.014409222,0.1171875,0.504477612,0.49702381,0.715068493,0.281842818,0.451612903,0.369905956,0.011764706,0.31372549,0.006451613,0.038167939,0.189393939,0.012820513,0.059375,0.266490765,0.287262873,0.078651685,0.570512821,0.747058824,0.348534202,1
0.330935252,0.296296296,0.578313253,0.209558824,0,0.666666667,0.013020833,0.69451074,0.074270557,0.577689243,0.816705336,0.526819923,0.739856802,0.592857143,0.588075881,0.214501511,0.017142857,0.605321508,0.453465347,0.381782946,0.467611336,0.008982036,0.244343891,0.696335079,0.488764045,0.049382716,0.102209945,0.01607717,0.295950156,0.606796117,0.003246753,0.157534247,0.268221574,0.621315193,0.060052219,0.021818182,0.035087719,0.103641457,0.484,0.135135135,0.503676471,0.3125,0.610021786,0.617924528,0.584210526,0.781456954,0.02247191,0.465648855,0.561247216,0.488706366,0.491773309,0.025495751,0.032876712,0.466200466,0.602150538,0.203742204,0.010025063,0.048442907,0.56779661,0.68287037,0.002898551,0.16576087,0.541899441,0.743405276,0.131086142,0.188481675,0.002336449,0.436260623,0.289085546,0.425,0.536964981,0.463709677,0.76043956,0.615555556,0.636138614,0.103174603,0.029339853,0.550420168,0.511111111,0.527906977,0.310657596,0.010869565,0.451866405,0.653295129,0.656790123,0.01285347,0.364485981,0.163522013,0.156934307,0.693735499,0.010810811,0.032085561,0.02259887,0.682539683,0.473451327,0.034482759,0.491712707,0.012987013,0.640394089,0.007692308,0.446308725,0.218543046,0.660714286,0.626506024,0.519181586,0.427038627,0.035502959,0.344927536,0.554272517,0.525862069,0.493224932,0.371607516,0.141119221,0.06557377,0.561946903,0.624145786,0.62052506,0.01734104,0.022058824,0.031161473,0.551724138,0.520618557,0.626829268,0.046728972,0.037414966,0.160220994,0.705882353,0.628008753,0.665948276,0.002941176,0.47008547,0.006451613,0.544176707,0.560606061,0.642384106,0.505988024,0.064599483,0.480122324,0.1015625,0.298174442,0.379699248,0.126721763,0.005390836,0.006042296,0.00280112,0.017291066,0.1015625,0.486567164,0.467261905,0.139726027,0.151761518,0.010752688,0.003134796,0.439215686,0.300653595,0.348387097,0.03307888,0.691919192,0.71025641,0.321875,0.242744063,0.298102981,0.041198502,0.615384615,0.794117647,0.32247557,1
0.438848921,0.016835017,0.080321285,0.525735294,0,0.2578125,0.5703125,0.53699284,0.527851459,0.324701195,0.651972158,0.810344828,0.591885442,0.676190476,0.577235772,0.087613293,0.765714286,0.501108647,0.831683168,0.412790698,0.582995951,0.497005988,0.581447964,0.044502618,0.008426966,0.538271605,0.662983425,0.372990354,0.464174455,0.016990291,0.003246753,0.154109589,0.297376093,0.124716553,0.313315927,0.065454545,0.01754386,0.647058824,0.008,0.52972973,0.055147059,0.230113636,0.470588235,0.650943396,0.913157895,0.520971302,0.194756554,0.577608142,0.808463252,0.351129363,0.702010969,0.529745042,0.539726027,0.508158508,0.166666667,0.461538462,0.626566416,0.148788927,0.440677966,0.206018519,0.249275362,0,0.530726257,0.007194245,0.543071161,0.282722513,0.002336449,0.416430595,0.002949853,0.35,0.054474708,0.008064516,0.604395604,0.853333333,0.502475248,0.063492063,0.564792176,0.542016807,0.866666667,0.590697674,0.573696145,0.489130435,0.721021611,0.214899713,0.103703704,0.57840617,0.348909657,0.364779874,0.50729927,0.016241299,0,0.037433155,0.350282486,0.420634921,0.438053097,0.064039409,0.303867403,0.58961039,0.024630542,0.556410256,0.05033557,0.19205298,0.599489796,0.631325301,0.636828645,0.377682403,0.053254438,0.608695652,0.404157044,0.939655172,0.685636856,0.597077244,0.610705596,0.601092896,0.225663717,0.537585421,0.026252983,0.76300578,0.676470588,0.637393768,0.01061008,0.128865979,0.065853659,0.137071651,0.047619048,0.220994475,0.350490196,0.074398249,0.415948276,0.408823529,0.427350427,0.070967742,0.536144578,0.712121212,0.602649007,0.473053892,0.713178295,0.510703364,0.518229167,0.547667343,0.672932331,0.531680441,0.520215633,0.583081571,0.005602241,0.017291066,0.1015625,0.346268657,0.360119048,0.610958904,0.281842818,0.451612903,0.369905956,0.011764706,0.316993464,0.006451613,0.03307888,0.20959596,0.01025641,0.05625,0.263852243,0.287262873,0.078651685,0.564102564,0.744117647,0.345276873,1
0.438848921,0.033670034,0.108433735,0.533088235,0,0.244791667,0.559895833,0.668257757,0.572944297,0.476095618,0.568445476,0.572796935,0.658711217,0.573809524,0.558265583,0.175226586,0.797142857,0.793791574,0.473267327,0.364341085,0.520242915,0.488023952,0.520361991,0.020942408,0.008426966,0.508641975,0.729281768,0.356913183,0.464174455,0.041262136,0.003246753,0.167808219,0.300291545,0.124716553,0.310704961,0.058181818,0.010025063,0.591036415,0.004,0.608108108,0.091911765,0.235795455,0.583877996,0.591981132,0.615789474,0.412803532,0.239700375,0.669211196,0.525612472,0.470225873,0.482632541,0.532577904,0.484931507,0.498834499,0.166666667,0.478170478,0.654135338,0.176470588,0.435028249,0.331018519,0.260869565,0,0.536312849,0.014388489,0.535580524,0.282722513,0.002336449,0.379603399,0.002949853,0.425,0.093385214,0.008064516,0.606593407,0.64,0.618811881,0.079365079,0.599022005,0.653361345,0.56969697,0.553488372,0.609977324,0.47826087,0.463654224,0.23495702,0.214814815,0.537275064,0.46728972,0.408805031,0.510948905,0.020881671,0,0.042780749,0.353107345,0.406746032,0.433628319,0.049261084,0.287292818,0.579220779,0.009852217,0.594871795,0.080536913,0.195364238,0.655612245,0.604819277,0.519181586,0.725321888,0.381656805,0.797101449,0.478060046,0.551724138,0.490514905,0.536534447,0.608272506,0.551912568,0.241150442,0.30523918,0.023866348,0.705202312,0.676470588,0.685552408,0.015915119,0.128865979,0.065853659,0.146417445,0.057823129,0.237569061,0.495098039,0.094091904,0.476293103,0.4,0.418803419,0.064516129,0.570281124,0.558712121,0.70419426,0.386227545,0.689922481,0.455657492,0.53125,0.509127789,0.42481203,0.545454545,0.539083558,0.567975831,0.005602241,0.014409222,0.078125,0.468656716,0.476190476,0.690410959,0.281842818,0.448028674,0.373040752,0.011764706,0.326797386,0.009677419,0.048346056,0.103535354,0.020512821,0.05625,0.253298153,0.287262873,0.074906367,0.564102564,0.744117647,0.338762215,1
0.323741007,0.282828283,0.574297189,0.220588235,0,0.6484375,0.013020833,0.618138425,0.013262599,0.511952191,0.600928074,0.448275862,0.551312649,0.616666667,0.509485095,0.18429003,0.014285714,0.507760532,0.55049505,0.480620155,0.291497976,0.008982036,0.328054299,0.64921466,0.497191011,0.175308642,0.096685083,0.022508039,0.264797508,0.601941748,0.003246753,0.143835616,0.256559767,0.628117914,0.065274151,0.032727273,0.050125313,0.106442577,0.488,0.135135135,0.496323529,0.309659091,0.568627451,0.655660377,0.523684211,0.496688742,0.018726592,0.150127226,0.65701559,0.464065708,0.380255941,0.011331445,0.087671233,0.806526807,0.639784946,0.455301455,0.010025063,0.041522491,0.528248588,0.555555556,0.002898551,0.154891304,0.530726257,0.743405276,0.131086142,0.193717277,0.002336449,0.436260623,0.294985251,0.422222222,0.53307393,0.463709677,0.50989011,0.515555556,0.47029703,0.079365079,0.014669927,0.621848739,0.517171717,0.586046512,0.095238095,0.010869565,0.444007859,0.659025788,0.560493827,0.038560411,0.352024922,0.135220126,0.182481752,0.679814385,0.008108108,0.026737968,0.016949153,0.369047619,0.473451327,0.051724138,0.486187845,0.012987013,0.640394089,0.005128205,0.436241611,0.215231788,0.484693878,0.563855422,0.544757033,0.545064378,0.065088757,0.136231884,0.521939954,0.514367816,0.525745257,0.317327766,0.077858881,0.081967213,0.672566372,0.683371298,0.630071599,0.049132948,0.022058824,0.031161473,0.530503979,0.510309278,0.6,0.037383178,0.023809524,0.132596685,0.659313725,0.636761488,0.530172414,0.002941176,0.487179487,0.009677419,0.307228916,0.414772727,0.620309051,0.508982036,0.064599483,0.489296636,0.3125,0.527383367,0.468045113,0.126721763,0.005390836,0.006042296,0.005602241,0.014409222,0.125,0.48358209,0.458333333,0.134246575,0.151761518,0.007168459,0.003134796,0.435294118,0.290849673,0.341935484,0.022900763,0.416666667,0.733333333,0.321875,0.250659631,0.300813008,0.048689139,0.621794872,0.794117647,0.332247557,1
0.352517986,0.538720539,0.787148594,0.007352941,0.005633803,0.015625,0.028645833,0.711217184,0.029177719,0.494023904,0.473317865,0.436781609,0.544152745,0.638095238,0.520325203,0.093655589,0.477142857,0.616407982,0.481188119,0.484496124,0.299595142,0.002994012,0.117647059,0.013089005,0.039325843,0.125925926,0.787292818,0.144694534,0,0.033980583,0.00974026,0.534246575,0.049562682,0.034013605,0.107049608,0.549090909,0,0.462184874,0.904,0.637837838,0.779411765,0.664772727,0.544662309,0.606132075,0.555263158,0.33995585,0.779026217,0.302798982,0.645879733,0.540041068,0.378427788,0.005665722,0.024657534,0.277389277,0.02688172,0.40956341,0.338345865,0.664359862,0.011299435,0.319444444,0.005797101,0.326086957,0.212290503,0.028776978,0.011235955,0.434554974,0.002336449,0.660056657,0.516224189,0.747222222,0.80155642,0.947580645,0.432967033,0.584444444,0.613861386,0.095238095,0.085574572,0.598739496,0.438383838,0.476744186,0.131519274,0.008152174,0.308447937,0.014326648,0.288888889,0.028277635,0.91588785,0.308176101,0.003649635,0.034802784,0.059459459,0.427807487,0.014124294,0.150793651,0.314159292,0.729064039,0.005524862,0.062337662,1,0.256410256,0.708053691,0.218543046,0.573979592,0.506024096,0.537084399,0.527896996,0.109467456,0.356521739,0.519630485,0.505747126,0.504065041,0.160751566,0.03892944,0.013661202,0.398230088,0.448747153,0.047732697,0.26300578,0.218137255,0.725212465,0.042440318,0.025773196,0.029268293,0.242990654,0.649659864,0.563535912,0.406862745,0.04595186,0.295258621,0.076470588,0.683760684,0.829032258,0.457831325,0.507575758,0.673289183,0.748502994,0.5374677,0.93883792,0.122395833,0.419878296,0.315789474,0.515151515,0.091644205,0.042296073,0.00280112,0.011527378,0.1015625,0.880597015,0.916666667,0.739726027,0.046070461,0.010752688,0.006269592,0.91372549,0.549019608,0.696774194,0.027989822,0.075757576,0.025641026,0.78125,0.514511873,0.322493225,0.322097378,0.576923077,0.458823529,0.074918567,0
0.323741007,0.003367003,0,0.930147059,0.002816901,0.770833333,0.0390625,0.723150358,0.061007958,0.450199203,0.419953596,0.465517241,0.501193317,0.628571429,0.533875339,0.066465257,0.031428571,0.636363636,0.483168317,0.478682171,0.366396761,0.032934132,0.160633484,0.015706806,0.143258427,0.15308642,0.024861878,0.032154341,0.781931464,0.140776699,0.012987013,0.239726027,0.405247813,0.011337868,0.660574413,0.403636364,0.593984962,0.030812325,0.032,0.024324324,0.007352941,0.15625,0.501089325,0.575471698,0.560526316,0.271523179,0.014981273,0.391857506,0.652561247,0.511293634,0.418647166,0.031161473,0.057534247,0.24009324,0.602150538,0.471933472,0.030075188,0.003460208,0.844632768,0.287037037,0.814492754,0.005434783,0.357541899,0.398081535,0.857677903,0.230366492,0.002336449,0.014164306,0.607669617,0.013888889,0.007782101,0.012096774,0.395604396,0.597777778,0.594059406,0.055555556,0.041564792,0.579831933,0.456565657,0.479069767,0.183673469,0.035326087,0.355599214,0.733524355,0.254320988,0.046272494,0.012461059,0.323899371,0.729927007,0.540603248,0,0.411764706,0.641242938,0.099206349,0.402654867,0.650246305,0.685082873,0.041558442,0.009852217,0.028205128,0.003355705,0.281456954,0.56122449,0.484337349,0.524296675,0.506437768,0.068047337,0.368115942,0.526558891,0.502873563,0.504065041,0.225469729,0.075425791,0.040983607,0.347345133,0.430523918,0.035799523,0.078034682,0.041666667,0.025495751,0.172413793,0.654639175,0.629268293,0.566978193,0.56122449,0.607734807,0.328431373,0.035010941,0.211206897,0.873529412,0.683760684,0.84516129,0.5,0.53219697,0.675496689,0.011976048,0.033591731,0.009174312,0.171875,0.46653144,0.355263158,0.027548209,0.040431267,0.045317221,0.00280112,0.011527378,0.109375,0.008955224,0.011904762,0.024657534,0.506775068,0.655913978,0.526645768,0.011764706,0.091503268,0.006451613,0.030534351,0.047979798,0.01025641,0.1375,0.688654354,0.471544715,0.25093633,0.551282051,0.520588235,0.094462541,0
0.374100719,0.902356902,0.787148594,0,0,0.013020833,0.049479167,0.484486874,0.135278515,0.392430279,0.651972158,0.536398467,0.639618138,0.530952381,0.539295393,0.048338369,0.2,0.361419069,0.556435644,0.397286822,0.435222672,0.119760479,0.36199095,0.057591623,0.039325843,0.101234568,0.367403315,0.054662379,0.003115265,0.048543689,0.003246753,0.630136986,0.037900875,0.156462585,0.208877285,0.523636364,0,0.719887955,0.944,0.575675676,0.970588235,0.423295455,0.531590414,0.627358491,0.573684211,0.503311258,0.037453184,0.254452926,0.590200445,0.377823409,0.484460695,0.133144476,0.123287671,0.545454545,0.02688172,0.293139293,0.087719298,0.861591696,0.011299435,0.261574074,0.002898551,0.535326087,0.279329609,0.023980815,0.02247191,0.476439791,0.002336449,0.750708215,0.843657817,0.677777778,0.906614786,0.717741935,0.630769231,0.564444444,0.554455446,0.063492063,0.127139364,0.478991597,0.56969697,0.6,0.242630385,0.086956522,0.504911591,0.014326648,0.145679012,0.028277635,0.937694704,0.050314465,0,0.030162413,0.327027027,0.475935829,0.011299435,0.452380952,0.566371681,0.655172414,0.005524862,0.314285714,0.837438424,0.256410256,0.966442953,0.281456954,0.632653061,0.636144578,0.52685422,0.124463519,0.00591716,0.057971014,0.418013857,0.574712644,0.498644986,0.405010438,0.187347932,0.158469945,0.212389381,0.528473804,0.047732697,0.020231214,0.036764706,0.147308782,0.037135279,0.023195876,0.026829268,0.07165109,0.636054422,0.397790055,0.43627451,0.105032823,0.471982759,0.161764706,0.867521368,0.932258065,0.435742972,0.494318182,0.492273731,0.814371257,0.664082687,0.804281346,0.268229167,0.476673428,0.484962406,0.661157025,0.299191375,0.35347432,0.00280112,0.011527378,0.1328125,0.776119403,0.895833333,0.482191781,0.159891599,0.010752688,0.006269592,0.788235294,0.467320261,0.712903226,0.017811705,0.20959596,0.020512821,0.6125,0.496042216,0.25203252,0.43071161,0.576923077,0.344117647,0.140065147,0
0.323741007,0.003367003,0,0.933823529,0.002816901,0.770833333,0.041666667,0.529832936,0.076923077,0.352589641,0.645011601,0.540229885,0.608591885,0.55,0.550135501,0.060422961,0.031428571,0.394678492,0.552475248,0.370155039,0.477732794,0.047904192,0.425339367,0.104712042,0.070224719,0.133333333,0.027624309,0.035369775,0.778816199,0.15776699,0.00974026,0.229452055,0.405247813,0.210884354,0.660574413,0.403636364,0.596491228,0.030812325,0.032,0.027027027,0.007352941,0.15625,0.494553377,0.641509434,0.555263158,0.496688742,0.014981273,0.330788804,0.576837416,0.342915811,0.504570384,0.059490085,0.134246575,0.533799534,0.602150538,0.324324324,0.032581454,0.003460208,0.84180791,0.247685185,0.814492754,0.005434783,0.357541899,0.407673861,0.861423221,0.230366492,0.002336449,0.014164306,0.607669617,0.016666667,0.007782101,0.012096774,0.610989011,0.555555556,0.52970297,0.047619048,0.026894866,0.512605042,0.56969697,0.6,0.317460317,0.04076087,0.532416503,0.736389685,0.111111111,0.051413882,0.012461059,0.062893082,0.726277372,0.542923434,0,0.406417112,0.641242938,0.420634921,0.398230088,0.650246305,0.685082873,0.044155844,0.009852217,0.030769231,0.003355705,0.281456954,0.617346939,0.636144578,0.549872123,0.223175966,0.014792899,0.092753623,0.41108545,0.540229885,0.495934959,0.457202505,0.231143552,0.172131148,0.168141593,0.471526196,0.040572792,0.031791908,0.041666667,0.025495751,0.103448276,0.654639175,0.629268293,0.566978193,0.554421769,0.607734807,0.387254902,0.214442013,0.42887931,0.873529412,0.679487179,0.841935484,0.47188755,0.505681818,0.509933775,0.011976048,0.033591731,0.009174312,0.3515625,0.501014199,0.507518797,0.03030303,0.043126685,0.048338369,0.00280112,0.011527378,0.1171875,0.011940299,0.011904762,0.02739726,0.504065041,0.659498208,0.526645768,0.011764706,0.088235294,0.006451613,0.030534351,0.184343434,0.01025641,0.1375,0.691292876,0.471544715,0.25093633,0.551282051,0.523529412,0.094462541,0
0.237410072,0.939393939,0.78313253,0.169117647,0.005633803,0.536458333,0.075520833,0.011933174,0.01061008,0.505976096,0.018561485,0.001915709,0.525059666,0.00952381,0.021680217,0.045317221,0.06,0.00443459,0.007920792,0.09496124,0.008097166,0.032934132,0.011312217,0.486910995,0.595505618,0.019753086,0.535911602,0.022508039,0.563862928,0.553398058,0.003246753,0.349315068,0.314868805,0.675736961,0.083550914,0.010909091,0,0.736694678,0.892,0.702702703,0.985294118,0.448863636,0.551198257,0.018867925,0.005263158,0.017660044,0.116104869,0.020356234,0.017817372,0.314168378,0.003656307,0.014164306,0.008219178,0.037296037,0.728494624,0.008316008,0.353383459,0.795847751,0.627118644,0.685185185,0.002898551,0.595108696,0.536312849,0.486810552,0.071161049,0.120418848,0,0.781869688,0.799410029,0.747222222,0.902723735,0.778225806,0.208791209,0.006666667,0.108910891,0.103174603,0.02200489,0.004201681,0.002020202,0.030232558,0.013605442,0.057065217,0.001964637,0.17765043,0.550617284,0.010282776,0.85046729,0.01572327,0.441605839,0.56612529,0.345945946,0.037433155,0.031073446,0.545634921,0.495575221,0.113300493,0.074585635,0.316883117,0.837438424,0.451282051,0.993288591,0.231788079,0.079081633,0.03373494,0.010230179,0.004291845,0.017751479,0.005797101,0.013856813,0,0.013550136,0.008350731,0.00243309,0.00273224,0.550884956,0.703872437,0.522673031,0.002890173,0.073529412,0.113314448,0.541114058,0.711340206,0.656097561,0.068535826,0.193877551,0.110497238,0.799019608,0.621444201,0.685344828,0.005882353,0.508547009,0.012903226,0.010040161,0.005681818,0.004415011,0.775449102,0.594315245,0.877675841,0.013020833,0.012170385,0.005639098,0.73553719,0.447439353,0.444108761,0.00280112,0.008645533,0.1015625,0.767164179,0.8125,0.660273973,0.200542005,0.028673835,0.009404389,0.894117647,0.45751634,0.816129032,0.030534351,0.633838384,0.258974359,0.509375,0.395778364,0.298102981,0.041198502,0.653846154,0.829411765,0.315960912,0
0.338129496,0.572390572,0.775100402,0.198529412,0,0.671875,0.041666667,0,0.023872679,0.591633466,0.030162413,0.007662835,0.472553699,0.04047619,0.032520325,0.069486405,0.231428571,0.013303769,0,0.341085271,0.01417004,0,0.00678733,0.67539267,0.502808989,0,0.806629834,0.160771704,0.280373832,0.61407767,0.003246753,0.383561644,0.326530612,0.619047619,0.01305483,0.087272727,0.042606516,0.462184874,0.8,0.654054054,0.830882353,0.676136364,0.581699346,0.056603774,0.015789474,0.026490066,0.711610487,0.038167939,0,0.550308008,0.007312614,0.008498584,0,0,0.610215054,0,0.428571429,0.653979239,0.559322034,0.634259259,0.008695652,0.486413043,0.569832402,0.757793765,0.134831461,0.068062827,0.002336449,0.657223796,0.412979351,0.725,0.828793774,0.987903226,0.083516484,0.02,0.403465347,0.150793651,0.039119804,0.016806723,0,0,0.022675737,0.005434783,0.001964637,0.627507163,0.619753086,0.002570694,0.894080997,0,0.156934307,0.69837587,0.051351351,0.112299465,0.050847458,0.061507937,0.278761062,0.224137931,0.5,0.049350649,0.990147783,0.358974359,0.761744966,0.129139073,0.12755102,0.055421687,0.028132992,0.017167382,0.032544379,0.017391304,0.066974596,0,0,0.010438413,0.00486618,0,0.617256637,0.517084282,0.634844869,0.026011561,0.299019608,0.759206799,0.549071618,0.515463918,0.624390244,0.510903427,0.040816327,0.535911602,0.671568627,0.643326039,0.459051724,0.005882353,0.072649573,0.019354839,0.022088353,0.017045455,0.022075055,0.781437126,0.503875969,0.960244648,0,0,0,0.537190083,0.134770889,0.045317221,0.00280112,0.005763689,0.0546875,0.850746269,0.889880952,0.756164384,0.094850949,0.010752688,0.012539185,0.996078431,0.565359477,0.812903226,0.048346056,0.070707071,0.738461538,0.75625,0.406332454,0.27100271,0.059925094,0.58974359,0.720588235,0.140065147,0
0.18705036,0.929292929,0.787148594,0.205882353,0.002816901,0.65625,0.059895833,0.016706444,0.00530504,0.581673307,0.004640371,0,0.424821002,0,0.016260163,0.036253776,0.085714286,0,0.00990099,0.354651163,0.006072874,0.02994012,0.013574661,0.683246073,0.502808989,0.024691358,0.458563536,0.032154341,0.267912773,0.618932039,0.003246753,0.390410959,0.224489796,0.623582766,0.101827676,0.036363636,0.037593985,0.742296919,0.908,0.667567568,0.988970588,0.423295455,0.559912854,0.007075472,0,0.006622517,0.078651685,0.012722646,0.022271715,0.550308008,0,0.011331445,0.010958904,0.020979021,0.620967742,0.012474012,0.275689223,0.820069204,0.539548023,0.62037037,0.002898551,0.559782609,0.458100559,0.75059952,0.131086142,0.146596859,0.002336449,0.776203966,0.820058997,0.719444444,0.914396887,0.754032258,0.037362637,0,0.383663366,0.095238095,0.024449878,0,0,0.03255814,0.009070295,0.048913043,0,0.650429799,0.614814815,0.01285347,0.887850467,0.022012579,0.164233577,0.693735499,0.302702703,0.112299465,0.019774011,0.029761905,0.495575221,0.120689655,0.472375691,0.34025974,0.837438424,0.407692308,0.989932886,0.248344371,0.086734694,0.01686747,0.002557545,0,0.01183432,0,0.064665127,0,0.016260163,0.006263048,0,0.00273224,0.626106195,0.553530752,0.637231504,0.00867052,0.051470588,0.090651558,0.557029178,0.512886598,0.617073171,0.068535826,0.180272109,0.066298343,0.644607843,0.645514223,0.409482759,0.008823529,0.572649573,0.016129032,0.006024096,0,0,0.790419162,0.627906977,0.834862385,0.015625,0.016227181,0.005639098,0.719008264,0.420485175,0.438066465,0.00280112,0.005763689,0.1171875,0.76119403,0.848214286,0.608219178,0.181571816,0.014336918,0.009404389,0.862745098,0.45751634,0.783870968,0.022900763,0.045454545,0.725641026,0.525,0.406332454,0.273712737,0.08988764,0.679487179,0.835294118,0.384364821,0
0.18705036,0.929292929,0.791164659,0.205882353,0.002816901,0.65625,0.057291667,0.016706444,0.00530504,0.581673307,0.004640371,0,0.424821002,0,0.016260163,0.036253776,0.088571429,0,0.00990099,0.354651163,0.006072874,0.02994012,0.013574661,0.685863874,0.502808989,0.024691358,0.455801105,0.032154341,0.271028037,0.618932039,0.003246753,0.390410959,0.221574344,0.621315193,0.101827676,0.036363636,0.037593985,0.742296919,0.908,0.664864865,0.988970588,0.423295455,0.559912854,0.007075472,0,0.006622517,0.078651685,0.012722646,0.022271715,0.550308008,0,0.011331445,0.010958904,0.023310023,0.620967742,0.012474012,0.273182957,0.820069204,0.539548023,0.62037037,0.002898551,0.559782609,0.458100559,0.75059952,0.131086142,0.146596859,0,0.776203966,0.820058997,0.719444444,0.914396887,0.754032258,0.037362637,0,0.383663366,0.095238095,0.024449878,0,0,0.034883721,0.009070295,0.046195652,0,0.650429799,0.614814815,0.01285347,0.887850467,0.022012579,0.160583942,0.693735499,0.3,0.117647059,0.019774011,0.029761905,0.495575221,0.120689655,0.472375691,0.34025974,0.837438424,0.405128205,0.989932886,0.248344371,0.086734694,0.01686747,0.002557545,0,0.01183432,0,0.064665127,0,0.016260163,0.006263048,0,0.00273224,0.626106195,0.553530752,0.637231504,0.00867052,0.051470588,0.087818697,0.557029178,0.515463918,0.617073171,0.068535826,0.176870748,0.066298343,0.644607843,0.645514223,0.409482759,0.005882353,0.576923077,0.016129032,0.006024096,0,0,0.790419162,0.630490956,0.834862385,0.015625,0.016227181,0.005639098,0.719008264,0.417789757,0.438066465,0.00280112,0.008645533,0.1171875,0.76119403,0.848214286,0.605479452,0.181571816,0.014336918,0.009404389,0.862745098,0.45751634,0.783870968,0.022900763,0.042929293,0.723076923,0.525,0.406332454,0.273712737,0.08988764,0.679487179,0.835294118,0.38762215,0
0.35971223,0.087542088,0.100401606,0.466911765,0,0.325520833,0.572916667,0.14797136,0.525198939,0.045816733,0.011600928,0.398467433,0.014319809,0.142857143,0.027100271,0.048338369,0.8,0.337028825,0.372277228,0.009689922,0.54048583,0.482035928,0.583710407,0.007853403,0.258426966,0.50617284,0.715469613,0.305466238,0.495327103,0.351941748,0.003246753,0.835616438,0.288629738,0.33106576,0.237597911,0.170909091,0,0.546218487,0.004,0.602702703,0.165441176,0.741477273,0.043572985,0.047169811,0.176315789,0.013245033,0.254681648,0.562340967,0.351893096,0.028747433,0.462522852,0.498583569,0.534246575,0.018648019,0.634408602,0.397089397,0.651629073,0.155709343,0.531073446,0.326388889,0.072463768,0.578804348,0.413407821,0.316546763,0.56928839,0.277486911,0.002336449,0.337110482,0.002949853,0.408333333,0.089494163,0.100806452,0.015384615,0.306666667,0.004950495,0.071428571,0.613691932,0.06092437,0.406060606,0.027906977,0.53968254,0.491847826,0.524557957,0.656160458,0.254320988,0.550128535,0.439252336,0.144654088,0.430656934,0.3387471,0.013513514,0.593582888,0.389830508,0.005952381,0.460176991,0.066502463,0.361878453,0.563636364,0,0.597435897,0.218120805,0.582781457,0.015306122,0.026506024,0.05370844,0.0472103,0.091715976,0.492753623,0.009237875,0.129310345,0.054200542,0.563674322,0.540145985,0.56284153,0.329646018,0.184510251,0.293556086,0.702312139,0.676470588,0.662889518,0.267904509,0.649484536,0.495121951,0.118380062,0.554421769,0.171270718,0.18872549,0.404814004,0.034482759,0.432352941,0.555555556,0.035483871,0.487951807,0.393939394,0.242825607,0.323353293,0.65374677,0.397553517,0.598958333,0.513184584,0.5,0.531680441,0.547169811,0.555891239,0.005602241,0.020172911,0.09375,0.444776119,0.452380952,0.679452055,0.243902439,0.322580645,0.269592476,0.380392157,0.862745098,0.635483871,0.043256997,0.015151515,0.033333333,0.540625,0.569920844,0.571815718,0.112359551,0.666666667,0.797058824,0.42019544,0
0.381294964,0.138047138,0.413654618,0.150735294,0.002816901,0.5234375,0.255208333,0.054892601,0.297082228,0.503984064,0.044083527,0.04789272,0.548926014,0.047619048,0.032520325,0.057401813,0.34,0.070953437,0.081188119,0.120155039,0.082995951,0.251497006,0.253393665,0.452879581,0.592696629,0.340740741,0.643646409,0.054662379,0.53271028,0.538834951,0.003246753,0.171232877,0.335276968,0.66893424,0.010443864,0.4,0,0.680672269,0.388,0.632432432,0.518382353,0.482954545,0.559912854,0.047169811,0.036842105,0.035320088,0.014981273,0.231552163,0.10467706,0.334702259,0.053016453,0.240793201,0.309589041,0.041958042,0.706989247,0.245322245,0.380952381,0.124567474,0.604519774,0.668981481,0.005797101,0.114130435,0.56424581,0.479616307,0.056179775,0.319371728,0.002336449,0.589235127,0.519174041,0.55,0.451361868,0.411290323,0.349450549,0.048888889,0.126237624,0.103174603,0.356968215,0.018907563,0.064646465,0.03255814,0.170068027,0.236413043,0.092337917,0.163323782,0.533333333,0.28277635,0.542056075,0.018867925,0.397810219,0.563805104,0,0.245989305,0.042372881,0.561507937,0.309734513,0.568965517,0.074585635,0.301298701,0.403940887,0.394871795,0.503355705,0.450331126,0.099489796,0.055421687,0.030690537,0.025751073,0.020710059,0.255072464,0.016166282,0.022988506,0.021680217,0.144050104,0.192214112,0.259562842,0.546460177,0.703872437,0.510739857,0.260115607,0.348039216,0.626062323,0.538461538,0.693298969,0.643902439,0.492211838,0.044217687,0.491712707,0.791666667,0.606126915,0.6875,0,0.02991453,0.032258065,0.086345382,0.053030303,0.061810155,0.523952096,0.382428941,0.562691131,0.346354167,0.221095335,0.133458647,0.694214876,0.377358491,0.359516616,0.005602241,0.017291066,0.078125,0.543283582,0.538690476,0.591780822,0.10298103,0.014336918,0.003134796,0.478431373,0.447712418,0.403225806,0.040712468,0.654040404,0.258974359,0.390625,0.736147757,0.579945799,0.033707865,0.608974359,0.735294118,0.156351792,0
0.410071942,0.026936027,0.100401606,0.518382353,0,0.684895833,0.575520833,0.133651551,0.527851459,0.111553785,0.004640371,0.396551724,0.042959427,0.14047619,0.01897019,0.045317221,0.802857143,0.348115299,0.362376238,0.025193798,0.544534413,0.488023952,0.583710407,0.013089005,0.685393258,0.50617284,0.715469613,0.29903537,0.884735202,0.332524272,0.003246753,0.202054795,0.317784257,0.353741497,0.35770235,0.309090909,0.005012531,0.56022409,0.076,0.605405405,0.080882353,0.534090909,0.091503268,0.044811321,0.171052632,0.008830022,0.254681648,0.575063613,0.334075724,0.05338809,0.462522852,0.504249292,0.536986301,0.016317016,0.60483871,0.382536383,0.656641604,0.155709343,0.793785311,0.400462963,0.388405797,0.002717391,0.547486034,0.42206235,0.531835206,0.251308901,0.002336449,0.345609065,0.613569322,0.405555556,0.085603113,0.028225806,0.010989011,0.302222222,0,0.071428571,0.611246944,0.06092437,0.397979798,0.023255814,0.548752834,0.494565217,0.524557957,0.553008596,0.283950617,0.555269923,0.423676012,0.144654088,0.843065693,0.426914153,0,0.267379679,0.358757062,0.017857143,0.265486726,0.517241379,0.649171271,0.568831169,0.004926108,0.6,0.067114094,0.413907285,0.005102041,0.019277108,0.04859335,0.045064378,0.079881657,0.484057971,0,0.117816092,0.046070461,0.565762004,0.547445255,0.568306011,0.325221239,0.382687927,0.474940334,0.708092486,0.678921569,0.662889518,0.5066313,0.631443299,0.509756098,0.451713396,0.074829932,0.552486188,0.446078431,0.376367615,0.131465517,0.470588235,0.230769231,0.122580645,0.493975904,0.395833333,0.245033113,0.341317365,0.666666667,0.443425076,0.596354167,0.503042596,0.496240602,0.534435262,0.549865229,0.561933535,0.00280112,0.011527378,0.09375,0.441791045,0.44047619,0.682191781,0.233062331,0.433691756,0.253918495,0.031372549,0.483660131,0.016129032,0.03562341,0.015151515,0.020512821,0.4625,0.733509235,0.555555556,0.074906367,0.564102564,0.682352941,0.169381107,0
0.45323741,0.616161616,0.730923695,0.154411765,0,0.518229167,0.596354167,0.066825776,0.25994695,0.517928287,0.013921114,0.105363985,0.553699284,0.007142857,0.010840108,0.03021148,0.36,0.035476718,0.128712871,0.09496124,0.218623482,0.311377246,0.309954751,0.507853403,0.595505618,0.29382716,0.649171271,0.199356913,0.535825545,0.533980583,0.467532468,0.976027397,0.020408163,0.648526077,0.078328982,0.250909091,0,0.361344538,0.352,0.697297297,0.536764706,0.511363636,0.568627451,0,0.023684211,0.008830022,0.014981273,0.167938931,0.142538976,0.340862423,0.148080439,0.246458924,0.306849315,0.065268065,0.712365591,0.216216216,0.64160401,0.698961938,0.601694915,0.675925926,0.005797101,0.703804348,0.189944134,0.458033573,0.06741573,0.261780105,0.002336449,0.779036827,0.123893805,0.852777778,0.579766537,0.419354839,0.347252747,0.06,0.133663366,0.063492063,0.342298289,0,0.121212121,0.051162791,0.20861678,0.489130435,0.239685658,0.183381089,0.543209877,0.385604113,0.841121495,0.119496855,0.408759124,0.559164733,0.637837838,0.818181818,0.008474576,0.543650794,0.300884956,0.044334975,0.066298343,0.311688312,0.482758621,0.651282051,0.593959732,0.549668874,0.086734694,0.019277108,0,0.002145923,0.00591716,0.092753623,0.011547344,0.014367816,0.027100271,0.27348643,0.223844282,0.265027322,0.533185841,0.703872437,0.517899761,0.638728324,0.56372549,0.617563739,0.535809019,0.695876289,0.643902439,0.208722741,0.962585034,0.70718232,0.789215686,0.595185996,0.67887931,0.008823529,0.542735043,0.45483871,0.088353414,0.066287879,0.024282561,0.55988024,0.302325581,0.605504587,0.330729167,0.283975659,0.251879699,0.619834711,0.633423181,0.47734139,0.00280112,0.014409222,0.1328125,0.895522388,0.791666667,0.698630137,0.051490515,0.025089606,0.003134796,0.419607843,0.820261438,0.548387097,0.017811705,0.603535354,0.207692308,0.38125,0.137203166,0.411924119,0.27340824,0.769230769,0.767647059,0.586319218,0
0.366906475,0.218855219,0.481927711,0.161764706,0,0.518229167,0.296875,0.021479714,0.334217507,0.5,0.041763341,0.137931034,0.539379475,0.064285714,0.027100271,0.060422961,0.677142857,0.115299335,0.099009901,0.120155039,0.299595142,0.299401198,0.2760181,0.445026178,0.595505618,0.24691358,0.370165746,0.012861736,0.535825545,0.541262136,0.003246753,0.089041096,0.253644315,0.675736961,0.010443864,0.490909091,0,0.613445378,0.404,0.308108108,0.452205882,0.326704545,0.553376906,0.049528302,0.05,0.035320088,0.232209738,0.335877863,0.069042316,0.330595483,0.217550274,0.337110482,0.230136986,0.037296037,0.712365591,0.079002079,0.315789474,0.055363322,0.601694915,0.671296296,0.014492754,0.029891304,0.502793296,0.482014388,0.052434457,0.361256545,0.002336449,0.708215297,0.554572271,0.472222222,0.424124514,0.399193548,0.323076923,0.113333333,0.116336634,0.119047619,0.474327628,0.025210084,0.125252525,0.023255814,0.301587302,0.269021739,0.247544204,0.1747851,0.533333333,0.298200514,0.557632399,0.009433962,0.408759124,0.559164733,0,0.20855615,0.042372881,0.55952381,0.115044248,0.687192118,0.074585635,0.638961039,0.527093596,0.279487179,0.432885906,0.298013245,0.091836735,0.053012048,0.028132992,0.030042918,0.079881657,0.295652174,0.011547344,0.017241379,0.010840108,0.296450939,0.267639903,0.243169399,0.548672566,0.703872437,0.513126492,0.332369942,0.362745098,0.263456091,0.535809019,0.695876289,0.643902439,0.523364486,0.027210884,0.580110497,0.791666667,0.610503282,0.6875,0.002941176,0.072649573,0.180645161,0.267068273,0.15719697,0.103752759,0.883233533,0.666666667,0.804281346,0.234375,0.152129817,0.210526316,0.366391185,0.342318059,0.583081571,0.00280112,0.014409222,0.0703125,0.52238806,0.580357143,0.334246575,0.048780488,0.017921147,0.006269592,0.356862745,0.160130719,0.187096774,0.043256997,0.656565657,0.274358974,0.3875,0.678100264,0.493224932,0.116104869,0.596153846,0.664705882,0.09771987,0
0.316546763,0.252525253,0.104417671,0.827205882,0,0.3984375,0.575520833,0.136038186,0.527851459,0.256972112,0.013921114,0.394636015,0.011933174,0.142857143,0.024390244,0.054380665,0.805714286,0.33924612,0.366336634,0.031007752,0.542510121,0.488023952,0.583710407,0.64921466,0.564606742,0.503703704,0.718232044,0.292604502,0.507788162,0.34223301,0.019480519,0.928082192,0.27696793,0.036281179,0.229765013,0.265454545,0.002506266,0.554621849,0.008,0.608108108,0.169117647,0.693181818,0.069716776,0.056603774,0.171052632,0.015452539,0.258426966,0.569974555,0.340757238,0.176591376,0.460694698,0.501416431,0.536986301,0.009324009,0.688172043,0.388773389,0.656641604,0.173010381,0.449152542,0.321759259,0.260869565,0.72826087,0.145251397,0.383693046,0.543071161,0.282722513,0.002336449,0.345609065,0.002949853,0.413888889,0.089494163,0.076612903,0.01978022,0.302222222,0.022277228,0.087301587,0.613691932,0.06302521,0.4,0.01627907,0.546485261,0.494565217,0.524557957,0.750716332,0.30617284,0.552699229,0.45482866,0.132075472,0.791970803,0.364269142,0.5,0.673796791,0.344632768,0.003968254,0.340707965,0.086206897,0.455801105,0.566233766,0.004926108,0.602564103,0.275167785,0.559602649,0.015306122,0.031325301,0.05370844,0.049356223,0.091715976,0.489855072,0.002309469,0.120689655,0.046070461,0.563674322,0.545012165,0.568306011,0.353982301,0.116173121,0.627684964,0.699421965,0.676470588,0.662889518,0.305039788,0.381443299,0.285365854,0.193146417,0.789115646,0.331491713,0.164215686,0.382932166,0.019396552,0.317647059,0.534188034,0.112903226,0.491967871,0.393939394,0.242825607,0.332335329,0.661498708,0.406727829,0.598958333,0.507099391,0.498120301,0.537190083,0.552560647,0.561933535,0.00280112,0.011527378,0.078125,0.447761194,0.458333333,0.684931507,0.303523035,0.308243728,0.285266458,0.356862745,0.879084967,0.729032258,0.050890585,0.02020202,0.048717949,0.328125,0.343007916,0.493224932,0.235955056,0.698717949,0.747058824,0.543973941,0
0.352517986,0.387205387,0.421686747,0.941176471,0.002816901,0.604166667,0.528645833,0.1575179,0.623342175,0.175298805,0.011600928,0.220306513,0.035799523,0.126190476,0.029810298,0.042296073,0.56,0.45232816,0.134653465,0.003875969,0.495951417,0.491017964,0.43438914,0.020942408,0.261235955,0.617283951,0.516574586,0.344051447,0.601246106,0.29368932,0.00974026,0.243150685,0.355685131,0.045351474,0.650130548,0.487272727,0.634085213,0.683473389,0.496,0.632432432,0.540441176,0.227272727,0.108932462,0.058962264,0.097368421,0.013245033,0.048689139,0.715012723,0.146993318,0.055441478,0.356489945,0.552407932,0.504109589,0.023310023,0.615591398,0.467775468,0.533834586,0.152249135,0.624293785,0.43287037,0.744927536,0.176630435,0.374301676,0.541966427,0.943820225,0.335078534,0.002336449,0.626062323,0.504424779,0.575,0.470817121,0.290322581,0.015384615,0.193333333,0.017326733,0.071428571,0.552567237,0.092436975,0.17979798,0.037209302,0.580498866,0.45923913,0.36345776,0.819484241,0.335802469,0.588688946,0.510903427,0.525157233,0.645985401,0.459396752,0,0.35828877,0.570621469,0.009920635,0.314159292,0.699507389,0.657458564,0.433766234,0.42364532,0.48974359,0.543624161,0.258278146,0.017857143,0.026506024,0.038363171,0.115879828,0.065088757,0.727536232,0.013856813,0.051724138,0.040650407,0.469728601,0.535279805,0.50273224,0.212389381,0.075170843,0.326968974,0.794797688,0.629901961,0.518413598,0.262599469,0.652061856,0.529268293,0.542056075,0.527210884,0.61878453,0.450980392,0.328227571,0.075431034,0.879411765,0.581196581,0.748387097,0.502008032,0.314393939,0.240618102,0.535928144,0.509043928,0.562691131,0.4921875,0.304259635,0.285714286,0.696969697,0.460916442,0.465256798,0.005602241,0.017291066,0.1015625,0.543283582,0.520833333,0.553424658,0.474254743,0.741935484,0.532915361,0.31372549,0.147058824,0.287096774,0.038167939,0.015151515,0.564102564,0.271875,0.662269129,0.466124661,0.228464419,0.557692308,0.555882353,0.074918567,0
0.374100719,0.845117845,0.779116466,0.536764706,0,0.635416667,0.286458333,0.050119332,0.323607427,0.545816733,0.013921114,0.086206897,0.496420048,0.045238095,0.029810298,0.039274924,0.562857143,0.110864745,0.057425743,0.044573643,0.234817814,0.254491018,0.176470588,0.706806283,0.418539326,0.325925926,0.552486188,0.073954984,0.507788162,0.548543689,0.003246753,0.657534247,0.139941691,0.600907029,0.347258486,0.574545455,0.005012531,0.697478992,0.96,0.589189189,0.922794118,0.394886364,0.566448802,0.021226415,0.036842105,0.011037528,0.082397004,0.381679389,0.073496659,0.369609856,0.122486289,0.260623229,0.238356164,0.032634033,0.661290323,0.133056133,0.313283208,0.875432526,0.581920904,0.708333333,0.269565217,0.494565217,0.167597765,0.539568345,0.479400749,0.523560209,0.002336449,0.617563739,0.781710914,0.652777778,0.871595331,0.665322581,0.107692308,0.082222222,0.126237624,0.079365079,0.288508557,0.018907563,0.072727273,0.039534884,0.310657596,0.241847826,0.113948919,0.498567335,0.612345679,0.323907455,0.968847352,0.044025157,0.452554745,0.487238979,0.281081081,0.454545455,0.285310734,0.450396825,0.477876106,0.706896552,0.552486188,0.290909091,0.916256158,0.353846154,0.916107383,0.28807947,0.073979592,0.026506024,0.023017903,0.02360515,0.01183432,0.27826087,0.020785219,0.031609195,0.037940379,0.217118998,0.265206813,0.226775956,0.504424779,0.54214123,0.558472554,0.39017341,0.348039216,0.538243626,0.482758621,0.646907216,0.487804878,0.218068536,0.642857143,0.331491713,0.794117647,0.592997812,0.644396552,0.461764706,0.799145299,0.877419355,0.206827309,0.111742424,0.08388521,0.655688623,0.524547804,0.819571865,0.203125,0.0831643,0.07518797,0.67768595,0.369272237,0.36858006,0.005602241,0.017291066,0.109375,0.823880597,0.928571429,0.539726027,0.203252033,0.35125448,0.231974922,0.674509804,0.464052288,0.612903226,0.030534351,0.090909091,0.084615385,0.578125,0.461741425,0.25203252,0.471910112,0.596153846,0.305882353,0.136807818,0
0.417266187,0.006734007,0.092369478,0.525735294,0,0.255208333,0.6171875,0.503579952,0.559681698,0.183266932,0.299303944,0.674329502,0.164677804,0.423809524,0.401084011,0.051359517,0.72,0.432372506,0.643564356,0.432170543,0.728744939,0.526946108,0.71040724,0.010471204,0.025280899,0.520987654,0.64640884,0.106109325,0.46728972,0.02184466,0.003246753,0.29109589,0.335276968,0.011337868,0.321148825,0.269090909,0.01754386,0.464985994,0.064,0.6,0.051470588,0.59375,0.150326797,0.391509434,0.531578947,0.086092715,0.213483146,0.669211196,0.601336303,0.342915811,0.692870201,0.484419263,0.556164384,0.342657343,0.163978495,0.457380457,0.644110276,0.083044983,0.440677966,0.083333333,0.246376812,0.008152174,0.569832402,0.023980815,0.550561798,0.256544503,0.002336449,0.300283286,0.578171091,0.380555556,0.062256809,0.040322581,0.221978022,0.611111111,0.373762376,0.079365079,0.616136919,0.342436975,0.698989899,0.606976744,0.607709751,0.570652174,0.756385069,0.194842407,0.086419753,0.588688946,0.283489097,0.176100629,0.50729927,0.034802784,0,0.262032086,0.353107345,0.051587302,0.327433628,0.460591133,0.303867403,0.475324675,0.009852217,0.617948718,0.030201342,0.447019868,0.303571429,0.315662651,0.340153453,0.240343348,0.325443787,0.742028986,0.438799076,0.560344828,0.579945799,0.730688935,0.547445255,0.551912568,0.199115044,0.444191344,0.031026253,0.638728324,0.654411765,0.543909348,0.031830239,0.131443299,0.07804878,0.3894081,0.06122449,0.491712707,0.066176471,0.010940919,0.056034483,0.417647059,0.175213675,0.122580645,0.666666667,0.636363636,0.46799117,0.188622754,0.45994832,0.22324159,0.630208333,0.667342799,0.706766917,0.553719008,0.601078167,0.570996979,0.00280112,0.011527378,0.1015625,0.382089552,0.351190476,0.646575342,0.276422764,0.455197133,0.376175549,0.050980392,0.568627451,0.025806452,0.038167939,0.015151515,0.023076923,0.528125,0.733509235,0.569105691,0.041198502,0.570512821,0.711764706,0.205211726,0
0.338129496,0.084175084,0.036144578,0.536764706,0,0.236979167,0.544270833,0.644391408,0.549071618,0.119521912,0.30162413,0.463601533,0.272076372,0.526190476,0.308943089,0.057401813,0.734285714,0.820399113,0.431683168,0.298449612,0.564777328,0.508982036,0.418552036,0.020942408,0.025280899,0.607407407,0.524861878,0.321543408,0.464174455,0.019417476,0.003246753,0.883561644,0.241982507,0.011337868,0.315926893,0.207272727,0.010025063,0.565826331,0.008,0.4,0.029411765,0.730113636,0.189542484,0.433962264,0.447368421,0.075055188,0.142322097,0.786259542,0.53674833,0.145790554,0.510054845,0.52407932,0.493150685,0.477855478,0.169354839,0.449064449,0.551378446,0.110726644,0.43220339,0.092592593,0.263768116,0.679347826,0.318435754,0.021582734,0.539325843,0.282722513,0.002336449,0.274787535,0.002949853,0.225,0.023346304,0.116935484,0.296703297,0.555555556,0.254950495,0.087301587,0.621026895,0.546218487,0.432323232,0.579069767,0.503401361,0.486413043,0.487229862,0.226361032,0.034567901,0.593830334,0.264797508,0.5,0.510948905,0.030162413,0.048648649,0.620320856,0.358757062,0.053571429,0.411504425,0.066502463,0.281767956,0.605194805,0.009852217,0.469230769,0.110738255,0.566225166,0.323979592,0.351807229,0.347826087,0.566523605,0.100591716,0.866666667,0.277136259,0.436781609,0.528455285,0.444676409,0.374695864,0.401639344,0.112831858,0.325740319,0.033412888,0.780346821,0.634803922,0.521246459,0.029177719,0.131443299,0.075609756,0.174454829,0.680272109,0.20441989,0.115196078,0.008752735,0.092672414,0.405882353,0.547008547,0.093548387,0.696787149,0.604166667,0.713024283,0.311377246,0.651162791,0.321100917,0.5,0.480730223,0.479323308,0.435261708,0.474393531,0.595166163,0.00280112,0.008645533,0.1015625,0.23880597,0.25297619,0.463013699,0.276422764,0.451612903,0.376175549,0.494117647,0.879084967,0.722580645,0.038167939,0.015151515,0.023076923,0.4875,0.474934037,0.531165312,0.164794007,0.666666667,0.767647059,0.472312704,0
0.438848921,0.262626263,0.574297189,0.143382353,0,0.380208333,0.028645833,0.348448687,0.018567639,0.496015936,0.573085847,0.360153257,0.486873508,0.645238095,0.498644986,0.102719033,0.022857143,0.521064302,0.265346535,0.46124031,0.149797571,0.023952096,0.040723982,0.573298429,0.542134831,0.02962963,0.096685083,0.028938907,0.143302181,0.604368932,0.077922078,0.976027397,0.008746356,0.712018141,0.088772846,0.214545455,0.020050125,0.117647059,0.5,0.137837838,0.481617647,0.582386364,0.522875817,0.658018868,0.55,0.439293598,0.026217228,0.160305344,0.356347439,0.503080082,0.248628885,0.019830028,0.021917808,0.673659674,0.602150538,0.074844075,0.022556391,0.027681661,0.262711864,0.611111111,0.002898551,0.706521739,0.201117318,0.647482014,0.04494382,0.267015707,0.002336449,0.439093484,0.315634218,0.416666667,0.525291829,0.459677419,0.474725275,0.548888889,0.492574257,0.063492063,0.017114914,0.613445378,0.307070707,0.581395349,0.070294785,0.027173913,0.121807466,0.521489971,0.459259259,0.025706941,0.323987539,0.031446541,0.142335766,0.568445476,0.578378378,0.812834225,0.005649718,0.424603175,0.353982301,0.039408867,0.187845304,0.023376623,0.645320197,0.017948718,0.419463087,0.572847682,0.5,0.56626506,0.578005115,0.508583691,0.047337278,0.124637681,0.346420323,0.468390805,0.327913279,0.083507307,0.01703163,0.013661202,0.457964602,0.799544419,0.639618138,0.020231214,0.034313725,0.036827195,0.514588859,0.443298969,0.43902439,0.127725857,0.921768707,0.635359116,0.683823529,0.667396061,0.545258621,0.011764706,0.572649573,0.438709677,0.301204819,0.433712121,0.6401766,0.517964072,0.074935401,0.510703364,0.026041667,0.101419878,0.088345865,0.132231405,0.021563342,0.024169184,0.00280112,0.008645533,0.1171875,0.471641791,0.44047619,0.136986301,0.073170732,0.014336918,0.006269592,0.474509804,0.852941176,0.574193548,0.025445293,0.631313131,0.61025641,0.359375,0.208443272,0.460704607,0.239700375,0.762820513,0.791176471,0.550488599,0
0.338129496,0.077441077,0.032128514,0.536764706,0,0.236979167,0.552083333,0.649164678,0.559681698,0.123505976,0.285382831,0.66091954,0.276849642,0.380952381,0.308943089,0.045317221,0.742857143,0.518847007,0.657425743,0.290697674,0.704453441,0.505988024,0.7239819,0.023560209,0.025280899,0.609876543,0.533149171,0.305466238,0.464174455,0.019417476,0.003246753,0.883561644,0.241982507,0.011337868,0.315926893,0.207272727,0.010025063,0.546218487,0.008,0.4,0.033088235,0.732954545,0.196078431,0.344339623,0.471052632,0.033112583,0.157303371,0.572519084,0.652561247,0.143737166,0.676416819,0.529745042,0.550684932,0.484848485,0.169354839,0.498960499,0.558897243,0.107266436,0.43220339,0.092592593,0.263768116,0.676630435,0.318435754,0.021582734,0.539325843,0.282722513,0.002336449,0.257790368,0.002949853,0.222222222,0.023346304,0.116935484,0.296703297,0.568888889,0.25990099,0.079365079,0.628361858,0.304621849,0.696969697,0.574418605,0.573696145,0.489130435,0.754420432,0.226361032,0.034567901,0.596401028,0.267912773,0.490566038,0.510948905,0.030162413,0.048648649,0.614973262,0.358757062,0.049603175,0.411504425,0.068965517,0.281767956,0.597402597,0.009852217,0.479487179,0.11409396,0.566225166,0.326530612,0.34939759,0.329923274,0.19527897,0.053254438,0.571014493,0.270207852,0.485632184,0.520325203,0.724425887,0.547445255,0.532786885,0.10840708,0.32118451,0.033412888,0.777456647,0.639705882,0.521246459,0.029177719,0.131443299,0.075609756,0.171339564,0.676870748,0.198895028,0.115196078,0.008752735,0.092672414,0.405882353,0.547008547,0.093548387,0.618473896,0.598484848,0.430463576,0.296407186,0.640826873,0.318042813,0.671875,0.705882353,0.719924812,0.421487603,0.471698113,0.577039275,0.00280112,0.008645533,0.1015625,0.244776119,0.255952381,0.473972603,0.276422764,0.451612903,0.376175549,0.494117647,0.879084967,0.722580645,0.03562341,0.015151515,0.023076923,0.490625,0.477572559,0.531165312,0.161048689,0.666666667,0.767647059,0.472312704,0
0.374100719,0.326599327,0.590361446,0.0625,0,0.5859375,0.020833333,0.15274463,0.045092838,0.505976096,0.747099768,0.513409962,0.766109785,0.654761905,0.471544715,0.123867069,0.034285714,0.580931264,0.421782178,0.368217054,0.366396761,0.023952096,0.119909502,0.664921466,0.525280899,0.012345679,0.113259669,0.01607717,0.271028037,0.63592233,0.003246753,0.154109589,0.306122449,0.634920635,0,0.469090909,0.002506266,0.112044818,0.476,0.145945946,0.522058824,0.357954545,0.631808279,0.596698113,0.636842105,0.726269316,0.026217228,0.284987277,0.331848552,0.519507187,0.44606947,0.025495751,0.019178082,0.095571096,0.400537634,0.031185031,0.01754386,0.076124567,0.497175141,0.564814815,0.014492754,0.182065217,0.530726257,0.685851319,0.06741573,0.356020942,0.002336449,0.439093484,0.474926254,0.433333333,0.556420233,0.475806452,0.745054945,0.637777778,0.492574257,0.111111111,0.031784841,0.542016807,0.494949495,0.313953488,0.158730159,0.02173913,0.371316306,0.260744986,0.454320988,0.015424165,0.395638629,0.012578616,0.098540146,0.672853828,0.021621622,0.197860963,0.048022599,0.722222222,0.203539823,0.65270936,0.251381215,0.031168831,0.640394089,0.015384615,0.469798658,0.367549669,0.525510204,0.551807229,0.570332481,0.392703863,0.038461538,0.173913043,0.334872979,0.583333333,0.368563686,0.221294363,0.068126521,0.030054645,0.471238938,0.589977221,0.53221957,0.00867052,0.022058824,0.039660057,0.618037135,0.538659794,0.626829268,0.529595016,0.034013605,0.546961326,0.720588235,0.623632385,0.743534483,0.002941176,0.02991453,0.116129032,0.481927711,0.547348485,0.668874172,0.502994012,0.072351421,0.458715596,0.049479167,0.131845842,0.285714286,0.134986226,0.021563342,0.027190332,0.00280112,0.011527378,0.0703125,0.501492537,0.488095238,0.150684932,0.070460705,0.003584229,0.006269592,0.454901961,0.254901961,0.367741935,0.050890585,0.765151515,0.553846154,0.375,0.707124011,0.533875339,0.078651685,0.615384615,0.7,0.110749186,0
0.338129496,0.077441077,0.040160643,0.536764706,0,0.234375,0.526041667,0.377088305,0.562334218,0.37250996,0.605568445,0.670498084,0.606205251,0.573809524,0.612466125,0.051359517,0.722857143,0.523281596,0.64950495,0.296511628,0.718623482,0.511976048,0.714932127,0.007853403,0.025280899,0.614814815,0.491712707,0.331189711,0.464174455,0.026699029,0.003246753,0.886986301,0.241982507,0.090702948,0.315926893,0.203636364,0.010025063,0.577030812,0.008,0.383783784,0.025735294,0.730113636,0.503267974,0.634433962,0.6,0.397350993,0.127340824,0.58778626,0.594654788,0.377823409,0.68738574,0.543909348,0.534246575,0.060606061,0.169354839,0.501039501,0.526315789,0.107266436,0.43220339,0.219907407,0.269565217,0.682065217,0.318435754,0.023980815,0.539325843,0.282722513,0.002336449,0.28611898,0.002949853,0.219444444,0.019455253,0.116935484,0.593406593,0.613333333,0.574257426,0.087301587,0.621026895,0.468487395,0.698989899,0.290697674,0.591836735,0.47826087,0.756385069,0.229226361,0.128395062,0.586118252,0.242990654,0.51572327,0.510948905,0.030162413,0.051351351,0.614973262,0.361581921,0.361111111,0.411504425,0.061576355,0.279005525,0.612987013,0.009852217,0.446153846,0.087248322,0.566225166,0.647959184,0.645783133,0.590792839,0.324034335,0.044378698,0.565217391,0.468822171,0.568965517,0.387533875,0.728601253,0.552311436,0.527322404,0.14380531,0.079726651,0.033412888,0.783236994,0.620098039,0.498583569,0.029177719,0.131443299,0.075609756,0.174454829,0.680272109,0.20441989,0.348039216,0.059080963,0.385775862,0.402941176,0.547008547,0.090322581,0.65060241,0.625,0.53200883,0.314371257,0.65374677,0.314984709,0.651041667,0.681541582,0.712406015,0.443526171,0.471698113,0.610271903,0.00280112,0.008645533,0.09375,0.220895522,0.238095238,0.424657534,0.276422764,0.451612903,0.376175549,0.494117647,0.879084967,0.722580645,0.038167939,0.095959596,0.023076923,0.4875,0.472295515,0.531165312,0.161048689,0.666666667,0.767647059,0.472312704,0
0.366906475,0.323232323,0.590361446,0.084558824,0,0.578125,0.020833333,0.687350835,0.026525199,0.561752988,0.77262181,0.233716475,0.85202864,0.385714286,0.382113821,0.063444109,0.031428571,0.157427938,0.421782178,0.406976744,0.072874494,0.023952096,0.061085973,0.683246073,0.502808989,0.054320988,0.113259669,0.01607717,0.236760125,0.638349515,0.003246753,0.150684932,0.306122449,0.632653061,0.002610966,0.469090909,0.010025063,0.112044818,0.476,0.145945946,0.522058824,0.357954545,0.729847495,0.466981132,0.357894737,0.66004415,0.026217228,0.071246819,0.601336303,0.501026694,0.10786106,0.025495751,0.016438356,0.41025641,0.403225806,0.214137214,0.015037594,0.07266436,0.463276836,0.601851852,0.014492754,0.179347826,0.530726257,0.70263789,0.071161049,0.356020942,0.002336449,0.439093484,0.477876106,0.433333333,0.552529183,0.475806452,0.804395604,0.333333333,0.599009901,0.103174603,0.031784841,0.327731092,0.311111111,0.53255814,0.029478458,0.02173913,0.104125737,0.332378223,0.449382716,0.015424165,0.392523364,0.132075472,0.076642336,0.670533643,0.018918919,0.197860963,0.048022599,0.714285714,0.203539823,0.655172414,0.279005525,0.031168831,0.645320197,0.015384615,0.469798658,0.364238411,0.681122449,0.624096386,0.327365729,0.066523605,0.020710059,0.028985507,0.351039261,0.436781609,0.536585366,0.054279749,0.00729927,0.013661202,0.457964602,0.544419134,0.570405728,0.014450867,0.019607843,0.039660057,0.599469496,0.489690722,0.602439024,0.529595016,0.034013605,0.546961326,0.769607843,0.647702407,0.767241379,0.002941176,0.02991453,0.119354839,0.118473896,0.21780303,0.379690949,0.502994012,0.072351421,0.458715596,0.0625,0.235294118,0.15037594,0.134986226,0.018867925,0.027190332,0.00280112,0.011527378,0.078125,0.501492537,0.485119048,0.150684932,0.073170732,0.003584229,0.006269592,0.454901961,0.251633987,0.364516129,0.048346056,0.611111111,0.615384615,0.375,0.707124011,0.531165312,0.078651685,0.615384615,0.7,0.114006515,0
0.338129496,0.077441077,0.032128514,0.536764706,0,0.236979167,0.552083333,0.649164678,0.559681698,0.123505976,0.285382831,0.66091954,0.276849642,0.380952381,0.308943089,0.045317221,0.742857143,0.518847007,0.657425743,0.290697674,0.706477733,0.505988024,0.7239819,0.023560209,0.025280899,0.607407407,0.533149171,0.305466238,0.464174455,0.019417476,0.003246753,0.883561644,0.241982507,0.011337868,0.315926893,0.203636364,0.010025063,0.546218487,0.008,0.4,0.029411765,0.732954545,0.196078431,0.344339623,0.471052632,0.035320088,0.157303371,0.572519084,0.652561247,0.143737166,0.678244973,0.529745042,0.550684932,0.482517483,0.169354839,0.496881497,0.558897243,0.107266436,0.43220339,0.092592593,0.266666667,0.676630435,0.318435754,0.021582734,0.539325843,0.282722513,0,0.254957507,0.002949853,0.222222222,0.023346304,0.116935484,0.296703297,0.568888889,0.25990099,0.087301587,0.628361858,0.304621849,0.696969697,0.574418605,0.575963719,0.489130435,0.754420432,0.226361032,0.034567901,0.596401028,0.267912773,0.490566038,0.510948905,0.030162413,0.045945946,0.614973262,0.358757062,0.049603175,0.411504425,0.068965517,0.281767956,0.597402597,0.009852217,0.479487179,0.110738255,0.566225166,0.326530612,0.34939759,0.329923274,0.19527897,0.053254438,0.571014493,0.270207852,0.485632184,0.520325203,0.72651357,0.547445255,0.532786885,0.10840708,0.32118451,0.033412888,0.777456647,0.639705882,0.521246459,0.029177719,0.131443299,0.075609756,0.171339564,0.676870748,0.198895028,0.115196078,0.008752735,0.092672414,0.402941176,0.547008547,0.090322581,0.620481928,0.600378788,0.430463576,0.296407186,0.640826873,0.318042813,0.671875,0.705882353,0.719924812,0.418732782,0.471698113,0.577039275,0.00280112,0.011527378,0.1015625,0.244776119,0.255952381,0.473972603,0.276422764,0.451612903,0.376175549,0.494117647,0.879084967,0.722580645,0.03562341,0.015151515,0.023076923,0.490625,0.477572559,0.531165312,0.161048689,0.666666667,0.767647059,0.472312704,0
0.374100719,0.326599327,0.590361446,0.0625,0,0.5859375,0.020833333,0.150357995,0.045092838,0.505976096,0.747099768,0.513409962,0.76372315,0.654761905,0.471544715,0.126888218,0.034285714,0.583148559,0.421782178,0.36627907,0.366396761,0.023952096,0.119909502,0.662303665,0.525280899,0.012345679,0.113259669,0.01607717,0.271028037,0.63592233,0.003246753,0.154109589,0.306122449,0.634920635,0,0.469090909,0.005012531,0.112044818,0.476,0.145945946,0.522058824,0.357954545,0.631808279,0.596698113,0.636842105,0.726269316,0.026217228,0.284987277,0.329621381,0.519507187,0.44606947,0.025495751,0.019178082,0.093240093,0.400537634,0.029106029,0.01754386,0.076124567,0.5,0.564814815,0.014492754,0.182065217,0.530726257,0.685851319,0.071161049,0.356020942,0.002336449,0.439093484,0.474926254,0.433333333,0.556420233,0.475806452,0.745054945,0.637777778,0.492574257,0.111111111,0.031784841,0.542016807,0.494949495,0.313953488,0.158730159,0.02173913,0.371316306,0.260744986,0.454320988,0.015424165,0.395638629,0.012578616,0.098540146,0.675174014,0.021621622,0.203208556,0.048022599,0.722222222,0.199115044,0.65270936,0.254143646,0.031168831,0.640394089,0.015384615,0.469798658,0.367549669,0.522959184,0.551807229,0.570332481,0.392703863,0.038461538,0.173913043,0.334872979,0.58045977,0.368563686,0.219206681,0.068126521,0.030054645,0.471238938,0.589977221,0.53221957,0.00867052,0.019607843,0.039660057,0.618037135,0.538659794,0.626829268,0.529595016,0.037414966,0.546961326,0.720588235,0.623632385,0.743534483,0.002941176,0.02991453,0.116129032,0.481927711,0.547348485,0.668874172,0.502994012,0.072351421,0.455657492,0.049479167,0.129817444,0.285714286,0.134986226,0.018867925,0.027190332,0.00280112,0.011527378,0.0703125,0.504477612,0.488095238,0.150684932,0.070460705,0.003584229,0.006269592,0.454901961,0.254901961,0.367741935,0.050890585,0.767676768,0.556410256,0.375,0.707124011,0.533875339,0.078651685,0.615384615,0.7,0.110749186,0
0.366906475,0.006734007,0.076305221,0.011029412,0,0.013020833,0.604166667,0.522673031,0.567639257,0.225099602,0.638051044,0.431034483,0.503579952,0.611904762,0.512195122,0.148036254,0.734285714,0.470066519,0.386138614,0.40503876,0.483805668,0.511976048,0.391402715,0.018324607,0.030898876,0.528395062,0.635359116,0.147909968,0,0.024271845,0.003246753,0.70890411,0.274052478,0.097505669,0.065274151,0.174545455,0,0.431372549,0.024,0.562162162,0.047794118,0.721590909,0.361655773,0.674528302,0.478947368,0.520971302,0.209737828,0.580152672,0.476614699,0.301848049,0.469835466,0.487252125,0.487671233,0.424242424,0.01344086,0.467775468,0.634085213,0.096885813,0.008474576,0.159722222,0.002898551,0.125,0.51396648,0.026378897,0.011235955,0.267015707,0.002336449,0.257790368,0.029498525,0.336111111,0.054474708,0.092741935,0.553846154,0.491111111,0.425742574,0.087301587,0.62591687,0.609243697,0.418181818,0.606976744,0.442176871,0.551630435,0.481335953,0.008595989,0.07654321,0.593830334,0.286604361,0.22327044,0.003649635,0.030162413,0,0.486631016,0.019774011,0.35515873,0.46460177,0.073891626,0.002762431,0.490909091,0.009852217,0.592307692,0.036912752,0.562913907,0.535714286,0.607228916,0.565217391,0.495708155,0.284023669,0.713043478,0.404157044,0.462643678,0.555555556,0.438413361,0.369829684,0.401639344,0.183628319,0.446469248,0.035799523,0.682080925,0.656862745,0.558073654,0.037135279,0.012886598,0.017073171,0.040498442,0.146258503,0.187845304,0.257352941,0.054704595,0.310344828,0.002941176,0.474358974,0.006451613,0.463855422,0.448863636,0.580573951,0.188622754,0.49870801,0.23853211,0.4296875,0.45030426,0.415413534,0.504132231,0.568733154,0.540785498,0.00280112,0.011527378,0.1015625,0.352238806,0.336309524,0.621917808,0.159891599,0.007168459,0.003134796,0.192156863,0.794117647,0.377419355,0.03562341,0.184343434,0.025641026,0.584375,0.662269129,0.596205962,0.029962547,0.653846154,0.8,0.325732899,0
0.366906475,0.003367003,0.004016064,0.128676471,0,0.395833333,0.03125,0.6849642,0.023872679,0.498007968,0.589327146,0.38697318,0.494033413,0.635714286,0.479674797,0.13897281,0.031428571,0.523281596,0.510891089,0.325581395,0.149797571,0.02994012,0.122171946,0.59947644,0.528089888,0.096296296,0.013812155,0.025723473,0.130841121,0.609223301,0.003246753,0.705479452,0.27696793,0.714285714,0.067885117,0.181818182,0.020050125,0.016806723,0.024,0.010810811,0.014705882,0.71875,0.527233115,0.660377358,0.534210526,0.46799117,0.014981273,0.165394402,0.659242762,0.503080082,0.276051188,0.025495751,0.038356164,0.247086247,0.564516129,0.361746362,0.01754386,0,0.268361582,0.608796296,0.002898551,0.114130435,0.51396648,0.657074341,0.037453184,0.267015707,0.002336449,0.005665722,0.029498525,0.008333333,0.011673152,0.088709677,0.483516484,0.531111111,0.497524752,0.079365079,0.026894866,0.621848739,0.442424242,0.462790698,0.070294785,0.029891304,0.265225933,0.487106017,0.454320988,0.025706941,0.00623053,0.144654088,0.116788321,0.575406032,0,0.486631016,0.016949153,0.428571429,0.46460177,0.083743842,0.193370166,0.033766234,0.004926108,0.015384615,0.006711409,0.566225166,0.5,0.56626506,0.565217391,0.534334764,0.062130178,0.144927536,0.325635104,0.534482759,0.536585366,0.114822547,0.02189781,0.027322404,0.438053097,0.553530752,0.632458234,0.034682081,0.031862745,0.014164306,0.517241379,0.407216495,0.443902439,0.040498442,0.136054422,0.182320442,0.678921569,0.669584245,0.536637931,0.002941176,0.478632479,0.006451613,0.285140562,0.418560606,0.637969095,0.005988024,0.023255814,0.006116208,0.125,0.415821501,0.332706767,0.013774105,0.026954178,0.033232628,0.00280112,0.014409222,0.1015625,0.005970149,0.005952381,0.010958904,0.162601626,0.007168459,0.003134796,0.180392157,0.794117647,0.293548387,0.03562341,0.626262626,0.620512821,0.578125,0.664907652,0.598915989,0.029962547,0.653846154,0.802941176,0.325732899,0
0.366906475,0.636363636,0.746987952,0.088235294,0,0.567708333,0.028645833,0.680190931,0.037135279,0.43625498,0.501160093,0.448275862,0.575178998,0.657142857,0.466124661,0.093655589,0.248571429,0.596452328,0.413861386,0.403100775,0.273279352,0.020958084,0.074660633,0.680628272,0.5,0.049382716,0.770718232,0.160771704,0.218068536,0.640776699,0.003246753,0.154109589,0.244897959,0.630385488,0.01305483,0.509090909,0.012531328,0.37535014,0.616,0.578378378,0.790441176,0.355113636,0.509803922,0.622641509,0.589473684,0.337748344,0.63670412,0.251908397,0.583518931,0.492813142,0.376599634,0.02266289,0.01369863,0.424242424,0.405913978,0.197505198,0.197994987,0.761245675,0.437853107,0.543981481,0.017391304,0.230978261,0.48603352,0.707434053,0.06741573,0.387434555,0.002336449,0.654390935,0.607669617,0.725,0.782101167,0.451612903,0.498901099,0.602222222,0.405940594,0.111111111,0.041564792,0.598739496,0.418181818,0.534883721,0.12244898,0.019021739,0.253438114,0.346704871,0.44691358,0.01285347,0.956386293,0.229559748,0.069343066,0.668213457,0.091891892,0.20855615,0.042372881,0.430555556,0.092920354,0.699507389,0.276243094,0.051948052,0.714285714,0.143589744,0.751677852,0.281456954,0.428571429,0.503614458,0.567774936,0.5,0.059171598,0.263768116,0.321016166,0.531609195,0.525745257,0.139874739,0.04379562,0.016393443,0.46460177,0.535307517,0.582338902,0.13583815,0.110294118,0.733711048,0.594164456,0.466494845,0.590243902,0.53271028,0.19047619,0.585635359,0.600490196,0.658643326,0.530172414,0.002941176,0.11965812,0.216129032,0.439759036,0.511363636,0.677704194,0.80239521,0.444444444,0.978593272,0.0546875,0.210953347,0.193609023,0.429752066,0.067385445,0.039274924,0.00280112,0.008645533,0.0703125,0.880597015,0.9375,0.701369863,0.040650407,0.007168459,0.009404389,0.482352941,0.218954248,0.387096774,0.050890585,0.123737374,0.633333333,0.378125,0.659630607,0.482384824,0.127340824,0.602564103,0.658823529,0.081433225,0
0.28057554,0.198653199,0.036144578,0.816176471,0,0.609375,0.559895833,0.649164678,0.551724138,0.326693227,0.642691415,0.390804598,0.591885442,0.576190476,0.574525745,0.084592145,0.754285714,0.543237251,0.431683168,0.300387597,0.417004049,0.508982036,0.43438914,0.010471204,0.016853933,0.607407407,0.538674033,0.282958199,0.551401869,0.029126214,0.506493506,0.952054795,0.61516035,0.117913832,0.514360313,0.32,0.781954887,0.549019608,0.008,0.408108108,0.036764706,0.619318182,0.472766885,0.662735849,0.473684211,0.481236203,0.161048689,0.541984733,0.541202673,0.314168378,0.405850091,0.518413598,0.506849315,0.459207459,0.346774194,0.442827443,0.56641604,0.166089965,0.663841808,0.206018519,0.869565217,0.766304348,0.296089385,0.040767386,0.988764045,0.272251309,0.002336449,0.257790368,0.005899705,0.227777778,0.031128405,0.052419355,0.602197802,0.442222222,0.527227723,0.103174603,0.633251834,0.537815126,0.416161616,0.56744186,0.383219955,0.497282609,0.487229862,0.148997135,0.10617284,0.604113111,0.277258567,0.474842767,0.5,0.081206497,0.672972973,0.689839572,0.731638418,0.390873016,0.340707965,0.36453202,0.831491713,0.6,0.009852217,0.48974359,0.117449664,0.51986755,0.619897959,0.645783133,0.583120205,0.334763948,0.065088757,0.579710145,0.413394919,0.471264368,0.528455285,0.425887265,0.369829684,0.407103825,0.119469027,0.300683371,0.021479714,0.774566474,0.644607843,0.52407932,0.029177719,0.221649485,0.104878049,0.682242991,0.884353741,0.497237569,0.333333333,0.070021882,0.390086207,0.844117647,0.5,0.635483871,0.477911647,0.395833333,0.518763797,0.299401198,0.645994832,0.324159021,0.505208333,0.470588235,0.481203008,0.424242424,0.479784367,0.577039275,0.00280112,0.008645533,0.0703125,0.250746269,0.261904762,0.484931507,0.471544715,0.695340502,0.564263323,0.243137255,0.852941176,0.712903226,0.050890585,0.159090909,0.038461538,0.134375,0.058047493,0.420054201,0.314606742,0.717948718,0.685294118,0.609120521,0
0.366906475,0.037037037,0.16064257,0.022058824,0,0.002604167,0.565104167,0.570405728,0.538461538,0.430278884,0.645011601,0.570881226,0.663484487,0.519047619,0.531165312,0.069486405,0.797142857,0.569844789,0.538613861,0.358527132,0.463562753,0.497005988,0.610859729,0.02617801,0.014044944,0.469135802,0.748618785,0.160771704,0,0.050970874,0.003246753,0.715753425,0.279883382,0.172335601,0.062663185,0.178181818,0,0.543417367,0.02,0.675675676,0.191176471,0.721590909,0.562091503,0.601415094,0.607894737,0.48785872,0.269662921,0.511450382,0.4922049,0.400410678,0.458866545,0.512747875,0.55890411,0.51048951,0.002688172,0.511434511,0.666666667,0.14532872,0,0.293981481,0,0.116847826,0.519553073,0.021582734,0.003745318,0.272251309,0.004672897,0.422096317,0.032448378,0.522222222,0.167315175,0.112903226,0.641758242,0.6,0.576732673,0.079365079,0.623471883,0.464285714,0.6,0.590697674,0.492063492,0.5,0.497053045,0,0.165432099,0.511568123,0.489096573,0.254716981,0.010948905,0.020881671,0,0.502673797,0.019774011,0.470238095,0.469026549,0.071428571,0,0.535064935,0.004926108,0.630769231,0.181208054,0.569536424,0.645408163,0.63373494,0.52173913,0.302575107,0.156804734,0.611594203,0.422632794,0.577586207,0.514905149,0.555323591,0.581508516,0.62568306,0.17920354,0.423690205,0.023866348,0.604046243,0.656862745,0.662889518,0.021220159,0,0.004878049,0.043613707,0.149659864,0.193370166,0.485294118,0.120350109,0.502155172,0,0.478632479,0.006451613,0.457831325,0.488636364,0.520971302,0.28742515,0.607235142,0.342507645,0.596354167,0.460446247,0.453007519,0.614325069,0.590296496,0.561933535,0.005602241,0.017291066,0.078125,0.552238806,0.532738095,0.736986301,0.162601626,0,0,0.266666667,0.797385621,0.361290323,0.048346056,0.217171717,0.025641026,0.575,0.662269129,0.601626016,0.029962547,0.653846154,0.805882353,0.32247557,0
0.366906475,0,0.008032129,0.253676471,0.002816901,0.565104167,0.015625,0.711217184,0.068965517,0.501992032,0.49187935,0.482758621,0.575178998,0.616666667,0.569105691,0.078549849,0.025714286,0.647450111,0.457425743,0.414728682,0.412955466,0.01497006,0.13800905,0.581151832,0.502808989,0.083950617,0,0.01607717,0.22741433,0.61407767,0.003246753,0.702054795,0.27696793,0.684807256,0.062663185,0.178181818,0.040100251,0.00280112,0.02,0,0.018382353,0.721590909,0.501089325,0.544811321,0.555263158,0.280353201,0.014981273,0.455470738,0.628062361,0.513347023,0.44606947,0.02266289,0.019178082,0.351981352,0.672043011,0.353430353,0.005012531,0,0.401129944,0.601851852,0,0.114130435,0.525139665,0.724220624,0.082397004,0.267015707,0.002336449,0,0.029498525,0,0.015564202,0.088709677,0.547252747,0.6,0.606435644,0.103174603,0.041564792,0.558823529,0.456565657,0.476744186,0.238095238,0.013586957,0.36935167,0.676217765,0.622222222,0.01285347,0,0.201257862,0.229927007,0.647331787,0,0.475935829,0.019774011,0.428571429,0.46460177,0.078817734,0.359116022,0.020779221,0,0,0.006711409,0.562913907,0.56377551,0.46746988,0.519181586,0.489270386,0.073964497,0.428985507,0.577367206,0.502873563,0.517615176,0.27348643,0.092457421,0.035519126,0.659292035,0.599088838,0.625298329,0.031791908,0.019607843,0,0.530503979,0.510309278,0.543902439,0.043613707,0.132653061,0.198895028,0.585784314,0.663019694,0.510775862,0,0.465811966,0.006451613,0.530120482,0.545454545,0.673289183,0,0.012919897,0,0.09375,0.361054767,0.315789474,0,0.010781671,0.01510574,0.005602241,0.017291066,0.078125,0.002985075,0,0,0.157181572,0,0,0.188235294,0.790849673,0.338709677,0.03562341,0.368686869,0.71025641,0.584375,0.667546174,0.598915989,0.029962547,0.647435897,0.797058824,0.319218241,0
0.366906475,0.622895623,0.730923695,0.261029412,0,0.5859375,0.015625,0.692124105,0.061007958,0.513944223,0.505800464,0.465517241,0.579952267,0.619047619,0.569105691,0.102719033,0.325714286,0.654101996,0.459405941,0.40503876,0.390688259,0.005988024,0.119909502,0.565445026,0.508426966,0.074074074,0.773480663,0.192926045,0.236760125,0.616504854,0.003246753,0.154109589,0.247813411,0.68707483,0.01305483,0.505454545,0.045112782,0.392156863,0.6,0.583783784,0.772058824,0.355113636,0.509803922,0.558962264,0.542105263,0.328918322,0.640449438,0.442748092,0.623608018,0.517453799,0.429616088,0.014164306,0.010958904,0.331002331,0.680107527,0.328482328,0.223057644,0.761245675,0.426553672,0.608796296,0.014492754,0.222826087,0.491620112,0.736211031,0.08988764,0.382198953,0.002336449,0.651558074,0.604719764,0.719444444,0.762645914,0.443548387,0.551648352,0.593333333,0.628712871,0.134920635,0.090464548,0.575630252,0.444444444,0.481395349,0.210884354,0.002717391,0.343811395,0.676217765,0.641975309,0.005141388,0.950155763,0.27672956,0.240875912,0.658932715,0.089189189,0.213903743,0.042372881,0.446428571,0.092920354,0.697044335,0.395027624,0.044155844,0.699507389,0.148717949,0.738255034,0.294701987,0.589285714,0.479518072,0.52173913,0.517167382,0.094674556,0.437681159,0.575057737,0.502873563,0.520325203,0.235908142,0.075425791,0.021857923,0.659292035,0.599088838,0.627684964,0.210982659,0.139705882,0.742209632,0.530503979,0.520618557,0.556097561,0.53271028,0.173469388,0.585635359,0.588235294,0.667396061,0.519396552,0,0.102564103,0.196774194,0.520080321,0.537878788,0.677704194,0.799401198,0.45994832,0.972477064,0.0859375,0.352941176,0.29887218,0.443526171,0.059299191,0.024169184,0.00280112,0.014409222,0.0546875,0.871641791,0.931547619,0.706849315,0.043360434,0,0.006269592,0.474509804,0.215686275,0.377419355,0.045801527,0.376262626,0.728205128,0.375,0.670184697,0.490514905,0.127340824,0.602564103,0.658823529,0.084690554,0
0.294964029,0.31986532,0.172690763,0.823529412,0,0.622395833,0.565104167,0.570405728,0.543766578,0.410358566,0.656612529,0.578544061,0.656324582,0.533333333,0.528455285,0.090634441,0.811428571,0.576496674,0.526732673,0.350775194,0.469635628,0.508982036,0.608597285,0.010471204,0,0.471604938,0.756906077,0.144694534,0.563862928,0.04368932,0.493506494,0.955479452,0.603498542,0.215419501,0.506527415,0.316363636,0.776942356,0.557422969,0.008,0.686486486,0.227941176,0.625,0.549019608,0.617924528,0.597368421,0.509933775,0.27340824,0.513994911,0.494432071,0.377823409,0.475319927,0.526912181,0.567123288,0.484848485,0.349462366,0.509355509,0.671679198,0.169550173,0.675141243,0.275462963,0.866666667,0.760869565,0.290502793,0.129496403,0.988764045,0.277486911,0.002336449,0.439093484,0.002949853,0.536111111,0.147859922,0.048387097,0.641758242,0.606666667,0.561881188,0.095238095,0.628361858,0.481092437,0.597979798,0.586046512,0.503401361,0.505434783,0.500982318,0.160458453,0.145679012,0.508997429,0.510903427,0.235849057,0.510948905,0.083526682,0.664864865,0.700534759,0.725988701,0.470238095,0.340707965,0.354679803,0.834254144,0.545454545,0.009852217,0.638461538,0.322147651,0.526490066,0.637755102,0.636144578,0.524296675,0.336909871,0.150887574,0.611594203,0.413394919,0.557471264,0.52303523,0.551148225,0.598540146,0.642076503,0.161504425,0.400911162,0.007159905,0.595375723,0.656862745,0.66572238,0.015915119,0.229381443,0.1,0.672897196,0.884353741,0.497237569,0.465686275,0.131291028,0.493534483,0.835294118,0.504273504,0.625806452,0.465863454,0.503787879,0.520971302,0.305389222,0.627906977,0.360856269,0.588541667,0.45841785,0.445488722,0.628099174,0.595687332,0.567975831,0.00280112,0.014409222,0.0546875,0.567164179,0.544642857,0.747945205,0.463414634,0.691756272,0.561128527,0.254901961,0.85620915,0.709677419,0.063613232,0.23989899,0.08974359,0.1375,0.060686016,0.425474255,0.310861423,0.711538462,0.694117647,0.605863192,0
0.438848921,0.033670034,0.168674699,0.808823529,0,0.549479167,0.565104167,0.565632458,0.543766578,0.408366534,0.6612529,0.578544061,0.656324582,0.535714286,0.525745257,0.093655589,0.811428571,0.578713969,0.524752475,0.352713178,0.471659919,0.508982036,0.608597285,0.010471204,0.053370787,0.471604938,0.756906077,0.147909968,0.732087227,0.07038835,0.003246753,0.160958904,0.349854227,0.213151927,0.509138381,0.316363636,0.79197995,0.557422969,0.056,0.683783784,0.117647059,0.477272727,0.546840959,0.620283019,0.6,0.516556291,0.27340824,0.513994911,0.489977728,0.373716632,0.475319927,0.52407932,0.567123288,0.48018648,0.741935484,0.509355509,0.671679198,0.14532872,0.68079096,0.280092593,0.084057971,0,0.536312849,0.105515588,0.928838951,0.251308901,0.002336449,0.433427762,0.657817109,0.533333333,0.13618677,0.02016129,0.643956044,0.608888889,0.559405941,0.095238095,0.628361858,0.483193277,0.597979798,0.588372093,0.503401361,0.505434783,0.500982318,0.747851003,0.145679012,0.511568123,0.498442368,0.235849057,0.824817518,0.088167053,0,0.272727273,0.38700565,0.474206349,0.292035398,0.549261084,0.787292818,0.545454545,0.009852217,0.638461538,0.087248322,0.370860927,0.637755102,0.636144578,0.524296675,0.343347639,0.150887574,0.611594203,0.413394919,0.560344828,0.52303523,0.553235908,0.596107056,0.639344262,0.161504425,0.40546697,0.155131265,0.601156069,0.659313725,0.668555241,0.045092838,0.62628866,0.417073171,0.433021807,0.057823129,0.574585635,0.465686275,0.133479212,0.495689655,0.841176471,0.371794872,0.64516129,0.465863454,0.505681818,0.520971302,0.30239521,0.627906977,0.394495413,0.591145833,0.45841785,0.445488722,0.622589532,0.595687332,0.567975831,0.00280112,0.014409222,0.0546875,0.564179104,0.541666667,0.745205479,0.287262873,0.623655914,0.347962382,0.023529412,0.388888889,0.012903226,0.066157761,0.262626263,0.151282051,0.4125,0.730870712,0.533875339,0.101123596,0.544871795,0.658823529,0.172638436,0
0.323741007,0.272727273,0.084337349,0.886029412,0,0.770833333,0.5703125,0.551312649,0.519893899,0.294820717,0.642691415,0.534482759,0.560859189,0.576190476,0.536585366,0.081570997,0.777142857,0.498891353,0.592079208,0.420542636,0.475708502,0.505988024,0.597285068,0.109947644,0.047752809,0.518518519,0.687845304,0.376205788,0.806853583,0.084951456,0.396103896,0.928082192,0.402332362,0.172335601,0.360313316,0.28,0.007518797,0.638655462,0.012,0.551351351,0.128676471,0.690340909,0.437908497,0.658018868,0.568421053,0.507726269,0.202247191,0.58778626,0.556792873,0.344969199,0.431444241,0.532577904,0.561643836,0.501165501,0.596774194,0.465696466,0.639097744,0.214532872,0.855932203,0.18287037,0.834782609,0.744565217,0.229050279,0.242206235,0.730337079,0.298429319,0.002336449,0.40509915,0.002949853,0.366666667,0.062256809,0.084677419,0.584615385,0.526666667,0.48019802,0.047619048,0.572127139,0.558823529,0.604040404,0.6,0.541950113,0.491847826,0.499017682,0.696275072,0.088888889,0.570694087,0.429906542,0.336477987,0.740875912,0.503480278,0.551351351,0.657754011,0.632768362,0.390873016,0.340707965,0.064039409,0.690607735,0.58961039,0.024630542,0.571794872,0.261744966,0.546357616,0.584183673,0.624096386,0.560102302,0.392703863,0.059171598,0.591304348,0.404157044,0.560344828,0.506775068,0.559498956,0.608272506,0.631147541,0.225663717,0.535307517,0.062052506,0.75433526,0.683823529,0.657223796,0.034482759,0.649484536,0.612195122,0.520249221,0.795918367,0.337016575,0.318627451,0.159737418,0.377155172,0.441176471,0.517094017,0.070967742,0.463855422,0.412878788,0.514348786,0.461077844,0.713178295,0.504587156,0.552083333,0.454361055,0.469924812,0.537190083,0.528301887,0.583081571,0.00280112,0.766570605,0.125,0.376119403,0.404761905,0.638356164,0.2899729,0.501792115,0.438871473,0.42745098,0.879084967,0.748387097,0.025445293,0.181818182,0.002564103,0.33125,0.313984169,0.479674797,0.232209738,0.666666667,0.732352941,0.534201954,0
0.35971223,0.02020202,0.076305221,0.007352941,0,0,0.565104167,0.54176611,0.517241379,0.30876494,0.656612529,0.540229885,0.575178998,0.566666667,0.52303523,0.108761329,0.771428571,0.503325942,0.584158416,0.434108527,0.483805668,0.494011976,0.592760181,0.039267016,0.016853933,0.530864198,0.665745856,0.382636656,0.003115265,0.019417476,0.003246753,0.113013699,0.2303207,0.12244898,0.054830287,0.036363636,0,0.630252101,0.004,0.52972973,0.058823529,0.181818182,0.446623094,0.660377358,0.578947368,0.529801325,0.205992509,0.582697201,0.550111359,0.363449692,0.431444241,0.521246459,0.547945205,0.473193473,0.005376344,0.455301455,0.626566416,0.155709343,0.002824859,0.194444444,0.002898551,0,0.530726257,0.011990408,0.018726592,0.219895288,0.002336449,0.393767705,0.002949853,0.347222222,0.054474708,0.008064516,0.597802198,0.533333333,0.482673267,0.063492063,0.572127139,0.56302521,0.602020202,0.593023256,0.546485261,0.483695652,0.497053045,0.005730659,0.10617284,0.570694087,0.358255452,0.342767296,0.00729927,0.011600928,0,0.026737968,0.008474576,0.41468254,0.460176991,0.051724138,0,0.587012987,0.019704433,0.556410256,0.05033557,0.208609272,0.584183673,0.626506024,0.549872123,0.405579399,0.071005917,0.594202899,0.408775982,0.574712644,0.512195122,0.565762004,0.600973236,0.609289617,0.252212389,0.548974943,0.031026253,0.757225434,0.674019608,0.640226629,0.018567639,0,0,0.034267913,0.037414966,0.160220994,0.325980392,0.072210066,0.398706897,0.002941176,0.465811966,0.006451613,0.463855422,0.418560606,0.505518764,0.449101796,0.705426357,0.49235474,0.541666667,0.446247465,0.458646617,0.523415978,0.517520216,0.577039275,0.005602241,0.017291066,0.1015625,0.352238806,0.366071429,0.61369863,0.132791328,0.007168459,0,0.007843137,0.290849673,0.006451613,0.030534351,0.214646465,0.012820513,0.04375,0.232189974,0.295392954,0.052434457,0.608974359,0.776470588,0.335504886,0
0.374100719,0,0.004016064,0.147058824,0,0.692708333,0.020833333,0.6849642,0.023872679,0.541832669,0.522041763,0.425287356,0.517899761,0.635714286,0.539295393,0.114803625,0.017142857,0.592017738,0.516831683,0.46124031,0.253036437,0.01497006,0.21040724,0.717277487,0.488764045,0.167901235,0.005524862,0.025723473,0.370716511,0.589805825,0.003246753,0.130136986,0.218658892,0.530612245,0.052219321,0.04,0.032581454,0,0.004,0.002702703,0.011029412,0.190340909,0.509803922,0.627358491,0.539473684,0.399558499,0.007490637,0.234096692,0.661469933,0.511293634,0.352833638,0.011331445,0.063013699,0.244755245,0.532258065,0.478170478,0.010025063,0,0.615819209,0.599537037,0,0,0.530726257,0.73381295,0.157303371,0.230366492,0.004672897,0,0.002949853,0.002777778,0.007782101,0,0.47032967,0.564444444,0.532178218,0.071428571,0.017114914,0.611344538,0.458585859,0.437209302,0.10430839,0.016304348,0.355599214,0.555873926,0.644444444,0.038560411,0.003115265,0.235849057,0.131386861,0.696055684,0,0.032085561,0.016949153,0.44047619,0.455752212,0.049261084,0.519337017,0.018181818,0.004926108,0.002564103,0.003355705,0.208609272,0.474489796,0.508433735,0.542199488,0.540772532,0.071005917,0.223188406,0.56812933,0.502873563,0.514905149,0.194154489,0.04136253,0.049180328,0.637168142,0.519362187,0.61097852,0.066473988,0.029411765,0.008498584,0.549071618,0.548969072,0.648780488,0.031152648,0.040816327,0.17679558,0.625,0.595185996,0.57112069,0.002941176,0.457264957,0.006451613,0.407630522,0.477272727,0.662251656,0.002994012,0.007751938,0,0.2265625,0.503042596,0.407894737,0,0.013477089,0.01510574,0.005602241,0.014409222,0.1171875,0,0.00297619,0.005479452,0.130081301,0.017921147,0.003134796,0,0.303921569,0,0.030534351,0.20959596,0.68974359,0.04375,0.234828496,0.295392954,0.052434457,0.602564103,0.770588235,0.335504886,0
0.366906475,0.61952862,0.738955823,0.139705882,0,0.713541667,0.020833333,0.682577566,0.026525199,0.611553785,0.510440835,0.423371648,0.639618138,0.638095238,0.959349593,0.126888218,0.3,0.607538803,0.504950495,0.689922481,0.265182186,0.005988024,0.180995475,0.709424084,0.494382022,0.180246914,0.773480663,0.167202572,0.414330218,0.580097087,0.003246753,0.150684932,0.241982507,0.526077098,0.015665796,0.505454545,0.032581454,0.392156863,0.588,0.586486486,0.775735294,0.349431818,0.618736383,0.632075472,0.594736842,0.399558499,0.677902622,0.264631043,0.650334076,0.679671458,0.354661792,0.008498584,0.046575342,0.263403263,0.532258065,0.459459459,0.223057644,0.750865052,0.646892655,0.645833333,0.014492754,0.222826087,0.48603352,0.738609113,0.176029963,0.376963351,0.002336449,0.651558074,0.604719764,0.725,0.770428016,0.447580645,0.494505495,0.564444444,0.918316832,0.103174603,0.04400978,0.611344538,0.448484848,0.586046512,0.113378685,0.005434783,0.339882122,0.532951289,0.661728395,0.043701799,0.950155763,0.308176101,0.145985401,0.705336427,0.086486486,0.219251337,0.039548023,0.472222222,0.092920354,0.699507389,0.549723757,0.041558442,0.689655172,0.146153846,0.738255034,0.284768212,0.895408163,0.689156627,0.695652174,0.549356223,0.106508876,0.315942029,0.879907621,0.675287356,0.79403794,0.181628392,0.03649635,0.035519126,0.60619469,0.533029613,0.61575179,0.277456647,0.205882353,0.733711048,0.543766578,0.567010309,0.66097561,0.529595016,0.170068027,0.591160221,0.644607843,0.579868709,0.573275862,0.002941176,0.106837607,0.206451613,0.429718876,0.486742424,0.666666667,0.793413174,0.465116279,0.96941896,0.192708333,0.480730223,0.385338346,0.446280992,0.059299191,0.024169184,0.005602241,0.011527378,0.09375,0.87761194,0.931547619,0.706849315,0.043360434,0.021505376,0.006269592,0.470588235,0.209150327,0.370967742,0.038167939,0.181818182,0.692307692,0.375,0.667546174,0.485094851,0.127340824,0.596153846,0.655882353,0.087947883,0
0.294964029,0.30976431,0.13253012,0.823529412,0,0.625,0.572916667,0.835322196,0.485411141,0.332669323,0.631090487,0.490421456,0.465393795,0.602380952,0.490514905,0.235649547,0.814285714,0.521064302,0.596039604,0.474806202,0.477732794,0.497005988,0.606334842,0.007853403,0,0.528395062,0.745856354,0.215434084,0.551401869,0.014563107,0.467532468,0.955479452,0.609329446,0.090702948,0.498694517,0.316363636,0.784461153,0.571428571,0.008,0.651351351,0.1875,0.627840909,0.37037037,0.66509434,0.544736842,0.529801325,0.292134831,0.631043257,0.659242762,0.443531828,0.425959781,0.495750708,0.62739726,0.34965035,0.349462366,0.663201663,0.669172932,0.204152249,0.669491525,0.155092593,0.860869565,0.758152174,0.296089385,0.026378897,0.981273408,0.272251309,0.002336449,0.396600567,0.002949853,0.477777778,0.112840467,0.048387097,0.52967033,0.52,0.467821782,0.063492063,0.601466993,0.619747899,0.583838384,0.565116279,0.489795918,0.505434783,0.461689587,0.146131805,0.148148148,0.547557841,0.489096573,0.817610063,0.50729927,0.076566125,0.651351351,0.705882353,0.731638418,0.343253968,0.345132743,0.371921182,0.837016575,0.558441558,0.004926108,0.623076923,0.298657718,0.529801325,0.50255102,0.58313253,0.539641944,0.538626609,0.215976331,0.536231884,0.457274827,0.540229885,0.52303523,0.492693111,0.513381995,0.636612022,0.32079646,0.533029613,0.011933174,0.679190751,0.674019608,0.674220963,0.013262599,0.234536082,0.1,0.666666667,0.880952381,0.497237569,0.232843137,0.048140044,0.284482759,0.832352941,0.5,0.635483871,0.508032129,0.420454545,0.593818985,0.359281437,0.671834625,0.452599388,0.677083333,0.547667343,0.477443609,0.578512397,0.576819407,0.564954683,0.00280112,0.014409222,0.1015625,0.513432836,0.50297619,0.720547945,0.47696477,0.681003584,0.570532915,0.231372549,0.859477124,0.703225806,0.050890585,0.214646465,0.087179487,0.140625,0.068601583,0.433604336,0.31835206,0.717948718,0.694117647,0.61237785,0
0.294964029,0.31986532,0.180722892,0.823529412,0,0.622395833,0.559895833,0.53699284,0.541114058,0.394422311,0.665893271,0.823754789,0.646778043,0.711904762,0.579945799,0.108761329,0.808571429,0.574279379,0.807920792,0.370155039,0.589068826,0.505988024,0.615384615,0.013089005,0,0.464197531,0.759668508,0.138263666,0.560747664,0.046116505,0.493506494,0.955479452,0.603498542,0.231292517,0.503916449,0.316363636,0.776942356,0.557422969,0.008,0.691891892,0.238970588,0.625,0.535947712,0.622641509,0.928947368,0.538631347,0.265917603,0.539440204,0.739420935,0.359342916,0.727605119,0.521246459,0.583561644,0.477855478,0.349462366,0.503118503,0.669172932,0.166089965,0.672316384,0.268518519,0.866666667,0.760869565,0.290502793,0.139088729,0.985018727,0.277486911,0.002336449,0.45325779,0.002949853,0.547222222,0.159533074,0.048387097,0.641758242,0.884444444,0.537128713,0.087301587,0.630806846,0.489495798,0.864646465,0.590697674,0.476190476,0.505434783,0.728880157,0.160458453,0.138271605,0.508997429,0.514018692,0.201257862,0.50729927,0.083526682,0.662162162,0.700534759,0.725988701,0.482142857,0.345132743,0.354679803,0.834254144,0.542857143,0.014778325,0.638461538,0.325503356,0.526490066,0.62244898,0.628915663,0.649616368,0.339055794,0.174556213,0.617391304,0.404157044,0.92816092,0.655826558,0.592901879,0.579075426,0.642076503,0.168141593,0.435079727,0.007159905,0.580924855,0.651960784,0.66572238,0.015915119,0.229381443,0.1,0.669781931,0.884353741,0.497237569,0.460784314,0.13785558,0.497844828,0.832352941,0.504273504,0.625806452,0.570281124,0.755681818,0.666666667,0.30239521,0.617571059,0.348623853,0.622395833,0.53346856,0.661654135,0.633608815,0.598382749,0.567975831,0.00280112,0.014409222,0.0546875,0.579104478,0.553571429,0.750684932,0.463414634,0.691756272,0.561128527,0.262745098,0.85620915,0.709677419,0.066157761,0.303030303,0.156410256,0.140625,0.060686016,0.428184282,0.310861423,0.711538462,0.694117647,0.605863192,0
0.446043165,0.03030303,0.13253012,0.808823529,0,0.559895833,0.575520833,0.837708831,0.482758621,0.334661355,0.631090487,0.492337165,0.46778043,0.602380952,0.490514905,0.244712991,0.814285714,0.521064302,0.596039604,0.474806202,0.475708502,0.497005988,0.606334842,0.005235602,0.087078652,0.528395062,0.743093923,0.221864952,0.738317757,0.019417476,0.003246753,0.143835616,0.349854227,0.090702948,0.496083551,0.32,0.799498747,0.571428571,0.08,0.648648649,0.099264706,0.457386364,0.37254902,0.66509434,0.547368421,0.53200883,0.288389513,0.628498728,0.661469933,0.445585216,0.425959781,0.495750708,0.624657534,0.347319347,0.741935484,0.661122661,0.669172932,0.155709343,0.686440678,0.157407407,0.057971014,0,0.536312849,0.021582734,0.917602996,0.251308901,0.507009346,0.390934844,0.666666667,0.472222222,0.108949416,0.016129032,0.531868132,0.522222222,0.467821782,0.063492063,0.599022005,0.619747899,0.583838384,0.565116279,0.489795918,0.505434783,0.463654224,0.739255014,0.150617284,0.550128535,0.470404984,0.811320755,0.828467153,0.069605568,0,0.262032086,0.384180791,0.345238095,0.287610619,0.5591133,0.79281768,0.558441558,0.004926108,0.623076923,0.077181208,0.354304636,0.505102041,0.58313253,0.539641944,0.538626609,0.213017751,0.536231884,0.457274827,0.543103448,0.52303523,0.492693111,0.513381995,0.633879781,0.32300885,0.533029613,0.219570406,0.682080925,0.676470588,0.677053824,0.018567639,0.628865979,0.424390244,0.420560748,0.040816327,0.569060773,0.235294118,0.054704595,0.286637931,0.835294118,0.371794872,0.648387097,0.506024096,0.420454545,0.593818985,0.359281437,0.674418605,0.474006116,0.677083333,0.54969574,0.477443609,0.575757576,0.574123989,0.564954683,0.005602241,0.014409222,0.1015625,0.507462687,0.49702381,0.717808219,0.281842818,0.609318996,0.34169279,0.019607843,0.352941176,0.009677419,0.055979644,0.222222222,0.094871795,0.390625,0.72823219,0.528455285,0.097378277,0.538461538,0.655882353,0.179153094,0
0.366906475,0.622895623,0.730923695,0.268382353,0,0.575520833,0.015625,0.687350835,0.058355438,0.579681275,0.505800464,0.444444444,0.670644391,0.633333333,0.978319783,0.123867069,0.334285714,0.654101996,0.479207921,0.67248062,0.368421053,0.002994012,0.122171946,0.539267016,0.508426966,0.091358025,0.776243094,0.186495177,0.242990654,0.616504854,0.003246753,0.154109589,0.244897959,0.693877551,0.01305483,0.505454545,0.045112782,0.394957983,0.6,0.583783784,0.768382353,0.355113636,0.62962963,0.610849057,0.607894737,0.344370861,0.63670412,0.435114504,0.634743875,0.681724846,0.409506399,0.014164306,0.016438356,0.296037296,0.688172043,0.361746362,0.228070175,0.761245675,0.412429379,0.599537037,0.014492754,0.222826087,0.48603352,0.73381295,0.082397004,0.387434555,0.002336449,0.651558074,0.604719764,0.716666667,0.758754864,0.443548387,0.575824176,0.575555556,0.933168317,0.142857143,0.090464548,0.586134454,0.44040404,0.558139535,0.195011338,0.002717391,0.332023576,0.679083095,0.627160494,0.007712082,0.950155763,0.270440252,0.251824818,0.654292343,0.091891892,0.219251337,0.042372881,0.442460317,0.088495575,0.694581281,0.378453039,0.044155844,0.699507389,0.148717949,0.734899329,0.298013245,0.931122449,0.756626506,0.734015345,0.542918455,0.121301775,0.460869565,0.879907621,0.666666667,0.753387534,0.208768267,0.065693431,0.016393443,0.663716814,0.585421412,0.625298329,0.225433526,0.156862745,0.745042493,0.530503979,0.528350515,0.548780488,0.53271028,0.180272109,0.591160221,0.615196078,0.669584245,0.523706897,0.002941176,0.098290598,0.196774194,0.510040161,0.522727273,0.673289183,0.799401198,0.45994832,0.96941896,0.104166667,0.39148073,0.312030075,0.443526171,0.059299191,0.024169184,0.005602241,0.011527378,0.0546875,0.871641791,0.928571429,0.706849315,0.043360434,0,0.006269592,0.474509804,0.218954248,0.377419355,0.048346056,0.431818182,0.728205128,0.375,0.670184697,0.493224932,0.127340824,0.602564103,0.658823529,0.081433225,0
0.294964029,0.32996633,0.112449799,0.823529412,0,0.619791667,0.559895833,0.661097852,0.578249337,0.46812749,0.582366589,0.574712644,0.661097852,0.569047619,0.558265583,0.18429003,0.8,0.796008869,0.467326733,0.352713178,0.520242915,0.494011976,0.518099548,0.010471204,0,0.508641975,0.732044199,0.350482315,0.560747664,0.04368932,0.503246753,0.955479452,0.603498542,0.160997732,0.506527415,0.316363636,0.776942356,0.599439776,0.004,0.613513514,0.158088235,0.619318182,0.581699346,0.594339623,0.607894737,0.42384106,0.235955056,0.679389313,0.530066815,0.459958932,0.488117002,0.538243626,0.482191781,0.482517483,0.349462366,0.46985447,0.656641604,0.276816609,0.672316384,0.321759259,0.866666667,0.763586957,0.296089385,0.110311751,0.985018727,0.277486911,0.002336449,0.390934844,0.002949853,0.430555556,0.101167315,0.048387097,0.613186813,0.642222222,0.613861386,0.087301587,0.596577017,0.644957983,0.565656566,0.551162791,0.612244898,0.480978261,0.461689587,0.163323782,0.2,0.53470437,0.489096573,0.399371069,0.50729927,0.078886311,0.67027027,0.700534759,0.725988701,0.418650794,0.340707965,0.354679803,0.831491713,0.581818182,0.009852217,0.597435897,0.291946309,0.523178808,0.658163265,0.614457831,0.524296675,0.725321888,0.408284024,0.820289855,0.468822171,0.540229885,0.498644986,0.530271399,0.610705596,0.554644809,0.221238938,0.296127563,0.011933174,0.702312139,0.676470588,0.685552408,0.013262599,0.229381443,0.097560976,0.672897196,0.887755102,0.497237569,0.492647059,0.131291028,0.480603448,0.835294118,0.504273504,0.629032258,0.570281124,0.5625,0.695364238,0.401197605,0.697674419,0.470948012,0.533854167,0.507099391,0.42481203,0.550964187,0.541778976,0.570996979,0.00280112,0.014409222,0.0625,0.471641791,0.482142857,0.693150685,0.463414634,0.691756272,0.561128527,0.231372549,0.85620915,0.706451613,0.061068702,0.118686869,0.035897436,0.13125,0.052770449,0.422764228,0.310861423,0.711538462,0.691176471,0.605863192,0
0.438848921,0.033670034,0.108433735,0.808823529,0,0.549479167,0.5625,0.658711217,0.578249337,0.46812749,0.584686775,0.574712644,0.663484487,0.569047619,0.558265583,0.187311178,0.8,0.793791574,0.465346535,0.352713178,0.520242915,0.494011976,0.518099548,0.007853403,0.098314607,0.508641975,0.732044199,0.353697749,0.735202492,0.072815534,0.003246753,0.164383562,0.349854227,0.16553288,0.509138381,0.316363636,0.79197995,0.602240896,0.096,0.610810811,0.095588235,0.477272727,0.581699346,0.594339623,0.607894737,0.428256071,0.235955056,0.679389313,0.530066815,0.457905544,0.488117002,0.538243626,0.482191781,0.48018648,0.741935484,0.467775468,0.654135338,0.176470588,0.683615819,0.326388889,0.084057971,0,0.536312849,0.09352518,0.928838951,0.246073298,0.002336449,0.388101983,0.657817109,0.425,0.097276265,0.02016129,0.617582418,0.644444444,0.613861386,0.095238095,0.596577017,0.644957983,0.561616162,0.553488372,0.614512472,0.480978261,0.461689587,0.747851003,0.217283951,0.537275064,0.46728972,0.396226415,0.824817518,0.078886311,0,0.272727273,0.38700565,0.422619048,0.287610619,0.549261084,0.787292818,0.584415584,0.009852217,0.597435897,0.083892617,0.370860927,0.658163265,0.614457831,0.524296675,0.727467811,0.417159763,0.820289855,0.468822171,0.540229885,0.501355014,0.530271399,0.610705596,0.554644809,0.221238938,0.296127563,0.105011933,0.705202312,0.678921569,0.685552408,0.074270557,0.62628866,0.417073171,0.436137072,0.057823129,0.574585635,0.495098039,0.122538293,0.484913793,0.838235294,0.371794872,0.64516129,0.568273092,0.5625,0.693156733,0.404191617,0.697674419,0.489296636,0.533854167,0.507099391,0.42481203,0.550964187,0.541778976,0.570996979,0.00280112,0.014409222,0.0625,0.468656716,0.476190476,0.690410959,0.287262873,0.623655914,0.347962382,0.02745098,0.388888889,0.012903226,0.063613232,0.123737374,0.043589744,0.4125,0.730870712,0.533875339,0.101123596,0.544871795,0.655882353,0.169381107,0
0.323741007,0.262626263,0.084337349,0.886029412,0,0.7734375,0.572916667,0.548926014,0.527851459,0.322709163,0.64037123,0.80651341,0.584725537,0.657142857,0.577235772,0.063444109,0.768571429,0.494456763,0.837623762,0.399224806,0.578947368,0.502994012,0.588235294,0.151832461,0.04494382,0.530864198,0.67679558,0.372990354,0.806853583,0.106796117,0.38961039,0.928082192,0.39941691,0.181405896,0.360313316,0.28,0.007518797,0.647058824,0.012,0.540540541,0.113970588,0.693181818,0.468409586,0.646226415,0.894736842,0.496688742,0.198501873,0.575063613,0.828507795,0.342915811,0.698354662,0.532577904,0.547945205,0.533799534,0.594086022,0.46985447,0.636591479,0.207612457,0.855932203,0.208333333,0.831884058,0.741847826,0.229050279,0.261390887,0.730337079,0.298429319,0.002336449,0.416430595,0.002949853,0.361111111,0.058365759,0.084677419,0.595604396,0.835555556,0.507425743,0.03968254,0.564792176,0.531512605,0.866666667,0.590697674,0.566893424,0.491847826,0.726915521,0.702005731,0.098765432,0.575835476,0.417445483,0.367924528,0.740875912,0.505800464,0.548648649,0.657754011,0.629943503,0.404761905,0.340707965,0.064039409,0.693370166,0.58961039,0.024630542,0.566666667,0.251677852,0.546357616,0.602040816,0.628915663,0.626598465,0.354077253,0.044378698,0.597101449,0.404157044,0.925287356,0.680216802,0.599164927,0.613138686,0.614754098,0.207964602,0.530751708,0.064439141,0.760115607,0.683823529,0.648725212,0.042440318,0.646907216,0.612195122,0.517133956,0.795918367,0.337016575,0.352941176,0.177242888,0.403017241,0.438235294,0.517094017,0.070967742,0.530120482,0.696969697,0.578366446,0.473053892,0.715762274,0.513761468,0.5234375,0.580121704,0.687969925,0.537190083,0.525606469,0.583081571,0.005602241,0.766570605,0.125,0.36119403,0.389880952,0.62739726,0.287262873,0.501792115,0.438871473,0.42745098,0.879084967,0.748387097,0.022900763,0.179292929,0,0.334375,0.316622691,0.479674797,0.232209738,0.666666667,0.732352941,0.534201954,0
0.482014388,0.666666667,0.81124498,0.283088235,0.005633803,0.549479167,0.015625,0.715990453,0.055702918,0.537848606,0.47099768,0.46743295,0.61575179,0.621428571,0.945799458,0.072507553,0.425714286,0.634146341,0.457425743,0.699612403,0.388663968,0.005988024,0.131221719,0.557591623,0.502808989,0.096296296,0.737569061,0.112540193,0.239875389,0.621359223,0.551948052,0.976027397,0.032069971,0.689342404,0.075718016,0.254545455,0.032581454,0.408963585,0.524,0.57027027,0.830882353,0.480113636,0.575163399,0.570754717,0.618421053,0.282560706,0.786516854,0.427480916,0.630289532,0.675564682,0.429616088,0.008498584,0.019178082,0.361305361,0.693548387,0.386694387,0.142857143,0.709342561,0.389830508,0.587962963,0.008695652,0.6875,0.212290503,0.71942446,0.082397004,0.267015707,0.002336449,0.657223796,0.359882006,0.75,0.836575875,0.471774194,0.536263736,0.591111111,0.900990099,0.087301587,0.114914425,0.56092437,0.446464646,0.641860465,0.20861678,0.008152174,0.351669941,0.699140401,0.604938272,0.015424165,0.943925234,0.308176101,0.262773723,0.645011601,0.640540541,0.834224599,0.008474576,0.400793651,0.278761062,0.226600985,0.328729282,0.051948052,0.674876847,0.11025641,0.775167785,0.539735099,0.867346939,0.628915663,0.670076726,0.493562232,0.091715976,0.417391304,0.879907621,0.683908046,0.821138211,0.244258873,0.075425791,0.024590164,0.672566372,0.589977221,0.625298329,0.196531792,0.107843137,0.668555241,0.541114058,0.525773196,0.541463415,0.252336449,0.979591837,0.745856354,0.607843137,0.669584245,0.510775862,0.008823529,0.538461538,0.470967742,0.510040161,0.53219697,0.664459161,0.75748503,0.509043928,0.95412844,0.104166667,0.385395538,0.313909774,0.432506887,0.045822102,0.03021148,0.00280112,0.014409222,0.109375,0.898507463,0.943452381,0.684931507,0.046070461,0.007168459,0.003134796,0.541176471,0.803921569,0.622580645,0.020356234,0.378787879,0.697435897,0.38125,0.182058047,0.395663957,0.288389513,0.775641026,0.764705882,0.596091205,0
0.417266187,0.225589226,0.293172691,0.533088235,0,0.255208333,0.65625,0.575178998,0.541114058,0.438247012,0.872389791,0.578544061,0.828162291,0.833333333,0.959349593,0.114803625,0.802857143,0.574279379,0.526732673,0.38372093,0.471659919,0.526946108,0.606334842,0.018324607,0.005617978,0.471604938,0.745856354,1,0.46728972,0.050970874,0.003246753,0.328767123,0.33819242,0.117913832,0.310704961,0.272727273,0.012531328,0.515406162,0.056,0.6,0.154411765,0.605113636,0.623093682,0.971698113,0.728947368,0.527593819,0.27340824,0.513994911,0.4922049,0.394250513,0.473491773,0.521246459,0.578082192,0.491841492,0.169354839,0.511434511,0.671679198,0.626297578,0.437853107,0.37037037,0.255072464,0.057065217,0.575418994,0.019184652,0.539325843,0.261780105,0.002336449,0.515580737,0.545722714,0.591666667,0.214007782,0.108870968,0.843956044,0.644444444,0.834158416,0.087301587,0.623471883,0.617647059,0.597979798,0.586046512,0.507936508,0.5625,0.499017682,0.23495702,0.227160494,0.537275064,0.666666667,0.628930818,0.510948905,0.030162413,0.037837838,0.278074866,0.350282486,0.386904762,0.331858407,0.45320197,0.29558011,0.54025974,0.0591133,0.656410256,0.22147651,0.463576159,0.984693878,1,0.933503836,0.364806867,0.180473373,0.608695652,0.68591224,0.675287356,0.552845528,0.553235908,0.596107056,0.636612022,0.199115044,0.403189066,0.016706444,0.86416185,0.676470588,0.912181303,0.021220159,0.131443299,0.070731707,0.401869159,0.068027211,0.491712707,0.5,0.078774617,0.420258621,0.4,0.166666667,0.087096774,0.46184739,0.503787879,0.593818985,0.344311377,0.620155039,0.385321101,0.583333333,0.460446247,0.443609023,0.531680441,0.622641509,0.580060423,0.131652661,0.025936599,0.3203125,0.614925373,0.568452381,0.638356164,0.27100271,0.448028674,0.369905956,0.090196078,0.588235294,0.174193548,0.055979644,0.252525253,0.025641026,0.53125,0.733509235,0.577235772,0.041198502,0.570512821,0.717647059,0.201954397,0
0.431654676,0.269360269,0.570281124,0.279411765,0,0.875,0.015625,1,0.053050398,0.478087649,0.454756381,0.503831418,0.575178998,0.614285714,0.536585366,0.045317221,0.008571429,0.616407982,0.63960396,0.453488372,0.421052632,0.005988024,0.160633484,0.528795812,0.530898876,0.128395062,0.099447514,0.025723473,0.451713396,0.70631068,0.071428571,0.976027397,0.011661808,0.607709751,0.101827676,0.218181818,0.619047619,0.109243697,0.488,0.137837838,0.477941176,0.590909091,0.496732026,0.528301887,0.594736842,0.25607064,0.02247191,0.424936387,0.930957684,0.507186858,0.460694698,0.011331445,0.024657534,0.487179487,0.696236559,0.40956341,0.015037594,0.031141869,0.740112994,0.606481481,0.002898551,0.711956522,0.201117318,0.834532374,0.509363296,0.267015707,0.002336449,0.441926346,0.303834808,0.422222222,0.521400778,0.451612903,0.534065934,0.611111111,0.574257426,0.079365079,0.017114914,0.525210084,0.529292929,0.727906977,0.240362812,0.010869565,0.398821218,0.687679083,0.627160494,0.028277635,0.333333333,0.254716981,0.273722628,0.693735499,0.578378378,0.807486631,0.011299435,0.430555556,0.35840708,0.036945813,0.91160221,0.005194805,0.63546798,0.007692308,0.419463087,0.57615894,0.520408163,0.453012048,0.514066496,0.424892704,0.041420118,0.339130435,0.575057737,0.637931034,0.802168022,0.300626305,0.094890511,0.040983607,0.672566372,0.59453303,0.627684964,0.078034682,0.029411765,0.031161473,0.620689655,0.556701031,0.582926829,0.121495327,0.918367347,0.624309392,0.553921569,0.687089716,0.493534483,0.326470588,0.572649573,0.458064516,0.522088353,0.547348485,0.657836645,0.517964072,0.067183463,0.50764526,0.109375,0.326572008,0.332706767,0.132231405,0.005390836,0.003021148,0.005602241,0.014409222,0.1328125,0.47761194,0.446428571,0.136986301,0.075880759,0.089605735,0.003134796,0.474509804,0.85620915,0.580645161,0.768447837,0.648989899,0.979487179,0.35625,0.205804749,0.463414634,0.235955056,0.756410256,0.788235294,0.54723127,0
0.374100719,0.326599327,0.586345382,0.198529412,0,0.6328125,0.0078125,0.799522673,0.071618037,0.577689243,0.50812065,0.513409962,0.563245823,0.607142857,0.585365854,0.099697885,0.022857143,0.627494457,0.443564356,0.354651163,0.449392713,0.005988024,0.230769231,0.683246073,0.514044944,0.271604938,0.17679558,0.109324759,0.408099688,0.65776699,0.003246753,0.154109589,0.303206997,0.79138322,0.002610966,0.461818182,0.185463659,0.106442577,0.464,0.148648649,0.518382353,0.363636364,0.562091503,0.521226415,0.578947368,0.430463576,0.02247191,0.465648855,0.594654788,0.470225873,0.478976234,0.02266289,0.049315068,0.48951049,0.596774194,0.62993763,0.015037594,0.117647059,0.618644068,0.710648148,0.011594203,0.179347826,0.536312849,0.760191847,0.220973783,0.35078534,0.086448598,0.444759207,0.480825959,0.438888889,0.548638132,0.463709677,0.523076923,0.615555556,0.643564356,0.182539683,0.036674817,0.514705882,0.488888889,0.551162791,0.285714286,0.005434783,0.424361493,0.633237822,0.649382716,0.05655527,0.401869159,0.852201258,0.175182482,0.691415313,0.021621622,0.213903743,0.04519774,0.486111111,0.203539823,0.647783251,0.552486188,0.015584416,0.63546798,0.002564103,0.466442953,0.374172185,0.676020408,0.537349398,0.531969309,0.416309013,0.053254438,0.382608696,0.524249423,0.540229885,0.601626016,0.33611691,0.116788321,0.051912568,0.542035398,0.608200456,0.62052506,0.309248555,0.066176471,0.16713881,0.625994695,0.469072165,0.597560976,0.526479751,0.040816327,0.552486188,0.727941176,0.643326039,0.519396552,0.002941176,0.021367521,0.106451613,0.542168675,0.558712121,0.66004415,0.502994012,0.064599483,0.458715596,0.1953125,0.470588235,0.37593985,0.134986226,0.002695418,0.006042296,0.005602241,0.014409222,0.1640625,0.507462687,0.491071429,0.156164384,0.070460705,0.043010753,0.003134796,0.447058824,0.261437908,0.358064516,0.951653944,0.944444444,0.917948718,0.375,0.712401055,0.539295393,0.082397004,0.608974359,0.697058824,0.114006515,0
0.374100719,0.323232323,0.586345382,0.290441176,0,0.528645833,0.002604167,0.825775656,0.042440318,0.486055777,0.512761021,0.427203065,0.625298329,0.616666667,0.495934959,0.160120846,0.025714286,0.636363636,0.556435644,0.470930233,0.29757085,0.005988024,0.237556561,0.353403141,0.629213483,0.175308642,0.113259669,0.061093248,0.299065421,0.970873786,0.003246753,0.150684932,0.303206997,1,0.005221932,0.461818182,0.035087719,0.109243697,0.464,0.145945946,0.514705882,0.360795455,0.557734205,0.599056604,0.534210526,0.412803532,0.026217228,0.338422392,0.677060134,0.470225873,0.354661792,0.014164306,0.076712329,0.62004662,0.717741935,0.411642412,0.002506266,0.093425606,0.398305085,0.935185185,0.011594203,0.176630435,0.536312849,0.887290168,0.101123596,0.35078534,0.002336449,0.444759207,0.483775811,0.436111111,0.548638132,0.463709677,0.549450549,0.553333333,0.542079208,0.126984127,0.036674817,0.613445378,0.462626263,0.511627907,0.136054422,0.005434783,0.320235756,0.661891117,0.730864198,0.030848329,0.398753894,0.685534591,0.324817518,0.821345708,0.021621622,0.203208556,0.042372881,0.424603175,0.207964602,0.650246305,0.450276243,0.018181818,0.63546798,0.002564103,0.466442953,0.370860927,0.528061224,0.498795181,0.501278772,0.572961373,0.118343195,0.385507246,0.547344111,0.543103448,0.582655827,0.227557411,0.053527981,0.057377049,0.670353982,0.569476082,0.61575179,0.049132948,0.004901961,0.056657224,0.864721485,0.582474227,0.604878049,0.523364486,0.034013605,0.546961326,1,0.997811816,0.683189655,0.002941176,0.025641026,0.109677419,0.457831325,0.492424242,0.668874172,0.502994012,0.069767442,0.4617737,0.2890625,0.425963489,0.332706767,0.134986226,0.002695418,0.006042296,0.005602241,0.020172911,0.328125,0.504477612,0.488095238,0.150684932,0.073170732,0.003584229,0.003134796,0.443137255,0.254901961,0.358064516,0.040712468,0.659090909,0.671794872,0.371875,0.712401055,0.536585366,0.078651685,0.602564103,0.7,0.117263844,0
0.338129496,0.269360269,0.136546185,0.529411765,0,0.255208333,0.669270833,0.563245823,0.49867374,0.35059761,0.684454756,0.555555556,0.527446301,0.561904762,0.639566396,0.788519637,0.794285714,0.558758315,0.572277228,0.403100775,0.469635628,0.526946108,0.608597285,0.047120419,0.005617978,0.548148148,0.64640884,0.864951768,0.46728972,0.033980583,0.003246753,0.886986301,0.233236152,0.126984127,0.310704961,0.207272727,0.015037594,0.593837535,0.008,0.513513514,0.264705882,0.732954545,0.464052288,0.672169811,0.613157895,0.701986755,0.269662921,0.62086514,0.547884187,0.336755647,0.442413163,0.515580737,0.597260274,0.522144522,0.169354839,0.501039501,0.651629073,0.401384083,0.440677966,0.268518519,0.252173913,0.668478261,0.312849162,0.007194245,0.539325843,0.282722513,0.009345794,0.410764873,0.002949853,0.452777778,0.167315175,0.10483871,0.527472527,0.555555556,0.457920792,0.285714286,0.577017115,0.68907563,0.604040404,0.590697674,0.505668934,0.573369565,0.495088409,0.232091691,0.130864198,0.593830334,0.492211838,0.937106918,0.50729927,0.016241299,0.083783784,0.631016043,0.350282486,0.426587302,0.415929204,0.081280788,0.298342541,0.566233766,0.009852217,0.620512821,0.302013423,0.572847682,0.612244898,0.657831325,0.6342711,0.751072961,0.431952663,0.597101449,0.434180139,0.594827586,0.495934959,0.544885177,0.588807786,0.642076503,0.216814159,0.530751708,0.026252983,0.976878613,0.676470588,0.71388102,0.01061008,0.128865979,0.065853659,0.165109034,0.676870748,0.209944751,0.458333333,0.083150985,0.454741379,0.402941176,0.55982906,0.103225806,0.481927711,0.445075758,0.567328918,0.419161677,0.69250646,0.495412844,0.604166667,0.468559838,0.462406015,0.493112948,0.58490566,0.589123867,0.075630252,0.023054755,0.3984375,0.546268657,0.55952381,0.608219178,0.27100271,0.448028674,0.369905956,0.458823529,0.879084967,0.709677419,0.129770992,0.318181818,0.015384615,0.48125,0.482849604,0.539295393,0.168539326,0.673076923,0.773529412,0.478827362,0
0.352517986,0.292929293,0.815261044,0.540441176,0,0.263020833,0.596354167,0.508353222,0.559681698,0.59561753,0.651972158,0.51532567,0.821002387,0.578571429,0.596205962,0.132930514,0.777142857,0.55210643,0.594059406,0.397286822,0.441295547,0.479041916,0.606334842,0.018324607,0.008426966,0.508641975,0.798342541,0.170418006,0.464174455,0.281553398,0.003246753,0.886986301,0.244897959,0.580498866,0.305483029,0.192727273,0.007518797,0.943977591,0.024,0.983783784,0.481617647,0.732954545,0.732026144,0.693396226,0.586842105,0.560706402,0.224719101,0.564885496,0.567928731,0.459958932,0.435100548,0.507082153,0.610958904,0.473193473,0.174731183,0.486486486,0.681704261,0.273356401,0.43220339,0.622685185,0.272463768,0.676630435,0.346368715,0.206235012,0.528089888,0.282722513,0.002336449,0.991501416,0,0.988888889,0.610894942,0.435483871,0.740659341,0.515555556,0.551980198,0.087301587,0.640586797,0.472689076,0.593939394,0.595348837,0.426303855,0.472826087,0.463654224,0.260744986,0.414814815,0.57840617,0.548286604,0.242138365,0.510948905,0.183294664,0.045945946,0.625668449,0.355932203,0.702380952,0.424778761,0.049261084,0.273480663,0.553246753,0.536945813,0.707692308,0.342281879,0.572847682,0.645408163,0.684337349,0.636828645,0.444206009,0.221893491,0.657971014,0.415704388,0.58045977,0.525745257,0.475991649,0.491484185,0.609289617,0.292035398,0.476082005,0.016706444,0.494219653,0.68627451,0.606232295,0.103448276,0.131443299,0.134146341,0.174454829,0.680272109,0.215469613,0.823529412,0.4595186,0.782327586,0.388235294,0.551282051,0.077419355,0.510040161,0.482954545,0.547461369,0.883233533,0.666666667,0.296636086,0.690104167,0.478701826,0.479323308,1,0.67115903,0.625377644,0.005602241,0.017291066,0.0625,0.970149254,0.782738095,0.953424658,0.273712737,0.440860215,0.369905956,0.560784314,0.882352941,0.716129032,0.058524173,0.638888889,0.046153846,0.4875,0.480211082,0.536585366,0.149812734,0.66025641,0.773529412,0.459283388,0
0.417266187,0.252525253,0.62248996,0.529411765,0,0.263020833,0.6796875,0.637231504,0.570291777,0.731075697,0.605568445,0.563218391,0.806682578,0.604761905,0.495934959,0.078549849,0.8,0.541019956,0.437623762,0.536821705,0.522267206,0.535928144,0.527149321,0.005235602,0.019662921,0.503703704,1,0.231511254,0.46728972,0.097087379,0.003246753,0.345890411,0.33819242,0.22675737,0.308093995,0.269090909,0.015037594,0.613445378,0.132,0.824324324,0.613970588,0.613636364,0.803921569,0.683962264,0.589473684,0.401766004,0.254681648,0.544529262,0.530066815,0.724845996,0.488117002,0.535410765,0.534246575,0.456876457,0.169354839,0.476091476,0.691729323,0.498269896,0.440677966,0.636574074,0.249275362,0.048913043,0.575418994,0.050359712,0.539325843,0.261780105,0.002336449,0.657223796,0.539823009,0.830555556,0.638132296,0.346774194,0.61978022,0.651111111,0.792079208,0.079365079,0.601466993,0.478991597,0.529292929,0.572093023,0.607709751,0.576086957,0.455795678,0.232091691,0.582716049,0.629820051,1,0.452830189,0.510948905,0.034802784,0,0.278074866,0.347457627,0.438492063,0.349557522,0.445812808,0.303867403,0.571428571,0.231527094,0.635897436,0.533557047,0.466887417,0.719387755,0.66746988,0.549872123,0.409871245,0.088757396,0.562318841,0.521939954,0.531609195,0.536585366,0.540709812,0.615571776,0.581967213,0.592920354,0.407744875,0.009546539,0.667630058,0.661764706,0.932011331,0.082228117,0.134020619,0.082926829,0.38317757,0.057823129,0.475138122,0.757352941,0.135667396,0.596982759,0.402941176,0.188034188,0.083870968,0.481927711,0.573863636,0.567328918,0.47005988,0.677002584,0.464831804,0.526041667,0.507099391,0.417293233,0.67768595,0.566037736,0.583081571,0.005602241,0.017291066,0.0703125,0.967164179,1,0.945205479,0.273712737,0.448028674,0.36677116,0.396078431,0.594771242,0.312903226,0.061068702,0.396464646,0.028205128,0.5375,0.733509235,0.579945799,0.033707865,0.576923077,0.723529412,0.211726384,0
0.417266187,0.050505051,0.799196787,0.529411765,0,0.260416667,0.6171875,0.556085919,0.541114058,0.43625498,0.728538283,0.555555556,0.563245823,0.519047619,0.615176152,0.948640483,0.797142857,0.572062084,0.572277228,0.350775194,0.449392713,0.491017964,0.617647059,0.02617801,0.005617978,0.491358025,0.831491713,0.196141479,0.46728972,0.046116505,0.003246753,0.332191781,0.33819242,0.306122449,0.310704961,0.269090909,0.020050125,0.93557423,0.336,0.994594595,0.264705882,0.607954545,0.503267974,0.632075472,0.6,0.774834437,0.265917603,0.534351145,0.518930958,0.363449692,0.440585009,0.507082153,0.597260274,0.512820513,0.169354839,0.505197505,0.686716792,0.224913495,0.440677966,0.354166667,0.246376812,0.008152174,0.575418994,0.103117506,0.539325843,0.261780105,0.023364486,0.983002833,0.548672566,0.988888889,0.552529183,0.326612903,0.610989011,0.544444444,0.507425743,0.333333333,0.633251834,0.554621849,0.606060606,0.586046512,0.458049887,0.494565217,0.495088409,0.229226361,0.217283951,0.588688946,0.53271028,0.213836478,0.50729927,0.046403712,0,0.272727273,0.347457627,0.577380952,0.340707965,0.450738916,0.303867403,0.545454545,0.556650246,0.723076923,0.097315436,0.463576159,0.658163265,0.681927711,0.588235294,0.596566524,0.434911243,0.646376812,0.424942263,0.586206897,0.512195122,0.534446764,0.559610706,0.633879781,0.205752212,0.432801822,0.019093079,0.465317919,0.674019608,0.609065156,0.015915119,0.131443299,0.070731707,0.386292835,0.06122449,0.480662983,0.492647059,0.157549234,0.502155172,0.405882353,0.179487179,0.090322581,0.477911647,0.479166667,0.534216336,0.859281437,0.661498708,0.360856269,0.643229167,0.460446247,0.471804511,1,0.687331536,0.622356495,0.005602241,0.017291066,0.0703125,0.979104478,0.800595238,0.969863014,0.273712737,0.448028674,0.369905956,0.207843137,0.588235294,0.032258065,0.20610687,0.659090909,0.171794872,0.534375,0.733509235,0.577235772,0.037453184,0.576923077,0.720588235,0.208469055,0
0.345323741,0.138047138,0.200803213,0.536764706,0.022535211,0.244791667,0.559895833,0.546539379,0.631299735,0.418326693,0.823665893,0.528735632,0.804295943,0.838095238,0.983739837,0.093655589,0.98,0.554323725,0.592079208,0.40503876,0.439271255,0.520958084,0.615384615,0.036649215,0.005617978,0.474074074,0.754143646,0.106109325,0.464174455,0.050970874,0.003246753,0.883561644,0.241982507,0.095238095,0.308093995,0.2,0.010025063,0.602240896,0.176,0.708108108,0.272058824,0.732954545,0.607843137,0.950471698,0.742105263,0.509933775,0.958801498,0.524173028,0.556792873,0.400410678,0.433272395,0.566572238,0.602739726,0.533799534,0.172043011,0.498960499,0.666666667,0.124567474,0.435028249,0.351851852,0.266666667,0.671195652,0.335195531,0.011990408,0.531835206,0.282722513,0.002336449,0.504249292,0.174041298,0.572222222,0.225680934,0.149193548,0.810989011,0.586666667,0.846534653,0.071428571,0.687041565,0.533613445,0.6,0.58372093,0.428571429,0.508152174,0.47740668,0.249283668,0.195061728,0.511568123,0.495327103,0.210691824,0.510948905,0.020881671,0.043243243,0.625668449,0.353107345,0.35515873,0.420353982,0.064039409,0.281767956,0.558441558,0.02955665,0.646153846,0.298657718,0.572847682,0.982142857,0.987951807,0.94629156,0.371244635,0.215976331,0.649275362,0.722863741,0.732758621,0.555555556,0.505219207,0.530413625,0.62568306,0.194690265,0.455580866,0.021479714,0.554913295,0.639705882,0.640226629,0.015915119,0.128865979,0.065853659,0.168224299,0.673469388,0.209944751,0.5,0.09190372,0.439655172,0.394117647,0.555555556,0.083870968,0.489959839,0.477272727,0.604856512,0.491017964,0.687338501,0.810397554,0.671875,0.468559838,0.481203008,0.658402204,0.611859838,0.595166163,0.005602241,0.017291066,0.078125,0.594029851,0.556547619,0.756164384,0.273712737,0.444444444,0.369905956,0.470588235,0.879084967,0.712903226,0.048346056,0.179292929,0.017948718,0.4875,0.485488127,0.539295393,0.157303371,0.666666667,0.773529412,0.465798046,0
0.374100719,0.323232323,0.586345382,0.301470588,0,0.625,0.015625,0.775656325,0.068965517,0.571713147,0.503480278,0.496168582,0.556085919,0.614285714,0.579945799,0.075528701,0.025714286,0.640798226,0.443564356,0.368217054,0.427125506,0.005988024,0.246606335,0.968586387,0.556179775,0.402469136,0.193370166,0.090032154,0.308411215,0.594660194,0.003246753,0.154109589,0.306122449,0.664399093,0.005221932,0.461818182,0.065162907,0.109243697,0.464,0.148648649,0.518382353,0.363636364,0.529411765,0.535377358,0.568421053,0.368653422,0.026217228,0.458015267,0.623608018,0.498973306,0.460694698,0.019830028,0.076712329,0.48951049,0.594086022,0.661122661,0.027568922,0.107266436,0.480225989,0.668981481,0.191304348,0.176630435,0.536312849,0.745803357,0.116104869,0.35078534,0.002336449,0.444759207,0.480825959,0.438888889,0.548638132,0.463709677,0.527472527,0.608888889,0.648514851,0.119047619,0.041564792,0.542016807,0.466666667,0.506976744,0.258503401,0.008152174,0.400785855,0.702005731,0.669135802,0.087403599,0.401869159,0.823899371,0.372262774,0.663573086,0.021621622,0.20855615,0.042372881,0.454365079,0.207964602,0.647783251,0.475138122,0.015584416,0.630541872,0.002564103,0.466442953,0.374172185,0.655612245,0.506024096,0.529411765,0.461373391,0.065088757,0.408695652,0.547344111,0.543103448,0.60704607,0.306889353,0.099756691,0.054644809,0.595132743,0.617312073,0.687350835,0.378612717,0.098039216,0.175637394,0.51193634,0.471649485,0.565853659,0.526479751,0.037414966,0.546961326,0.617647059,0.647702407,0.49137931,0.002941176,0.025641026,0.106451613,0.536144578,0.553030303,0.668874172,0.502994012,0.067183463,0.458715596,0.286458333,0.529411765,0.381578947,0.134986226,0.002695418,0.006042296,0.005602241,0.23054755,0.21875,0.504477612,0.491071429,0.169863014,0.073170732,0.003584229,0.003134796,0.443137255,0.261437908,0.358064516,0.040712468,0.45959596,0.751282051,0.375,0.712401055,0.539295393,0.078651685,0.608974359,0.7,0.117263844,0
0.345323741,0.117845118,0.730923695,0.533088235,0.002816901,0.25,0.546875,0.53699284,0.586206897,0.386454183,0.737819026,0.572796935,0.539379475,0.573809524,0.636856369,0.86102719,0.585714286,0.501108647,0.493069307,0.375968992,0.524291498,0.482035928,0.515837104,0.041884817,0.005617978,0.592592593,0.635359116,0.395498392,0.464174455,0.046116505,0.003246753,0.883561644,0.239067055,0.174603175,0.308093995,0.2,0.010025063,1,0.196,0.886486486,0.25,0.735795455,0.474945534,0.658018868,0.628947368,0.754966887,0.205992509,0.592875318,0.554565702,0.330595483,0.482632541,0.535410765,0.523287671,0.531468531,0.172043011,0.471933472,0.596491228,0.138408304,0.437853107,0.328703704,0.260869565,0.66576087,0.335195531,0.016786571,0.535580524,0.287958115,0.011682243,0.991501416,0.002949853,0.908333333,0.470817121,0.415322581,0.582417582,0.64,0.527227723,0.26984127,0.623471883,0.668067227,0.56969697,0.590697674,0.609977324,0.467391304,0.465618861,0.243553009,0.17037037,0.588688946,0.320872274,0.48427673,0.510948905,0.016241299,0.040540541,0.625668449,0.350282486,0.490079365,0.424778761,0.068965517,0.290055249,0.625974026,0.591133005,0.61025641,0.161073826,0.572847682,0.660714286,0.66746988,0.598465473,0.714592275,0.313609467,0.646376812,0.448036952,0.560344828,0.485094851,0.544885177,0.608272506,0.557377049,0.199115044,0.489749431,0.023866348,0.800578035,0.659313725,0.583569405,0.013262599,0.128865979,0.065853659,0.161993769,0.666666667,0.20441989,0.492647059,0.100656455,0.459051724,0.397058824,0.555555556,0.087096774,0.469879518,0.534090909,0.580573951,0.979041916,0.819121447,0.590214067,0.497395833,0.480730223,0.42481203,0.96969697,0.619946092,0.652567976,0.005602241,0.017291066,0.09375,0.805970149,0.431547619,0.767123288,0.27100271,0.444444444,0.369905956,0.521568627,0.879084967,0.709677419,0.145038168,0.464646465,0.066666667,0.49375,0.490765172,0.54200542,0.157303371,0.666666667,0.773529412,0.469055375,0
0.438848921,0.242424242,0.56626506,0.176470588,0,0.697916667,0.119791667,0.6849642,0.018567639,0.569721116,0.459396752,0.459770115,0.503579952,0.638095238,0.555555556,0.033232628,0,0.585365854,0.465346535,0.447674419,0.348178138,0.04491018,0.49321267,0.918848168,0.497191011,0.661728395,0.209944751,0.041800643,0.367601246,0.577669903,0.224025974,0.97260274,0.005830904,0.53968254,0.088772846,0.218181818,0.045112782,0.112044818,0.492,0.172972973,0.466911765,0.605113636,0.503267974,0.589622642,0.584210526,0.309050773,0.018726592,0.272264631,0.679287305,0.513347023,0.404021938,0.014164306,0.424657534,0.498834499,0.586021505,0.738045738,0.125313283,0.027681661,0.615819209,0.643518519,0.002898551,0.701086957,0.184357542,0.738609113,0.172284644,0.272251309,0.002336449,0.441926346,0.318584071,0.416666667,0.513618677,0.443548387,0.43956044,0.597777778,0.579207921,0.03968254,0.002444988,0.567226891,0.456565657,0.481395349,0.149659864,0.073369565,0.428290766,0.598853868,0.654320988,0.385604113,0.31152648,0.600628931,0.171532847,0.693735499,0.532432432,0.807486631,0.002824859,0.456349206,0.353982301,0.061576355,0.544198895,0.002597403,0.63546798,0.061538462,0.402684564,0.586092715,0.492346939,0.479518072,0.549872123,0.465665236,0.035502959,0.202898551,0.575057737,0.534482759,0.550135501,0.354906054,0.114355231,0.281420765,0.603982301,0.560364465,0.618138425,0.543352601,0.215686275,0.141643059,0.530503979,0.536082474,0.63902439,0.102803738,0.904761905,0.607734807,0.629901961,0.592997812,0.556034483,0.094117647,0.576923077,0.451612903,0.451807229,0.511363636,0.66004415,0.520958084,0.067183463,0.519877676,0.661458333,0.669371197,0.494360902,0.137741047,0.013477089,0.003021148,0.008403361,0.334293948,0.3203125,0.465671642,0.431547619,0.205479452,0.073170732,0.021505376,0,0.466666667,0.862745098,0.574193548,0.005089059,0.073232323,0.707692308,0.3625,0.226912929,0.479674797,0.243445693,0.762820513,0.791176471,0.553745928,0
0.374100719,0.31986532,0.586345382,0.180147059,0,0.713541667,0.0078125,0.785202864,0.029177719,0.587649402,0.515081206,0.408045977,0.513126492,0.628571429,0.571815718,0.141993958,0.02,0.609756098,0.522772277,0.420542636,0.287449393,0.008982036,0.303167421,0.583769634,0.75,0.160493827,0.124309392,0.154340836,0.442367601,0.572815534,0.003246753,0.154109589,0.303206997,0.514739229,0.002610966,0.465454545,0.025062657,0.109243697,0.468,0.148648649,0.514705882,0.360795455,0.520697168,0.617924528,0.534210526,0.415011038,0.018726592,0.267175573,0.688195991,0.509240246,0.347349177,0.011331445,0.093150685,0.543123543,0.545698925,0.455301455,0.007518797,0.131487889,0.65819209,0.671296296,0.011594203,0.173913043,0.536312849,0.724220624,0.176029963,0.35078534,0.002336449,0.444759207,0.483775811,0.436111111,0.548638132,0.463709677,0.452747253,0.557777778,0.618811881,0.103174603,0.024449878,0.615546218,0.428282828,0.444186047,0.117913832,0.008152174,0.341846758,0.607449857,0.666666667,0.033419023,0.395638629,0.864779874,0.164233577,0.703016241,0.018918919,0.20855615,0.04519774,0.482142857,0.203539823,0.650246305,0.538674033,0.015584416,0.63546798,0.005128205,0.463087248,0.370860927,0.573979592,0.515662651,0.534526854,0.560085837,0.091715976,0.27826087,0.577367206,0.528735632,0.56097561,0.252609603,0.058394161,0.079234973,0.668141593,0.646924829,0.923627685,0.138728324,0.022058824,0.124645892,0.570291777,0.590206186,0.668292683,0.526479751,0.037414966,0.552486188,0.661764706,0.562363239,0.564655172,0.002941176,0.025641026,0.109677419,0.425702811,0.481060606,0.664459161,0.505988024,0.064599483,0.4617737,0.328125,0.448275862,0.372180451,0.134986226,0.005390836,0.006042296,0.011204482,0.028818444,0.53125,0.504477612,0.488095238,0.153424658,0.070460705,0.025089606,0.003134796,0.443137255,0.254901961,0.35483871,0.040712468,0.166666667,0.661538462,0.371875,0.712401055,0.536585366,0.078651685,0.608974359,0.697058824,0.117263844,0
0.417266187,0.033670034,0.112449799,0.529411765,0.047887324,0.260416667,0.557291667,0.668257757,0.591511936,0.717131474,0.517401392,0.572796935,0.723150358,0.588095238,0.558265583,0.129909366,0.942857143,0.543237251,0.461386139,0.585271318,0.522267206,0.5,0.518099548,0.018324607,0.028089888,0.511111111,0.729281768,0.363344051,0.46728972,0.058252427,0.003246753,0.29109589,0.33819242,0.204081633,0.310704961,0.28,0.015037594,0.518207283,0.208,0.608108108,0.095588235,0.590909091,0.760348584,0.648584906,0.613157895,0.342163355,0.72659176,0.582697201,0.530066815,0.737166324,0.486288848,0.563739377,0.479452055,0.494172494,0.169354839,0.476091476,0.651629073,0.179930796,0.440677966,0.594907407,0.249275362,0.005434783,0.575418994,0.028776978,0.539325843,0.261780105,0.011682243,0.413597734,0.563421829,0.430555556,0.097276265,0.036290323,0.545054945,0.646666667,0.772277228,0.301587302,0.608801956,0.451680672,0.55959596,0.558139535,0.612244898,0.47826087,0.459724951,0.226361032,0.580246914,0.532133676,0.470404984,0.405660377,0.50729927,0.025522042,0,0.267379679,0.347457627,0.422619048,0.327433628,0.467980296,0.301104972,0.664935065,0.02955665,0.592307692,0.080536913,0.453642384,0.691326531,0.672289157,0.58056266,0.403433476,0.795857988,0.733333333,0.540415704,0.537356322,0.495934959,0.532359081,0.608272506,0.549180328,0.632743363,0.501138952,0.021479714,0.702312139,0.674019608,0.685552408,0.058355438,0.131443299,0.068292683,0.404984424,0.06122449,0.497237569,0.678921569,0.122538293,0.489224138,0.405882353,0.162393162,0.106451613,0.475903614,0.553030303,0.538631347,0.48502994,0.633074935,0.55351682,0.5390625,0.507099391,0.42481203,0.526170799,0.544474394,0.613293051,0.005602241,0.017291066,0.078125,0.468656716,0.476190476,0.690410959,0.27100271,0.448028674,0.369905956,0.047058824,0.568627451,0.029032258,0.063613232,0.27020202,0.017948718,0.51875,0.733509235,0.574525745,0.041198502,0.570512821,0.714705882,0.198697068,0
0.345323741,0.222222222,0.104417671,0.533088235,0,0.2578125,0.5625,0.544152745,0.827586207,0.422310757,0.767981439,0.475095785,0.737470167,0.669047619,0.577235772,0.193353474,0.894285714,0.498891353,0.6,0.449612403,0.465587045,0.754491018,0.617647059,0.02617801,0.005617978,0.508641975,0.712707182,0.421221865,0.464174455,0.116504854,0.003246753,0.890410959,0.236151603,0.494331066,0.310704961,0.203636364,0.012531328,0.834733894,0.072,0.581081081,0.172794118,0.730113636,0.594771242,0.683962264,0.6,0.739514349,0.217228464,0.623409669,0.614699332,0.40862423,0.411334552,0.841359773,0.602739726,0.417249417,0.172043011,0.434511435,0.639097744,0.207612457,0.437853107,0.375,0.257971014,0.676630435,0.318435754,0.177458034,0.535580524,0.282722513,0.002336449,0.413597734,0.002949853,0.4,0.081712062,0.100806452,0.736263736,0.513333333,0.487623762,0.063492063,0.938875306,0.516806723,0.577777778,0.590697674,0.496598639,0.576086957,0.469548134,0.240687679,0.175308642,0.544987147,0.46728972,0.349056604,0.510948905,0.11136891,0.045945946,0.631016043,0.350282486,0.688492063,0.420353982,0.066502463,0.290055249,0.992207792,0.044334975,0.587179487,0.268456376,0.572847682,0.568877551,0.638554217,0.664961637,0.506437768,0.136094675,0.544927536,0.424942263,0.574712644,0.517615176,0.524008351,0.581508516,0.653005464,0.276548673,0.546697039,0.026252983,0.734104046,0.676470588,0.685552408,0.026525199,0.128865979,0.070731707,0.171339564,0.68707483,0.220994475,0.642156863,0.288840263,0.691810345,0.4,0.555555556,0.093548387,0.495983936,0.403409091,0.514348786,0.508982036,0.971576227,0.541284404,0.651041667,0.468559838,0.481203008,0.600550964,0.663072776,0.981873112,0.005602241,0.017291066,0.09375,0.423880597,0.452380952,0.663013699,0.27100271,0.444444444,0.369905956,0.458823529,0.882352941,0.712903226,0.040712468,0.712121212,0.143589744,0.478125,0.477572559,0.536585366,0.164794007,0.666666667,0.773529412,0.472312704,0
0.431654676,0.269360269,0.570281124,0.330882353,0,0.526041667,0.013020833,0.794749403,0.045092838,0.484063745,0.489559165,0.444444444,0.608591885,0.616666667,0.514905149,0.096676737,0.025714286,0.634146341,0.500990099,0.467054264,0.346153846,0.005988024,0.171945701,0.968586387,0.564606742,0.172839506,0.093922652,0.028938907,0.386292835,0.611650485,0.321428571,0.976027397,0.008746356,0.698412698,0.08616188,0.221818182,0.037593985,0.112044818,0.488,0.135135135,0.477941176,0.590909091,0.522875817,0.575471698,0.539473684,0.333333333,0.029962547,0.386768448,0.681514477,0.492813142,0.398537477,0.008498584,0.054794521,0.68997669,0.61827957,0.424116424,0.010025063,0.031141869,0.406779661,0.594907407,0.107246377,0.711956522,0.195530726,0.709832134,0.078651685,0.267015707,0.002336449,0.441926346,0.306784661,0.422222222,0.521400778,0.451612903,0.549450549,0.577777778,0.547029703,0.087301587,0.026894866,0.584033613,0.446464646,0.5,0.167800454,0.010869565,0.326129666,0.845272206,0.609876543,0.035989717,0.333333333,0.635220126,0.46350365,0.628770302,0.581081081,0.807486631,0.005649718,0.388888889,0.35840708,0.036945813,0.314917127,0.01038961,0.63546798,0.005128205,0.419463087,0.57615894,0.520408163,0.481927711,0.508951407,0.527896996,0.085798817,0.391304348,0.563510393,0.528735632,0.579945799,0.221294363,0.058394161,0.032786885,0.674778761,0.596810934,0.6849642,0.046242775,0.022058824,0.028328612,0.527851459,0.474226804,0.517073171,0.146417445,0.921768707,0.624309392,0.605392157,0.667396061,0.519396552,0.008823529,0.572649573,0.416129032,0.487951807,0.517045455,0.668874172,0.517964072,0.069767442,0.50764526,0.208333333,0.413793103,0.313909774,0.129476584,0.005390836,0.006042296,0.005602241,0.25648415,0.421875,0.47761194,0.446428571,0.134246575,0.073170732,0.010752688,0.003134796,0.474509804,0.85620915,0.580645161,0.020356234,0.517676768,0.694871795,0.35625,0.203166227,0.463414634,0.235955056,0.756410256,0.788235294,0.550488599,0
0.338129496,0.164983165,0.116465863,0.529411765,0.087323944,0.2578125,0.565104167,0.591885442,0.538461538,0.30876494,0.645011601,0.536398467,0.560859189,0.573809524,0.590785908,0.16918429,0.948571429,0.503325942,0.592079208,0.61627907,0.475708502,0.517964072,0.597285068,0.041884817,0.008426966,0.518518519,0.67679558,0.379421222,0.46728972,0.009708738,0.003246753,0.880136986,0.233236152,0.108843537,0.310704961,0.207272727,0.015037594,0.540616246,0.052,0.543243243,0.125,0.735795455,0.435729847,0.658018868,0.571052632,0.516556291,0.962546816,0.590330789,0.592427617,0.353182752,0.431444241,0.566572238,0.55890411,0.533799534,0.169354839,0.461538462,0.631578947,0.162629758,0.440677966,0.185185185,0.249275362,0.660326087,0.318435754,0.004796163,0.539325843,0.287958115,0.018691589,0.478753541,0.135693215,0.4,0.058365759,0.120967742,0.586813187,0.526666667,0.512376238,0.317460317,0.594132029,0.56302521,0.604040404,0.948837209,0.535147392,0.489130435,0.497053045,0.226361032,0.116049383,0.568123393,0.411214953,0.371069182,0.50729927,0.016241299,0.037837838,0.620320856,0.350282486,0.396825397,0.420353982,0.086206897,0.301104972,0.65974026,0.113300493,0.564102564,0.224832215,0.572847682,0.579081633,0.624096386,0.557544757,0.420600858,0.659763314,0.652173913,0.6073903,0.646551724,0.913279133,0.557411273,0.605839416,0.628415301,0.329646018,0.517084282,0.028639618,0.751445087,0.676470588,0.648725212,0.01061008,0.131443299,0.065853659,0.15576324,0.659863946,0.193370166,0.308823529,0.059080963,0.379310345,0.405882353,0.555555556,0.103225806,0.467871486,0.414772727,0.516556291,0.568862275,0.633074935,0.541284404,0.5546875,0.452332657,0.468045113,0.504132231,0.522911051,0.601208459,0.005602241,0.017291066,0.1171875,0.373134328,0.395833333,0.630136986,0.27100271,0.448028674,0.369905956,0.466666667,0.879084967,0.706451613,0.050890585,0.194444444,0.007692308,0.496875,0.496042216,0.54200542,0.164794007,0.666666667,0.773529412,0.475570033,0
0.374100719,0.326599327,0.586345382,0.220588235,0,0.7109375,0.005208333,0.644391408,0.153846154,0.535856574,0.531322506,0.429118774,0.503579952,0.716666667,0.579945799,0.172205438,0.234285714,0.760532151,0.534653465,0.459302326,0.4048583,0.005988024,0.248868778,0.691099476,0.735955056,0.138271605,0.116022099,0.009646302,0.423676012,0.582524272,0.003246753,0.157534247,0.303206997,0.512471655,0,0.465454545,0.025062657,0.109243697,0.464,0.148648649,0.518382353,0.366477273,0.505446623,0.669811321,0.576315789,0.525386313,0.071161049,0.681933842,0.659242762,0.515400411,0.402193784,0.036827195,0.057534247,0.261072261,0.602150538,0.440748441,0.005012531,0.08650519,0.646892655,0.606481481,0.011594203,0.179347826,0.530726257,0.729016787,0.164794007,0.356020942,0.002336449,0.444759207,0.474926254,0.438888889,0.548638132,0.463709677,0.450549451,0.56,0.571782178,0.126984127,0.15403423,0.594537815,0.486868687,0.420930233,0.328798186,0.005434783,0.398821218,0.633237822,0.656790123,0.023136247,0.401869159,0.150943396,0.164233577,0.703016241,0.021621622,0.219251337,0.048022599,0.454365079,0.194690265,0.645320197,0.533149171,0.015584416,0.630541872,0.002564103,0.466442953,0.380794702,0.489795918,0.513253012,0.624040921,0.656652361,0.520710059,0.886956522,0.572748268,0.537356322,0.517615176,0.306889353,0.111922141,0.054644809,0.663716814,0.580865604,0.945107399,0.034682081,0.009803922,0.033994334,0.567639257,0.587628866,0.665853659,0.53271028,0.047619048,0.552486188,0.644607843,0.575492341,0.584051724,0,0.017094017,0.103225806,0.572289157,0.473484848,0.682119205,0.502994012,0.090439276,0.458715596,0.221354167,0.496957404,0.42481203,0.134986226,0.002695418,0.006042296,0.005602241,0.014409222,0.0625,0.504477612,0.491071429,0.153424658,0.070460705,0.021505376,0.003134796,0.447058824,0.267973856,0.358064516,0.048346056,0.333333333,0.669230769,0.375,0.712401055,0.54200542,0.082397004,0.608974359,0.697058824,0.110749186,0
0.431654676,0.265993266,0.570281124,0.393382353,0,0.700520833,0.015625,0.720763723,0.079575597,0.585657371,0.614849188,0.465517241,0.525059666,0.673809524,0.60704607,0.697885196,0.031428571,0.596452328,0.465346535,0.418604651,0.368421053,0.005988024,0.162895928,0.939790576,0.533707865,0.116049383,0.096685083,0.025723473,0.482866044,0.565533981,0.292207792,0.976027397,0.011661808,0.494331066,0.08616188,0.218181818,0.007518797,0.112044818,0.488,0.137837838,0.477941176,0.590909091,0.531590414,0.610849057,0.644736842,0.633554084,0.082397004,0.450381679,0.634743875,0.482546201,0.351005484,0.02266289,0.02739726,0.405594406,0.599462366,0.428274428,0.015037594,0.031141869,0.669491525,0.68287037,0.147826087,0.714673913,0.201117318,0.690647482,0.164794007,0.267015707,0.009345794,0.441926346,0.306784661,0.422222222,0.521400778,0.451612903,0.485714286,0.666666667,0.631188119,0.285714286,0.026894866,0.691176471,0.452525253,0.474418605,0.287981859,0.010869565,0.320235756,0.931232092,0.651851852,0.023136247,0.330218069,0.298742138,0.251824818,0.696055684,0.586486486,0.807486631,0.008474576,0.476190476,0.35840708,0.034482759,0.480662983,0.007792208,0.63546798,0.007692308,0.416107383,0.572847682,0.645408163,0.556626506,0.583120205,0.772532189,0.337278107,0.391304348,0.547344111,0.537356322,0.479674797,0.263048017,0.109489051,0.038251366,0.566371681,0.539863326,0.61097852,0.057803468,0.029411765,0.031161473,0.564986737,0.628865979,0.682926829,0.165109034,0.921768707,0.624309392,0.671568627,0.525164114,0.551724138,0.020588235,0.572649573,0.403225806,0.437751004,0.520833333,0.673289183,0.517964072,0.067183463,0.510703364,0.127604167,0.417849899,0.315789474,0.129476584,0.008086253,0.003021148,0.005602241,0.080691643,0.125,0.474626866,0.443452381,0.136986301,0.075880759,0.032258065,0.003134796,0.474509804,0.85620915,0.583870968,0.111959288,0.424242424,0.561538462,0.35625,0.203166227,0.460704607,0.232209738,0.75,0.788235294,0.54723127,0
0.345323741,0.215488215,0.112449799,0.536764706,0.050704225,0.247395833,0.559895833,0.594272076,0.594164456,0.464143426,0.573085847,0.570881226,0.656324582,0.547619048,0.563685637,0.087613293,0.937142857,0.534368071,0.459405941,0.374031008,0.522267206,0.497005988,0.515837104,0.277486911,0.005617978,0.516049383,0.726519337,0.356913183,0.464174455,0.036407767,0.003246753,0.890410959,0.236151603,0.12244898,0.308093995,0.203636364,0.010025063,0.518207283,0.068,0.605405405,0.194852941,0.730113636,0.577342048,0.544811321,0.613157895,0.33995585,0.72659176,0.595419847,0.527839644,0.459958932,0.484460695,0.558073654,0.473972603,0.811188811,0.172043011,0.46985447,0.651629073,0.183391003,0.435028249,0.3125,0.263768116,0.676630435,0.318435754,0.011990408,0.531835206,0.282722513,0.014018692,0.410764873,0.002949853,0.425,0.101167315,0.100806452,0.608791209,0.646666667,0.613861386,0.30952381,0.608801956,0.43907563,0.555555556,0.576744186,0.616780045,0.47826087,0.457760314,0.257879656,0.197530864,0.537275064,0.476635514,0.449685535,0.510948905,0.018561485,0.045945946,0.631016043,0.353107345,0.408730159,0.415929204,0.066502463,0.284530387,0.662337662,0.034482759,0.592307692,0.27852349,0.572847682,0.655612245,0.612048193,0.529411765,0.407725322,0.795857988,0.724637681,0.475750577,0.557471264,0.563685637,0.526096033,0.603406326,0.532786885,0.252212389,0.621867882,0.042959427,0.705202312,0.676470588,0.682719547,0.013262599,0.128865979,0.065853659,0.174454829,0.68707483,0.220994475,0.482843137,0.089715536,0.471982759,0.397058824,0.555555556,0.093548387,0.475903614,0.551136364,0.538631347,0.488023952,0.633074935,0.550458716,0.549479167,0.513184584,0.426691729,0.523415978,0.544474394,0.610271903,0.005602241,0.017291066,0.1484375,0.462686567,0.476190476,0.687671233,0.27100271,0.444444444,0.369905956,0.462745098,0.882352941,0.712903226,0.058524173,0.093434343,0.015384615,0.478125,0.474934037,0.536585366,0.164794007,0.666666667,0.773529412,0.472312704,0
0.417266187,0.03030303,0.204819277,0.522058824,0.002816901,0.270833333,0.567708333,0.551312649,0.546419098,0.62749004,0.62412993,0.431034483,0.546539379,0.616666667,0.531165312,0.102719033,0.817142857,0.503325942,0.596039604,0.63372093,0.473684211,0.526946108,0.610859729,0.073298429,0.028089888,0.503703704,0.732044199,0.292604502,0.46728972,0,0.003246753,0.287671233,0.33819242,0.077097506,0.310704961,0.283636364,0.020050125,0.669467787,0.464,0.624324324,0.091911765,0.59375,0.583877996,0.669811321,0.542105263,0.492273731,0.299625468,0.610687023,0.654788419,0.708418891,0.409506399,0.566572238,0.619178082,0.438228438,0.172043011,0.436590437,0.65914787,0.162629758,0.446327684,0.393518519,0.237681159,0.005434783,0.575418994,0.002398082,0.546816479,0.261780105,0.002336449,0.597733711,0.592920354,0.502777778,0.097276265,0.036290323,0.545054945,0.502222222,0.646039604,0.063492063,0.665036675,0.596638655,0.545454545,0.630232558,0.47845805,0.5,0.451866405,0.214899713,0.513580247,0.550128535,0.46105919,0.352201258,0.50729927,0.009280742,0,0.267379679,0.344632768,0.33531746,0.336283186,0.467980296,0.314917127,0.636363636,0.24137931,0.607692308,0.077181208,0.453642384,0.579081633,0.609638554,0.578005115,0.467811159,0.147928994,0.55942029,0.496535797,0.534482759,0.482384824,0.498956159,0.527980535,0.639344262,0.665929204,0.740318907,0.038186158,0.687861272,0.674019608,0.674220963,0.021220159,0.131443299,0.065853659,0.395638629,0.054421769,0.486187845,0.328431373,0.030634573,0.308189655,0.408823529,0.175213675,0.119354839,0.510040161,0.412878788,0.582781457,0.811377246,0.795865633,0.996941896,0.674479167,0.490872211,0.477443609,0.603305785,0.555256065,0.592145015,0.005602241,0.017291066,0.109375,0.48358209,0.479166667,0.698630137,0.27100271,0.448028674,0.36677116,0.047058824,0.568627451,0.029032258,0.030534351,0.154040404,0.005128205,0.51875,0.736147757,0.574525745,0.037453184,0.576923077,0.720588235,0.205211726,0
0.417266187,0.02020202,0.228915663,0.525735294,0.053521127,0.265625,0.559895833,0.69928401,0.639257294,0.346613546,0.665893271,0.48467433,0.613365155,0.533333333,0.514905149,0.120845921,0.985714286,0.518847007,0.598019802,0.364341085,0.44534413,0.517964072,0.606334842,0.128272251,0.005617978,0.483950617,0.740331492,0.08681672,0.46728972,0.029126214,0.003246753,0.256849315,0.335276968,0.154195011,0.313315927,0.287272727,0.020050125,0.616246499,0.156,0.724324324,0.117647059,0.582386364,0.494553377,0.641509434,0.515789474,0.540838852,0.996254682,0.541984733,0.632516704,0.336755647,0.438756856,0.549575071,0.616438356,0.778554779,0.166666667,0.488565489,0.661654135,0.096885813,0.443502825,0.226851852,0.243478261,0.005434783,0.569832402,0.011990408,0.543071161,0.261780105,0.002336449,0.532577904,0.584070796,0.594444444,0.167315175,0.056451613,0.621978022,0.502222222,0.50990099,0.126984127,0.687041565,0.527310924,0.563636364,0.63255814,0.430839002,0.516304348,0.455795678,0.217765043,0.120987654,0.508997429,0.46105919,0.490566038,0.50729927,0.025522042,0,0.256684492,0.347457627,0.452380952,0.331858407,0.477832512,0.309392265,0.537662338,0.039408867,0.653846154,0.070469799,0.447019868,0.604591837,0.628915663,0.52173913,0.399141631,0.352071006,0.660869565,0.427251732,0.540229885,0.577235772,0.48434238,0.513381995,0.617486339,0.263274336,0.507972665,0.021479714,0.528901734,0.615196078,0.597733711,0.013262599,0.131443299,0.070731707,0.392523364,0.051020408,0.491712707,0.397058824,0.096280088,0.452586207,0.408823529,0.170940171,0.129032258,0.504016064,0.505681818,0.549668874,0.446107784,0.625322997,0.718654434,0.684895833,0.486815416,0.473684211,0.691460055,0.633423181,0.607250755,0.005602241,0.031700288,0.3984375,0.605970149,0.550595238,0.75890411,0.27100271,0.448028674,0.369905956,0.043137255,0.552287582,0.022580645,0.045801527,0.255050505,0.017948718,0.509375,0.736147757,0.571815718,0.041198502,0.570512821,0.717647059,0.205211726,0
0.417266187,0.006734007,0.662650602,0.518382353,0.002816901,0.276041667,0.572916667,0.53221957,0.586206897,0.38247012,0.642691415,0.574712644,0.613365155,0.561904762,0.547425474,0.054380665,0.642857143,0.474501109,0.508910891,0.430232558,0.528340081,0.482035928,0.488687783,0.130890052,0.016853933,0.585185185,0.61878453,0.324758842,0.470404984,0.019417476,0.003246753,0.280821918,0.335276968,0.126984127,0.313315927,0.276363636,0.027568922,1,0.464,0.813513514,0.047794118,0.59375,0.501089325,0.634433962,0.613157895,0.492273731,0.370786517,0.603053435,0.543429844,0.425051335,0.480804388,0.504249292,0.520547945,0.582750583,0.193548387,0.471933472,0.606516291,0.121107266,0.449152542,0.229166667,0.228985507,0.005434783,0.575418994,0.004796163,0.550561798,0.267015707,0.002336449,0.968838527,0.575221239,0.852777778,0.221789883,0.181451613,0.610989011,0.622222222,0.534653465,0.047619048,0.640586797,0.5,0.587878788,0.648837209,0.616780045,0.497282609,0.47151277,0.23495702,0.185185185,0.601542416,0.280373832,0.471698113,0.503649635,0.018561485,0,0.251336898,0.34180791,0.424603175,0.349557522,0.465517241,0.32320442,0.594805195,0.571428571,0.58974359,0.026845638,0.450331126,0.619897959,0.631325301,0.547314578,0.362660944,0.050295858,0.628985507,0.420323326,0.574712644,0.574525745,0.536534447,0.598540146,0.540983607,0.497787611,0.817767654,0.171837709,0.780346821,0.669117647,0.583569405,0.00795756,0.131443299,0.068292683,0.367601246,0.040816327,0.46961326,0.392156863,0.078774617,0.435344828,0.414705882,0.205128205,0.129032258,0.465863454,0.509469697,0.485651214,0.997005988,0.873385013,0.737003058,0.481770833,0.486815416,0.42481203,0.933884298,0.601078167,0.628398792,0.005602241,0.017291066,0.1171875,0.695522388,0.348214286,0.684931507,0.273712737,0.451612903,0.36677116,0.043137255,0.565359477,0.022580645,0.030534351,0.189393939,0.005128205,0.521875,0.736147757,0.571815718,0.037453184,0.570512821,0.723529412,0.218241042,0
0.374100719,0.32996633,0.586345382,0.305147059,0,0.591145833,0.002604167,0.6849642,0.103448276,0.519920319,0.563805104,0.69348659,0.577565632,0.976190476,0.688346883,0.145015106,0.028571429,0.866962306,0.504950495,0.397286822,0.410931174,0.005988024,0.156108597,0.965968586,0.547752809,0.064197531,0.116022099,0,0.31152648,0.611650485,0.003246753,0.160958904,0.306122449,0.680272109,0.002610966,0.461818182,0.047619048,0.109243697,0.46,0.148648649,0.522058824,0.369318182,0.51416122,0.83490566,0.902631579,0.379690949,0.029962547,0.470737913,0.623608018,0.515400411,0.57952468,0.033994334,0.010958904,0.398601399,0.599462366,0.318087318,0,0.096885813,0.443502825,0.615740741,0.228985507,0.182065217,0.530726257,0.736211031,0.08988764,0.356020942,0.002336449,0.444759207,0.471976401,0.438888889,0.552529183,0.463709677,0.551648352,0.924444444,0.636138614,0.142857143,0.048899756,0.800420168,0.593939394,0.48372093,0.324263039,0.002717391,0.337917485,0.744985673,0.64691358,0,0.408099688,0.15408805,0.405109489,0.658932715,0.024324324,0.219251337,0.04519774,0.456349206,0.199115044,0.642857143,0.406077348,0.018181818,0.630541872,0,0.469798658,0.387417219,0.614795918,0.621686747,0.833759591,0.545064378,0.115384615,0.295652174,0.570438799,0.732758621,0.531165312,0.294363257,0.138686131,0.043715847,0.652654867,0.601366743,0.687350835,0.00867052,0.00245098,0.031161473,0.527851459,0.471649485,0.556097561,0.53271028,0.047619048,0.552486188,0.588235294,0.66083151,0.519396552,0,0.017094017,0.1,0.662650602,0.793560606,1,0.502994012,0.069767442,0.452599388,0.0859375,0.346855984,0.29887218,0.134986226,0.002695418,0.006042296,0.005602241,0.270893372,0.1015625,0.507462687,0.494047619,0.153424658,0.070460705,0,0.003134796,0.447058824,0.274509804,0.361290323,0.050890585,0.419191919,0.728205128,0.375,0.715039578,0.544715447,0.082397004,0.608974359,0.7,0.110749186,0
0.417266187,0.178451178,0.257028112,0.529411765,0,0.2578125,0.661458333,0.816229117,0.551724138,0.442231076,0.626450116,0.578544061,0.663484487,0.545238095,0.574525745,0.066465257,0.808571429,0.554323725,0.556435644,0.414728682,0.504048583,0.52994012,0.57918552,0.015706806,0.008426966,0.483950617,0.70718232,0.987138264,0.46728972,0.046116505,0.003246753,0.315068493,0.33819242,0.160997732,0.310704961,0.276363636,0.015037594,0.523809524,0.068,0.589189189,0.128676471,0.602272727,0.568627451,0.58490566,0.623684211,0.452538631,0.288389513,0.508905852,0.786191537,0.41889117,0.488117002,0.52407932,0.547945205,0.393939394,0.169354839,0.505197505,0.666666667,0.546712803,0.440677966,0.303240741,0.252173913,0.029891304,0.575418994,0.016786571,0.539325843,0.261780105,0.002336449,0.47592068,0.554572271,0.577777778,0.206225681,0.096774194,0.632967033,0.64,0.589108911,0.079365079,0.613691932,0.453781513,0.575757576,0.879069767,0.569160998,0.565217391,0.485265226,0.229226361,0.175308642,0.555269923,0.588785047,0.716981132,0.50729927,0.027842227,0.024324324,0.272727273,0.350282486,0.454365079,0.331858407,0.458128079,0.298342541,0.545454545,0.02955665,0.643589744,0.167785235,0.460264901,0.650510204,0.626506024,0.52685422,0.369098712,0.127218935,0.588405797,0.515011547,0.712643678,0.926829268,0.559498956,0.613138686,0.614754098,0.188053097,0.428246014,0.019093079,0.89017341,0.678921569,0.875354108,0.015915119,0.131443299,0.070731707,0.398753894,0.06462585,0.491712707,0.487745098,0.111597374,0.497844828,0.402941176,0.166666667,0.093548387,0.459839357,0.543560606,0.523178808,0.344311377,0.638242894,0.415902141,0.5390625,0.480730223,0.426691729,0.517906336,0.606469003,0.577039275,0.128851541,0.028818444,0.359375,0.614925373,0.550595238,0.635616438,0.27100271,0.448028674,0.369905956,0.062745098,0.581699346,0.132258065,0.050890585,0.181818182,0.023076923,0.528125,0.733509235,0.577235772,0.041198502,0.570512821,0.717647059,0.201954397,0
0.431654676,0.265993266,0.570281124,0.290441176,0,0.559895833,0.015625,0.718377088,0.079575597,0.474103586,0.554524362,0.429118774,0.601431981,0.688095238,0.547425474,0.664652568,0.088571429,0.629711752,0.451485149,0.468992248,0.410931174,0.008982036,0.180995475,0.47382199,0.646067416,0.096296296,0.096685083,0.022508039,0.267912773,0.980582524,0.071428571,0.976027397,0.008746356,0.972789116,0.08616188,0.218181818,0.022556391,0.112044818,0.488,0.137837838,0.477941176,0.590909091,0.529411765,0.558962264,0.634210526,0.549668874,0.142322097,0.442748092,0.625835189,0.482546201,0.378427788,0.028328612,0.024657534,0.382284382,0.706989247,0.386694387,0.012531328,0.031141869,0.415254237,0.930555556,0.002898551,0.711956522,0.195530726,0.894484412,0.119850187,0.267015707,0.014018692,0.441926346,0.306784661,0.422222222,0.521400778,0.451612903,0.538461538,0.66,0.547029703,0.388888889,0.034229829,0.642857143,0.426262626,0.48372093,0.317460317,0.010869565,0.347740668,0.690544413,0.738271605,0.017994859,0.333333333,0.251572327,0.291970803,0.844547564,0.578378378,0.807486631,0.005649718,0.426587302,0.35840708,0.039408867,0.475138122,0.01038961,0.63546798,0.007692308,0.419463087,0.57615894,0.512755102,0.474698795,0.570332481,0.755364807,0.600591716,0.524637681,0.565819861,0.537356322,0.512195122,0.321503132,0.138686131,0.054644809,0.674778761,0.580865604,0.62052506,0.043352601,0.024509804,0.028328612,0.893899204,0.56443299,0.636585366,0.118380062,0.918367347,0.624309392,0.970588235,0.993435449,0.625,0.047058824,0.572649573,0.419354839,0.453815261,0.503787879,0.677704194,0.517964072,0.069767442,0.50764526,0.109375,0.379310345,0.317669173,0.132231405,0.008086253,0.006042296,0.005602241,0.014409222,0.109375,0.47761194,0.446428571,0.136986301,0.073170732,0.007168459,0.003134796,0.474509804,0.85620915,0.580645161,0.122137405,0.641414141,0.628205128,0.35625,0.205804749,0.466124661,0.235955056,0.756410256,0.788235294,0.550488599,0
0.417266187,0.050505051,0.787148594,0.525735294,0,0.263020833,0.6328125,0.718377088,0.549071618,0.35059761,0.665893271,0.492337165,0.618138425,0.526190476,0.512195122,0.117824773,0.774285714,0.538802661,0.598019802,0.362403101,0.447368421,0.48502994,0.610859729,0.112565445,0.005617978,0.488888889,0.682320442,0.15755627,0.46728972,0.031553398,0.003246753,0.315068493,0.33819242,0.160997732,0.310704961,0.272727273,0.01754386,0.977591036,0.396,0.951351351,0.161764706,0.602272727,0.498910675,0.639150943,0.528947368,0.545253863,0.25093633,0.567430025,0.610244989,0.336755647,0.435100548,0.492917847,0.61369863,0.771561772,0.166666667,0.494802495,0.669172932,0.186851211,0.443502825,0.233796296,0.243478261,0.008152174,0.575418994,0.014388489,0.543071161,0.261780105,0.002336449,1,0.557522124,0.961111111,0.478599222,0.294354839,0.624175824,0.502222222,0.50990099,0.071428571,0.630806846,0.523109244,0.577777778,0.630232558,0.439909297,0.519021739,0.459724951,0.220630372,0.120987654,0.573264781,0.517133956,0.477987421,0.50729927,0.025522042,0,0.267379679,0.347457627,0.46031746,0.340707965,0.455665025,0.309392265,0.545454545,0.591133005,0.68974359,0.110738255,0.460264901,0.604591837,0.628915663,0.514066496,0.375536481,0.298816568,0.701449275,0.427251732,0.548850575,0.582655827,0.494780793,0.513381995,0.62295082,0.254424779,0.505694761,0.019093079,0.459537572,0.654411765,0.597733711,0.013262599,0.131443299,0.070731707,0.386292835,0.054421769,0.480662983,0.406862745,0.102844639,0.461206897,0.405882353,0.183760684,0.1,0.504016064,0.498106061,0.549668874,0.934131737,0.720930233,0.370030581,0.677083333,0.476673428,0.477443609,0.994490358,0.676549865,0.637462236,0.005602241,0.028818444,0.3828125,0.910447761,0.654761905,0.884931507,0.273712737,0.448028674,0.369905956,0.105882353,0.581699346,0.035483871,0.048346056,0.267676768,0.017948718,0.528125,0.733509235,0.577235772,0.037453184,0.576923077,0.720588235,0.211726384,0
0.374100719,0.32996633,0.586345382,0.279411765,0,0.869791667,0.005208333,0.704057279,0.427055703,0.480079681,0.477958237,0.595785441,0.603818616,0.69047619,0.56097561,0.129909366,0.031428571,0.722838137,0.499009901,0.453488372,0.722672065,0.071856287,0.556561086,0.452879581,0.530898876,0.081481481,0.11878453,0.006430868,0.442367601,0.703883495,0.003246753,0.157534247,0.303206997,0.616780045,0.002610966,0.461818182,0.626566416,0.112044818,0.46,0.148648649,0.518382353,0.366477273,0.516339869,0.646226415,0.528947368,0.306843267,0.02247191,0.829516539,0.623608018,0.503080082,0.648994516,0.175637394,0.128767123,0.358974359,0.704301075,0.361746362,0.005012531,0.093425606,0.725988701,0.608796296,0.011594203,0.179347826,0.536312849,0.839328537,0.479400749,0.35078534,0.002336449,0.444759207,0.477876106,0.438888889,0.548638132,0.463709677,0.556043956,0.624444444,0.574257426,0.126984127,0.134474328,0.581932773,0.551515152,0.476744186,0.678004535,0.019021739,0.640471513,0.673352436,0.622222222,0.007712082,0.404984424,0.20754717,0.284671533,0.689095128,0.024324324,0.213903743,0.04519774,0.446428571,0.203539823,0.645320197,0.91160221,0.036363636,0.630541872,0.002564103,0.469798658,0.377483444,0.530612245,0.515662651,0.57544757,0.47639485,0.127218935,0.646376812,0.572748268,0.485632184,0.512195122,0.655532359,0.549878345,0.368852459,0.670353982,0.576309795,0.622911695,0.023121387,0.009803922,0.033994334,0.596816976,0.56443299,0.57804878,0.529595016,0.044217687,0.552486188,0.580882353,0.702407002,0.506465517,0.164705882,0.021367521,0.274193548,0.753012048,0.65719697,0.695364238,0.502994012,0.093023256,0.455657492,0.286458333,0.444219067,0.533834586,0.134986226,0.002695418,0.003021148,0.005602241,0.014409222,0.0703125,0.507462687,0.494047619,0.156164384,0.070460705,0.078853047,0.003134796,0.447058824,0.264705882,0.358064516,0.829516539,0.669191919,0.98974359,0.375,0.712401055,0.54200542,0.082397004,0.602564103,0.7,0.114006515,0
0.338129496,0.346801347,0.200803213,0.533088235,0.002816901,0.252604167,0.653645833,0.553699284,0.482758621,0.675298805,0.631090487,0.459770115,0.594272076,0.60952381,0.506775068,0.16918429,0.808571429,0.514412417,0.6,0.622093023,0.479757085,0.511976048,0.604072398,0.047120419,0.033707865,0.565432099,0.671270718,0.932475884,0.46728972,0.026699029,0.003246753,0.886986301,0.233236152,0.0861678,0.310704961,0.207272727,0.012531328,0.546218487,0.008,0.562162162,0.301470588,0.730113636,0.675381264,0.669811321,0.542105263,0.520971302,0.292134831,0.625954198,0.628062361,0.728952772,0.418647166,0.490084986,0.62739726,0.375291375,0.172043011,0.453222453,0.674185464,0.491349481,0.437853107,0.50462963,0.255072464,0.673913043,0.30726257,0.009592326,0.535580524,0.282722513,0.002336449,0.422096317,0.002949853,0.522222222,0.249027237,0.141129032,0.542857143,0.513333333,0.715346535,0.055555556,0.599022005,0.615546218,0.56969697,0.634883721,0.489795918,0.5625,0.455795678,0.23782235,0.55308642,0.560411311,0.517133956,0.827044025,0.510948905,0.020881671,0.124324324,0.631016043,0.350282486,0.343253968,0.415929204,0.078817734,0.29558011,0.553246753,0.009852217,0.664102564,0.308724832,0.572847682,0.596938776,0.592771084,0.554987212,0.519313305,0.201183432,0.533333333,0.526558891,0.534482759,0.531165312,0.488517745,0.501216545,0.628415301,0.661504425,0.662870159,0.026252983,0.968208092,0.691176471,0.821529745,0.039787798,0.128865979,0.068292683,0.168224299,0.683673469,0.215469613,0.504901961,0.043763676,0.342672414,0.4,0.555555556,0.1,0.508032129,0.416666667,0.593818985,0.359281437,0.664082687,0.440366972,0.682291667,0.484787018,0.47556391,0.495867769,0.633423181,0.592145015,0.086834734,0.023054755,0.34375,0.597014925,0.580357143,0.624657534,0.27100271,0.448028674,0.369905956,0.462745098,0.879084967,0.712903226,0.040712468,0.181818182,0.012820513,0.478125,0.477572559,0.536585366,0.168539326,0.673076923,0.773529412,0.478827362,0
0.431654676,0.252525253,0.570281124,0.183823529,0,0.6796875,0.018229167,0.6849642,0.021220159,0.5,0.631090487,0.555555556,0.582338902,1,0.823848238,0.075528701,0.005714286,0.583148559,0.524752475,0.490310078,0.251012146,0.005988024,0.2239819,0.717277487,0.769662921,0.177777778,0.096685083,0.032154341,0.420560748,0.997572816,0.061688312,0.976027397,0.008746356,0.675736961,0.088772846,0.218181818,0.027568922,0.112044818,0.492,0.135135135,0.470588235,0.599431818,0.538126362,0.943396226,0.931578947,0.470198675,0.02247191,0.269720102,0.659242762,0.472279261,0.349177331,0.002832861,0.063013699,0.344988345,0.583333333,0.486486486,0.015037594,0.027681661,0.621468927,0.733796296,0.002898551,0.70923913,0.189944134,0.978417266,0.217228464,0.272251309,0.002336449,0.441926346,0.312684366,0.419444444,0.517509728,0.447580645,0.556043956,0.873333333,0.512376238,0.055555556,0.009779951,0.81512605,0.533333333,0.486046512,0.102040816,0.013586957,0.359528487,0.627507163,0.696296296,0.041131105,0.320872274,0.251572327,0.164233577,0.981438515,0.562162162,0.807486631,0.008474576,0.378968254,0.35840708,0.04679803,0.447513812,0.005194805,0.63546798,0.01025641,0.409395973,0.579470199,0.642857143,0.81686747,0.94629156,0.399141631,0.026627219,0.284057971,0.551963048,0.82183908,0.544715447,0.202505219,0.03892944,0.046448087,0.672566372,0.521640091,0.618138425,0.072254335,0.031862745,0.033994334,0.978779841,0.662371134,0.895121951,0.112149533,0.911564626,0.613259669,0.696078431,0.945295405,0.549568966,0.017647059,0.572649573,0.429032258,0.363453815,0.649621212,0.933774834,0.520958084,0.067183463,0.516819572,0.239583333,0.507099391,0.411654135,0.129476584,0.008086253,0.003021148,0.00280112,0.014409222,0.1484375,0.471641791,0.4375,0.134246575,0.073170732,0.043010753,0.003134796,0.470588235,0.859477124,0.580645161,0.012722646,0.454545455,0.643589744,0.359375,0.216358839,0.471544715,0.239700375,0.756410256,0.788235294,0.550488599,0
0.417266187,0.02020202,0.096385542,0.518382353,0,0.276041667,0.96875,0.53221957,0.562334218,0.38247012,0.638051044,0.574712644,0.61575179,0.55952381,0.552845528,0.045317221,0.745714286,0.474501109,0.508910891,0.420542636,0.530364372,0.826347305,0.515837104,0.143979058,0.016853933,0.911111111,0.638121547,0.147909968,0.46728972,0.019417476,0.003246753,0.267123288,0.335276968,0.124716553,0.315926893,0.283636364,0.027568922,0.666666667,0.196,0.516216216,0.069852941,0.588068182,0.507625272,0.632075472,0.615789474,0.483443709,0.179775281,0.615776081,0.541202673,0.420944559,0.482632541,0.583569405,0.901369863,0.601398601,0.190860215,0.509355509,0.862155388,0.114186851,0.446327684,0.231481481,0.228985507,0.005434783,0.575418994,0.004796163,0.550561798,0.267015707,0.002336449,0.458923513,0.578171091,0.372222222,0.054474708,0.032258065,0.610989011,0.622222222,0.542079208,0.055555556,0.540342298,0.493697479,0.587878788,0.648837209,0.621315193,0.913043478,0.467583497,0.23782235,0.177777778,1,0.411214953,0.553459119,0.503649635,0.016241299,0,0.251336898,0.34180791,0.422619048,0.345132743,0.472906404,0.32320442,0.594805195,0.034482759,0.794871795,0.060402685,0.447019868,0.625,0.63373494,0.549872123,0.360515021,0.059171598,0.623188406,0.422632794,0.574712644,0.569105691,0.528183716,0.598540146,0.715846995,0.477876106,0.813211845,0.164677804,0.921965318,0.931372549,0.620396601,0.01061008,0.131443299,0.068292683,0.37694704,0.044217687,0.480662983,0.394607843,0.076586433,0.4375,0.414705882,0.192307692,0.138709677,0.469879518,0.509469697,0.483443709,0.51497006,0.720930233,0.541284404,0.739583333,0.501014199,0.422932331,0.570247934,0.778975741,0.725075529,0.005602241,0.017291066,0.1171875,0.349253731,0.395833333,0.561643836,0.273712737,0.451612903,0.36677116,0.043137255,0.558823529,0.022580645,0.027989822,0.179292929,0.005128205,0.515625,0.736147757,0.571815718,0.037453184,0.570512821,0.720588235,0.211726384,0
0.374100719,0.31986532,0.582329317,0.128676471,0,0.703125,0.010416667,0.69928401,0.066312997,0.565737052,0.663573086,0.427203065,0.527446301,0.697619048,0.596205962,0.821752266,0.02,0.54767184,0.487128713,0.420542636,0.329959514,0.005988024,0.158371041,0.717277487,0.52247191,0.130864198,0.116022099,0.01607717,0.548286604,0.643203883,0.003246753,0.150684932,0.303206997,0.662131519,0.002610966,0.465454545,0.478696742,0.106442577,0.468,0.148648649,0.514705882,0.357954545,0.518518519,0.627358491,0.628947368,0.690949227,0.018726592,0.442748092,0.643652561,0.511293634,0.330895795,0.014164306,0.038356164,0.31002331,0.51344086,0.446985447,0.010025063,0.079584775,0.641242938,0.645833333,0.011594203,0.173913043,0.536312849,0.805755396,0.224719101,0.35078534,0.091121495,0.444759207,0.483775811,0.436111111,0.548638132,0.463709677,0.505494505,0.651111111,0.618811881,0.30952381,0.036674817,0.691176471,0.446464646,0.448837209,0.215419501,0.008152174,0.322200393,0.504297994,0.661728395,0.020565553,0.395638629,0.264150943,0.262773723,0.693735499,0.018918919,0.20855615,0.04519774,0.498015873,0.203539823,0.650246305,0.740331492,0.012987013,0.63546798,0.005128205,0.463087248,0.370860927,0.579081633,0.53253012,0.595907928,0.772532189,0.236686391,0.379710145,0.575057737,0.534482759,0.495934959,0.227557411,0.070559611,0.027322404,0.610619469,0.54214123,0.601431981,0.057803468,0.014705882,0.039660057,0.644562334,0.50257732,0.62195122,0.526479751,0.037414966,0.552486188,0.651960784,0.564551422,0.586206897,0.073529412,0.025641026,0.206451613,0.437751004,0.475378788,0.675496689,0.505988024,0.064599483,0.464831804,0.158854167,0.454361055,0.351503759,0.134986226,0.005390836,0.006042296,0.005602241,0.014409222,0.0859375,0.504477612,0.485119048,0.153424658,0.070460705,0.043010753,0.003134796,0.443137255,0.254901961,0.35483871,1,0.717171717,0.982051282,0.371875,0.709762533,0.536585366,0.078651685,0.602564103,0.697058824,0.114006515,0
0.338129496,0.225589226,0.152610442,0.900735294,0,0.127604167,0.578125,0.37947494,0.543766578,0.199203187,0.232018561,0.572796935,0.341288783,0.447619048,0.311653117,0.045317221,0.802857143,0.56097561,0.508910891,0.149224806,0.483805668,0.5,0.606334842,0.010471204,0.008426966,0.47654321,0.745856354,0.154340836,0.448598131,0.004854369,0.068181818,0.907534247,0.413994169,0.013605442,0.355091384,0.236363636,0,0.543417367,0.012,0.672972973,0.238970588,0.71875,0.291938998,0.330188679,0.626315789,0.030905077,0.269662921,0.506361323,0.40311804,0.197125257,0.469835466,0.512747875,0.545205479,0.076923077,0.180107527,0.509355509,0.671679198,0.138408304,0.474576271,0.122685185,0.834782609,0.711956522,0.290502793,0.011990408,0.404494382,0.293193717,0.002336449,0.40509915,0.002949853,0.508333333,0.159533074,0.100806452,0.30989011,0.626666667,0.309405941,0.063492063,0.62591687,0.371848739,0.587878788,0.323255814,0.528344671,0.508152174,0.497053045,0.699140401,0.056790123,0.524421594,0.482866044,0.091194969,0.53649635,0.016241299,0.086486486,0.64171123,0.641242938,0.049603175,0.384955752,0.064039409,0.005524862,0.54025974,0.004926108,0.635897436,0.305369128,0.559602649,0.339285714,0.303614458,0.363171355,0.306866953,0.139053254,0.605797101,0.203233256,0.57183908,0.333333333,0.567849687,0.593673966,0.614754098,0.07079646,0.134396355,0.026252983,0.621387283,0.664215686,0.657223796,0.013262599,0.255154639,0.124390244,0.507788162,0.734693878,0.29281768,0.169117647,0.004376368,0.135775862,0.470588235,0.542735043,0.064516129,0.449799197,0.501893939,0.520971302,0.28742515,0.617571059,0.351681957,0.5625,0.46653144,0.437969925,0.611570248,0.595687332,0.567975831,0.00280112,0.734870317,0.09375,0.534328358,0.514880952,0.731506849,0.298102981,0.318996416,0.454545455,0.474509804,0.882352941,0.738709677,0.040712468,0.01010101,0.015384615,0.43125,0.414248021,0.512195122,0.191011236,0.666666667,0.755882353,0.498371336,0
0.35971223,0.915824916,0.682730924,0.231617647,0,0.596354167,0.013020833,0.334128878,0.015915119,0.559760956,0.498839907,0.27394636,0.553699284,0.354761905,0.609756098,0.060422961,0.022857143,0.290465632,0.211881188,0.372093023,0.131578947,0.011976048,0.036199095,0.594240838,0.511235955,0.014814815,0.389502762,0.067524116,0.22741433,0.61407767,0.006493506,0.366438356,0.180758017,0.680272109,0.023498695,0.523636364,0.045112782,0.182072829,0.468,0.145945946,0.922794118,0.369318182,0.511982571,0.33490566,0.318421053,0.090507726,0.014981273,0.109414758,0.302895323,0.513347023,0.213893967,0.011331445,0.010958904,0.044289044,0.661290323,0.056133056,0.032581454,0.948096886,0.440677966,0.627314815,0.014492754,0.489130435,0.418994413,0.738609113,0.097378277,0.403141361,0.002336449,0.450424929,0.418879056,0.494444444,0.836575875,0.572580645,0.534065934,0.36,0.631188119,0.111111111,0.02200489,0.268907563,0.242424242,0.286046512,0.054421769,0.010869565,0.121807466,0.650429799,0.641975309,0.010282776,0.965732087,0.018867925,0.204379562,0.6612529,0.378378378,0.267379679,0.033898305,0.448412698,0.008849558,0.714285714,0.408839779,0.018181818,0.497536946,0.012820513,0.946308725,0.245033113,0.637755102,0.455421687,0.355498721,0.064377682,0.020710059,0.043478261,0.558891455,0.281609195,0.303523035,0.077244259,0.00973236,0.005464481,0.630530973,0.601366743,0.632458234,0.002890173,0.029411765,0.461756374,0.530503979,0.507731959,0.56097561,0.510903427,0.462585034,0.607734807,0.593137255,0.663019694,0.5,0.002941176,0.179487179,0.277419355,0.214859438,0.3125,0.388520971,0.508982036,0.105943152,0.391437309,0.010416667,0.073022312,0.078947368,0.154269972,0.008086253,0.012084592,0.011204482,0.011527378,0.078125,0.755223881,0.895833333,0.216438356,0.016260163,0.003584229,0.006269592,0.705882353,0.333333333,0.670967742,0.040712468,0.429292929,0.730769231,0.34375,0.635883905,0.45799458,0.183520599,0.596153846,0.608823529,0.061889251,0
0.474820144,0.71043771,0.831325301,0.158088235,0,0.674479167,0.018229167,0.346062053,0.00795756,0.513944223,0.290023202,0.183908046,0.529832936,0.371428571,0.37398374,0.027190332,0.014285714,0.119733925,0.297029703,0.472868217,0.052631579,0.008982036,0.052036199,0.732984293,0.497191011,0.037037037,0.701657459,0.077170418,0.336448598,0.606796117,0.464285714,0.976027397,0.026239067,0.535147392,0.078328982,0.247272727,0.025062657,0.117647059,0.412,0.505405405,0.875,0.502840909,0.522875817,0.377358491,0.281578947,0.052980132,0.007490637,0.048346056,0.394209354,0.49486653,0.084095064,0.008498584,0.01369863,0.10955711,0.540322581,0.122661123,0.105263158,0.747404844,0.59039548,0.564814815,0.005797101,0.692934783,0.195530726,0.731414868,0.138576779,0.267015707,0.002336449,0.600566572,0.12979351,0.733333333,0.871595331,0.508064516,0.362637363,0.286666667,0.467821782,0.071428571,0.009779951,0.323529412,0.234343434,0.423255814,0.013605442,0.013586957,0.094302554,0.584527221,0.617283951,0.017994859,0.959501558,0.037735849,0.127737226,0.696055684,0.618918919,0.828877005,0.011299435,0.365079365,0.287610619,0.061576355,0.477900552,0.01038961,0.625615764,0.079487179,0.825503356,0.552980132,0.331632653,0.306024096,0.31713555,0.064377682,0.00887574,0.008695652,0.538106236,0.278735632,0.379403794,0.045929019,0,0.005464481,0.659292035,0.514806378,0.61575179,0.014450867,0.068627451,0.634560907,0.567639257,0.543814433,0.643902439,0.218068536,0.965986395,0.723756906,0.617647059,0.610503282,0.551724138,0.047058824,0.542735043,0.480645161,0.090361446,0.149621212,0.350993377,0.51497006,0.105943152,0.568807339,0.046875,0.184584178,0.137218045,0.261707989,0.035040431,0.009063444,0.00280112,0.014409222,0.125,0.898507463,0.952380952,0.638356164,0.048780488,0.017921147,0.003134796,0.596078431,0.820261438,0.65483871,0.017811705,0.015151515,0.674358974,0.375,0.211081794,0.417344173,0.284644195,0.782051282,0.770588235,0.592833876,0
0.417266187,0.023569024,0.076305221,0.952205882,0,0.416666667,0.567708333,0.544152745,0.51193634,0.09561753,0.334106729,0.505747126,0.241050119,0.35,0.273712737,0.042296073,0.777142857,0.487804878,0.596039604,0.226744186,0.475708502,0.497005988,0.613122172,0.013089005,0.008426966,0.52345679,0.679558011,0.382636656,0.45482866,0.004854369,0.006493506,0.205479452,0.38483965,0.009070295,0.365535248,0.301818182,0,0.62464986,0.12,0.540540541,0.066176471,0.545454545,0.154684096,0.386792453,0.492105263,0.079470199,0.198501873,0.58524173,0.583518931,0.143737166,0.416819013,0.521246459,0.561643836,0.034965035,0.247311828,0.446985447,0.634085213,0.15916955,0.516949153,0.076388889,0.733333333,0.002717391,0.558659218,0.009592326,0.4082397,0.256544503,0.002336449,0.376770538,0.610619469,0.347222222,0.062256809,0.028225806,0.296703297,0.42,0.207920792,0.063492063,0.589242054,0.302521008,0.58989899,0.290697674,0.510204082,0.483695652,0.491159136,0.833810888,0.02962963,0.570694087,0.373831776,0.314465409,0.653284672,0.032482599,0,0.262032086,0.564971751,0.075396825,0.287610619,0.509852217,0.082872928,0.594805195,0.014778325,0.564102564,0.05704698,0.420529801,0.290816327,0.34939759,0.327365729,0.083690987,0.032544379,0.568115942,0.187066975,0.548850575,0.387533875,0.565762004,0.586374696,0.617486339,0.10619469,0.225512528,0.033412888,0.757225434,0.678921569,0.651558074,0.013262599,0.157216495,0.131707317,0.517133956,0.06462585,0.541436464,0.102941176,0,0.088362069,0.385294118,0.217948718,0.029032258,0.479919679,0.401515152,0.377483444,0.422155689,0.702842377,0.483180428,0.583333333,0.45030426,0.473684211,0.523415978,0.522911051,0.583081571,0.00280112,0.014409222,0.1015625,0.367164179,0.380952381,0.630136986,0.276422764,0.308243728,0.420062696,0.031372549,0.496732026,0.016129032,0.03562341,0.01010101,0.012820513,0.475,0.736147757,0.558265583,0.06741573,0.564102564,0.691176471,0.179153094,0
0.625899281,0.868686869,0.75502008,0.003676471,0,0.010416667,0.026041667,0.033412888,0.00530504,0.001992032,0.002320186,0.005747126,0,0.00952381,0.01897019,0.03021148,0.24,0.00443459,0.021782178,0.011627907,0,0.01497006,0.009049774,0.018324607,0.036516854,0.034567901,0.513812155,0.090032154,0.003115265,0.016990291,0.925324675,0.808219178,0.504373178,0.002267574,0.195822454,0.512727273,0,0.652661064,0.996,0.448648649,0.915441176,0.821022727,0.002178649,0.007075472,0.018421053,0.004415011,0.093632959,0,0.040089087,0,0,0.008498584,0.019178082,0.03030303,0.018817204,0.016632017,0.05764411,0.906574394,0.008474576,0.006944444,0.350724638,0.513586957,0.782122905,0.023980815,0.018726592,0.445026178,0.002336449,0.722379603,0.699115044,0.647222222,0.852140078,0.72983871,0.008791209,0.008888889,0.00990099,0.063492063,0.02200489,0.006302521,0.01010101,0.044186047,0,0.019021739,0.001964637,0.011461318,0.004938272,0.025706941,0.965732087,0.031446541,0.003649635,0.025522042,0.478378378,0.711229947,0.13559322,0.001984127,0.544247788,0.665024631,0.002762431,0.145454545,0.827586207,0.079487179,0.922818792,0.688741722,0.010204082,0.009638554,0.007672634,0.002145923,0.00591716,0,0.011547344,0.020114943,0.032520325,0.002087683,0,0.010928962,0.008849558,0.013667426,0.045346062,0.023121387,0.053921569,0.526912181,0.034482759,0.015463918,0.017073171,0.853582555,0.863945578,0.983425414,0.00245098,0.006564551,0.002155172,0.167647059,0.841880342,0.929032258,0,0,0.008830022,0.835329341,0.635658915,0.865443425,0.018229167,0.020283976,0.007518797,0.55922865,0.105121294,0.141993958,0.008403361,0.014409222,0.125,0.797014925,0.913690476,0.424657534,0.197831978,0.007168459,0.003134796,0.725490196,0.973856209,0.712903226,0.022900763,0.01010101,0.020512821,0.725,0.522427441,0.650406504,0.970037453,0,0.005882353,0.42019544,0
0.654676259,0.740740741,0.803212851,0.014705882,0.05915493,0.013020833,0.052083333,0.021479714,0.026525199,0.011952191,0.020881671,0.013409962,0.021479714,0.045238095,0.032520325,0.057401813,0.071428571,0.013303769,0.015841584,0.005813953,0.012145749,0.01497006,0.004524887,0.005235602,0.033707865,0.007407407,0.756906077,0.035369775,0,0.024271845,0.909090909,0.602739726,0.510204082,0.011337868,0.193211488,0.498181818,0,0.540616246,0.748,0.724324324,0.75,0.6875,0.017429194,0.047169811,0.034210526,0.022075055,0.880149813,0.025445293,0.020044543,0.004106776,0.009140768,0.019830028,0.010958904,0.011655012,0.018817204,0.006237006,0.413533835,0.235294118,0.008474576,0.018518519,0.301449275,0.60326087,0.810055866,0.03117506,0.003745318,0.42408377,0.002336449,0.753541076,0.663716814,0.805555556,0.80155642,0.991935484,0.030769231,0.028888889,0.022277228,0.111111111,0.031784841,0.018907563,0.012121212,0.018604651,0.015873016,0.024456522,0.003929273,0.008595989,0.009876543,0.010282776,0.788161994,0.009433962,0.00729927,0.032482599,0.518918919,0.625668449,0.13559322,0.015873016,0.53539823,0.665024631,0.005524862,0.044155844,0.812807882,0.415384615,0.674496644,0.529801325,0.033163265,0.043373494,0.030690537,0.017167382,0.023668639,0.014492754,0.016166282,0.022988506,0.021680217,0.006263048,0.00729927,0.008196721,0.004424779,0.002277904,0.040572792,0.00867052,0.144607843,0.59490085,0.037135279,0.015463918,0.02195122,0.856697819,0.863945578,1,0.009803922,0.015317287,0.012931034,0.173529412,0.829059829,0.932258065,0.018072289,0.017045455,0.024282561,0.715568862,0.178294574,0.957186544,0.005208333,0.006085193,0.005639098,0.669421488,0.258760108,0.105740181,0.005602241,0.014409222,0.0703125,0.886567164,0.860119048,0.77260274,0.197831978,0.003584229,0.003134796,0.988235294,0.617647059,0.729032258,0.040712468,0.027777778,0.030769231,0.703125,0.81530343,0.696476965,1,0.102564103,0.070588235,0.723127036,0
0.165467626,0.01010101,0.076305221,0.981617647,0,0.7109375,0.6015625,0.517899761,0.562334218,0.235059761,0.64037123,0.432950192,0.508353222,0.6,0.506775068,0.160120846,0.728571429,0.465631929,0.382178218,0.408914729,0.475708502,0.508982036,0.386877828,0.023560209,0.039325843,0.528395062,0.629834254,0.154340836,0.644859813,0.029126214,0.003246753,0.030821918,0.620991254,0.131519274,0.485639687,0.094545455,0.756892231,0.422969188,0.012,0.556756757,0.051470588,0.144886364,0.37254902,0.66745283,0.468421053,0.525386313,0.209737828,0.580152672,0.469933185,0.310061602,0.468007313,0.484419263,0.487671233,0.431235431,0.349462366,0.461538462,0.629072682,0.096885813,0.748587571,0.166666667,0.684057971,0.002717391,0.608938547,0.09352518,0.97752809,0.136125654,0.004672897,0.254957507,0.005899705,0.333333333,0.058365759,0.012096774,0.556043956,0.484444444,0.428217822,0.095238095,0.623471883,0.600840336,0.42020202,0.604651163,0.439909297,0.548913043,0.47740668,0.836676218,0.081481481,0.59125964,0.283489097,0.232704403,0.737226277,0.136890951,0.002702703,0.256684492,0.570621469,0.365079365,0.592920354,0.017241379,0.867403315,0.485714286,0.014778325,0.587179487,0.033557047,0.357615894,0.538265306,0.607228916,0.557544757,0.489270386,0.295857988,0.713043478,0.401847575,0.445402299,0.54200542,0.427974948,0.367396594,0.398907104,0.192477876,0.45785877,0.042959427,0.682080925,0.654411765,0.555240793,0.042440318,0.167525773,0.180487805,0.725856698,0.006802721,0.226519337,0.264705882,0.067833698,0.323275862,0.773529412,0.846153846,0.638709677,0.457831325,0.446969697,0.569536424,0.188622754,0.490956072,0.23853211,0.427083333,0.442190669,0.409774436,0.495867769,0.563342318,0.531722054,0.00280112,0.005763689,0.1015625,0.349253731,0.333333333,0.61369863,0.422764228,0.673835125,0.479623824,0.011764706,0.300653595,0.006451613,0.03562341,0.222222222,0.138461538,0.0375,0.158311346,0.398373984,0.520599251,0.615384615,0.3,0.456026059,0
0.179856115,0.006734007,0.032128514,0.970588235,0,0.723958333,0.541666667,0.637231504,0.554376658,0.358565737,0.635730858,0.38697318,0.608591885,0.547619048,0.574525745,0.066465257,0.737142857,0.538802661,0.431683168,0.315891473,0.394736842,0.5,0.409502262,0.083769634,0.039325843,0.604938272,0.522099448,0.31511254,0.663551402,0.036407767,0.003246753,0.054794521,0.629737609,0.163265306,0.483028721,0.090909091,0.741854637,0.523809524,0.012,0.386486486,0.033088235,0.147727273,0.498910675,0.643867925,0.455263158,0.470198675,0.161048689,0.529262087,0.525612472,0.347022587,0.398537477,0.521246459,0.495890411,0.491841492,0.306451613,0.446985447,0.54887218,0.107266436,0.768361582,0.226851852,0.707246377,0.002717391,0.642458101,0.139088729,0.985018727,0.130890052,0.004672897,0.240793201,0.005899705,0.213888889,0.027237354,0.016129032,0.606593407,0.424444444,0.547029703,0.103174603,0.62591687,0.504201681,0.422222222,0.569767442,0.376417234,0.480978261,0.473477407,0.833810888,0.125925926,0.59125964,0.230529595,0.5,0.715328467,0.136890951,0.002702703,0.272727273,0.570621469,0.402777778,0.579646018,0.012315271,0.867403315,0.584415584,0.014778325,0.466666667,0.023489933,0.360927152,0.630102041,0.643373494,0.567774936,0.296137339,0.065088757,0.571014493,0.424942263,0.445402299,0.506775068,0.400835073,0.362530414,0.398907104,0.137168142,0.337129841,0.045346062,0.774566474,0.632352941,0.515580737,0.039787798,0.172680412,0.192682927,0.710280374,0.010204082,0.215469613,0.365196078,0.102844639,0.413793103,0.767647059,0.833333333,0.7,0.467871486,0.395833333,0.503311258,0.281437126,0.622739018,0.305810398,0.494791667,0.468559838,0.473684211,0.399449036,0.458221024,0.561933535,0.00280112,0.005763689,0.09375,0.241791045,0.25297619,0.463013699,0.422764228,0.688172043,0.473354232,0.015686275,0.326797386,0.009677419,0.03562341,0.156565657,0.051282051,0.0375,0.118733509,0.398373984,0.516853933,0.615384615,0.3,0.446254072,0
0.172661871,0.01010101,0.080321285,0.977941176,0,0.713541667,0.598958333,0.513126492,0.559681698,0.241035857,0.64037123,0.681992337,0.513126492,0.607142857,0.501355014,0.16918429,0.731428571,0.541019956,0.623762376,0.410852713,0.736842105,0.505988024,0.678733032,0.023560209,0.039325843,0.525925926,0.635359116,0.151125402,0.644859813,0.029126214,0.003246753,0.034246575,0.623906706,0.136054422,0.485639687,0.094545455,0.754385965,0.431372549,0.012,0.564864865,0.051470588,0.144886364,0.374727669,0.66509434,0.581578947,0.527593819,0.217228464,0.681933842,0.570155902,0.316221766,0.700182815,0.478753541,0.536986301,0.428904429,0.344086022,0.446985447,0.629072682,0.100346021,0.751412429,0.168981481,0.686956522,0.002717391,0.61452514,0.098321343,0.981273408,0.136125654,0.004672897,0.263456091,0.005899705,0.341666667,0.058365759,0.012096774,0.558241758,0.646666667,0.428217822,0.095238095,0.618581907,0.598739496,0.692929293,0.602325581,0.621315193,0.546195652,0.746561886,0.836676218,0.083950617,0.588688946,0.289719626,0.220125786,0.733576642,0.136890951,0.002702703,0.256684492,0.570621469,0.371031746,0.588495575,0.017241379,0.867403315,0.483116883,0.014778325,0.58974359,0.033557047,0.360927152,0.535714286,0.604819277,0.549872123,0.487124464,0.304733728,0.707246377,0.401847575,0.543103448,0.539295393,0.720250522,0.540145985,0.527322404,0.196902655,0.464692483,0.042959427,0.676300578,0.654411765,0.558073654,0.042440318,0.167525773,0.182926829,0.725856698,0.006802721,0.220994475,0.269607843,0.072210066,0.331896552,0.773529412,0.846153846,0.648387097,0.700803213,0.664772727,0.620309051,0.191616766,0.496124031,0.241590214,0.59375,0.61663286,0.684210526,0.506887052,0.566037736,0.534743202,0.00280112,0.005763689,0.1015625,0.358208955,0.342261905,0.621917808,0.422764228,0.677419355,0.479623824,0.011764706,0.303921569,0.006451613,0.03562341,0.232323232,0.146153846,0.0375,0.153034301,0.398373984,0.516853933,0.615384615,0.3,0.456026059,0
0.172661871,0.006734007,0.036144578,0.974264706,0,0.71875,0.536458333,0.630071599,0.549071618,0.374501992,0.628770302,0.509578544,0.61575179,0.6,0.569105691,0.066465257,0.734285714,0.829268293,0.41980198,0.319767442,0.623481781,0.494011976,0.411764706,0.096858639,0.039325843,0.595061728,0.533149171,0.344051447,0.657320872,0.038834951,0.003246753,0.054794521,0.626822157,0.170068027,0.485639687,0.087272727,0.744360902,0.543417367,0.012,0.4,0.033088235,0.147727273,0.509803922,0.632075472,0.494736842,0.461368653,0.161048689,0.824427481,0.523385301,0.361396304,0.563071298,0.509915014,0.482191781,0.501165501,0.322580645,0.442827443,0.551378446,0.114186851,0.762711864,0.238425926,0.698550725,0.002717391,0.625698324,0.146282974,0.985018727,0.130890052,0.004672897,0.263456091,0.005899705,0.227777778,0.031128405,0.012096774,0.608791209,0.591111111,0.554455446,0.103174603,0.616136919,0.56302521,0.444444444,0.56744186,0.562358277,0.475543478,0.497053045,0.836676218,0.133333333,0.583547558,0.242990654,0.503144654,0.718978102,0.13225058,0,0.272727273,0.56779661,0.408730159,0.584070796,0.009852217,0.867403315,0.587012987,0.014778325,0.469230769,0.026845638,0.364238411,0.632653061,0.636144578,0.554987212,0.495708155,0.071005917,0.852173913,0.427251732,0.451149425,0.495934959,0.475991649,0.401459854,0.409836066,0.146017699,0.348519362,0.045346062,0.771676301,0.632352941,0.529745042,0.039787798,0.170103093,0.187804878,0.722741433,0.010204082,0.232044199,0.387254902,0.111597374,0.426724138,0.770588235,0.837606838,0.661290323,0.734939759,0.640151515,0.72406181,0.30239521,0.635658915,0.324159021,0.484375,0.486815416,0.460526316,0.421487603,0.46361186,0.570996979,0.00280112,0.005763689,0.09375,0.247761194,0.261904762,0.473972603,0.422764228,0.688172043,0.473354232,0.015686275,0.326797386,0.009677419,0.038167939,0.159090909,0.056410256,0.034375,0.116094987,0.398373984,0.516853933,0.615384615,0.3,0.446254072,0
0.179856115,0.006734007,0.032128514,0.970588235,0,0.723958333,0.5390625,0.632458234,0.554376658,0.364541833,0.633410673,0.657088123,0.61097852,0.55952381,0.574525745,0.063444109,0.734285714,0.518847007,0.665346535,0.317829457,0.686234818,0.497005988,0.71040724,0.094240838,0.039325843,0.6,0.527624309,0.334405145,0.663551402,0.038834951,0.003246753,0.054794521,0.629737609,0.16553288,0.483028721,0.090909091,0.739348371,0.532212885,0.012,0.391891892,0.033088235,0.147727273,0.503267974,0.639150943,0.578947368,0.465783664,0.161048689,0.557251908,0.659242762,0.353182752,0.667276051,0.521246459,0.534246575,0.498834499,0.306451613,0.505197505,0.54887218,0.114186851,0.768361582,0.231481481,0.707246377,0.002717391,0.642458101,0.141486811,0.985018727,0.130890052,0.004672897,0.249291785,0.005899705,0.219444444,0.031128405,0.016129032,0.608791209,0.591111111,0.54950495,0.103174603,0.621026895,0.495798319,0.698989899,0.56744186,0.551020408,0.47826087,0.746561886,0.833810888,0.128395062,0.586118252,0.236760125,0.503144654,0.715328467,0.136890951,0.002702703,0.272727273,0.570621469,0.404761905,0.579646018,0.012315271,0.867403315,0.587012987,0.014778325,0.466666667,0.023489933,0.360927152,0.632653061,0.640963855,0.562659847,0.32832618,0.062130178,0.568115942,0.427251732,0.548850575,0.501355014,0.707724426,0.527980535,0.513661202,0.14159292,0.343963554,0.045346062,0.771676301,0.629901961,0.52407932,0.039787798,0.172680412,0.192682927,0.710280374,0.010204082,0.215469613,0.375,0.107221007,0.420258621,0.764705882,0.833333333,0.703225806,0.596385542,0.589015152,0.514348786,0.290419162,0.627906977,0.311926606,0.661458333,0.709939148,0.716165414,0.407713499,0.460916442,0.564954683,0.00280112,0.005763689,0.1015625,0.244776119,0.258928571,0.468493151,0.422764228,0.688172043,0.473354232,0.015686275,0.326797386,0.009677419,0.03562341,0.156565657,0.051282051,0.0375,0.118733509,0.398373984,0.516853933,0.615384615,0.3,0.446254072,0
0.172661871,0.01010101,0.088353414,0.977941176,0,0.713541667,0.596354167,0.727923628,0.551724138,0.247011952,0.642691415,0.421455939,0.515513126,0.588095238,0.498644986,0.178247734,0.737142857,0.461197339,0.540594059,0.414728682,0.473684211,0.502994012,0.495475113,0.023560209,0.036516854,0.609876543,0.643646409,0.151125402,0.644859813,0.029126214,0.003246753,0.030821918,0.623906706,0.142857143,0.485639687,0.098181818,0.754385965,0.442577031,0.012,0.575675676,0.055147059,0.144886364,0.379084967,0.662735849,0.471052632,0.53200883,0.224719101,0.572519084,0.71714922,0.324435318,0.457038391,0.473087819,0.498630137,0.424242424,0.344086022,0.74012474,0.631578947,0.100346021,0.751412429,0.168981481,0.686956522,0.002717391,0.61452514,0.105515588,0.97752809,0.136125654,0.004672897,0.277620397,0.005899705,0.358333333,0.062256809,0.012096774,0.56043956,0.473333333,0.430693069,0.087301587,0.618581907,0.596638655,0.454545455,0.597674419,0.428571429,0.543478261,0.495088409,0.836676218,0.086419753,0.57840617,0.302180685,0.301886792,0.733576642,0.136890951,0.002702703,0.256684492,0.570621469,0.375,0.588495575,0.017241379,0.870165746,0.483116883,0.014778325,0.592307692,0.036912752,0.357615894,0.535714286,0.602409639,0.547314578,0.487124464,0.310650888,0.704347826,0.404157044,0.448275862,0.531165312,0.43006263,0.384428224,0.415300546,0.203539823,0.471526196,0.042959427,0.664739884,0.649509804,0.560906516,0.042440318,0.167525773,0.182926829,0.722741433,0.006802721,0.215469613,0.274509804,0.074398249,0.336206897,0.773529412,0.841880342,0.658064516,0.485943775,0.450757576,0.556291391,0.19760479,0.49870801,0.247706422,0.625,0.720081136,0.562030075,0.517906336,0.571428571,0.53776435,0.00280112,0.005763689,0.1015625,0.373134328,0.351190476,0.630136986,0.422764228,0.673835125,0.479623824,0.011764706,0.297385621,0.006451613,0.03562341,0.23989899,0.156410256,0.0375,0.155672823,0.398373984,0.516853933,0.615384615,0.302941176,0.456026059,0
0.18705036,0.286195286,0.578313253,0.566176471,0,0.5859375,0.309895833,0.53221957,0.307692308,0.278884462,0.598607889,0.427203065,0.429594272,0.623809524,0.501355014,0.145015106,0.265714286,0.492239468,0.425742574,0.430232558,0.423076923,0.236526946,0.395927602,0.052356021,0.390449438,0.303703704,0.301104972,0.028938907,0.457943925,0.351941748,0.003246753,0.157534247,0.539358601,0.217687075,0.516971279,0.087272727,0.807017544,0.204481793,0.504,0.3,0.5,0.332386364,0.333333333,0.658018868,0.507894737,0.483443709,0.011235955,0.358778626,0.472160356,0.326488706,0.436928702,0.23796034,0.252054795,0.37995338,0.338709677,0.459459459,0.325814536,0.034602076,0.607344633,0.405092593,0.420289855,0.168478261,0.519553073,0.302158273,0.940074906,0.183246073,0.004672897,0.422096317,0.315634218,0.405555556,0.536964981,0.47983871,0.498901099,0.511111111,0.400990099,0.071428571,0.334963325,0.615546218,0.436363636,0.627906977,0.308390023,0.260869565,0.499017682,0.203438395,0.390123457,0.287917738,0.330218069,0.191823899,0.434306569,0.3387471,0.008108108,0.256684492,0.358757062,0.301587302,0.752212389,0,0.825966851,0.205194805,0.650246305,0.297435897,0.44295302,0.360927152,0.482142857,0.573493976,0.557544757,0.52360515,0.050295858,0.391304348,0.429561201,0.494252874,0.590785908,0.438413361,0.253041363,0.25136612,0.365044248,0.460136674,0.355608592,0.283236994,0.340686275,0.133144476,0.376657825,0.322164948,0.334146341,0.760124611,0.027210884,0.26519337,0.379901961,0.328227571,0.32112069,0.829411765,0.833333333,0.561290323,0.363453815,0.431818182,0.618101545,0.5,0.217054264,0.483180428,0.3359375,0.438133874,0.473684211,0.26446281,0.277628032,0.226586103,0.00280112,0.005763689,0.1328125,0.468656716,0.443452381,0.323287671,0.474254743,0.620071685,0.304075235,0.454901961,0.330065359,0.358064516,0.015267176,0.166666667,0.094871795,0.34375,0.298153034,0.403794038,0.509363296,0.602564103,0.314705882,0.465798046,0
0.179856115,0.313131313,0.582329317,0.569852941,0,0.638020833,0.2578125,0.68973747,0.270557029,0.38247012,0.626450116,0.429118774,0.613365155,0.573809524,0.620596206,0.054380665,0.285714286,0.525498891,0.435643564,0.302325581,0.457489879,0.233532934,0.377828054,0.052356021,0.390449438,0.343209877,0.256906077,0.012861736,0.53894081,0.354368932,0.003246753,0.160958904,0.551020408,0.224489796,0.516971279,0.094545455,0.79197995,0.271708683,0.496,0.218918919,0.514705882,0.332386364,0.505446623,0.655660377,0.5,0.419426049,0.02247191,0.432569975,0.570155902,0.369609856,0.458866545,0.246458924,0.260273973,0.452214452,0.336021505,0.324324324,0.218045113,0.044982699,0.669491525,0.409722222,0.344927536,0.182065217,0.519553073,0.306954436,0.970037453,0.178010471,0.004672897,0.422096317,0.294985251,0.411111111,0.548638132,0.487903226,0.606593407,0.466666667,0.576732673,0.111111111,0.322738386,0.493697479,0.436363636,0.539534884,0.315192744,0.217391304,0.500982318,0.240687679,0.390123457,0.316195373,0.358255452,0.188679245,0.437956204,0.345707657,0.016216216,0.251336898,0.36440678,0.369047619,0.725663717,0.002463054,0.845303867,0.306493506,0.650246305,0.161538462,0.463087248,0.357615894,0.658163265,0.662650602,0.603580563,0.354077253,0.050295858,0.495652174,0.468822171,0.494252874,0.512195122,0.446764092,0.255474453,0.24863388,0.35619469,0.355353075,0.353221957,0.36416185,0.306372549,0.158640227,0.376657825,0.332474227,0.346341463,0.769470405,0.027210884,0.270718232,0.448529412,0.330415755,0.400862069,0.820588235,0.85042735,0.470967742,0.439759036,0.403409091,0.490066225,0.494011976,0.315245478,0.4617737,0.3359375,0.37525355,0.456766917,0.214876033,0.177897574,0.259818731,0.00280112,0.005763689,0.09375,0.480597015,0.461309524,0.254794521,0.452574526,0.659498208,0.319749216,0.466666667,0.330065359,0.370967742,0.030534351,0.093434343,0.066666667,0.34375,0.298153034,0.403794038,0.513108614,0.602564103,0.311764706,0.469055375,0
0.258992806,0.30976431,0.582329317,0.908088235,0,0.315104167,0.255208333,0.677804296,0.270557029,0.380478088,0.638051044,0.431034483,0.61575179,0.580952381,0.623306233,0.069486405,0.285714286,0.527716186,0.433663366,0.300387597,0.461538462,0.233532934,0.375565611,0.039267016,0.387640449,0.343209877,0.251381215,0.009646302,0.373831776,0.373786408,0.019480519,0.243150685,0.635568513,0.265306122,0.373368146,0.094545455,0.002506266,0.271708683,0.496,0.216216216,0.514705882,0.338068182,0.505446623,0.66509434,0.5,0.434878587,0.026217228,0.437659033,0.565701559,0.363449692,0.460694698,0.246458924,0.260273973,0.445221445,0.373655914,0.322245322,0.215538847,0.041522491,0.412429379,0.423611111,0.817391304,0.179347826,0.754189944,0.306954436,0.56928839,0.136125654,0.004672897,0.422096317,0.297935103,0.411111111,0.548638132,0.487903226,0.613186813,0.468888889,0.576732673,0.126984127,0.322738386,0.506302521,0.436363636,0.539534884,0.317460317,0.217391304,0.499017682,0.756446991,0.397530864,0.313624679,0.355140187,0.179245283,0.540145985,0.350348028,0.013513514,0.304812834,0.610169492,0.375,0.663716814,0.036945813,0.082872928,0.309090909,0.650246305,0.158974359,0.459731544,0.370860927,0.660714286,0.66746988,0.608695652,0.362660944,0.056213018,0.510144928,0.464203233,0.494252874,0.514905149,0.448851775,0.255474453,0.24863388,0.351769912,0.346241458,0.336515513,0.361271676,0.301470588,0.155807365,0.387267905,0.317010309,0.331707317,0.489096573,0,0.055248619,0.460784314,0.358862144,0.409482759,0.461764706,0.705128205,0.841935484,0.441767068,0.40719697,0.494481236,0.494011976,0.317829457,0.464831804,0.333333333,0.367139959,0.454887218,0.214876033,0.177897574,0.262839879,0.00280112,0.783861671,0.078125,0.47761194,0.461309524,0.252054795,0.479674797,0.390681004,0.420062696,0.466666667,0.366013072,0.370967742,0.048346056,0.113636364,0.074358974,0.34375,0.269129288,0.398373984,0.505617978,0.58974359,0.308823529,0.436482085,0
0.251798561,0.282828283,0.578313253,0.944852941,0,0.325520833,0.309895833,0.525059666,0.307692308,0.284860558,0.60324826,0.429118774,0.427207637,0.626190476,0.501355014,0.163141994,0.271428571,0.503325942,0.423762376,0.432170543,0.429149798,0.236526946,0.393665158,0.015706806,0.387640449,0.301234568,0.301104972,0.025723473,0.370716511,0.371359223,0.006493506,0.253424658,0.644314869,0.256235828,0.37075718,0.094545455,0.002506266,0.204481793,0.504,0.297297297,0.5,0.338068182,0.333333333,0.662735849,0.505263158,0.490066225,0.014981273,0.361323155,0.465478842,0.334702259,0.440585009,0.23796034,0.252054795,0.361305361,0.392473118,0.453222453,0.325814536,0.031141869,0.406779661,0.421296296,0.785507246,0.163043478,0.748603352,0.304556355,0.576779026,0.136125654,0.004672897,0.422096317,0.315634218,0.405555556,0.536964981,0.47983871,0.498901099,0.511111111,0.403465347,0.087301587,0.337408313,0.621848739,0.436363636,0.623255814,0.310657596,0.260869565,0.499017682,0.787965616,0.395061728,0.287917738,0.327102804,0.179245283,0.624087591,0.350348028,0.008108108,0.304812834,0.610169492,0.30952381,0.615044248,0.02955665,0.11878453,0.205194805,0.650246305,0.294871795,0.44295302,0.374172185,0.479591837,0.573493976,0.557544757,0.536480687,0.056213018,0.394202899,0.436489607,0.49137931,0.590785908,0.440501044,0.253041363,0.25136612,0.362831858,0.453302961,0.338902148,0.277456647,0.338235294,0.133144476,0.387267905,0.322164948,0.331707317,0.482866044,0,0.08839779,0.397058824,0.356673961,0.331896552,0.467647059,0.735042735,0.838709677,0.371485944,0.435606061,0.624724062,0.5,0.219638243,0.483180428,0.333333333,0.436105477,0.471804511,0.26446281,0.274932615,0.226586103,0.00280112,0.002881844,0.1171875,0.468656716,0.443452381,0.323287671,0.45799458,0.390681004,0.451410658,0.454901961,0.366013072,0.358064516,0.03307888,0.181818182,0.066666667,0.34375,0.27176781,0.398373984,0.509363296,0.58974359,0.305882353,0.433224756,0
0.467625899,0.666666667,1,0.536764706,0.081690141,0.197916667,0.5390625,0.62052506,0.631299735,0.368525896,0.64037123,0.411877395,0.618138425,0.523809524,0.555555556,0.075528701,0.708571429,0.54767184,0.447524752,0.323643411,0.402834008,0.55988024,0.418552036,0.023560209,0.02247191,0.649382716,0.638121547,0.234726688,0.457943925,0.036407767,0.003246753,0.599315068,0.279883382,0.133786848,0.331592689,0.163636364,0.007518797,0.543417367,0.796,0.516216216,0.963235294,0.610795455,0.507625272,0.634433962,0.444736842,0.485651214,0.816479401,0.557251908,0.523385301,0.349075975,0.414990859,0.603399433,0.536986301,0.487179487,0.153225806,0.507276507,0.513784461,0.290657439,0.420903955,0.236111111,0.28115942,0.676630435,0.452513966,0.023980815,0.543071161,0.340314136,0.002336449,0.699716714,0.764011799,0.788888889,1,0.713709677,0.613186813,0.426666667,0.542079208,0.087301587,0.665036675,0.495798319,0.452525253,0.576744186,0.430839002,0.502717391,0.485265226,0.183381089,0.125925926,0.609254499,0.900311526,0.525157233,0.50729927,0.030162413,0.027027027,0.14973262,0.372881356,0.422619048,0.35840708,0.098522167,0.256906077,0.620779221,0.935960591,0.430769231,0.859060403,0.241721854,0.625,0.636144578,0.544757033,0.317596567,0.044378698,0.597101449,0.413394919,0.433908046,0.514905149,0.413361169,0.420924574,0.464480874,0.14159292,0.355353075,0.031026253,0.786127168,0.617647059,0.569405099,0.029177719,0.118556701,0.068292683,0.152647975,0.285714286,0.182320442,0.394607843,0.087527352,0.4375,0.417647059,0.376068376,0.061290323,0.459839357,0.403409091,0.501103753,0.655688623,0.609819121,0.914373089,0.544270833,0.46653144,0.47556391,0.506887052,0.458221024,0.604229607,0,0,0.09375,0.937313433,0.955357143,0.605479452,0.284552846,0.458781362,0.388714734,0.717647059,0.620915033,0.719354839,0.043256997,0.184343434,0.025641026,0.578125,0.564643799,0.398373984,0.123595506,0.557692308,0.694117647,0.384364821,0
0.503597122,0.95959596,0.803212851,0.529411765,0,0.216145833,0.6484375,0.522673031,0.594164456,0.250996016,0.642691415,0.455938697,0.525059666,0.595238095,0.512195122,0.145015106,0.697142857,0.481152993,0.396039604,0.406976744,0.467611336,0.583832335,0.414027149,0.023560209,0.02247191,0.595061728,0.629834254,0.109324759,0.46105919,0.02184466,0.003246753,0.335616438,0.29154519,0.10430839,0.336814621,0.094545455,0.012531328,0.504201681,0.824,0.540540541,0.955882353,0.701704545,0.389978214,0.66745283,0.473684211,0.523178808,0.202247191,0.646310433,0.46325167,0.316221766,0.473491773,0.52407932,0.580821918,0.44988345,0.150537634,0.467775468,0.634085213,0.930795848,0.426553672,0.168981481,0.263768116,0.565217391,0.497206704,0.023980815,0.550561798,0.314136126,0.002336449,0.654390935,0.681415929,0.55,0.852140078,0.669354839,0.567032967,0.491111111,0.440594059,0.087301587,0.633251834,0.592436975,0.448484848,0.597674419,0.469387755,0.614130435,0.485265226,0.160458453,0.081481481,0.650385604,0.92834891,0.169811321,0.50729927,0.030162413,0.4,0.160427807,0.370056497,0.373015873,0.340707965,0.160098522,0.279005525,0.477922078,0.975369458,0.6,0.983221477,0.298013245,0.551020408,0.612048193,0.560102302,0.467811159,0.286982249,0.779710145,0.399538106,0.436781609,0.517615176,0.4217119,0.408759124,0.480874317,0.196902655,0.476082005,0.033412888,0.687861272,0.664215686,0.586402266,0.029177719,0.121134021,0.070731707,0.137071651,0.183673469,0.342541436,0.274509804,0.059080963,0.338362069,0.426470588,0.311965812,0.080645161,0.463855422,0.448863636,0.556291391,0.874251497,0.506459948,0.993883792,0.497395833,0.434077079,0.421052632,0.52892562,0.592991914,0.567975831,0.00280112,0,0.09375,0.689552239,0.854166667,0.594520548,0.284552846,0.462365591,0.388714734,0.803921569,0.669934641,0.761290323,0.040712468,0.194444444,0.023076923,0.571875,0.527704485,0.365853659,0.101123596,0.538461538,0.682352941,0.328990228,0
0.172661871,0.02020202,0.076305221,0.977941176,0,0.716145833,0.559895833,0.539379475,0.51193634,0.3187251,0.658932715,0.53256705,0.579952267,0.554761905,0.512195122,0.120845921,0.768571429,0.503325942,0.578217822,0.437984496,0.487854251,0.48502994,0.590497738,0.07591623,0.025280899,0.533333333,0.657458564,0.389067524,0.641744548,0.029126214,0.003246753,0.023972603,0.623906706,0.195011338,0.483028721,0.098181818,0.756892231,0.62464986,0.008,0.518918919,0.058823529,0.139204545,0.455337691,0.653301887,0.581578947,0.538631347,0.209737828,0.575063613,0.547884187,0.371663244,0.427787934,0.512747875,0.539726027,0.468531469,0.370967742,0.449064449,0.619047619,0.155709343,0.748587571,0.203703704,0.675362319,0,0.597765363,0.1558753,0.970037453,0.141361257,0.004672897,0.388101983,0.005899705,0.336111111,0.058365759,0.012096774,0.602197802,0.531111111,0.482673267,0.071428571,0.572127139,0.556722689,0.593939394,0.586046512,0.544217687,0.47826087,0.493123772,0.839541547,0.116049383,0.570694087,0.352024922,0.349056604,0.737226277,0.129930394,0,0.267379679,0.562146893,0.426587302,0.588495575,0.014778325,0.867403315,0.584415584,0.024630542,0.546153846,0.053691275,0.360927152,0.584183673,0.624096386,0.537084399,0.403433476,0.079881657,0.591304348,0.404157044,0.583333333,0.509485095,0.565762004,0.591240876,0.595628415,0.269911504,0.55808656,0.052505967,0.757225434,0.669117647,0.634560907,0.026525199,0.164948454,0.17804878,0.722741433,0.006802721,0.215469613,0.343137255,0.105032823,0.413793103,0.764705882,0.841880342,0.641935484,0.463855422,0.418560606,0.496688742,0.443113772,0.700258398,0.486238532,0.5390625,0.440162272,0.453007519,0.515151515,0.509433962,0.574018127,0.00280112,0.008645533,0.1015625,0.346268657,0.360119048,0.605479452,0.425474255,0.663082437,0.473354232,0.015686275,0.281045752,0.009677419,0.03307888,0.272727273,0.205128205,0.034375,0.129287599,0.398373984,0.513108614,0.608974359,0.305882353,0.45276873,0
0.18705036,0.033670034,0.16064257,0.963235294,0,0.729166667,0.5625,0.553699284,0.535809019,0.438247012,0.645011601,0.563218391,0.668257757,0.514285714,0.517615176,0.075528701,0.794285714,0.5654102,0.530693069,0.360465116,0.463562753,0.488023952,0.608597285,0.133507853,0.025280899,0.461728395,0.740331492,0.167202572,0.669781931,0.067961165,0.003246753,0.044520548,0.632653061,0.256235828,0.480417755,0.090909091,0.73433584,0.535014006,0.012,0.667567568,0.110294118,0.142045455,0.568627451,0.589622642,0.615789474,0.494481236,0.27340824,0.508905852,0.481069042,0.402464066,0.449725777,0.501416431,0.547945205,0.512820513,0.309139785,0.505197505,0.661654135,0.148788927,0.771186441,0.310185185,0.701449275,0,0.631284916,0.220623501,0.981273408,0.130890052,0.004672897,0.416430595,0.005899705,0.513888889,0.128404669,0.012096774,0.643956044,0.602222222,0.574257426,0.087301587,0.621026895,0.462184874,0.58989899,0.586046512,0.492063492,0.497282609,0.493123772,0.836676218,0.177777778,0.511568123,0.479750779,0.251572327,0.708029197,0.160092807,0,0.278074866,0.562146893,0.48015873,0.57079646,0.012315271,0.867403315,0.52987013,0.014778325,0.625641026,0.080536913,0.364238411,0.640306122,0.626506024,0.514066496,0.313304721,0.171597633,0.614492754,0.415704388,0.586206897,0.509485095,0.557411273,0.571776156,0.609289617,0.188053097,0.437357631,0.033412888,0.606936416,0.651960784,0.657223796,0.031830239,0.172680412,0.195121951,0.707165109,0.006802721,0.209944751,0.50245098,0.188183807,0.515086207,0.755882353,0.824786325,0.703225806,0.451807229,0.481060606,0.520971302,0.281437126,0.599483204,0.339449541,0.588541667,0.45841785,0.44924812,0.608815427,0.58490566,0.555891239,0.00280112,0.008645533,0.078125,0.543283582,0.523809524,0.728767123,0.425474255,0.684587814,0.463949843,0.015686275,0.310457516,0.009677419,0.048346056,0.25,0.164102564,0.034375,0.102902375,0.398373984,0.513108614,0.602564103,0.302941176,0.446254072,0
0.179856115,0.003367003,0.008032129,0.974264706,0,0.71875,0.2890625,0.527446301,0.381962865,0.111553785,0.354988399,0.528735632,0.281622912,0.35952381,0.281842818,0.045317221,0.285714286,0.496674058,0.576237624,0.228682171,0.495951417,0.329341317,0.581447964,0.007853403,0.030898876,0.308641975,0.248618785,0.028938907,0.651090343,0.02184466,0.003246753,0.037671233,0.626822157,0.022675737,0.483028721,0.094545455,0.749373434,0.319327731,0.012,0.183783784,0.018382353,0.144886364,0.180827887,0.379716981,0.563157895,0.105960265,0.014981273,0.569974555,0.543429844,0.156057495,0.427787934,0.393767705,0.44109589,0.027972028,0.341397849,0.397089397,0.315789474,0.010380623,0.757062147,0.090277778,0.686956522,0.002717391,0.61452514,0.055155875,0.97752809,0.136125654,0.004672897,0.144475921,0.005899705,0.111111111,0.015564202,0.012096774,0.325274725,0.504444444,0.22029703,0.087301587,0.290953545,0.306722689,0.591919192,0.286046512,0.555555556,0.269021739,0.491159136,0.836676218,0.02962963,0.318766067,0.07788162,0.081761006,0.726277372,0.134570766,0,0.267379679,0.564971751,0.107142857,0.584070796,0.012315271,0.867403315,0.303896104,0.009852217,0.246153846,0.010067114,0.360927152,0.303571429,0.354216867,0.340153453,0.128755365,0.026627219,0.591304348,0.191685912,0.586206897,0.384823848,0.567849687,0.591240876,0.581967213,0.110619469,0.232346241,0.040572792,0.375722543,0.37254902,0.169971671,0.034482759,0.167525773,0.185365854,0.719626168,0.006802721,0.220994475,0.129901961,0.008752735,0.118534483,0.767647059,0.837606838,0.667741935,0.459839357,0.414772727,0.375275938,0.176646707,0.382428941,0.128440367,0.481770833,0.430020284,0.447368421,0.214876033,0.234501348,0.283987915,0.00280112,0.008645533,0.09375,0.131343284,0.12202381,0.224657534,0.425474255,0.677419355,0.473354232,0.015686275,0.307189542,0.009677419,0.03562341,0.02020202,0.048717949,0.034375,0.124010554,0.398373984,0.516853933,0.608974359,0.302941176,0.449511401,0
0.172661871,0.003367003,0.02811245,0.974264706,0,0.716145833,0.286458333,0.603818616,0.305039788,0.161354582,0.241299304,0.302681992,0.136038186,0.376190476,0.241192412,0.048338369,0.16,0.301552106,0.566336634,0.246124031,0.244939271,0.281437126,0.556561086,0.007853403,0.033707865,0.528395062,0.179558011,0.07073955,0.651090343,0.024271845,0.003246753,0.037671233,0.623906706,0.006802721,0.485639687,0.094545455,0.749373434,0.338935574,0.012,0.340540541,0.018382353,0.144886364,0.14379085,0.370283019,0.365789474,0.06401766,0.014981273,0.389312977,0.663697105,0.246406571,0.223034735,0.254957507,0.534246575,0.177156177,0.338709677,0.494802495,0.273182957,0.01384083,0.757062147,0.076388889,0.689855072,0.002717391,0.61452514,0.057553957,0.981273408,0.136125654,0.004672897,0.206798867,0.005899705,0.208333333,0.015564202,0.012096774,0.158241758,0.348888889,0.254950495,0.095238095,0.303178484,0.342436975,0.480808081,0.274418605,0.299319728,0.293478261,0.326129666,0.836676218,0.064197531,0.349614396,0.043613707,0.531446541,0.726277372,0.134570766,0,0.267379679,0.56779661,0.023809524,0.588495575,0.014778325,0.867403315,0.236363636,0.014778325,0.307692308,0.010067114,0.360927152,0.219387755,0.26746988,0.291560102,0.111587983,0.017751479,0.405797101,0.224018476,0.393678161,0.382113821,0.361169102,0.333333333,0.478142077,0.130530973,0.138952164,0.042959427,0.606936416,0.306372549,0.093484419,0.037135279,0.167525773,0.185365854,0.722741433,0.006802721,0.226519337,0.049019608,0.010940919,0.034482759,0.770588235,0.841880342,0.651612903,0.251004016,0.244318182,0.38410596,0.146706587,0.201550388,0.027522936,0.674479167,0.53346856,0.445488722,0.355371901,0.326145553,0.326283988,0.00280112,0.008645533,0.09375,0.176119403,0.095238095,0.306849315,0.425474255,0.681003584,0.473354232,0.011764706,0.307189542,0.006451613,0.03562341,0.017676768,0.048717949,0.0375,0.134564644,0.398373984,0.516853933,0.615384615,0.302941176,0.45276873,0
0.330935252,0.925925926,0.831325301,0.551470588,0.008450704,0.338541667,0.559895833,0.474940334,0.557029178,0.173306773,0.004640371,0.250957854,0.014319809,0.138095238,0,0.033232628,0.557142857,0.509977827,0.310891089,0.019379845,0.461538462,0.586826347,0.463800905,0.041884817,0.387640449,0.6,0.64640884,0.135048232,0.358255452,0.356796117,0.003246753,0.482876712,0.655976676,0.204081633,0.399477807,0.072727273,0.002506266,0.663865546,0.892,0.6,0.988970588,0.46875,0.080610022,0.070754717,0.086842105,0.006622517,0.288389513,0.699745547,0.438752784,0.075975359,0.341864717,0.515580737,0.495890411,0.041958042,0.319892473,0.613305613,0.526315789,0.750865052,0.43220339,0.412037037,0.113043478,0.586956522,0.648044693,0.278177458,0.573033708,0.188481675,0.002336449,0.864022663,0.852507375,0.744444444,0.914396887,0.798387097,0,0.2,0.007425743,0.03968254,0.520782396,0.142857143,0.258585859,0.048837209,0.530612245,0.600543478,0.383104126,0.269340974,0.395061728,0.496143959,0.834890966,0.575471698,0.310218978,0.331786543,0.308108108,0.427807487,0.392655367,0,0.619469027,0.209359606,0.160220994,0.498701299,0.822660099,0.576923077,0.986577181,0.38410596,0,0.002409639,0.025575448,0.214592275,0.230769231,0.773913043,0.004618938,0.045977011,0.048780488,0.427974948,0.450121655,0.445355191,0.35840708,0.16856492,0.348448687,0.595375723,0.495098039,0.580736544,0.376657825,0.309278351,0.317073171,0.180685358,0.180272109,0.187845304,0.355392157,0.33916849,0.058189655,0.482352941,0.700854701,0.841935484,0.5,0.331439394,0.302428256,0.862275449,0.532299742,0.785932722,0.59375,0.54969574,0.417293233,0.674931129,0.673854447,0.731117825,0,0.005763689,0.15625,0.734328358,0.806547619,0.602739726,0.520325203,0.35125448,0.263322884,0.901960784,0.519607843,0.816129032,0.017811705,0.005050505,0.038461538,0.546875,0.464379947,0.365853659,0.438202247,0.519230769,0.358823529,0.377850163,0
0.237410072,0.96969697,0.803212851,0.577205882,0.002816901,0.315104167,0.466145833,0.3150358,0.519893899,0.179282869,0.05800464,0.318007663,0.062052506,0.242857143,0.027100271,0.084592145,0.651428571,0.607538803,0.21980198,0.009689922,0.5,0.574850299,0.461538462,0.015706806,0.384831461,0.624691358,0.690607735,0.151125402,0.277258567,0.366504854,0.003246753,0.452054795,0.551020408,0.231292517,0.436031332,0.203636364,0.002506266,0.677871148,0.9,0.613513514,0.955882353,0.517045455,0.106753813,0.158018868,0.152631579,0.050772627,0.232209738,0.72264631,0.291759465,0.080082136,0.404021938,0.521246459,0.534246575,0.002331002,0.333333333,0.56964657,0.426065163,0.743944637,0.36440678,0.418981481,0.469565217,0.679347826,0.48603352,0.292565947,0.580524345,0.256544503,0.002336449,0.872521246,0.787610619,0.811111111,0.836575875,0.794354839,0.043956044,0.324444444,0.027227723,0.150793651,0.474327628,0.283613445,0.258585859,0.002325581,0.526077098,0.513586957,0.387033399,0.263610315,0.395061728,0.526992288,0.760124611,0.51572327,0.394160584,0.341067285,0.483783784,0.22459893,0.36440678,0.027777778,0.721238938,0.10591133,0.273480663,0.651948052,0.832512315,0.443589744,0.993288591,0.331125828,0.038265306,0.060240964,0.089514066,0.356223176,0.25147929,0.797101449,0.009237875,0.060344828,0.008130081,0.436325678,0.428223844,0.464480874,0.35619469,0.138952164,0.341288783,0.647398844,0.473039216,0.558073654,0.381962865,0.31185567,0.324390244,0.760124611,0.31292517,0.220994475,0.367647059,0.350109409,0.090517241,0.464705882,0.811965812,0.04516129,0.560240964,0.428030303,0.452538631,0.811377246,0.573643411,0.877675841,0.6015625,0.494929006,0.372180451,0.669421488,0.571428571,0.749244713,0,0.002881844,0.0390625,0.743283582,0.735119048,0.643835616,0.517615176,0.347670251,0.26645768,0.937254902,0.54248366,0.880645161,0.050890585,0.045454545,0.064102564,0.5375,0.440633245,0.387533875,0.460674157,0.557692308,0.385294118,0.501628664,0
0.870503597,0.033670034,0.164658635,0.485294118,0,0.666666667,0.565104167,0.570405728,0.541114058,0.424302789,0.649651972,0.572796935,0.661097852,0.521428571,0.531165312,0.075528701,0.802857143,0.569844789,0.536633663,0.354651163,0.465587045,0.5,0.610859729,0.023560209,0.011235955,0.469135802,0.751381215,0.15755627,0.542056075,0.048543689,0.012987013,0.184931507,0.650145773,0.242630385,0.488250653,0.145454545,0.789473684,0.546218487,0.008,0.681081081,0.110294118,0.352272727,0.557734205,0.606132075,0.605263158,0.494481236,0.269662921,0.511450382,0.4922049,0.392197125,0.462522852,0.515580737,0.564383562,0.503496503,0.258064516,0.511434511,0.666666667,0.14532872,0.683615819,0.289351852,0.692753623,0,0.988826816,0.194244604,0.943820225,0.261780105,0.002336449,0.42776204,0.002949853,0.527777778,0.13229572,0.008064516,0.63956044,0.6,0.571782178,0.079365079,0.62591687,0.468487395,0.6,0.588372093,0.492063492,0.502717391,0.499017682,0.097421203,0.160493827,0.511568123,0.492211838,0.248427673,0.448905109,0.120649652,0,0.310160428,0.725988701,0.470238095,0.672566372,0.056650246,0.856353591,0.54025974,0.009852217,0.633333333,0.080536913,0.30794702,0.642857143,0.63373494,0.52173913,0.311158798,0.153846154,0.611594203,0.418013857,0.57183908,0.514905149,0.553235908,0.586374696,0.631147541,0.174778761,0.419134396,0.019093079,0.604046243,0.656862745,0.66572238,0.021220159,0.12371134,0.131707317,0.68847352,0.040816327,0.961325967,0.477941176,0.159737418,0.5,0.788235294,0.893162393,0.690322581,0.459839357,0.490530303,0.520971302,0.293413174,0.612403101,0.345565749,0.598958333,0.460446247,0.45112782,0.619834711,0.592991914,0.564954683,0.005602241,0.017291066,0.078125,0.558208955,0.535714286,0.739726027,0.579945799,0.627240143,0.595611285,0.011764706,0.418300654,0.009677419,0.050890585,0.255050505,0.253846154,0.09375,0.419525066,0.39295393,0.644194757,0.75,0.2,0.501628664,0
0.489208633,0.02020202,0.080321285,0.540441176,0,0.791666667,0.5703125,0.546539379,0.519893899,0.298804781,0.647331787,0.540229885,0.565632458,0.571428571,0.531165312,0.093655589,0.777142857,0.501108647,0.588118812,0.424418605,0.479757085,0.502994012,0.595022624,0.044502618,0.028089888,0.52345679,0.679558011,0.36977492,0.809968847,0.067961165,0.003246753,0.383561644,0.571428571,0.188208617,0.712793734,0.450909091,0.436090226,0.635854342,0.008,0.543243243,0.0625,0.400568182,0.440087146,0.658018868,0.573684211,0.516556291,0.205992509,0.58524173,0.55233853,0.349075975,0.433272395,0.529745042,0.556164384,0.48951049,0.534946237,0.461538462,0.636591479,0.155709343,0.867231638,0.185185185,0.368115942,0.008152174,0.810055866,0.275779376,0.820224719,0.617801047,0.002336449,0.402266289,0.002949853,0.358333333,0.062256809,0.008064516,0.589010989,0.531111111,0.48019802,0.055555556,0.572127139,0.56092437,0.604040404,0.597674419,0.548752834,0.491847826,0.499017682,0.077363897,0.09382716,0.573264781,0.370716511,0.336477987,0.722627737,0.489559165,0,0.181818182,0.355932203,0.400793651,0.685840708,0.04679803,0.748618785,0.58961039,0.024630542,0.566666667,0.053691275,0.32781457,0.584183673,0.624096386,0.554987212,0.399141631,0.065088757,0.597101449,0.406466513,0.563218391,0.509485095,0.561586639,0.608272506,0.62295082,0.234513274,0.537585421,0.033412888,0.75433526,0.681372549,0.648725212,0.023872679,0.613402062,0.590243902,0.738317757,0.054421769,0.519337017,0.321078431,0.161925602,0.385775862,0.664705882,0.863247863,0.751612903,0.463855422,0.416666667,0.51214128,0.458083832,0.710594315,0.504587156,0.544270833,0.45030426,0.464285714,0.534435262,0.525606469,0.580060423,0.00280112,0.014409222,0.1171875,0.367164179,0.380952381,0.630136986,0.566395664,0.663082437,0.426332288,0.019607843,0.496732026,0.022580645,0.027989822,0.194444444,0.01025641,0.096875,0.356200528,0.384823848,0.644194757,0.730769231,0.182352941,0.442996743,0
0.446043165,0.02020202,0.080321285,0.926470588,0,0.377604167,0.567708333,0.54176611,0.517241379,0.304780876,0.654292343,0.540229885,0.570405728,0.569047619,0.525745257,0.102719033,0.774285714,0.503325942,0.586138614,0.430232558,0.481781377,0.497005988,0.592760181,0.154450262,0.011235955,0.528395062,0.671270718,0.376205788,0.448598131,0.014563107,0.00974026,0.397260274,0.580174927,0.117913832,0.707571802,0.458181818,0.007518797,0.633053221,0.008,0.535135135,0.0625,0.394886364,0.444444444,0.660377358,0.576315789,0.525386313,0.205992509,0.58524173,0.550111359,0.357289528,0.433272395,0.52407932,0.550684932,0.477855478,0.209677419,0.457380457,0.629072682,0.155709343,0.508474576,0.189814815,0.756521739,0.008152174,0.843575419,0.009592326,0.501872659,0.565445026,0.002336449,0.396600567,0.002949853,0.352777778,0.058365759,0.008064516,0.593406593,0.533333333,0.48019802,0.063492063,0.572127139,0.56512605,0.602020202,0.595348837,0.548752834,0.486413043,0.497053045,0.813753582,0.101234568,0.573264781,0.364485981,0.339622642,0.605839416,0.020881671,0,0.197860963,0.570621469,0.408730159,0.681415929,0.04679803,0.044198895,0.587012987,0.019704433,0.561538462,0.053691275,0.331125828,0.584183673,0.626506024,0.552429668,0.405579399,0.071005917,0.597101449,0.406466513,0.568965517,0.512195122,0.563674322,0.603406326,0.617486339,0.245575221,0.544419134,0.035799523,0.757225434,0.676470588,0.645892351,0.013262599,0.144329897,0.112195122,0.716510903,0.047619048,0.513812155,0.321078431,0.065645514,0.392241379,0.667647059,0.871794872,0.75483871,0.463855422,0.418560606,0.509933775,0.45508982,0.708010336,0.498470948,0.544270833,0.448275862,0.460526316,0.52892562,0.520215633,0.577039275,0.005602241,0.69740634,0.109375,0.358208955,0.37202381,0.621917808,0.571815718,0.519713262,0.539184953,0.019607843,0.5,0.019354839,0.030534351,0.207070707,0.01025641,0.0875,0.343007916,0.384823848,0.63670412,0.724358974,0.188235294,0.436482085,0
0.935251799,0.033670034,0.168674699,0.860294118,0,0.098958333,0.565104167,0.568019093,0.541114058,0.416334661,0.654292343,0.576628352,0.658711217,0.528571429,0.528455285,0.084592145,0.805714286,0.574279379,0.532673267,0.352713178,0.465587045,0.505988024,0.610859729,0.018324607,0.033707865,0.469135802,0.756906077,0.154340836,0.716510903,0.048543689,0.016233766,0.202054795,0.658892128,0.172335601,0.373368146,0.138181818,0,0.551820728,0.008,0.683783784,0.113970588,0.366477273,0.551198257,0.613207547,0.6,0.505518764,0.265917603,0.513994911,0.4922049,0.383983573,0.468007313,0.521246459,0.567123288,0.494172494,0.725806452,0.509355509,0.669172932,0.148788927,0.598870056,0.280092593,0.67826087,0.002717391,1,0.021582734,0.550561798,0.287958115,0.002336449,0.430594901,0.002949853,0.530555556,0.13618677,0.012096774,0.641758242,0.602222222,0.564356436,0.087301587,0.628361858,0.474789916,0.6,0.588372093,0.494331066,0.502717391,0.499017682,0.790830946,0.150617284,0.511568123,0.498442368,0.245283019,0.835766423,0.030162413,0,0.299465241,0.731638418,0.470238095,0.659292035,0.066502463,0.11878453,0.545454545,0.009852217,0.635897436,0.083892617,0.304635762,0.640306122,0.636144578,0.524296675,0.326180258,0.150887574,0.608695652,0.415704388,0.563218391,0.517615176,0.553235908,0.591240876,0.636612022,0.165929204,0.412300683,0.124105012,0.601156069,0.659313725,0.668555241,0.018567639,0.585051546,0.302439024,0.672897196,0.040816327,0.922651934,0.470588235,0.120350109,0.495689655,0.479411765,0.876068376,0.067741935,0.46184739,0.498106061,0.520971302,0.299401198,0.622739018,0.354740061,0.596354167,0.45841785,0.44924812,0.622589532,0.592991914,0.564954683,0.00280112,0.014409222,0.0625,0.564179104,0.541666667,0.742465753,0.579945799,0.408602151,0.576802508,0.015686275,0.428104575,0.012903226,0.061068702,0.232323232,0.028205128,0.1,0.416886544,0.390243902,0.651685393,0.75,0.194117647,0.498371336,0
0.021582734,0.744107744,0.477911647,0.261029412,0,0.578125,0.0078125,0.701670644,0.063660477,0.507968127,0.498839907,0.475095785,0.577565632,0.619047619,0.569105691,0.090634441,0.025714286,0.649667406,0.457425743,0.410852713,0.400809717,0.008982036,0.126696833,0.570680628,0.502808989,0.074074074,0.140883978,0.009646302,0.23364486,0.61407767,0.006493506,0.45890411,0.084548105,0.684807256,0.041775457,0.2,0.042606516,0.067226891,0.504,0.213513514,0.522058824,0.636363636,0.505446623,0.554245283,0.55,0.304635762,0.02247191,0.445292621,0.625835189,0.515400411,0.438756856,0.016997167,0.01369863,0.342657343,0.677419355,0.336798337,0.01754386,0,0.418079096,0.606481481,0.005797101,0.616847826,0.134078212,0.731414868,0.086142322,0.047120419,0.002336449,0.399433428,0.303834808,0.466666667,0.529182879,1,0.549450549,0.597777778,0.618811881,0.119047619,0.041564792,0.569327731,0.450505051,0.481395349,0.222222222,0.008152174,0.355599214,0.679083095,0.634567901,0.007712082,0.336448598,0.179245283,0.237226277,0.654292343,0.12972973,0.203208556,0.016949153,0.438492063,0.053097345,0.036945813,0.38121547,0.018181818,0.596059113,0.017948718,0.610738255,0.420529801,0.576530612,0.472289157,0.52173913,0.502145923,0.082840237,0.428985507,0.577367206,0.502873563,0.520325203,0.252609603,0.082725061,0.027322404,0.659292035,0.601366743,0.625298329,0.020231214,0.012254902,0.028328612,0.530503979,0.518041237,0.551219512,0.373831776,0.428571429,0.38121547,0.585784314,0.665207877,0.515086207,0.002941176,0.341880342,0.225806452,0.524096386,0.541666667,0.675496689,0.368263473,0.03875969,0.559633028,0.088541667,0.352941176,0.304511278,0.14600551,0.010781671,0.009063444,0.005602241,0.014409222,0.0703125,0.534328358,0.50297619,0.246575342,0.002710027,0,0.003134796,0.949019608,0.591503268,0.732258065,0.040712468,0.371212121,0.720512821,0.71875,0.831134565,0.669376694,1,0.16025641,0.088235294,0.7752443,0
0.043165468,0.353535354,0.397590361,0.150735294,0,0.6953125,0.018229167,0.692124105,0.018567639,0.533864542,0.522041763,0.423371648,0.515513126,0.638095238,0.536585366,0.102719033,0.011428571,0.583148559,0.512871287,0.470930233,0.24291498,0.008982036,0.192307692,0.719895288,0.491573034,0.160493827,0.066298343,0.028938907,0.37694704,0.589805825,0.003246753,0.886986301,0.125364431,0.526077098,0.031331593,0.134545455,0.030075188,0.131652661,0.976,0.056756757,0.525735294,0.806818182,0.507625272,0.629716981,0.544736842,0.395143488,0.003745318,0.223918575,0.661469933,0.511293634,0.347349177,0.008498584,0.057534247,0.256410256,0.537634409,0.476091476,0.010025063,0.020761246,0.621468927,0.597222222,0.005797101,0.122282609,0.229050279,0.736211031,0.161048689,0.020942408,0.002336449,0.376770538,0.725663717,0.269444444,0.474708171,0.709677419,0.47032967,0.566666667,0.52970297,0.071428571,0.009779951,0.609243697,0.454545455,0.441860465,0.099773243,0.013586957,0.345776031,0.567335244,0.649382716,0.035989717,0.470404984,0.242138365,0.135036496,0.69837587,0,0.513368984,0.019774011,0.432539683,0,0.322660099,0.524861878,0.01038961,0.669950739,0,0.523489933,0.67218543,0.474489796,0.513253012,0.549872123,0.532188841,0.062130178,0.202898551,0.565819861,0.502873563,0.514905149,0.17954071,0.03406326,0.040983607,0.64380531,0.523917995,0.61575179,0.066473988,0.029411765,0.02266289,0.549071618,0.554123711,0.651219512,0.395638629,0.030612245,0.370165746,0.62745098,0.592997812,0.568965517,0.008823529,0.264957265,0.248387097,0.401606426,0.477272727,0.66004415,0.5,0.103359173,0.498470948,0.2109375,0.496957404,0.398496241,0.090909091,0.008086253,0.009063444,0.005602241,0.014409222,0.125,0.391044776,0.514880952,0.071232877,0,0.017921147,0.003134796,0.470588235,1,0.451612903,0.022900763,0.191919192,0.68974359,0.73125,0.498680739,0.596205962,0.958801498,0.012820513,0,0.351791531,0
0.107913669,0.03030303,0.16064257,0.584558824,0,0.135416667,0.565104167,0.563245823,0.538461538,0.424302789,0.654292343,0.574712644,0.663484487,0.526190476,0.525745257,0.081570997,0.802857143,0.572062084,0.528712871,0.358527132,0.467611336,0.5,0.608597285,0.018324607,0.011235955,0.466666667,0.748618785,0.154340836,0.317757009,0.053398058,0.006493506,0.482876712,1,0.179138322,0.916449086,0.094545455,0.002506266,0.546218487,0.004,0.675675676,0.110294118,0.039772727,0.559912854,0.606132075,0.607894737,0.503311258,0.277153558,0.511450382,0.487750557,0.392197125,0.464351005,0.512747875,0.55890411,0.496503497,0.185483871,0.507276507,0.664160401,0.14532872,0.305084746,0.291666667,0.64057971,0.029891304,0.569832402,0.023980815,0.599250936,0.094240838,0.002336449,0.424929178,0.002949853,0.522222222,0.128404669,0.008064516,0.643956044,0.606666667,0.569306931,0.087301587,0.62591687,0.472689076,0.595959596,0.588372093,0.498866213,0.5,0.497053045,0.171919771,0.160493827,0.508997429,0.489096573,0.242138365,0.459854015,0.027842227,0.005405405,0.197860963,1,0.476190476,0.938053097,0.216748768,0.395027624,0.535064935,0.004926108,0.630769231,0.080536913,0.102649007,0.642857143,0.63373494,0.52173913,0.326180258,0.162721893,0.614492754,0.418013857,0.57183908,0.517615176,0.555323591,0.586374696,0.62568306,0.174778761,0.419134396,0.019093079,0.601156069,0.654411765,0.660056657,0.023872679,0.067010309,0.03902439,0.679127726,0.551020408,0.243093923,0.485294118,0.124726477,0.506465517,0.494117647,0.743589744,0.038709677,0.457831325,0.496212121,0.520971302,0.290419162,0.612403101,0.348623853,0.588541667,0.45841785,0.447368421,0.61707989,0.590296496,0.561933535,0.005602241,0.017291066,0.0625,0.552238806,0.532738095,0.736986301,1,0.88172043,1,0.011764706,0.12745098,0.029032258,0.055979644,0.234848485,0.028205128,0.015625,0.337730871,0.214092141,0.119850187,0.698717949,0.873529412,0.397394137,0
0.021582734,0.02020202,0.076305221,0.419117647,0,0.171875,0.5625,0.544152745,0.514588859,0.312749004,0.654292343,0.536398467,0.575178998,0.561904762,0.52303523,0.105740181,0.771428571,0.503325942,0.584158416,0.434108527,0.483805668,0.491017964,0.592760181,0.041884817,0.019662921,0.528395062,0.665745856,0.38585209,0.464174455,0.019417476,0.003246753,0,0.33819242,0.124716553,0.663185379,0.138181818,1,0.62745098,0.008,0.527027027,0.058823529,0.110795455,0.450980392,0.658018868,0.578947368,0.529801325,0.209737828,0.580152672,0.550111359,0.363449692,0.429616088,0.518413598,0.545205479,0.477855478,0.091397849,0.455301455,0.62406015,0.155709343,0.480225989,0.196759259,0.431884058,0,0.262569832,0.011990408,0.898876404,0.031413613,1,0.390934844,0.002949853,0.344444444,0.054474708,0.008064516,0.597802198,0.531111111,0.482673267,0.063492063,0.572127139,0.558823529,0.6,0.593023256,0.544217687,0.483695652,0.495088409,0.042979943,0.10617284,0.570694087,0.361370717,0.34591195,0.379562044,0.018561485,0,0.069518717,0.384180791,0.41468254,0.482300885,0.224137931,0.779005525,0.584415584,0.019704433,0.553846154,0.05033557,0.155629139,0.586734694,0.626506024,0.547314578,0.401287554,0.073964497,0.591304348,0.406466513,0.577586207,0.512195122,0.563674322,0.598540146,0.606557377,0.254424779,0.551252847,0.035799523,0.757225434,0.674019608,0.640226629,0.018567639,0.139175258,0.07804878,0.404984424,0.06462585,0.38121547,0.330882353,0.072210066,0.400862069,1,0.688034188,1,0.463855422,0.418560606,0.503311258,0.446107784,0.702842377,0.49235474,0.541666667,0.444219067,0.458646617,0.520661157,0.514824798,0.574018127,0.005602241,0.017291066,0.109375,0.352238806,0.366071429,0.61369863,0.634146341,0.430107527,0.304075235,0.007843137,0.022875817,0.006451613,0.027989822,0.217171717,0.025641026,0.034375,0.292875989,0.279132791,0.355805243,0.929487179,0.852941176,0.641693811,0
0.208633094,0.02020202,0.076305221,0.547794118,0,0.3828125,0.565104167,0.546539379,0.514588859,0.306772908,0.649651972,0.534482759,0.572792363,0.566666667,0.531165312,0.093655589,0.768571429,0.501108647,0.588118812,0.430232558,0.479757085,0.494011976,0.595022624,0.044502618,0.014044944,0.525925926,0.671270718,0.38585209,0.423676012,0.012135922,0.003246753,0.503424658,0.874635569,0.115646259,1,0.116363636,0,0.630252101,0.008,0.535135135,0.058823529,0.125,0.446623094,0.658018868,0.573684211,0.518763797,0.205992509,0.580152672,0.554565702,0.357289528,0.429616088,0.521246459,0.550684932,0.487179487,0.069892473,0.459459459,0.629072682,0.155709343,0.502824859,0.19212963,0.11884058,0.04076087,0.636871508,0.009592326,0.689138577,0.047120419,0.002336449,0.396600567,0.002949853,0.35,0.054474708,0.004032258,0.593406593,0.526666667,0.485148515,0.055555556,0.572127139,0.558823529,0.602020202,0.595348837,0.541950113,0.483695652,0.497053045,0.134670487,0.101234568,0.570694087,0.367601246,0.34591195,0.346715328,0.018561485,0,0.160427807,0.847457627,0.406746032,1,0.399014778,0.328729282,0.587012987,0.019704433,0.558974359,0.05033557,0.182119205,0.586734694,0.626506024,0.554987212,0.394849785,0.065088757,0.588405797,0.406466513,0.57183908,0.509485095,0.563674322,0.600973236,0.614754098,0.245575221,0.548974943,0.035799523,0.757225434,0.676470588,0.648725212,0.013262599,0.100515464,0.087804878,0.404984424,0.336734694,0.281767956,0.323529412,0.06345733,0.392241379,0.923529412,1,0.793548387,0.463855422,0.414772727,0.507726269,0.449101796,0.705426357,0.49235474,0.546875,0.448275862,0.464285714,0.526170799,0.517520216,0.577039275,0.005602241,0.017291066,0.1171875,0.358208955,0.37202381,0.621917808,0.994579946,1,0.965517241,0.011764706,0.401960784,0.038709677,0.025445293,0.199494949,0.007692308,0.00625,0.116094987,0.162601626,0.026217228,0.634615385,0.835294118,0.218241042,0
0.143884892,0.03030303,0.16064257,0.536764706,0.002816901,0.119791667,0.565104167,0.565632458,0.538461538,0.426294821,0.651972158,0.574712644,0.663484487,0.526190476,0.528455285,0.081570997,0.802857143,0.572062084,0.530693069,0.356589147,0.467611336,0.5,0.608597285,0.020942408,0.011235955,0.466666667,0.748618785,0.15755627,0.317757009,0.053398058,1,0.5,0.679300292,0.179138322,0.464751958,0.094545455,0.002506266,0.546218487,0.004,0.675675676,0.110294118,0.045454545,0.559912854,0.606132075,0.607894737,0.501103753,0.27340824,0.511450382,0.487750557,0.392197125,0.464351005,0.512747875,0.55890411,0.498834499,0.193548387,0.509355509,0.664160401,0.14532872,0.274011299,0.291666667,1,0.035326087,0.569832402,0.023980815,0.558052434,0.09947644,0.002336449,0.424929178,0.002949853,0.522222222,0.128404669,0.008064516,0.643956044,0.606666667,0.571782178,0.087301587,0.62591687,0.470588235,0.597979798,0.588372093,0.498866213,0.5,0.497053045,0.146131805,0.162962963,0.508997429,0.489096573,0.245283019,0.423357664,0.025522042,0.005405405,0.192513369,0.663841808,0.474206349,0.544247788,0.25862069,0.370165746,0.535064935,0.004926108,0.630769231,0.080536913,0.105960265,0.642857143,0.63373494,0.52173913,0.324034335,0.162721893,0.611594203,0.418013857,0.57183908,0.517615176,0.555323591,0.586374696,0.62568306,0.174778761,0.419134396,0.019093079,0.604046243,0.654411765,0.660056657,0.023872679,0.074742268,0.036585366,1,0.557823129,0.419889503,0.485294118,0.124726477,0.504310345,0.429411765,0.598290598,0.032258065,0.457831325,0.494318182,0.520971302,0.290419162,0.612403101,0.348623853,0.588541667,0.45841785,0.447368421,0.61707989,0.590296496,0.561933535,0.005602241,1,0.0703125,0.552238806,0.532738095,0.736986301,0.655826558,0.365591398,0.539184953,0.011764706,0.173202614,0.035483871,0.055979644,0.232323232,0.028205128,0.0125,0.324538259,0.200542005,0.097378277,0.673076923,0.867647059,0.368078176,0
0.244604317,0.003367003,0.036144578,0.930147059,0,0.815104167,0.526041667,0.386634845,0.559681698,0.131474104,0.204176334,0.408045977,0.264916468,0.321428571,0.308943089,0.036253776,0.714285714,0.527716186,0.388118812,0.100775194,0.431174089,0.520958084,0.432126697,0.020942408,0.028089888,0.624691358,0.475138122,0.311897106,0.77258567,0.002427184,0.006493506,0.503424658,0.472303207,0,0.676240209,0.109090909,0.543859649,0.574229692,0.012,0.372972973,0.018382353,0.142045455,0.198257081,0.318396226,0.302631579,0.015452539,0.119850187,0.503816794,0.391982183,0.125256674,0.440585009,0.54674221,0.498630137,0.076923077,0.389784946,0.482328482,0.521303258,0.100346021,0.861581921,0.083333333,0.733333333,0.054347826,0.597765363,0.131894484,0.895131086,0.047120419,0.002336449,0.277620397,0.005899705,0.211111111,0.015564202,0.008064516,0.268131868,0.36,0.27970297,0.071428571,0.623471883,0.294117647,0.43030303,0.297674419,0.396825397,0.480978261,0.504911591,0.833810888,0.034567901,0.59125964,0.202492212,0.531446541,0.708029197,0.43387471,0,0.144385027,0.576271186,0.017857143,0.530973451,0.39408867,0.845303867,0.615584416,0.009852217,0.441025641,0.013422819,0.17218543,0.334183673,0.334939759,0.286445013,0.19527897,0.029585799,0.55942029,0.219399538,0.284482759,0.257452575,0.444676409,0.381995134,0.412568306,0.050884956,0.095671982,0.050119332,0.789017341,0.620098039,0.484419263,0.026525199,0.49742268,0.519512195,0.492211838,0.333333333,0.325966851,0.093137255,0,0.07112069,0.611764706,0.645299145,0.793548387,0.439759036,0.384469697,0.412803532,0.308383234,0.648578811,0.305810398,0.513020833,0.444219067,0.477443609,0.438016529,0.469002695,0.613293051,0.00280112,0.665706052,0.125,0.211940299,0.226190476,0.405479452,0.669376694,0.64516129,0.517241379,0.015686275,0.411764706,0.048387097,0.022900763,0.005050505,0.035897436,0.0125,0.129287599,0.162601626,0.018726592,0.628205128,0.817647059,0.208469055,0
0.115107914,0.006734007,0.088353414,0.9375,0,0.692708333,0.619791667,0.434367542,0.567639257,0.061752988,0.317865429,0.425287356,0.159904535,0.369047619,0.241192412,0.060422961,0.711428571,0.381374723,0.372277228,0.195736434,0.465587045,0.535928144,0.42081448,0,0.028089888,0.508641975,0.638121547,0.096463023,0.663551402,0.033980583,0.006493506,0.48630137,0.635568513,0.01814059,0.540469974,0.101818182,0.784461153,0.456582633,0.008,0.594594595,0.051470588,0.045454545,0.100217865,0.403301887,0.307894737,0.101545254,0.198501873,0.613231552,0.40311804,0.084188912,0.460694698,0.490084986,0.493150685,0.016317016,0.661290323,0.459459459,0.644110276,0.079584775,0.703389831,0.069444444,0.617391304,0.035326087,0.446927374,0.074340528,0.940074906,0.115183246,0.002336449,0.291784703,0.008849558,0.369444444,0.062256809,0.012096774,0.241758242,0.371111111,0.146039604,0.095238095,0.618581907,0.350840336,0.43030303,0.31627907,0.451247166,0.576086957,0.504911591,0.868194842,0.027160494,0.593830334,0.271028037,0.13836478,0.813868613,0.143851508,0.005405405,0.197860963,0.601694915,0.061507937,0.544247788,0.21182266,0.867403315,0.475324675,0.009852217,0.615384615,0.030201342,0.102649007,0.224489796,0.325301205,0.304347826,0.251072961,0.325443787,0.756521739,0.184757506,0.287356322,0.268292683,0.45302714,0.381995134,0.415300546,0.07300885,0.127562642,0.069212411,0.641618497,0.651960784,0.532577904,0.037135279,0.43556701,0.170731707,0.679127726,0.540816327,0.220994475,0.080882353,0.019693654,0.066810345,0.767647059,0.615384615,0.509677419,0.427710843,0.376893939,0.368653422,0.182634731,0.447028424,0.211009174,0.4453125,0.430020284,0.460526316,0.548209366,0.601078167,0.574018127,0.00280112,0.011527378,0.0859375,0.370149254,0.339285714,0.638356164,0.674796748,0.620071685,0.545454545,0.011764706,0.147058824,0.029032258,0.048346056,0.025252525,0.087179487,0.021875,0.34828496,0.208672087,0.127340824,0.705128205,0.858823529,0.413680782,0
0.489208633,0.784511785,0.831325301,0.014705882,0.002816901,0.005208333,0.03125,0.708830549,0.055702918,0.46812749,0.443155452,0.448275862,0.529832936,0.626190476,0.528455285,0.090634441,0.202857143,0.636363636,0.487128713,0.472868217,0.344129555,0.026946108,0.149321267,0.007853403,0.016853933,0.135802469,0.602209945,0.08681672,0,0.019417476,0.003246753,0.503424658,0.090379009,0.027210884,0.026109661,0.138181818,0,0.168067227,0.724,0.3,0.919117647,0.642045455,0.522875817,0.58254717,0.544736842,0.306843267,0.677902622,0.376590331,0.650334076,0.519507187,0.400365631,0.025495751,0.049315068,0.242424242,0.005376344,0.446985447,0.07518797,0.795847751,0.002824859,0.280092593,0.002898551,0.494565217,0.458100559,0.016786571,0.014981273,0.335078534,0.004672897,0.589235127,0.643067847,0.677777778,0.898832685,0.596774194,0.421978022,0.584444444,0.603960396,0.079365079,0.04400978,0.590336134,0.448484848,0.465116279,0.167800454,0.029891304,0.339882122,0.005730659,0.241975309,0.035989717,0.959501558,0.301886792,0.00729927,0.018561485,0.140540541,0.171122995,0.011299435,0.130952381,0.331858407,0.086206897,0.002762431,0.038961039,0.812807882,0.058974359,0.88590604,0.238410596,0.573979592,0.493975904,0.519181586,0.527896996,0.085798817,0.373913043,0.521939954,0.494252874,0.498644986,0.202505219,0.063260341,0.032786885,0.360619469,0.421412301,0.031026253,0.170520231,0.068627451,0.543909348,0.021220159,0,0.004878049,0,0.112244898,0.26519337,0.370098039,0.032822757,0.275862069,0.005882353,0.290598291,0,0.487951807,0.520833333,0.673289183,0.760479042,0.209302326,0.981651376,0.158854167,0.452332657,0.347744361,0.17630854,0.037735849,0.036253776,0.00280112,0.011527378,0.09375,0.865671642,0.94047619,0.512328767,0.062330623,0.010752688,0.006269592,0.729411765,0.709150327,0.725806452,0.038167939,0.065656566,0.020512821,0.490625,0.596306069,0.311653117,0.119850187,0.551282051,0.676470588,0.361563518,0
0.489208633,0.767676768,0.843373494,0.014705882,0.005633803,0.002604167,0.03125,0.491646778,0.074270557,0.354581673,0.6612529,0.540229885,0.618138425,0.545238095,0.528455285,0.090634441,0.071428571,0.414634146,0.546534653,0.387596899,0.473684211,0.038922156,0.404977376,0.036649215,0.016853933,0.113580247,0.610497238,0.057877814,0,0.031553398,0.003246753,0.523972603,0.087463557,0.14739229,0.026109661,0.141818182,0,0.159663866,0.724,0.340540541,0.919117647,0.627840909,0.501089325,0.641509434,0.557894737,0.527593819,0.719101124,0.338422392,0.565701559,0.347022587,0.50274223,0.050991501,0.115068493,0.51048951,0.002688172,0.293139293,0.077694236,0.775086505,0.002824859,0.231481481,0.005797101,0.516304348,0.458100559,0.016786571,0.014981273,0.335078534,0.004672897,0.592067989,0.643067847,0.691666667,0.902723735,0.596774194,0.621978022,0.564444444,0.522277228,0.079365079,0.026894866,0.518907563,0.567676768,0.597674419,0.310657596,0.032608696,0.524557957,0.005730659,0.116049383,0.038560411,0.956386293,0.047169811,0.010948905,0.016241299,0.127027027,0.171122995,0.011299435,0.446428571,0.336283186,0.083743842,0.002762431,0.038961039,0.812807882,0.064102564,0.879194631,0.228476821,0.612244898,0.63373494,0.531969309,0.276824034,0.020710059,0.101449275,0.404157044,0.543103448,0.501355014,0.444676409,0.214111922,0.153005464,0.185840708,0.485193622,0.028639618,0.023121387,0.051470588,0.538243626,0.021220159,0,0.002439024,0,0.108843537,0.254143646,0.397058824,0.094091904,0.450431034,0.002941176,0.299145299,0,0.475903614,0.511363636,0.518763797,0.745508982,0.198966408,0.981651376,0.3203125,0.482758621,0.496240602,0.184573003,0.040431267,0.039274924,0.00280112,0.011527378,0.09375,0.874626866,0.943452381,0.528767123,0.062330623,0.007168459,0.006269592,0.725490196,0.705882353,0.729032258,0.038167939,0.232323232,0.017948718,0.490625,0.601583113,0.311653117,0.119850187,0.551282051,0.679411765,0.364820847,0
0.352517986,0.760942761,0.485943775,0.011029412,0,0.0078125,0.020833333,0.711217184,0.045092838,0.480079681,0.459396752,0.444444444,0.53699284,0.635714286,0.525745257,0.093655589,0.022857143,0.629711752,0.489108911,0.480620155,0.32388664,0.017964072,0.135746606,0.010471204,0.028089888,0.120987654,0.116022099,0.022508039,0,0.024271845,0.003246753,0.79109589,0.2303207,0.031746032,0.067885117,0.109090909,0,0.086834734,0.476,0.218918919,0.544117647,0.664772727,0.533769063,0.596698113,0.552631579,0.322295806,0.014981273,0.340966921,0.652561247,0.529774127,0.391224863,0.016997167,0.038356164,0.251748252,0.01344086,0.43035343,0.025062657,0,0.005649718,0.296296296,0.002898551,0.605978261,0.491620112,0.021582734,0.011235955,0.209424084,0.002336449,0.42776204,0.424778761,0.475,0.556420233,0.991935484,0.428571429,0.588888889,0.611386139,0.087301587,0.029339853,0.596638655,0.446464646,0.472093023,0.149659864,0.019021739,0.328094303,0.005730659,0.261728395,0.025706941,0.202492212,0.235849057,0.00729927,0.023201856,0.418918919,0.572192513,0.014124294,0.138888889,0.46460177,0.056650246,0.002762431,0.023376623,0.541871921,0.028205128,0.624161074,0.61589404,0.576530612,0.501204819,0.529411765,0.530042918,0.076923077,0.327536232,0.524249423,0.502873563,0.504065041,0.181628392,0.053527981,0.024590164,0.378318584,0.432801822,0.038186158,0.049132948,0.024509804,0.028328612,0.029177719,0.010309278,0.012195122,0.031152648,0.214285714,0.093922652,0.384803922,0.037199125,0.282327586,0.002941176,0.504273504,0.006451613,0.475903614,0.517045455,0.677704194,0.371257485,0.033591731,0.525993884,0.143229167,0.442190669,0.336466165,0.165289256,0.021563342,0.021148036,0.005602241,0.014409222,0.09375,0.528358209,0.473214286,0.224657534,0.149051491,0.003584229,0.003134796,0.988235294,0.836601307,0.735483871,0.03307888,0.070707071,0.023076923,0.646875,0.659630607,0.512195122,0.052434457,0.653846154,0.797058824,0.351791531,0
0.323741007,0.404040404,0.393574297,0.011029412,0,0.0078125,0.0234375,0.482100239,0.055702918,0.370517928,0.663573086,0.542145594,0.632458234,0.545238095,0.533875339,0.078549849,0.022857143,0.407982262,0.55049505,0.397286822,0.463562753,0.023952096,0.386877828,0.039267016,0.025280899,0.101234568,0.049723757,0.025723473,0,0.041262136,0.003246753,0.715753425,0.288629738,0.154195011,0.052219321,0.181818182,0,0.148459384,1,0.067567568,0.540441176,0.627840909,0.516339869,0.641509434,0.571052632,0.525386313,0.011235955,0.307888041,0.570155902,0.361396304,0.499085923,0.036827195,0.098630137,0.515151515,0.010752688,0.278586279,0.015037594,0.01384083,0.005649718,0.24537037,0.002898551,0.201086957,0.541899441,0.021582734,0.011235955,0.256544503,0.002336449,0.407932011,0.696165192,0.286111111,0.463035019,0.564516129,0.630769231,0.573333333,0.534653465,0.079365079,0.017114914,0.508403361,0.571717172,0.602325581,0.285714286,0.02173913,0.518664047,0.005730659,0.128395062,0.030848329,0.395638629,0.044025157,0.00729927,0.025522042,0.002702703,0.235294118,0.02259887,0.454365079,0.451327434,0.128078818,0.002762431,0.023376623,0.600985222,0.007692308,0.55033557,0.407284768,0.625,0.638554217,0.531969309,0.201716738,0.017751479,0.089855072,0.41108545,0.560344828,0.504065041,0.432150313,0.182481752,0.128415301,0.196902655,0.501138952,0.035799523,0.01734104,0.031862745,0.016997167,0.029177719,0.010309278,0.012195122,0.056074766,0.044217687,0.215469613,0.416666667,0.102844639,0.463362069,0.002941176,0.427350427,0.006451613,0.467871486,0.511363636,0.516556291,0.511976048,0.103359173,0.467889908,0.291666667,0.47464503,0.490601504,0.115702479,0.018867925,0.021148036,0.005602241,0.014409222,0.1015625,0.328358209,0.458333333,0.060273973,0.151761518,0.003584229,0.003134796,0.482352941,0.787581699,0.548387097,0.03562341,0.22979798,0.023076923,0.678125,0.696569921,0.588075881,0.018726592,0.634615385,0.788235294,0.299674267,0
0.553956835,0.262626263,0.409638554,0.856617647,0,0.640625,0.044270833,0.711217184,0.071618037,0.450199203,0.424593968,0.457854406,0.520286396,0.623809524,0.544715447,0.081570997,0.04,0.647450111,0.493069307,0.468992248,0.372469636,0.038922156,0.174208145,0.005235602,0.196629213,0.158024691,0.074585635,0.032154341,0.778816199,0.055825243,0.019480519,0.390410959,0.524781341,0.020408163,0.597911227,0.178181818,0.736842105,0.072829132,0.42,0.081081081,0.540441176,0.673295455,0.507625272,0.570754717,0.542105263,0.278145695,0.018726592,0.417302799,0.654788419,0.507186858,0.418647166,0.036827195,0.063013699,0.214452214,0.712365591,0.46985447,0.037593985,0.010380623,0.779661017,0.275462963,0.863768116,0.086956522,0.441340782,0.023980815,0.917602996,0.382198953,0.002336449,0.133144476,0.637168142,0.161111111,0.501945525,0.407258065,0.415384615,0.588888889,0.601485149,0.063492063,0.048899756,0.584033613,0.456565657,0.465116279,0.195011338,0.04076087,0.361493124,0.59025788,0.24691358,0.051413882,0.423676012,0.29245283,0.773722628,0.410672854,0,0.240641711,0.694915254,0.113095238,0.367256637,0.091133005,0.674033149,0.049350649,0.42364532,0.035897436,0.513422819,0.264900662,0.576530612,0.491566265,0.516624041,0.52360515,0.082840237,0.414492754,0.52886836,0.497126437,0.506775068,0.235908142,0.080291971,0.046448087,0.331858407,0.400911162,0.116945107,0.080924855,0.044117647,0.033994334,0.145888594,0.682989691,0.587804878,0.604361371,0.102040816,0.314917127,0.335784314,0.019693654,0.247844828,0.876470588,0.555555556,0.761290323,0.508032129,0.53219697,0.677704194,0.407185629,0.069767442,0.568807339,0.184895833,0.47464503,0.366541353,0.060606061,0.04851752,0.054380665,0.00280112,0.008645533,0.09375,0.426865672,0.517857143,0.101369863,0.43902439,0.659498208,0.526645768,0.615686275,0.68627451,0.667741935,0.045801527,0.058080808,0.012820513,0.521875,0.564643799,0.306233062,0.187265918,0.493589744,0.614705882,0.371335505,0
0.568345324,0.316498316,0.397590361,0.882352941,0,0.815104167,0.046875,0.525059666,0.090185676,0.334661355,0.654292343,0.542145594,0.599045346,0.557142857,0.54200542,0.084592145,0.04,0.414634146,0.548514851,0.374031008,0.491902834,0.05988024,0.43438914,0.251308901,0,0.138271605,0.074585635,0.032154341,0.666666667,0.082524272,0.003246753,0.318493151,0.629737609,0.276643991,0.673629243,0.163636364,0.639097744,0.084033613,0.412,0.078378378,0.547794118,0.693181818,0.481481481,0.650943396,0.552631579,0.514348786,0.018726592,0.363867684,0.567928731,0.328542094,0.511882998,0.07082153,0.145205479,0.51048951,0.626344086,0.318087318,0.040100251,0.010380623,0.807909605,0.208333333,0.434782609,0.114130435,0.502793296,0.551558753,0.842696629,0.387434555,0.002336449,0.152974504,0.696165192,0.147222222,0.498054475,0.423387097,0.610989011,0.557777778,0.514851485,0.055555556,0.031784841,0.533613445,0.56969697,0.597674419,0.340136054,0.048913043,0.538310413,0.899713467,0.098765432,0.05655527,0.420560748,0.059748428,0.704379562,0.498839907,0,0.294117647,0.65819209,0.422619048,0.566371681,0.093596059,0.870165746,0.051948052,0.42364532,0.041025641,0.526845638,0.281456954,0.609693878,0.636144578,0.549872123,0.315450644,0.020710059,0.107246377,0.404157044,0.531609195,0.504065041,0.469728601,0.255474453,0.18852459,0.163716814,0.460136674,0.121718377,0.034682081,0.046568627,0.036827195,0.015915119,0.461340206,0.504878049,0.161993769,0.102040816,0.359116022,0.365196078,0.214442013,0.422413793,0.673529412,0.594017094,0.074193548,0.485943775,0.513257576,0.523178808,0.443113772,0.07751938,0.565749235,0.361979167,0.501014199,0.511278195,0.063360882,0.051212938,0.060422961,0.00280112,0.011527378,0.09375,0.388059701,0.505952381,0.098630137,0.669376694,0.70609319,0.677115987,0.603921569,0.653594771,0.538709677,0.045801527,0.287878788,0.651282051,0.56875,0.530343008,0.308943089,0.205992509,0.474358974,0.591176471,0.358306189,0
0.410071942,0.037037037,0.092369478,0.529411765,0,0.263020833,0.546875,0.539379475,0.49071618,0.336653386,0.802784223,0.503831418,0.6849642,1,0.872628726,0.749244713,0.78,0.563192905,0.59009901,0.238372093,0.477732794,0.494011976,0.613122172,0,0.008426966,0.530864198,0.715469613,0.430868167,0.46728972,0.111650485,0.003246753,0.315068493,0.33819242,0.503401361,0.310704961,0.276363636,0.015037594,0.605042017,0.112,0.572972973,0.088235294,0.599431818,0.533769063,0.995283019,0.894736842,0.754966887,0.194756554,0.613231552,0.64142539,0.252566735,0.416819013,0.507082153,0.602739726,0.034965035,0.169354839,0.413721414,0.639097744,0.193771626,0.440677966,0.324074074,0.252173913,0.008152174,0.569832402,0.191846523,0.539325843,0.256544503,0.002336449,0.365439093,0.551622419,0.386111111,0.085603113,0.040322581,0.716483516,0.82,0.495049505,0.111111111,0.60391198,0.840336134,0.557575758,0.262790698,0.476190476,0.467391304,0.449901768,0.229226361,0.120987654,0.544987147,0.457943925,0.399371069,0.510948905,0.109048724,0,0.278074866,0.350282486,0.678571429,0.32300885,0.458128079,0.298342541,0.597402597,0.004926108,0.571794872,0.083892617,0.460264901,0.757653061,0.896385542,0.969309463,0.532188841,0.130177515,0.515942029,0.461893764,0.772988506,0.449864499,0.498956159,0.491484185,0.612021858,0.117256637,0.193621868,0.021479714,0.734104046,0.676470588,0.69121813,0.026525199,0.131443299,0.073170732,0.411214953,0.074829932,0.497237569,0.595588235,0.280087527,0.665948276,0.402941176,0.153846154,0.093548387,0.518072289,0.541666667,0.902869757,0.383233533,0.69250646,0.452599388,0.682291667,0.490872211,0.471804511,0.52892562,0.520215633,0.580060423,0.005602241,0.014409222,0.0625,0.429850746,0.449404762,0.665753425,0.27100271,0.448028674,0.369905956,0.054901961,0.578431373,0.032258065,0.086513995,0.747474747,0.2,0.521875,0.733509235,0.577235772,0.041198502,0.576923077,0.714705882,0.195439739,0
0.438848921,0.249158249,0.56626506,0.117647059,0,0.700520833,0.020833333,0.885441527,0,0.585657371,0.26450116,0.477011494,0.501193317,0.373809524,0.533875339,0.009063444,0.002857143,0.141906874,0.80990099,0.437984496,0.091093117,0.008982036,0.260180995,0.722513089,0.5,0.224691358,0.102209945,0.1414791,0.411214953,0.582524272,0.058441558,0.97260274,0.005830904,0.507936508,0.088772846,0.218181818,0.025062657,0.112044818,0.492,0.135135135,0.470588235,0.602272727,0.509803922,0.33490566,0.539473684,0.015452539,0.018726592,0.053435115,0.993318486,0.511293634,0.182815356,0.002832861,0.095890411,0.557109557,0.518817204,0.461538462,0.01754386,0.065743945,0.638418079,0.652777778,0.002898551,0.703804348,0.189944134,0.724220624,0.168539326,0.272251309,0.002336449,0.441926346,0.315634218,0.416666667,0.517509728,0.447580645,0.356043956,0.4,0.584158416,0.047619048,0,0.289915966,0.703030303,0.579069767,0.020408163,0.013586957,0.265225933,0.504297994,0.64691358,0.05655527,0.317757009,0.921383648,0.142335766,0.69837587,0.548648649,0.807486631,0.005649718,0.464285714,0.353982301,0.054187192,0.522099448,0.005194805,0.63546798,0.01025641,0.409395973,0.582781457,0.489795918,0.291566265,0.337595908,0.042918455,0,0.005797101,0.577367206,0.801724138,0.823848238,0.131524008,0.02676399,0.06557377,0.581858407,0.55808656,0.613365155,0.144508671,0.036764706,0.09631728,0.554376658,0.574742268,0.66097561,0.109034268,0.908163265,0.613259669,0.637254902,0.575492341,0.549568966,0.064705882,0.572649573,0.441935484,0.114457831,0.240530303,0.368653422,0.520958084,0.067183463,0.516819572,0.328125,0.590263692,0.477443609,0.132231405,0.008086253,0.003021148,0.014005602,0.034582133,0.609375,0.471641791,0.4375,0.134246575,0.073170732,0.025089606,0.003134796,0.470588235,0.859477124,0.577419355,0.010178117,0.02020202,0.661538462,0.359375,0.221635884,0.474254743,0.239700375,0.762820513,0.791176471,0.553745928,0
0.345323741,0.212121212,0.080321285,0.536764706,0,0.247395833,0.557291667,0.546539379,0.49867374,0.619521912,0.786542923,0.477011494,0.906921241,0.676190476,0.574525745,0.921450151,0.774285714,0.514412417,0.598019802,0.300387597,0.465587045,0.5,0.619909502,0.007853403,0.008426966,0.518518519,0.696132597,0.414790997,0.46728972,0.07038835,0.003246753,0.890410959,0.236151603,0.206349206,0.310704961,0.203636364,0.01754386,0.621848739,0.008,0.554054054,0.147058824,0.730113636,0.786492375,0.691037736,0.581578947,0.682119205,0.194756554,0.605597964,0.608017817,0.558521561,0.407678245,0.518413598,0.583561644,0.034965035,0.172043011,0.43035343,0.636591479,0.193771626,0.437853107,0.451388889,0.260869565,0.676630435,0.318435754,0.035971223,0.535580524,0.282722513,0.044392523,0.376770538,0.002949853,0.363888889,0.070038911,0.10483871,0.841758242,0.557777778,0.77970297,0.634920635,0.591687042,0.602941176,0.577777778,0.286046512,0.482993197,0.475543478,0.475442043,0.240687679,0.24691358,0.555269923,0.442367601,0.358490566,0.510948905,0.032482599,0.048648649,0.631016043,0.353107345,0.628968254,0.415929204,0.064039409,0.287292818,0.597402597,0.014778325,0.566666667,0.251677852,0.572847682,0.849489796,0.778313253,0.588235294,0.669527897,0.50887574,0.547826087,0.487297921,0.566091954,0.406504065,0.542797495,0.559610706,0.631147541,0.183628319,0.223234624,0.026252983,0.751445087,0.678921569,0.674220963,0.026525199,0.131443299,0.068292683,0.174454829,0.68707483,0.220994475,0.710784314,0.140043764,0.706896552,0.397058824,0.555555556,0.093548387,0.493975904,0.424242424,0.631346578,0.416167665,0.702842377,0.455657492,0.638020833,0.464503043,0.479323308,0.52892562,0.520215633,0.586102719,0.005602241,0.014409222,0.0859375,0.394029851,0.425595238,0.646575342,0.273712737,0.448028674,0.373040752,0.462745098,0.879084967,0.716129032,0.24173028,0.492424242,0.11025641,0.475,0.472295515,0.533875339,0.161048689,0.666666667,0.773529412,0.472312704,0
0.374100719,0.323232323,0.586345382,0.224264706,0,0.611979167,0.013020833,0.770883055,0.021220159,0.579681275,0.501160093,0.427203065,0.548926014,0.354761905,0.604336043,0.057401813,0.025714286,0.292682927,0.647524752,0.36627907,0.188259109,0.011976048,0.466063348,0.57591623,0.516853933,0.333333333,0.124309392,0.147909968,0.236760125,0.604368932,0.003246753,0.150684932,0.303206997,0.675736961,0.005221932,0.461818182,0.05764411,0.109243697,0.468,0.148648649,0.518382353,0.360795455,0.522875817,0.339622642,0.386842105,0.350993377,0.02247191,0.111959288,0.80623608,0.503080082,0.351005484,0.014164306,0.128767123,0.65034965,0.663978495,0.686070686,0.005012531,0.14532872,0.460451977,0.650462963,0.011594203,0.176630435,0.536312849,0.743405276,0.108614232,0.35078534,0.002336449,0.444759207,0.486725664,0.438888889,0.548638132,0.463709677,0.525274725,0.373333333,0.636138614,0.119047619,0.026894866,0.277310924,0.567676768,0.588372093,0.065759637,0.013586957,0.534381139,0.641833811,0.654320988,0.061696658,0.398753894,0.713836478,0.204379562,0.663573086,0.018918919,0.203208556,0.042372881,0.448412698,0.207964602,0.650246305,0.447513812,0.018181818,0.63546798,0.005128205,0.466442953,0.367549669,0.653061224,0.477108434,0.355498721,0.072961373,0.023668639,0.049275362,0.54965358,0.50862069,0.531165312,0.346555324,0.070559611,0.106557377,0.603982301,0.61047836,0.637231504,0.089595376,0.024509804,0.07082153,0.514588859,0.512886598,0.56097561,0.523364486,0.034013605,0.546961326,0.612745098,0.656455142,0.487068966,0.002941176,0.025641026,0.109677419,0.214859438,0.321969697,0.388520971,0.505988024,0.069767442,0.4617737,0.533854167,0.732251521,0.607142857,0.134986226,0.005390836,0.009063444,0.028011204,0.066282421,1,0.504477612,0.488095238,0.153424658,0.073170732,0.003584229,0.006269592,0.447058824,0.254901961,0.358064516,0.040712468,0.46969697,0.746153846,0.371875,0.709762533,0.536585366,0.074906367,0.608974359,0.7,0.117263844,0
0.338129496,0.138047138,0.128514056,0.529411765,0,0.2578125,0.588541667,0.871121718,0.562334218,0.211155378,0.213457077,0.557471264,0.312649165,0.533333333,0.352303523,0.033232628,0.817142857,0.512195122,0.58019802,0.312015504,0.530364372,0.502994012,0.522624434,0.311518325,0.008426966,0.501234568,0.729281768,0.167202572,0.46728972,0.007281553,0.003246753,0.883561644,0.2303207,0.002267574,0.313315927,0.210909091,0.015037594,0.549019608,0.012,0.651351351,0.205882353,0.732954545,0.283224401,0.325471698,0.642105263,0.050772627,0.325842697,0.554707379,0.859688196,0.23613963,0.475319927,0.501416431,0.484931507,0.794871795,0.169354839,0.476091476,0.669172932,0.134948097,0.440677966,0.12037037,0.249275362,0.66576087,0.301675978,0.009592326,0.539325843,0.282722513,0.002336449,0.376770538,0.002949853,0.469444444,0.124513619,0.10483871,0.252747253,0.651111111,0.314356436,0.047619048,0.60391198,0.394957983,0.553535354,0.853488372,0.614512472,0.513586957,0.453831041,0.257879656,0.061728395,0.544987147,0.448598131,0.424528302,0.510948905,0.020881671,0.040540541,0.625668449,0.350282486,0.013888889,0.411504425,0.093596059,0.301104972,0.532467532,0.004926108,0.630769231,0.261744966,0.572847682,0.321428571,0.277108434,0.396419437,0.412017167,0.127218935,0.562318841,0.360277136,0.738505747,0.937669377,0.549060543,0.600973236,0.540983607,0.163716814,0.646924829,0.057279236,0.650289017,0.671568627,0.648725212,0.013262599,0.131443299,0.068292683,0.161993769,0.670068027,0.198895028,0.147058824,0,0.094827586,0.405882353,0.55982906,0.109677419,0.47188755,0.547348485,0.545253863,0.317365269,0.640826873,0.415902141,0.5234375,0.509127789,0.421052632,0.58677686,0.590296496,0.561933535,0.005602241,0.017291066,0.1640625,0.495522388,0.479166667,0.712328767,0.27100271,0.448028674,0.369905956,0.454901961,0.879084967,0.703225806,0.030534351,0,0.01025641,0.4875,0.488126649,0.54200542,0.172284644,0.673076923,0.773529412,0.482084691,0
0.374100719,0.326599327,0.586345382,0.169117647,0.008450704,0.684895833,0.0078125,0.286396181,0.129973475,0.511952191,0.600928074,0.576628352,0.558472554,0.678571429,0.547425474,0.912386707,0.037142857,0.862527716,0.35049505,0.467054264,0.619433198,0.011976048,0.13800905,0.714659686,0.491573034,0.019753086,0.116022099,0.009646302,0.339563863,0.606796117,0.003246753,0.157534247,0.303206997,0.548752834,0.002610966,0.465454545,0.030075188,0.109243697,0.464,0.148648649,0.518382353,0.363636364,0.533769063,0.705188679,0.565789474,0.6401766,0.131086142,0.768447837,0.376391982,0.492813142,0.595978062,0.042492918,0.016438356,0.074592075,0.545698925,0.091476091,0.007518797,0.08650519,0.598870056,0.5625,0.011594203,0.179347826,0.530726257,0.743405276,0.138576779,0.356020942,0.049065421,0.444759207,0.477876106,0.438888889,0.552529183,0.467741935,0.520879121,0.691111111,0.495049505,0.746031746,0.06601467,0.628151261,0.484848485,0.390697674,0.485260771,0.008152174,0.489194499,0.58739255,0.617283951,0.007712082,0.401869159,0.012578616,0.135036496,0.703016241,0.021621622,0.213903743,0.048022599,0.46031746,0.194690265,0.645320197,0.502762431,0.018181818,0.63546798,0.005128205,0.466442953,0.377483444,0.520408163,0.626506024,0.562659847,0.693133047,0.585798817,0.736231884,0.547344111,0.482758621,0.371273713,0.432150313,0.158150852,0.054644809,0.663716814,0.496583144,0.613365155,0,0.012254902,0.036827195,0.562334218,0.541237113,0.648780488,0.529595016,0.044217687,0.552486188,0.649509804,0.61487965,0.575431034,0.002941176,0.021367521,0.106451613,0.751004016,0.695075758,0.805739514,0.502994012,0.067183463,0.458715596,0.046875,0.176470588,0.293233083,0.134986226,0.005390836,0.009063444,0.005602241,0.011527378,0.0703125,0.507462687,0.491071429,0.153424658,0.070460705,0.010752688,0.006269592,0.447058824,0.264705882,0.358064516,0.249363868,0.560606061,0.697435897,0.375,0.712401055,0.539295393,0.082397004,0.608974359,0.697058824,0.110749186,0
0.431654676,0.265993266,0.570281124,0.172794118,0,0.671875,0.018229167,0.338902148,0.122015915,0.501992032,0.589327146,0.611111111,0.553699284,0.688095238,0.555555556,0.864048338,0.045714286,0.835920177,0.386138614,0.476744186,0.641700405,0.011976048,0.192307692,0.735602094,0.491573034,0.037037037,0.099447514,0.025723473,0.330218069,0.609223301,0.074675325,0.976027397,0.011661808,0.541950113,0.08616188,0.218181818,0.022556391,0.112044818,0.492,0.137837838,0.477941176,0.590909091,0.54248366,0.683962264,0.597368421,0.635761589,0.157303371,0.750636132,0.38752784,0.472279261,0.621572212,0.042492918,0.032876712,0.165501166,0.551075269,0.120582121,0.015037594,0.027681661,0.584745763,0.550925926,0.002898551,0.714673913,0.201117318,0.73381295,0.134831461,0.267015707,0.039719626,0.441926346,0.306784661,0.422222222,0.521400778,0.451612903,0.496703297,0.713333333,0.467821782,0.642857143,0.04400978,0.613445378,0.541414141,0.444186047,0.501133787,0.013586957,0.540275049,0.616045845,0.597530864,0.020565553,0.330218069,0.034591195,0.135036496,0.696055684,0.583783784,0.807486631,0.011299435,0.44047619,0.35840708,0.034482759,0.472375691,0.007792208,0.640394089,0.01025641,0.416107383,0.572847682,0.515306122,0.626506024,0.598465473,0.690987124,0.529585799,0.649275362,0.517321016,0.522988506,0.417344173,0.48434238,0.184914842,0.073770492,0.672566372,0.514806378,0.613365155,0.014450867,0.029411765,0.031161473,0.570291777,0.541237113,0.643902439,0.121495327,0.918367347,0.61878453,0.639705882,0.61487965,0.547413793,0.023529412,0.572649573,0.406451613,0.751004016,0.706439394,0.796909492,0.520958084,0.069767442,0.510703364,0.067708333,0.202839757,0.372180451,0.132231405,0.008086253,0.006042296,0.00280112,0.011527378,0.1171875,0.474626866,0.446428571,0.136986301,0.075880759,0.014336918,0.003134796,0.474509804,0.85620915,0.583870968,0.221374046,0.542929293,0.676923077,0.35625,0.203166227,0.460704607,0.232209738,0.756410256,0.788235294,0.54723127,0
0.417266187,0.026936027,0.144578313,0.525735294,0,0.263020833,0.578125,0.766109785,0.551724138,0.187250996,0.269141531,0.572796935,0.343675418,0.457142857,0.401084011,0.048338369,0.811428571,0.554323725,0.538613861,0.48255814,0.510121457,0.505988024,0.57239819,0.081151832,0.008426966,0.49382716,0.740331492,0.237942122,0.46728972,0.012135922,0.003246753,0.273972603,0.33819242,0.020408163,0.313315927,0.283636364,0.020050125,0.546218487,0.064,0.664864865,0.099264706,0.588068182,0.28540305,0.337264151,0.639473684,0.04415011,0.29588015,0.51653944,0.70155902,0.213552361,0.47714808,0.515580737,0.517808219,0.694638695,0.166666667,0.505197505,0.669172932,0.141868512,0.443502825,0.125,0.243478261,0.005434783,0.569832402,0.014388489,0.546816479,0.261780105,0.002336449,0.393767705,0.572271386,0.497222222,0.112840467,0.036290323,0.323076923,0.633333333,0.324257426,0.063492063,0.616136919,0.384453782,0.57979798,0.904651163,0.58276644,0.508152174,0.485265226,0.214899713,0.054320988,0.529562982,0.46105919,0.694968553,0.50729927,0.025522042,0,0.256684492,0.347457627,0.083333333,0.336283186,0.472906404,0.309392265,0.537662338,0.004926108,0.633333333,0.070469799,0.450331126,0.336734694,0.310843373,0.368286445,0.356223176,0.133136095,0.588405797,0.538106236,0.752873563,0.967479675,0.565762004,0.610705596,0.595628415,0.157079646,0.494305239,0.021479714,0.632947977,0.666666667,0.657223796,0.015915119,0.131443299,0.073170732,0.392523364,0.051020408,0.486187845,0.176470588,0.008752735,0.153017241,0.408823529,0.175213675,0.122580645,0.455823293,0.517045455,0.525386313,0.30239521,0.630490956,0.409785933,0.533854167,0.486815416,0.428571429,0.600550964,0.592991914,0.564954683,0.016806723,0.048991354,0.6875,0.52238806,0.50297619,0.726027397,0.273712737,0.451612903,0.369905956,0.043137255,0.558823529,0.025806452,0.043256997,0.012626263,0.017948718,0.515625,0.736147757,0.571815718,0.037453184,0.576923077,0.717647059,0.205211726,0
0.021582734,0.754208754,0.493975904,0.261029412,0.042253521,0.578125,0.0078125,0.701670644,0.063660477,0.505976096,0.498839907,0.473180077,0.579952267,0.619047619,0.569105691,0.090634441,0.225714286,0.649667406,0.457425743,0.412790698,0.398785425,0.008982036,0.126696833,0.570680628,0.502808989,0.07654321,0.14640884,0.009646302,0.23364486,0.616504854,0.006493506,0.47260274,0.099125364,0.684807256,0.039164491,0.196363636,0.042606516,0.112044818,0.744,0.216216216,0.529411765,0.667613636,0.505446623,0.554245283,0.55,0.304635762,0.872659176,0.445292621,0.625835189,0.515400411,0.436928702,0.016997167,0.016438356,0.342657343,0.677419355,0.338877339,0.01754386,0,0.415254237,0.604166667,0.008695652,0.608695652,0.156424581,0.731414868,0.086142322,0.052356021,0.002336449,0.444759207,0.643067847,0.463888889,0.536964981,0.995967742,0.549450549,0.597777778,0.618811881,0.119047619,0.048899756,0.569327731,0.450505051,0.481395349,0.219954649,0.008152174,0.353634578,0.679083095,0.634567901,0.007712082,0.339563863,0.182389937,0.237226277,0.654292343,0.286486486,0.213903743,0.019774011,0.438492063,0.03539823,0.226600985,0.378453039,0.020779221,0.832512315,0.020512821,0.617449664,0.493377483,0.573979592,0.472289157,0.52173913,0.504291845,0.091715976,0.428985507,0.577367206,0.502873563,0.520325203,0.252609603,0.082725061,0.027322404,0.659292035,0.599088838,0.625298329,0.020231214,0.012254902,0.028328612,0.530503979,0.518041237,0.551219512,0.3894081,0.414965986,0.375690608,0.585784314,0.665207877,0.515086207,0.002941176,0.324786325,0.232258065,0.524096386,0.541666667,0.675496689,0.673652695,0.162790698,0.966360856,0.088541667,0.354969574,0.304511278,0.14600551,0.010781671,0.009063444,0.005602241,0.014409222,0.0703125,0.534328358,0.5,0.252054795,0,0.003584229,0.003134796,0.964705882,0.611111111,0.729032258,0.040712468,0.371212121,0.720512821,0.709375,0.817941953,0.691056911,0.992509363,0.115384615,0.082352941,0.739413681,0
0,0.424242424,0.767068273,0.150735294,0.002816901,0.700520833,0.052083333,0.682577566,0.021220159,0.539840637,0.52900232,0.423371648,0.515513126,0.635714286,0.536585366,0.120845921,0.097142857,0.587583149,0.516831683,0.465116279,0.24291498,0.011976048,0.201357466,0.717277487,0.491573034,0.177777778,0.337016575,0.022508039,0.38317757,0.587378641,0.006493506,0.469178082,0.023323615,0.528344671,0.052219321,0.356363636,0.032581454,0.697478992,0.98,0.62972973,0.518382353,0.318181818,0.507625272,0.629716981,0.536842105,0.408388521,0.04494382,0.226463104,0.659242762,0.513347023,0.347349177,0.008498584,0.057534247,0.242424242,0.537634409,0.46985447,0.127819549,0,0.624293785,0.606481481,0.002898551,0.323369565,0.139664804,0.736211031,0.161048689,0.09947644,0.002336449,0.815864023,0.719764012,0.752777778,0.579766537,0.459677419,0.472527473,0.56,0.544554455,0.079365079,0.048899756,0.613445378,0.458585859,0.434883721,0.099773243,0.02173913,0.351669941,0.561604585,0.651851852,0.064267352,0.186915888,0.22327044,0.138686131,0.700696056,0.005405405,0.203208556,0.014124294,0.444444444,0.269911504,0.662561576,0.53038674,0.111688312,0.807881773,0.220512821,0.543624161,0.19205298,0.482142857,0.513253012,0.542199488,0.542918455,0.073964497,0.252173913,0.56812933,0.502873563,0.514905149,0.185803758,0.03649635,0.043715847,0.637168142,0.523917995,0.61575179,0.075144509,0.078431373,0.039660057,0.549071618,0.554123711,0.653658537,0.052959502,0.551020408,0.20441989,0.632352941,0.592997812,0.573275862,0.002941176,0.384615385,0.012903226,0.399598394,0.471590909,0.66004415,0.859281437,0.568475452,0.737003058,0.213541667,0.496957404,0.404135338,0.680440771,0.196765499,0.16918429,0.005602241,0.014409222,0.109375,0.728358209,0.5625,0.556164384,0.073170732,0.017921147,0.003134796,0.470588235,0.290849673,0.451612903,0.030534351,0.217171717,0.692307692,0.575,0.746701847,0.403794038,0.966292135,0.307692308,0.305882353,1,0
0.043165468,0.838383838,0.746987952,0.150735294,0,0.697916667,0.018229167,0.692124105,0.018567639,0.535856574,0.522041763,0.423371648,0.515513126,0.638095238,0.536585366,0.102719033,0.011428571,0.585365854,0.512871287,0.468992248,0.24291498,0.008982036,0.192307692,0.719895288,0.491573034,0.160493827,0.582872928,0.1414791,0.380062305,0.589805825,0.003246753,0.821917808,0.113702624,0.526077098,0.036553525,0.130909091,0.030075188,0.131652661,0.984,0.210810811,0.904411765,0.809659091,0.507625272,0.629716981,0.547368421,0.395143488,0.003745318,0.226463104,0.659242762,0.511293634,0.347349177,0.008498584,0.057534247,0.256410256,0.537634409,0.476091476,0.060150376,0.889273356,0.621468927,0.599537037,0.005797101,0.475543478,0.206703911,0.736211031,0.161048689,0.02617801,0.002336449,0.458923513,0.713864307,0.605555556,0.848249027,0.745967742,0.47032967,0.566666667,0.532178218,0.071428571,0.012224939,0.609243697,0.454545455,0.441860465,0.099773243,0.013586957,0.345776031,0.567335244,0.649382716,0.035989717,0.971962617,0.29245283,0.135036496,0.69837587,0.235135135,0.497326203,0.016949153,0.43452381,0.008849558,0.310344828,0.524861878,0.01038961,0.827586207,0.035897436,0.899328859,0.688741722,0.474489796,0.513253012,0.549872123,0.532188841,0.065088757,0.205797101,0.565819861,0.502873563,0.514905149,0.17954071,0.03406326,0.040983607,0.64159292,0.523917995,0.61575179,0.196531792,0.071078431,0.586402266,0.549071618,0.554123711,0.651219512,0.392523364,0.278911565,0.375690608,0.62745098,0.592997812,0.57112069,0.014705882,0.290598291,0.267741935,0.401606426,0.477272727,0.66004415,0.5,0.105943152,0.498470948,0.2109375,0.494929006,0.398496241,0.129476584,0.013477089,0.009063444,0.008403361,0.014409222,0.125,0.820895522,0.925595238,0.443835616,0,0.017921147,0.003134796,0.705882353,0.983660131,0.7,0.022900763,0.189393939,0.687179487,0.728125,0.511873351,0.634146341,0.958801498,0,0.008823529,0.390879479,0
0.021582734,0.686868687,0.81124498,0.264705882,0,0.591145833,0.036458333,0.692124105,0.061007958,0.509960159,0.505800464,0.463601533,0.582338902,0.621428571,0.566395664,0.105740181,0.031428571,0.654101996,0.461386139,0.406976744,0.384615385,0.002994012,0.115384615,0.573298429,0.505617978,0.091358025,0.762430939,0.028938907,0.239875389,0.616504854,0.006493506,0.455479452,0.072886297,0.682539683,0.049608355,0.214545455,0.042606516,0.507002801,0.548,0.716216216,0.716911765,0.602272727,0.509803922,0.563679245,0.544736842,0.331125828,0.029962547,0.435114504,0.625835189,0.517453799,0.425959781,0.014164306,0.008219178,0.326340326,0.680107527,0.326403326,0.395989975,0.30449827,0.43220339,0.608796296,0.005797101,0.633152174,0.117318436,0.738609113,0.08988764,0.041884817,0.002336449,0.745042493,0.327433628,0.805555556,0.789883268,0.991935484,0.551648352,0.593333333,0.631188119,0.142857143,0.04400978,0.579831933,0.444444444,0.481395349,0.204081633,0.010869565,0.337917485,0.681948424,0.641975309,0.015424165,0.816199377,0.204402516,0.237226277,0.6612529,0.059459459,0.187165775,0.019774011,0.448412698,0.10619469,0.036945813,0.397790055,0.033766234,0.812807882,0.38974359,0.687919463,0.360927152,0.591836735,0.481927711,0.52173913,0.521459227,0.094674556,0.431884058,0.575057737,0.502873563,0.52303523,0.225469729,0.072992701,0.016393443,0.661504425,0.599088838,0.627684964,0.190751445,0.200980392,0.614730878,0.535809019,0.520618557,0.56097561,0.355140187,0.445578231,0.38121547,0.585784314,0.665207877,0.519396552,0.002941176,0.376068376,0.25483871,0.518072289,0.537878788,0.6799117,0.637724551,0.095607235,0.565749235,0.083333333,0.352941176,0.296992481,0.650137741,0.196765499,0.081570997,0.005602241,0.014409222,0.0546875,0.892537313,0.87797619,0.769863014,0.013550136,0.003584229,0.003134796,0.909803922,0.558823529,0.741935484,0.045801527,0.363636364,0.725641026,0.734375,0.836411609,0.620596206,0.996254682,0.230769231,0.123529412,0.840390879,0
0.194244604,0.006734007,0.060240964,0.544117647,0,0.739583333,0.341145833,0.675417661,0.551724138,0.410358566,0.591647332,0.664750958,0.625298329,0.55,0.596205962,0.163141994,0.662857143,0.751662971,0.63960396,0.329457364,0.714574899,0.535928144,0.70361991,0.028795812,0.042134831,0.375308642,0.11878453,0.019292605,0.707165109,0.038834951,0.003246753,0.071917808,0.638483965,0.120181406,0.480417755,0.087272727,0.711779449,0.616246499,0.012,0.389189189,0.022058824,0.147727273,0.533769063,0.601415094,0.584210526,0.390728477,0.086142322,0.692111959,0.630289532,0.412731006,0.68190128,0.555240793,0.438356164,0.48951049,0.094086022,0.367983368,0.26566416,0.003460208,0.796610169,0.25462963,0.130434783,0.002717391,0.664804469,0.119904077,1,0.12565445,0.004672897,0.33427762,0.005899705,0.247222222,0.023346304,0.012096774,0.597802198,0.606666667,0.591584158,0.103174603,0.594132029,0.56092437,0.690909091,0.530232558,0.591836735,0.429347826,0.746561886,0.097421203,0.158024691,0.30848329,0.031152648,0.245283019,0.551094891,0.134570766,0,0.278074866,0.381355932,0.378968254,0.57079646,0.012315271,0.867403315,0.625974026,0.014778325,0.376923077,0.010067114,0.364238411,0.650510204,0.63373494,0.554987212,0.643776824,0.50887574,0.869565217,0.473441109,0.554597701,0.479674797,0.720250522,0.552311436,0.527322404,0.174778761,0.275626424,0.047732697,0.38150289,0.284313725,0.076487252,0.039787798,0.190721649,0.212195122,0.691588785,0.010204082,0.20441989,0.404411765,0.10940919,0.420258621,0.755882353,0.820512821,0.741935484,0.66064257,0.623106061,0.620309051,0.341317365,0.656330749,0.302752294,0.619791667,0.667342799,0.70112782,0.506887052,0.495956873,0.649546828,0.00280112,0.005763689,0.1171875,0.155223881,0.06547619,0.249315068,0.425474255,0.716845878,0.369905956,0.011764706,0.339869281,0.006451613,0.03307888,0.095959596,0.038461538,0.034375,0.09762533,0.395663957,0.516853933,0.608974359,0.3,0.439739414,0
0.194244604,0.006734007,0.016064257,0.544117647,0,0.739583333,0.302083333,0.725536993,0.567639257,0.24501992,0.631090487,0.676245211,0.491646778,0.602380952,0.493224932,0.193353474,0.731428571,0.543237251,0.621782178,0.430232558,0.732793522,0.380239521,0.683257919,0.023560209,0.042134831,0.535802469,0.232044199,0.07073955,0.704049844,0.024271845,0.003246753,0.054794521,0.638483965,0.124716553,0.480417755,0.090909091,0.71679198,0.336134454,0.012,0.208108108,0.022058824,0.147727273,0.355119826,0.660377358,0.573684211,0.523178808,0.205992509,0.679389313,0.608017817,0.347022587,0.694698355,0.481586402,0.369863014,0.396270396,0.091397849,0.700623701,0.318295739,0.006920415,0.793785311,0.157407407,0.113043478,0.002717391,0.664804469,0.086330935,1,0.12565445,0.004672897,0.133144476,0.005899705,0.125,0.019455253,0.012096774,0.542857143,0.637777778,0.425742574,0.095238095,0.623471883,0.600840336,0.688888889,0.6,0.621315193,0.29076087,0.742632613,0.094555874,0.091358025,0.326478149,0.068535826,0.801886792,0.540145985,0.136890951,0.002702703,0.272727273,0.381355932,0.357142857,0.57079646,0.014778325,0.870165746,0.493506494,0.014778325,0.279487179,0.010067114,0.364238411,0.517857143,0.590361446,0.544757033,0.502145923,0.284023669,0.698550725,0.415704388,0.540229885,0.539295393,0.720250522,0.545012165,0.461748634,0.219026549,0.480637813,0.047732697,0.523121387,0.343137255,0.116147309,0.039787798,0.18814433,0.212195122,0.685358255,0.006802721,0.193370166,0.254901961,0.06345733,0.310344828,0.755882353,0.820512821,0.748387097,0.694779116,0.65530303,0.618101545,0.188622754,0.506459948,0.241590214,0.5859375,0.645030426,0.684210526,0.214876033,0.291105121,0.413897281,0.00280112,0.005763689,0.1171875,0.140298507,0.113095238,0.246575342,0.425474255,0.709677419,0.363636364,0.011764706,0.330065359,0.006451613,0.030534351,0.214646465,0.066666667,0.034375,0.10817942,0.398373984,0.516853933,0.608974359,0.3,0.442996743,0
0.165467626,0.006734007,0.060240964,0.996323529,0,0.096354167,0.34375,0.670644391,0.551724138,0.408366534,0.598607889,0.664750958,0.625298329,0.55,0.593495935,0.163141994,0.66,0.751662971,0.63960396,0.325581395,0.71659919,0.535928144,0.70361991,0.052356021,0.039325843,0.375308642,0.11878453,0.019292605,0.479750779,0.04368932,0.003246753,0.030821918,0.609329446,0.111111111,0.404699739,0.090909091,0,0.619047619,0.012,0.391891892,0.022058824,0.142045455,0.533769063,0.606132075,0.584210526,0.397350993,0.086142322,0.694656489,0.628062361,0.410677618,0.68190128,0.555240793,0.438356164,0.484848485,0.416666667,0.365904366,0.26566416,0.003460208,0.257062147,0.25462963,0.657971014,0.002717391,0.569832402,0.033573141,0.573033708,0.141361257,0.004672897,0.337110482,0.005899705,0.247222222,0.023346304,0.012096774,0.602197802,0.606666667,0.589108911,0.103174603,0.591687042,0.56092437,0.690909091,0.53255814,0.594104308,0.432065217,0.746561886,0.842406877,0.155555556,0.30848329,0.031152648,0.238993711,0.777372263,0.039443155,0,0.256684492,0.56779661,0.382936508,0.615044248,0.012315271,0.110497238,0.625974026,0.014778325,0.379487179,0.010067114,0.357615894,0.650510204,0.63373494,0.554987212,0.643776824,0.514792899,0.872463768,0.47113164,0.551724138,0.482384824,0.720250522,0.552311436,0.527322404,0.170353982,0.275626424,0.045346062,0.38150289,0.284313725,0.076487252,0.045092838,0.136597938,0.051219512,0.744548287,0.010204082,0.243093923,0.404411765,0.078774617,0.422413793,0.470588235,0.85042735,0.032258065,0.66064257,0.625,0.620309051,0.341317365,0.656330749,0.302752294,0.6171875,0.667342799,0.70112782,0.506887052,0.498652291,0.652567976,0.00280112,0.005763689,0.109375,0.158208955,0.068452381,0.254794521,0.425474255,0.408602151,0.482758621,0.015686275,0.294117647,0.006451613,0.038167939,0.103535354,0.030769231,0.034375,0.150395778,0.398373984,0.516853933,0.615384615,0.302941176,0.456026059,0
0.158273381,0.006734007,0.016064257,1,0,0.098958333,0.302083333,0.725536993,0.567639257,0.24501992,0.633410673,0.676245211,0.489260143,0.602380952,0.493224932,0.205438066,0.731428571,0.54767184,0.61980198,0.432170543,0.734817814,0.380239521,0.680995475,0.018324607,0.039325843,0.533333333,0.232044199,0.07073955,0.492211838,0.031553398,0.003246753,0.020547945,0.609329446,0.106575964,0.404699739,0.098181818,0,0.338935574,0.012,0.208108108,0.022058824,0.142045455,0.352941176,0.660377358,0.571052632,0.527593819,0.205992509,0.681933842,0.610244989,0.351129363,0.696526508,0.481586402,0.369863014,0.386946387,0.422043011,0.700623701,0.318295739,0.006920415,0.259887006,0.159722222,0.652173913,0.002717391,0.569832402,0.033573141,0.56928839,0.146596859,0.004672897,0.133144476,0.005899705,0.122222222,0.019455253,0.012096774,0.542857143,0.637777778,0.425742574,0.095238095,0.623471883,0.602941176,0.686868687,0.6,0.623582766,0.29076087,0.742632613,0.839541547,0.09382716,0.326478149,0.068535826,0.795597484,0.784671533,0.039443155,0,0.251336898,0.56779661,0.359126984,0.615044248,0.014778325,0.121546961,0.496103896,0.014778325,0.279487179,0.010067114,0.357615894,0.515306122,0.590361446,0.542199488,0.508583691,0.284023669,0.695652174,0.420323326,0.543103448,0.54200542,0.720250522,0.547445255,0.459016393,0.219026549,0.478359909,0.042959427,0.51734104,0.343137255,0.116147309,0.045092838,0.139175258,0.051219512,0.741433022,0.006802721,0.237569061,0.254901961,0.06345733,0.310344828,0.473529412,0.854700855,0.035483871,0.698795181,0.65719697,0.620309051,0.191616766,0.509043928,0.244648318,0.583333333,0.643002028,0.682330827,0.214876033,0.291105121,0.416918429,0.00280112,0.005763689,0.109375,0.140298507,0.113095238,0.243835616,0.425474255,0.41218638,0.489028213,0.011764706,0.277777778,0.006451613,0.03562341,0.204545455,0.030769231,0.034375,0.171503958,0.398373984,0.516853933,0.615384615,0.302941176,0.459283388,0
0.158273381,0.006734007,0.108433735,1,0,0.098958333,0.611979167,0.739856802,0.352785146,0.252988048,0.614849188,0.664750958,0.443914081,0.597619048,0.485094851,0.274924471,0.251428571,0.532150776,0.637623762,0.447674419,0.71659919,0.55988024,0.70361991,0.013089005,0.039325843,0.545679012,0.624309392,0.109324759,0.501557632,0.031553398,0.003246753,0.017123288,0.606413994,0.095238095,0.407310705,0.098181818,0.002506266,0.529411765,0.012,0.618918919,0.051470588,0.139204545,0.326797386,0.650943396,0.557894737,0.518763797,0.011235955,0.541984733,0.619153675,0.381930185,0.683729433,0.444759207,0.553424658,0.34032634,0.430107527,0.675675676,0.634085213,0.058823529,0.259887006,0.143518519,0.649275362,0.002717391,0.56424581,0.033573141,0.56928839,0.146596859,0.004672897,0.351274788,0.005899705,0.416666667,0.070038911,0.012096774,0.512087912,0.613333333,0.428217822,0.095238095,0.320293399,0.613445378,0.690909091,0.593023256,0.594104308,0.58423913,0.746561886,0.839541547,0.111111111,0.568123393,0.252336449,0.852201258,0.788321168,0.041763341,0.002702703,0.245989305,0.56779661,0.329365079,0.619469027,0.017241379,0.127071823,0.436363636,0.014778325,0.623076923,0.026845638,0.357615894,0.479591837,0.56626506,0.52685422,0.542918455,0.073964497,0.414492754,0.445727483,0.545977011,0.550135501,0.720250522,0.540145985,0.554644809,0.236725664,0.480637813,0.042959427,0.632947977,0.620098039,0.484419263,0.045092838,0.144329897,0.053658537,0.744548287,0.006802721,0.237569061,0.227941176,0.054704595,0.271551724,0.476470588,0.854700855,0.038709677,0.656626506,0.625,0.613686534,0.215568862,0.325581395,0.042813456,0.627604167,0.665314402,0.69924812,0.592286501,0.625336927,0.622356495,0.00280112,0.005763689,0.1328125,0.394029851,0.339285714,0.646575342,0.425474255,0.415770609,0.492163009,0.011764706,0.267973856,0.006451613,0.03562341,0.196969697,0.030769231,0.0375,0.18469657,0.401084011,0.520599251,0.615384615,0.302941176,0.462540717,0
0.165467626,0.006734007,0.032128514,0.996323529,0,0.098958333,0.549479167,0.644391408,0.344827586,0.390438247,0.621809745,0.653256705,0.625298329,0.552380952,0.582655827,0.108761329,0.317142857,0.764966741,0.657425743,0.319767442,0.688259109,0.410179641,0.71040724,0.04973822,0.039325843,0.602469136,0.533149171,0.302250804,0.482866044,0.046116505,0.003246753,0.02739726,0.612244898,0.12244898,0.404699739,0.094545455,0.002506266,0.235294118,0.012,0.389189189,0.033088235,0.142045455,0.522875817,0.625,0.576315789,0.439293598,0.04494382,0.730279898,0.652561247,0.383983573,0.665447898,0.317280453,0.542465753,0.491841492,0.416666667,0.496881497,0.556390977,0.107266436,0.257062147,0.247685185,0.657971014,0.002717391,0.575418994,0.035971223,0.573033708,0.141361257,0.004672897,0.138810198,0.005899705,0.208333333,0.031128405,0.012096774,0.610989011,0.586666667,0.571782178,0.103174603,0.354523227,0.556722689,0.692929293,0.555813953,0.553287982,0.483695652,0.742632613,0.842406877,0.143209877,0.593830334,0.23364486,0.490566038,0.777372263,0.039443155,0.002702703,0.256684492,0.56779661,0.402777778,0.615044248,0.012315271,0.116022099,0.298701299,0.014778325,0.479487179,0.023489933,0.357615894,0.642857143,0.640963855,0.557544757,0.60944206,0.384615385,0.895652174,0.445727483,0.548850575,0.495934959,0.709812109,0.510948905,0.516393443,0.150442478,0.318906606,0.042959427,0.765895954,0.634803922,0.518413598,0.045092838,0.136597938,0.053658537,0.741433022,0.006802721,0.243093923,0.399509804,0.085339168,0.431034483,0.473529412,0.85042735,0.032258065,0.648594378,0.59469697,0.626931567,0.113772455,0.299741602,0.082568807,0.6640625,0.703853955,0.712406015,0.292011019,0.436657682,0.362537764,0.00280112,0.005763689,0.1015625,0.250746269,0.258928571,0.479452055,0.425474255,0.408602151,0.485893417,0.011764706,0.290849673,0.006451613,0.038167939,0.138888889,0.033333333,0.034375,0.158311346,0.398373984,0.516853933,0.615384615,0.302941176,0.456026059,0
0.18705036,0.006734007,0.108433735,0.547794118,0,0.739583333,0.611979167,0.737470167,0.352785146,0.249003984,0.612529002,0.664750958,0.446300716,0.6,0.485094851,0.259818731,0.251428571,0.529933481,0.63960396,0.447674419,0.714574899,0.55988024,0.70361991,0.015706806,0.042134831,0.545679012,0.624309392,0.112540193,0.700934579,0.024271845,0.003246753,0.051369863,0.638483965,0.102040816,0.480417755,0.090909091,0.719298246,0.532212885,0.012,0.618918919,0.047794118,0.147727273,0.326797386,0.650943396,0.557894737,0.516556291,0.011235955,0.539440204,0.619153675,0.379876797,0.68190128,0.447592068,0.553424658,0.347319347,0.088709677,0.675675676,0.631578947,0.058823529,0.793785311,0.141203704,0.104347826,0.002717391,0.664804469,0.067146283,1,0.12565445,0.004672897,0.354107649,0.005899705,0.416666667,0.070038911,0.012096774,0.512087912,0.613333333,0.425742574,0.095238095,0.320293399,0.611344538,0.690909091,0.595348837,0.594104308,0.58423913,0.746561886,0.091690544,0.10617284,0.568123393,0.252336449,0.855345912,0.53649635,0.139211137,0.002702703,0.272727273,0.381355932,0.327380952,0.57079646,0.017241379,0.870165746,0.438961039,0.014778325,0.625641026,0.023489933,0.364238411,0.479591837,0.56626506,0.529411765,0.538626609,0.071005917,0.414492754,0.443418014,0.545977011,0.547425474,0.720250522,0.540145985,0.554644809,0.236725664,0.482915718,0.045346062,0.632947977,0.620098039,0.481586402,0.042440318,0.18556701,0.212195122,0.68847352,0.006802721,0.193370166,0.227941176,0.050328228,0.271551724,0.755882353,0.820512821,0.74516129,0.652610442,0.625,0.613686534,0.218562874,0.328165375,0.042813456,0.627604167,0.667342799,0.70112782,0.595041322,0.628032345,0.625377644,0.00280112,0.005763689,0.140625,0.394029851,0.339285714,0.646575342,0.425474255,0.709677419,0.360501567,0.011764706,0.323529412,0.006451613,0.03307888,0.20959596,0.074358974,0.034375,0.116094987,0.398373984,0.516853933,0.608974359,0.3,0.446254072,0
0.194244604,0.006734007,0.032128514,0.544117647,0,0.7421875,0.549479167,0.646778043,0.342175066,0.392430279,0.617169374,0.653256705,0.622911695,0.552380952,0.582655827,0.105740181,0.317142857,0.767184035,0.659405941,0.319767442,0.686234818,0.410179641,0.71040724,0.028795812,0.042134831,0.602469136,0.535911602,0.302250804,0.713395639,0.041262136,0.003246753,0.068493151,0.638483965,0.151927438,0.480417755,0.087272727,0.709273183,0.235294118,0.012,0.391891892,0.033088235,0.147727273,0.522875817,0.620283019,0.573684211,0.430463576,0.041198502,0.730279898,0.654788419,0.386036961,0.663619744,0.317280453,0.542465753,0.496503497,0.094086022,0.498960499,0.558897243,0.107266436,0.799435028,0.247685185,0.139130435,0.002717391,0.670391061,0.136690647,1,0.120418848,0.004672897,0.138810198,0.005899705,0.211111111,0.031128405,0.012096774,0.608791209,0.584444444,0.574257426,0.095238095,0.354523227,0.556722689,0.690909091,0.555813953,0.551020408,0.483695652,0.742632613,0.094555874,0.145679012,0.593830334,0.236760125,0.490566038,0.558394161,0.136890951,0.002702703,0.278074866,0.381355932,0.400793651,0.57079646,0.012315271,0.867403315,0.298701299,0.014778325,0.482051282,0.023489933,0.364238411,0.642857143,0.638554217,0.557544757,0.607296137,0.372781065,0.892753623,0.45034642,0.548850575,0.493224932,0.707724426,0.508515815,0.516393443,0.154867257,0.318906606,0.047732697,0.765895954,0.634803922,0.521246459,0.042440318,0.193298969,0.217073171,0.679127726,0.006802721,0.193370166,0.399509804,0.113785558,0.42887931,0.752941176,0.816239316,0.75483871,0.646586345,0.59280303,0.629139073,0.113772455,0.297157623,0.082568807,0.6640625,0.705882353,0.712406015,0.29476584,0.436657682,0.365558912,0.00280112,0.005763689,0.109375,0.250746269,0.261904762,0.479452055,0.425474255,0.716845878,0.373040752,0.011764706,0.336601307,0.006451613,0.03562341,0.131313131,0.038461538,0.034375,0.09762533,0.395663957,0.516853933,0.608974359,0.3,0.439739414,0
0.510791367,0.882154882,0.795180723,0.525735294,0,0.2109375,0.330729167,0.515513126,0.320954907,0.203187251,0.607888631,0.431034483,0.431980907,0.616666667,0.490514905,0.187311178,0.382857143,0.492239468,0.413861386,0.420542636,0.453441296,0.260479042,0.398190045,0.015706806,0.02247191,0.316049383,0.505524862,0.061093248,0.45482866,0.019417476,0.003246753,0.328767123,0.279883382,0.077097506,0.334203655,0.123636364,0.012531328,0.369747899,0.732,0.359459459,0.944852941,0.696022727,0.296296296,0.660377358,0.489473684,0.498896247,0.149812734,0.374045802,0.454342984,0.326488706,0.453382084,0.254957507,0.268493151,0.37995338,0.147849462,0.465696466,0.333333333,0.892733564,0.420903955,0.131944444,0.269565217,0.467391304,0.463687151,0.021582734,0.546816479,0.335078534,0.002336449,0.617563739,0.678466077,0.586111111,0.883268482,0.633064516,0.503296703,0.502222222,0.398514851,0.087301587,0.356968215,0.619747899,0.434343434,0.604651163,0.328798186,0.288043478,0.506876228,0.160458453,0.079012346,0.300771208,0.962616822,0.147798742,0.503649635,0.027842227,0.237837838,0.176470588,0.367231638,0.303571429,0.318584071,0.113300493,0.276243094,0.225974026,0.857142857,0.312820513,0.94295302,0.274834437,0.477040816,0.571084337,0.547314578,0.538626609,0.065088757,0.405797101,0.418013857,0.471264368,0.563685637,0.455114823,0.267639903,0.267759563,0.194690265,0.446469248,0.033412888,0.251445087,0.340686275,0.458923513,0.029177719,0.118556701,0.068292683,0.127725857,0.132653061,0.314917127,0.210784314,0.037199125,0.247844828,0.423529412,0.307692308,0.077419355,0.387550201,0.4375,0.613686534,0.835329341,0.382428941,0.987767584,0.348958333,0.436105477,0.469924812,0.349862259,0.301886792,0.256797583,0.00280112,0.005763689,0.1015625,0.8,0.916666667,0.443835616,0.281842818,0.458781362,0.385579937,0.764705882,0.692810458,0.712903226,0.038167939,0.166666667,0.023076923,0.5375,0.546174142,0.317073171,0.123595506,0.538461538,0.664705882,0.348534202,0
0.489208633,0.673400673,0.919678715,0.533088235,0.036619718,0.197916667,0.2734375,0.687350835,0.286472149,0.366533865,0.610208817,0.421455939,0.601431981,0.55,0.598915989,0.054380665,0.305714286,0.527716186,0.433663366,0.300387597,0.447368421,0.25748503,0.402714932,0.020942408,0.02247191,0.355555556,0.640883978,0.041800643,0.45482866,0.024271845,0.003246753,0.575342466,0.271137026,0.095238095,0.331592689,0.174545455,0.007518797,0.344537815,0.76,0.494594595,0.911764706,0.582386364,0.498910675,0.634433962,0.481578947,0.415011038,0.827715356,0.450381679,0.556792873,0.367556468,0.449725777,0.266288952,0.273972603,0.468531469,0.150537634,0.328482328,0.298245614,0.615916955,0.418079096,0.219907407,0.27826087,0.654891304,0.430167598,0.021582734,0.543071161,0.35078534,0.002336449,0.662889518,0.675516224,0.769444444,0.93385214,0.625,0.593406593,0.451111111,0.561881188,0.087301587,0.327628362,0.476890756,0.434343434,0.534883721,0.326530612,0.233695652,0.506876228,0.17765043,0.125925926,0.331619537,0.92834891,0.210691824,0.503649635,0.025522042,0.059459459,0.165775401,0.370056497,0.369047619,0.327433628,0.07635468,0.259668508,0.32987013,0.842364532,0.233333333,0.83557047,0.221854305,0.637755102,0.640963855,0.58056266,0.326180258,0.032544379,0.498550725,0.454965358,0.471264368,0.495934959,0.45302714,0.265206813,0.267759563,0.139380531,0.255125285,0.035799523,0.387283237,0.335784314,0.487252125,0.026525199,0.115979381,0.065853659,0.140186916,0.176870748,0.209944751,0.350490196,0.061269147,0.392241379,0.417647059,0.346153846,0.064516129,0.441767068,0.392045455,0.483443709,0.682634731,0.364341085,0.963302752,0.356770833,0.403651116,0.471804511,0.388429752,0.215633423,0.296072508,0,0.005763689,0.1015625,0.919402985,0.952380952,0.608219178,0.281842818,0.458781362,0.385579937,0.68627451,0.64379085,0.74516129,0.038167939,0.111111111,0.023076923,0.5625,0.591029024,0.352303523,0.138576779,0.544871795,0.670588235,0.384364821,0
0.338129496,0.474747475,0.257028112,0.897058824,0,0.127604167,0.658854167,0.844868735,0.549071618,0.444223108,0.614849188,0.578544061,0.658711217,0.533333333,0.569105691,0.054380665,0.805714286,0.55210643,0.558415842,0.412790698,0.495951417,0.52994012,0.588235294,0.031413613,0.005617978,0.486419753,0.715469613,0.993569132,0.448598131,0.038834951,0.253246753,0.914383562,0.408163265,0.14739229,0.355091384,0.24,0,0.521008403,0.008,0.594594595,0.294117647,0.713068182,0.568627451,0.580188679,0.613157895,0.430463576,0.280898876,0.506361323,0.781737194,0.427104723,0.484460695,0.526912181,0.556164384,0.41025641,0.177419355,0.511434511,0.671679198,0.647058824,0.474576271,0.300925926,0.834782609,0.722826087,0.296089385,0.011990408,0.400749064,0.293193717,0.002336449,0.487252125,0.002949853,0.583333333,0.276264591,0.153225806,0.626373626,0.628888889,0.591584158,0.071428571,0.616136919,0.445378151,0.583838384,0.881395349,0.557823129,0.5625,0.491159136,0.70773639,0.177777778,0.547557841,0.61682243,0.704402516,0.52919708,0.016241299,0.448648649,0.64171123,0.632768362,0.442460317,0.384955752,0.044334975,0.005524862,0.545454545,0.034482759,0.648717949,0.362416107,0.556291391,0.650510204,0.624096386,0.524296675,0.347639485,0.124260355,0.588405797,0.508083141,0.689655172,0.910569106,0.559498956,0.613138686,0.62295082,0.192477876,0.425968109,0.023866348,0.88150289,0.678921569,0.889518414,0.013262599,0.25257732,0.12195122,0.507788162,0.75170068,0.298342541,0.482843137,0.102844639,0.487068966,0.461764706,0.534188034,0.05483871,0.453815261,0.53030303,0.514348786,0.344311377,0.633074935,0.379204893,0.549479167,0.476673428,0.430451128,0.520661157,0.611859838,0.577039275,0.134453782,0.757925072,0.359375,0.617910448,0.556547619,0.635616438,0.292682927,0.315412186,0.44200627,0.478431373,0.882352941,0.748387097,0.045801527,0.156565657,0.017948718,0.4125,0.387862797,0.501355014,0.187265918,0.66025641,0.752941176,0.495114007,0
0.374100719,0.949494949,0.686746988,0.132352941,0,0.697916667,0.013020833,0.706443914,0.063660477,0.561752988,0.668213457,0.431034483,0.525059666,0.692857143,0.590785908,0.80060423,0.011428571,0.549889135,0.477227723,0.426356589,0.33805668,0.005988024,0.156108597,0.719895288,0.52247191,0.133333333,0.171270718,0.102893891,0.54517134,0.643203883,0.003246753,0.373287671,0.27696793,0.66893424,0.007832898,0.501818182,0.468671679,0.229691877,0.484,0.175675676,0.955882353,0.460227273,0.51416122,0.632075472,0.644736842,0.686534216,0.007490637,0.437659033,0.64142539,0.513347023,0.332723949,0.011331445,0.035616438,0.324009324,0.516129032,0.449064449,0.015037594,0.906574394,0.644067797,0.638888889,0.017391304,0.567934783,0.502793296,0.803357314,0.217228464,0.397905759,0.091121495,0.458923513,0.489675516,0.458333333,0.859922179,0.677419355,0.507692308,0.655555556,0.611386139,0.285714286,0.026894866,0.695378151,0.444444444,0.448837209,0.224489796,0.008152174,0.320235756,0.515759312,0.661728395,0.025706941,0.912772586,0.317610063,0.259124088,0.691415313,0.405405405,0.213903743,0.04519774,0.492063492,0.123893805,0.68226601,0.732044199,0.01038961,0.54679803,0.012820513,0.979865772,0.341059603,0.566326531,0.53253012,0.593350384,0.770386266,0.213017751,0.350724638,0.577367206,0.543103448,0.493224932,0.229645094,0.072992701,0.027322404,0.617256637,0.544419134,0.603818616,0.092485549,0.026960784,0.161473088,0.647214854,0.50257732,0.619512195,0.542056075,0.387755102,0.574585635,0.649509804,0.566739606,0.584051724,0.085294118,0.072649573,0.264516129,0.437751004,0.477272727,0.666666667,0.482035928,0.087855297,0.26911315,0.153645833,0.448275862,0.340225564,0.247933884,0.016172507,0.012084592,0.005602241,0.014409222,0.1015625,0.686567164,0.845238095,0.145205479,0.051490515,0.043010753,0.006269592,0.811764706,0.437908497,0.764516129,0.997455471,0.722222222,0.979487179,0.39375,0.688654354,0.517615176,0.112359551,0.608974359,0.676470588,0.087947883,0
0.381294964,0.952861953,0.674698795,0.286764706,0,0.8359375,0.0078125,0.706443914,0.087533156,0.472111554,0.487238979,0.72605364,0.613365155,0.976190476,0.691056911,0.114803625,0.017142857,0.811529933,0.530693069,0.470930233,0.386639676,0.005988024,0.147058824,0.337696335,0.536516854,0.098765432,0.17679558,0.115755627,0.414330218,0.701456311,0.003246753,0.369863014,0.279883382,0.621315193,0.007832898,0.501818182,0.596491228,0.229691877,0.488,0.175675676,0.952205882,0.460227273,0.529411765,0.813679245,0.944736842,0.386313466,0.011235955,0.460559796,0.625835189,0.480492813,0.60511883,0.02266289,0.021917808,0.358974359,0.712365591,0.392931393,0.012531328,0.920415225,0.669491525,0.604166667,0.017391304,0.565217391,0.502793296,0.836930456,0.38576779,0.403141361,0.002336449,0.458923513,0.480825959,0.461111111,0.852140078,0.661290323,0.549450549,0.942222222,0.544554455,0.111111111,0.039119804,0.75210084,0.658585859,0.476744186,0.287981859,0.005434783,0.343811395,0.673352436,0.607407407,0.01285347,0.919003115,0.283018868,0.302919708,0.6774942,0.410810811,0.22459893,0.04519774,0.442460317,0.119469027,0.677339901,0.875690608,0.012987013,0.532019704,0.01025641,0.979865772,0.354304636,0.551020408,0.619277108,0.856777494,0.52360515,0.065088757,0.356521739,0.561200924,0.818965517,0.54200542,0.252609603,0.107055961,0.032786885,0.672566372,0.571753986,0.622911695,0.060693642,0.019607843,0.144475921,0.594164456,0.569587629,0.565853659,0.54517134,0.391156463,0.574585635,0.598039216,0.702407002,0.512931034,0.152941176,0.064102564,0.319354839,0.642570281,0.797348485,0.98013245,0.482035928,0.090439276,0.262996942,0.109375,0.393509128,0.312030075,0.247933884,0.013477089,0.012084592,0.008403361,0.014409222,0.0859375,0.689552239,0.851190476,0.147945205,0.051490515,0.05734767,0.003134796,0.8,0.437908497,0.758064516,0.890585242,0.659090909,0.994871795,0.3875,0.691292876,0.525745257,0.112359551,0.608974359,0.676470588,0.084690554,0
0.474820144,0.707070707,0.823293173,0.290441176,0,0.822916667,0.013020833,0.720763723,0.074270557,0.581673307,0.635730858,0.461685824,0.515513126,0.673809524,0.601626016,0.709969789,0.065714286,0.583148559,0.465346535,0.416666667,0.362348178,0.005988024,0.160633484,0.743455497,0.483146067,0.12345679,0.70718232,0.125401929,1,0.662621359,0.431818182,0.979452055,0.023323615,0.455782313,0.130548303,0.247272727,0.047619048,0.117647059,0.412,0.513513514,0.867647059,0.508522727,0.518518519,0.617924528,0.65,0.649006623,0.018726592,0.44783715,0.634743875,0.496919918,0.345521024,0.016997167,0.030136986,0.372960373,0.916666667,0.438669439,0.107769424,0.750865052,1,0.671296296,0.005797101,0.695652174,0.195530726,0.601918465,0.29588015,0.267015707,0.009345794,0.600566572,0.123893805,0.733333333,0.86381323,0.495967742,0.487912088,0.666666667,0.626237624,0.26984127,0.029339853,0.697478992,0.450505051,0.46744186,0.274376417,0.008152174,0.31827112,0.484240688,0.656790123,0.023136247,0.959501558,0.358490566,0.959854015,0.691415313,0.616216216,0.834224599,0.011299435,0.478174603,0.296460177,0.054187192,0.522099448,0.007792208,0.610837438,0.079487179,0.818791946,0.556291391,0.619897959,0.546987952,0.583120205,0.772532189,0.272189349,0.368115942,0.561200924,0.543103448,0.479674797,0.254697286,0.099756691,0.032786885,0.575221239,0.564920273,0.587112172,0.216763006,0.100490196,0.645892351,0.591511936,0.922680412,0.82195122,0.208722741,0.962585034,0.718232044,0.654411765,0.608315098,0.558189655,0.094117647,0.547008547,0.477419355,0.437751004,0.513257576,0.668874172,0.51497006,0.105943152,0.568807339,0.1328125,0.427991886,0.319548872,0.278236915,0.032345013,0.006042296,0.00280112,0.014409222,0.125,0.895522388,0.952380952,0.643835616,0.051490515,0.286738351,0.043887147,0.588235294,0.823529412,0.651612903,0.111959288,0.416666667,0.564102564,0.375,0.208443272,0.422764228,0.280898876,0.775641026,0.770588235,0.589576547,0
0.431654676,0.02020202,0.321285141,0.389705882,0,0.526041667,0.9921875,0.758949881,0.541114058,0.356573705,0.679814385,0.549808429,0.627684964,0.516666667,0.498644986,0.15407855,0.8,0.580931264,0.576237624,0.360465116,0.457489879,0.832335329,0.617647059,0.057591623,0.002808989,0.587654321,0.82320442,0.231511254,0.482866044,0.046116505,0.003246753,0.202054795,0.352769679,0.224489796,0.519582245,0.298181818,0.789473684,0.633053221,0.056,0.894594595,0.091911765,0.545454545,0.505446623,0.634433962,0.573684211,0.571743929,0.27340824,0.536895674,0.554565702,0.336755647,0.440585009,0.566572238,0.717808219,0.738927739,0.330645161,0.507276507,0.994987469,0.162629758,0.576271186,0.24537037,0.130434783,0,0.56424581,0.103117506,0.943820225,0.256544503,0.002336449,0.549575071,0.619469027,0.594444444,0.194552529,0.068548387,0.635164835,0.537777778,0.502475248,0.087301587,0.630806846,0.523109244,0.602020202,0.609302326,0.464852608,0.934782609,0.491159136,0.017191977,0.12345679,0.892030848,0.348909657,0.537735849,0.423357664,0.071925754,0,0.256684492,0.395480226,0.486111111,0.331858407,0.507389163,0.79281768,0.612987013,0.123152709,0.994871795,0.053691275,0.417218543,0.599489796,0.624096386,0.503836317,0.371244635,0.25443787,0.637681159,0.436489607,0.586206897,0.60704607,0.538622129,0.566909976,0.666666667,0.245575221,0.496583144,0.00477327,0.560693642,0.946078431,0.620396601,0.018567639,0.216494845,0.07804878,0.426791277,0.057823129,0.535911602,0.431372549,0.126914661,0.484913793,0.847058824,0.393162393,0.625806452,0.491967871,0.482954545,0.547461369,0.371257485,0.586563307,0.345565749,0.638020833,0.460446247,0.469924812,0.829201102,0.997304582,0.942598187,0.005602241,0.020172911,0.3046875,0.6,0.467261905,0.920547945,0.295392954,0.64516129,0.335423197,0.031372549,0.496732026,0.016129032,0.063613232,0.343434343,0.182051282,0.478125,0.736147757,0.558265583,0.063670412,0.557692308,0.691176471,0.188925081,0
0.330935252,0.239057239,0.096385542,0.444852941,0,0.697916667,0.958333333,0.606205251,0.541114058,0.328685259,0.658932715,0.570881226,0.587112172,0.564285714,0.517615176,0.111782477,0.745714286,0.490022173,0.546534653,0.358527132,0.518218623,0.751497006,0.552036199,0.238219895,0.008426966,0.901234568,0.657458564,0.192926045,0.582554517,0.02184466,0.00974026,0.910958904,0.297376093,0.199546485,0.409921671,0.243636364,0.784461153,0.666666667,0.004,0.535135135,0.139705882,0.715909091,0.464052288,0.650943396,0.602631579,0.534216336,0.164794007,0.58524173,0.530066815,0.347022587,0.47166362,0.560906516,0.852054795,0.804195804,0.298387097,0.515592516,0.884711779,0.131487889,0.717514124,0.206018519,0.028985507,0.70923913,0.234636872,0.158273381,0.95505618,0.287958115,0.002336449,0.450424929,0.002949853,0.375,0.06614786,0.092741935,0.604395604,0.588888889,0.487623762,0.063492063,0.550122249,0.550420168,0.602020202,0.644186047,0.600907029,0.883152174,0.491159136,0.277936963,0.120987654,0.989717224,0.482866044,0.625786164,0.45620438,0.120649652,0.083783784,0.652406417,0.375706215,0.428571429,0.380530973,0.07635468,0.870165746,0.597402597,0.02955665,0.805128205,0.285234899,0.566225166,0.589285714,0.626506024,0.539641944,0.403433476,0.053254438,0.626086957,0.41108545,0.58045977,0.569105691,0.557411273,0.610705596,0.68852459,0.32079646,0.514806378,0.023866348,0.979768786,0.958333333,0.623229462,0.013262599,0.139175258,0.148780488,0.202492212,0.741496599,0.259668508,0.350490196,0.105032823,0.418103448,0.776470588,0.547008547,0.55483871,0.457831325,0.465909091,0.496688742,0.5,0.720930233,0.513761468,0.682291667,0.46653144,0.430451128,0.575757576,0.765498652,0.709969789,0.008403361,0.043227666,0.4765625,0.367164179,0.4375,0.589041096,0.279132791,0.634408602,0.313479624,0.450980392,0.882352941,0.732258065,0.040712468,0.28030303,0.243589744,0.41875,0.411609499,0.512195122,0.198501873,0.673076923,0.758823529,0.508143322,0
0.374100719,0.090909091,0.510040161,0.227941176,0,0.635416667,0.0078125,0.692124105,0.106100796,0.56374502,0.552204176,0.729885057,0.563245823,0.966666667,0.691056911,0.262839879,0.234285714,0.842572062,0.514851485,0.38372093,0.447368421,0.008982036,0.235294118,0.680628272,0.516853933,0.059259259,0.237569061,0.006430868,0.361370717,0.674757282,0.003246753,0.160958904,0.259475219,0.820861678,0.007832898,0.501818182,0.142857143,0.240896359,0.648,0.167567568,0.389705882,0.372159091,0.525054466,0.794811321,0.928947368,0.386313466,0.677902622,0.430025445,0.603563474,0.503080082,0.625228519,0.039660057,0.030136986,0.384615385,0.615591398,0.261954262,0.022556391,0.027681661,0.601694915,0.657407407,0.020289855,0.04076087,0.491620112,0.745803357,0.191011236,0.387434555,0.067757009,0.555240793,0.628318584,0.455555556,0.39688716,0.435483871,0.542857143,0.937777778,0.643564356,0.174603175,0.107579462,0.75210084,0.658585859,0.506976744,0.337868481,0.005434783,0.390962672,0.664756447,0.666666667,0.005141388,0.492211838,0.157232704,0.182481752,0.670533643,0,0.22459893,0.042372881,0.517857143,0.097345133,0.684729064,0.522099448,0.031168831,0.704433498,0.012820513,0.33557047,0.32781457,0.640306122,0.604819277,0.831202046,0.504291845,0.115384615,0.286956522,0.561200924,0.784482759,0.539295393,0.350730689,0.192214112,0.079234973,0.603982301,0.621867882,0.61575179,0.011560694,0.014705882,0.062322946,0.644562334,0.469072165,0.570731707,0.53894081,0.044217687,0.585635359,0.664215686,0.667396061,0.538793103,0,0.072649573,0.164516129,0.682730924,0.806818182,0.986754967,0.790419162,0.372093023,0.981651376,0.091145833,0.30831643,0.308270677,0.148760331,0.005390836,0.01510574,0.005602241,0.014409222,0.0703125,0.540298507,0.55952381,0.246575342,0.046070461,0.028673835,0.003134796,0.482352941,0.251633987,0.380645161,0.8956743,0.97979798,0.88974359,0.3625,0.683377309,0.509485095,0.123595506,0.602564103,0.664705882,0.081433225,0
0.474820144,0.703703704,0.823293173,0.191176471,0,0.674479167,0.015625,0.668257757,0.122015915,0.5,0.533642691,0.427203065,0.525059666,0.702380952,0.571815718,0.148036254,0.262857143,0.76940133,0.526732673,0.488372093,0.4048583,0.005988024,0.253393665,0.732984293,0.81741573,0.185185185,0.70718232,0.083601286,0.433021807,0.997572816,0.438311688,0.979452055,0.023323615,0.555555556,0.078328982,0.247272727,0.020050125,0.117647059,0.412,0.516216216,0.867647059,0.508522727,0.546840959,0.650943396,0.597368421,0.494481236,0.041198502,0.651399491,0.661469933,0.466119097,0.405850091,0.025495751,0.065753425,0.342657343,0.586021505,0.476091476,0.112781955,0.747404844,0.627118644,0.706018519,0.005797101,0.695652174,0.195530726,0.959232614,0.209737828,0.267015707,0.002336449,0.603399433,0.126843658,0.733333333,0.86381323,0.5,0.459340659,0.551111111,0.45049505,0.071428571,0.117359413,0.596638655,0.470707071,0.479069767,0.301587302,0.010869565,0.396856582,0.638968481,0.691358025,0.041131105,0.959501558,0.235849057,0.171532847,0.983758701,0.618918919,0.828877005,0.011299435,0.386904762,0.296460177,0.054187192,0.419889503,0.007792208,0.615763547,0.079487179,0.818791946,0.556291391,0.456632653,0.537349398,0.659846547,0.665236052,0.393491124,0.828985507,0.508083141,0.548850575,0.514905149,0.302713987,0.102189781,0.054644809,0.67920354,0.5261959,0.608591885,0.225433526,0.139705882,0.64305949,0.99469496,0.713917526,0.912195122,0.211838006,0.962585034,0.718232044,0.696078431,0.925601751,0.547413793,0.017647059,0.547008547,0.477419355,0.578313253,0.498106061,0.677704194,0.51497006,0.111111111,0.568807339,0.247395833,0.511156187,0.42481203,0.280991736,0.032345013,0.006042296,0.00280112,0.014409222,0.125,0.895522388,0.952380952,0.643835616,0.051490515,0.043010753,0.003134796,0.592156863,0.823529412,0.651612903,0.017811705,0.446969697,0.633333333,0.375,0.208443272,0.420054201,0.280898876,0.775641026,0.770588235,0.589576547,0
0.482014388,0.080808081,0.40562249,0.268382353,0.036619718,0.638020833,0.005208333,0.69451074,0.50132626,0.490039841,0.477958237,0.473180077,0.601431981,0.716666667,0.579945799,0.480362538,0.322857143,0.745011086,0.475247525,0.44379845,0.641700405,0.077844311,0.409502262,0.683246073,0.52247191,0.081481481,0.069060773,0.009646302,0.330218069,0.691747573,0.233766234,0.982876712,0.023323615,0.827664399,0.080939948,0.236363636,0.13283208,0.226890756,0.82,0.294594595,0.463235294,0.525568182,0.518518519,0.608490566,0.589473684,0.434878587,0.70411985,0.849872774,0.636971047,0.509240246,0.546617916,0.254957507,0.082191781,0.314685315,0.637096774,0.357588358,0.012531328,0,0.587570621,0.587962963,0.002898551,0.695652174,0.206703911,0.717026379,0.153558052,0.272251309,0.056074766,0.461756374,0.761061947,0.458333333,0.385214008,0.443548387,0.553846154,0.622222222,0.594059406,0.166666667,0.327628362,0.539915966,0.462626263,0.472093023,0.639455782,0.016304348,0.502946955,0.710601719,0.634567901,0.007712082,0.059190031,0.172955975,0.204379562,0.617169374,0.610810811,0.834224599,0.014124294,0.535714286,0.318584071,0.285714286,0.455801105,0.124675325,0.665024631,0.023076923,0.466442953,0.562913907,0.538265306,0.503614458,0.601023018,0.530042918,0.088757396,0.857971014,0.575057737,0.531609195,0.525745257,0.544885177,0.486618005,0.275956284,0.668141593,0.605922551,0.608591885,0.020231214,0.012254902,0,0.668435013,0.471649485,0.536585366,0.199376947,0.962585034,0.712707182,0.617647059,0.680525164,0.577586207,0.023529412,0.55982906,0.470967742,0.708835341,0.581439394,0.699779249,0.54491018,0.170542636,0.911314985,0.182291667,0.39959432,0.411654135,0.289256198,0.018867925,0.066465257,0.005602241,0.014409222,0.0703125,0.456716418,0.330357143,0.221917808,0.059620596,0.017921147,0.003134796,0.509803922,0.830065359,0.574193548,0.816793893,0.98989899,0.843589744,0.428125,0.374670185,0.430894309,0.265917603,0.775641026,0.779411765,0.576547231,0
0.417266187,0.286195286,0.18875502,0.948529412,0,0.416666667,0.651041667,0.61097852,0.546419098,0.330677291,0.663573086,0.576628352,0.589498807,0.566666667,0.504065041,0.135951662,0.734285714,0.483370288,0.518811881,0.36627907,0.520242915,0.523952096,0.538461538,0.379581152,0.005617978,0.538271605,0.936464088,0.845659164,0.451713396,0.024271845,0.006493506,0.22260274,0.381924198,0.145124717,0.365535248,0.298181818,0,0.677871148,0.176,0.624324324,0.341911765,0.553977273,0.464052288,0.648584906,0.615789474,0.549668874,0.146067416,0.58778626,0.538975501,0.349075975,0.478976234,0.532577904,0.578082192,0.7995338,0.255376344,0.453222453,0.644110276,0.719723183,0.516949153,0.208333333,0.727536232,0.078804348,0.558659218,0.011990408,0.4082397,0.256544503,0.002336449,0.492917847,0.604719764,0.536111111,0.233463035,0.088709677,0.608791209,0.617777778,0.48019802,0.063492063,0.550122249,0.552521008,0.593939394,0.637209302,0.603174603,0.557065217,0.485265226,0.839541547,0.125925926,0.678663239,0.909657321,0.613207547,0.653284672,0.039443155,0.035135135,0.267379679,0.556497175,0.44047619,0.287610619,0.502463054,0.091160221,0.602597403,0.034482759,0.528205128,0.38590604,0.427152318,0.581632653,0.621686747,0.531969309,0.41416309,0.050295858,0.637681159,0.413394919,0.58908046,0.574525745,0.555323591,0.610705596,0.584699454,0.325221239,0.510250569,0.038186158,0.710982659,0.693627451,1,0.013262599,0.154639175,0.131707317,0.517133956,0.074829932,0.541436464,0.357843137,0.089715536,0.42887931,0.379411765,0.213675214,0.025806452,0.46184739,0.498106061,0.507726269,0.505988024,0.723514212,0.516819572,0.486979167,0.464503043,0.428571429,0.58953168,0.528301887,0.613293051,0.028011204,0.054755043,0.484375,0.686567164,0.8125,0.797260274,0.279132791,0.304659498,0.410658307,0.207843137,0.509803922,0.216129032,0.043256997,0.26010101,0.015384615,0.48125,0.736147757,0.563685637,0.06741573,0.564102564,0.691176471,0.179153094,0
0.338129496,0.218855219,0.112449799,0.904411765,0.087323944,0.174479167,0.567708333,0.601431981,0.538461538,0.306772908,0.642691415,0.53256705,0.560859189,0.573809524,0.588075881,0.163141994,0.948571429,0.503325942,0.594059406,0.608527132,0.475708502,0.517964072,0.599547511,0.107329843,0.005617978,0.518518519,0.679558011,0.376205788,0.445482866,0.002427184,0.048701299,0.904109589,0.413994169,0.10430839,0.352480418,0.236363636,0,0.537815126,0.016,0.545945946,0.132352941,0.721590909,0.435729847,0.658018868,0.568421053,0.507726269,0.958801498,0.590330789,0.59688196,0.349075975,0.429616088,0.566572238,0.561643836,0.538461538,0.174731183,0.465696466,0.634085213,0.176470588,0.480225989,0.18287037,0.828985507,0.706521739,0.290502793,0.002398082,0.4082397,0.293193717,0.021028037,0.473087819,0.088495575,0.402777778,0.062256809,0.116935484,0.584615385,0.522222222,0.50990099,0.317460317,0.596577017,0.558823529,0.602020202,0.948837209,0.532879819,0.489130435,0.497053045,0.702005731,0.113580247,0.568123393,0.420560748,0.374213836,0.547445255,0.006960557,0.072972973,0.636363636,0.641242938,0.390873016,0.389380531,0.068965517,0.008287293,0.65974026,0.103448276,0.566666667,0.248322148,0.562913907,0.581632653,0.624096386,0.560102302,0.41416309,0.668639053,0.652173913,0.58891455,0.637931034,0.907859079,0.557411273,0.605839416,0.631147541,0.32300885,0.521640091,0.031026253,0.748554913,0.676470588,0.651558074,0.00530504,0.25257732,0.124390244,0.498442368,0.721088435,0.281767956,0.308823529,0.054704595,0.377155172,0.473529412,0.542735043,0.067741935,0.469879518,0.412878788,0.514348786,0.565868263,0.633074935,0.5382263,0.557291667,0.454361055,0.469924812,0.506887052,0.525606469,0.601208459,0.005602241,0.69740634,0.125,0.376119403,0.401785714,0.632876712,0.300813008,0.318996416,0.463949843,0.48627451,0.882352941,0.738709677,0.048346056,0.184343434,0.002564103,0.446875,0.430079156,0.517615176,0.187265918,0.66025641,0.755882353,0.495114007,0
0.467625899,0.71043771,0.823293173,0.386029412,0,0.700520833,0.013020833,0.718377088,0.082228117,0.583665339,0.617169374,0.461685824,0.525059666,0.673809524,0.60704607,0.70694864,0.074285714,0.592017738,0.467326733,0.418604651,0.366396761,0.005988024,0.160633484,0.942408377,0.533707865,0.116049383,0.70441989,0.118971061,0.482866044,0.565533981,0.49025974,0.976027397,0.026239067,0.492063492,0.078328982,0.250909091,0.007518797,0.117647059,0.412,0.508108108,0.867647059,0.5,0.529411765,0.608490566,0.642105263,0.637969095,0.026217228,0.452926209,0.636971047,0.484599589,0.347349177,0.02266289,0.02739726,0.403263403,0.599462366,0.428274428,0.105263158,0.75432526,0.669491525,0.680555556,0.191304348,0.695652174,0.195530726,0.6882494,0.164794007,0.267015707,0.009345794,0.597733711,0.123893805,0.730555556,0.86381323,0.5,0.485714286,0.666666667,0.631188119,0.293650794,0.034229829,0.691176471,0.450505051,0.472093023,0.285714286,0.010869565,0.31827112,0.928366762,0.651851852,0.020565553,0.959501558,0.342767296,0.251824818,0.693735499,0.627027027,0.828877005,0.011299435,0.476190476,0.292035398,0.051724138,0.477900552,0.007792208,0.610837438,0.079487179,0.822147651,0.549668874,0.645408163,0.556626506,0.583120205,0.774678112,0.331360947,0.391304348,0.547344111,0.537356322,0.479674797,0.260960334,0.107055961,0.035519126,0.568584071,0.539863326,0.61097852,0.205202312,0.095588235,0.645892351,0.567639257,0.628865979,0.682926829,0.249221184,0.965986395,0.723756906,0.669117647,0.52297593,0.551724138,0.026470588,0.542735043,0.470967742,0.437751004,0.520833333,0.673289183,0.511976048,0.105943152,0.565749235,0.127604167,0.419878296,0.317669173,0.267217631,0.032345013,0.006042296,0.00280112,0.103746398,0.1171875,0.895522388,0.952380952,0.64109589,0.048780488,0.032258065,0.003134796,0.588235294,0.820261438,0.651612903,0.114503817,0.426767677,0.553846154,0.375,0.205804749,0.414634146,0.280898876,0.775641026,0.767647059,0.589576547,0
0.374100719,0.949494949,0.686746988,0.360294118,0,0.651041667,0.0078125,0.608591885,0.074270557,0.521912351,0.547563805,0.448275862,0.539379475,0.685714286,0.56097561,0.374622356,0.162857143,0.742793792,0.55049505,0.48255814,0.358299595,0.005988024,0.300904977,0.986910995,0.547752809,0.150617284,0.165745856,0.038585209,0.292834891,0.599514563,0.003246753,0.373287671,0.27696793,0.632653061,0.010443864,0.501818182,0.052631579,0.229691877,0.488,0.175675676,0.955882353,0.463068182,0.575163399,0.702830189,0.560526316,0.518763797,0.048689139,0.534351145,0.65701559,0.464065708,0.396709324,0.011331445,0.071232877,0.377622378,0.559139785,0.438669439,0.010025063,0.906574394,0.528248588,0.56712963,0.133333333,0.567934783,0.502793296,0.748201439,0.127340824,0.397905759,0.002336449,0.458923513,0.489675516,0.458333333,0.859922179,0.677419355,0.474725275,0.513333333,0.462871287,0.166666667,0.085574572,0.632352941,0.515151515,0.460465116,0.195011338,0.005434783,0.432220039,0.656160458,0.55308642,0.028277635,0.912772586,0.122641509,0.281021898,0.679814385,0.405405405,0.213903743,0.04519774,0.41468254,0.123893805,0.679802956,0.494475138,0.012987013,0.54679803,0.007692308,0.979865772,0.344370861,0.484693878,0.595180723,0.636828645,0.723175966,0.576923077,0.791304348,0.51039261,0.540229885,0.528455285,0.302713987,0.082725061,0.068306011,0.670353982,0.54214123,0.68973747,0.069364162,0.017156863,0.138810198,0.527851459,0.479381443,0.597560976,0.542056075,0.387755102,0.574585635,0.678921569,0.638949672,0.534482759,0.002941176,0.068376068,0.15483871,0.491967871,0.456439394,0.653421634,0.482035928,0.118863049,0.26911315,0.278645833,0.515212982,0.456766917,0.247933884,0.013477089,0.012084592,0.008403361,0.172910663,0.140625,0.686567164,0.845238095,0.142465753,0.054200542,0.007168459,0.003134796,0.811764706,0.441176471,0.764516129,0.050890585,0.47979798,0.741025641,0.39375,0.688654354,0.520325203,0.112359551,0.608974359,0.676470588,0.087947883,0
0.417266187,0.023569024,0.220883534,0.948529412,0,0.416666667,0.5546875,0.711217184,0.960212202,0.346613546,0.670533643,0.496168582,0.61575179,0.523809524,0.506775068,0.123867069,0.897142857,0.538802661,0.598019802,0.368217054,0.453441296,0.658682635,0.608597285,0.295811518,0.005617978,0.479012346,0.743093923,0.093247588,0.451713396,0.033980583,0.006493506,0.205479452,0.381924198,0.16553288,0.365535248,0.305454545,0,0.616246499,0.052,0.718918919,0.117647059,0.542613636,0.494553377,0.641509434,0.531578947,0.55187638,0.187265918,0.773536896,0.605790646,0.336755647,0.435100548,0.849858357,0.610958904,0.773892774,0.252688172,0.490644491,0.661654135,0.107266436,0.516949153,0.231481481,0.727536232,0,0.558659218,0.016786571,0.4082397,0.256544503,0.002336449,0.521246459,0.610619469,0.591666667,0.159533074,0.024193548,0.624175824,0.5,0.502475248,0.071428571,0.992665037,0.529411765,0.581818182,0.625581395,0.603174603,0.532608696,0.459724951,0.836676218,0.120987654,0.508997429,0.476635514,0.474842767,0.649635036,0.048723898,0,0.267379679,0.556497175,0.462301587,0.283185841,0.512315271,0.08839779,0.818181818,0.02955665,0.648717949,0.073825503,0.420529801,0.599489796,0.626506024,0.514066496,0.399141631,0.328402367,0.826086957,0.429561201,0.551724138,0.588075881,0.486430063,0.618004866,0.644808743,0.267699115,0.505694761,0.040572792,0.528901734,0.620098039,0.611898017,0.015915119,0.154639175,0.134146341,0.517133956,0.068027211,0.546961326,0.401960784,0.105032823,0.461206897,0.376470588,0.217948718,0.025806452,0.518072289,0.494318182,0.547461369,0.329341317,0.648578811,0.363914373,0.684895833,0.480730223,0.477443609,0.680440771,0.625336927,0.725075529,0.005602241,0.025936599,0.359375,0.605970149,0.556547619,0.75890411,0.279132791,0.304659498,0.410658307,0.02745098,0.496732026,0.012903226,0.048346056,0.277777778,0.020512821,0.471875,0.736147757,0.56097561,0.071161049,0.557692308,0.688235294,0.175895765,0
0.474820144,0.703703704,0.831325301,0.235294118,0,0.692708333,0.015625,0.68973747,0.034482759,0.529880478,0.593967517,0.595785441,0.548926014,0.997619048,0.769647696,0.099697885,0.042857143,0.696230599,0.524752475,0.480620155,0.265182186,0.005988024,0.194570136,0.701570681,0.75,0.17037037,0.701657459,0.090032154,0.3894081,0.587378641,0.425324675,0.976027397,0.023323615,0.507936508,0.078328982,0.247272727,0.025062657,0.117647059,0.412,0.513513514,0.871323529,0.508522727,0.501089325,0.926886792,0.921052632,0.461368653,0.007490637,0.34351145,0.659242762,0.509240246,0.380255941,0.005665722,0.057534247,0.31002331,0.602150538,0.478170478,0.107769424,0.740484429,0.624293785,0.592592593,0.005797101,0.692934783,0.195530726,0.726618705,0.161048689,0.267015707,0.002336449,0.606232295,0.132743363,0.736111111,0.86770428,0.504032258,0.534065934,0.888888889,0.522277228,0.063492063,0.02200489,0.825630252,0.543434343,0.446511628,0.124716553,0.010869565,0.349705305,0.650429799,0.64691358,0.035989717,0.956386293,0.289308176,0.160583942,0.69837587,0.613513514,0.834224599,0.008474576,0.420634921,0.292035398,0.064039409,0.513812155,0.007792208,0.625615764,0.079487179,0.822147651,0.556291391,0.586734694,0.771084337,0.920716113,0.427038627,0.029585799,0.373913043,0.561200924,0.793103448,0.531165312,0.200417537,0.04136253,0.040983607,0.665929204,0.583143508,0.954653938,0.231213873,0.129901961,0.637393768,0.570291777,0.577319588,0.653658537,0.208722741,0.962585034,0.718232044,0.620098039,0.58643326,0.558189655,0.070588235,0.547008547,0.483870968,0.40562249,0.695075758,0.960264901,0.51497006,0.105943152,0.568807339,0.213541667,0.496957404,0.398496241,0.275482094,0.032345013,0.006042296,0.00280112,0.014409222,0.1328125,0.898507463,0.952380952,0.64109589,0.051490515,0.021505376,0.003134796,0.596078431,0.823529412,0.65483871,0.015267176,0.313131313,0.669230769,0.371875,0.211081794,0.425474255,0.284644195,0.782051282,0.770588235,0.592833876,0
0.431654676,0.013468013,0.626506024,0.386029412,0,0.53125,0.5625,0.601431981,0.578249337,0.324701195,0.663573086,0.570881226,0.577565632,0.566666667,0.506775068,0.145015106,0.64,0.496674058,0.546534653,0.374031008,0.510121457,0.488023952,0.558823529,0.183246073,0.002808989,0.562962963,0.635359116,0.379421222,0.479750779,0.024271845,0.003246753,0.215753425,0.352769679,0.158730159,0.511749347,0.287272727,0.79197995,1,0.464,0.794594595,0.055147059,0.559659091,0.448801743,0.655660377,0.6,0.549668874,0.355805243,0.58778626,0.530066815,0.351129363,0.47166362,0.52407932,0.534246575,0.804195804,0.327956989,0.463617464,0.609022556,0.141868512,0.573446328,0.199074074,0.104347826,0.002717391,0.56424581,0.059952038,0.940074906,0.256544503,0.002336449,0.960339943,0.619469027,0.833333333,0.19844358,0.112903226,0.602197802,0.591111111,0.47029703,0.071428571,0.652811736,0.56512605,0.602020202,0.63255814,0.591836735,0.483695652,0.495088409,0.037249284,0.128395062,0.586118252,0.317757009,0.572327044,0.423357664,0.062645012,0,0.251336898,0.395480226,0.430555556,0.336283186,0.495073892,0.79558011,0.605194805,0.54679803,0.587179487,0.043624161,0.420529801,0.576530612,0.621686747,0.537084399,0.424892704,0.082840237,0.634782609,0.413394919,0.583333333,0.577235772,0.561586639,0.613138686,0.587431694,0.336283186,0.512528474,0.019093079,0.777456647,0.671568627,0.614730878,0.013262599,0.219072165,0.075609756,0.411214953,0.054421769,0.524861878,0.338235294,0.085339168,0.413793103,0.844117647,0.401709402,0.625806452,0.457831325,0.46780303,0.507726269,0.997005988,0.888888889,0.76146789,0.5078125,0.456389452,0.434210526,0.922865014,0.592991914,0.628398792,0.005602241,0.037463977,0.421875,0.653731343,0.363095238,0.679452055,0.292682927,0.637992832,0.329153605,0.039215686,0.513071895,0.019354839,0.048346056,0.272727273,0.135897436,0.496875,0.736147757,0.558265583,0.059925094,0.557692308,0.697058824,0.198697068,0
0.474820144,0.707070707,0.815261044,0.323529412,0,0.59375,0.106770833,0.715990453,0.352785146,0.523904382,0.480278422,0.620689655,0.553699284,0.683333333,0.577235772,0.066465257,0.077142857,0.589800443,0.536633663,0.408914729,0.724696356,0.149700599,0.649321267,0.971204188,0.533707865,0.118518519,0.709944751,0.118971061,0.30529595,0.609223301,0.477272727,0.979452055,0.023323615,0.664399093,0.078328982,0.247272727,0.042606516,0.131652661,0.408,0.516216216,0.863970588,0.505681818,0.498910675,0.596698113,0.555263158,0.25607064,0.011235955,0.735368957,0.603563474,0.515400411,0.66179159,0.198300283,0.295890411,0.468531469,0.596774194,0.322245322,0.175438596,0.75432526,0.45480226,0.62037037,0.098550725,0.695652174,0.195530726,0.729016787,0.104868914,0.267015707,0.002336449,0.597733711,0.1179941,0.730555556,0.859922179,0.491935484,0.52967033,0.631111111,0.626237624,0.095238095,0.097799511,0.529411765,0.612121212,0.506976744,0.662131519,0.119565217,0.693516699,0.739255014,0.656790123,0.097686375,0.959501558,0.283018868,0.397810219,0.658932715,0.624324324,0.828877005,0.008474576,0.428571429,0.296460177,0.051724138,0.408839779,0.036363636,0.60591133,0.148717949,0.815436242,0.552980132,0.586734694,0.493975904,0.572890026,0.409871245,0.097633136,0.417391304,0.570438799,0.497126437,0.498644986,0.697286013,0.581508516,0.486338798,0.648230088,0.624145786,0.69451074,0.121387283,0.102941176,0.651558074,0.530503979,0.471649485,0.563414634,0.214953271,0.965986395,0.718232044,0.575980392,0.654266958,0.495689655,0.023529412,0.547008547,0.474193548,0.708835341,0.636363636,0.677704194,0.511976048,0.144702842,0.568807339,0.520833333,0.537525355,0.620300752,0.286501377,0.094339623,0.033232628,0.00280112,0.475504323,0.171875,0.895522388,0.952380952,0.646575342,0.051490515,0.007168459,0.003134796,0.584313725,0.820261438,0.651612903,0.020356234,0.227272727,0.717948718,0.375,0.203166227,0.417344173,0.280898876,0.775641026,0.770588235,0.589576547,0
0.366906475,0.077441077,0.493975904,0.338235294,0.002816901,0.653645833,0.010416667,0.62052506,0.018567639,0.509960159,0.763341067,0.501915709,0.618138425,0.99047619,0.799457995,0.117824773,0.26,0.567627494,0.542574257,0.48255814,0.269230769,0.005988024,0.29638009,0.989528796,0.564606742,0.162962963,0.212707182,0.01607717,0.289719626,0.594660194,0.003246753,0.143835616,0.253644315,0.634920635,0.01305483,0.498181818,0.060150376,0.229691877,0.636,0.167567568,0.386029412,0.363636364,0.568627451,0.985849057,0.852631579,0.509933775,0.730337079,0.203562341,0.654788419,0.466119097,0.376599634,0.008498584,0.073972603,0.354312354,0.559139785,0.451143451,0.022556391,0.020761246,0.528248588,0.55787037,0.107246377,0.032608696,0.497206704,0.748201439,0.131086142,0.376963351,0.002336449,0.535410765,0.634218289,0.452777778,0.39688716,0.435483871,0.613186813,0.813333333,0.532178218,0.095238095,0.029339853,0.871848739,0.523232323,0.458139535,0.097505669,0.008152174,0.422396857,0.64756447,0.577777778,0.033419023,0.479750779,0.144654088,0.270072993,0.6774942,0,0.213903743,0.039548023,0.398809524,0.10619469,0.692118227,0.505524862,0.031168831,0.674876847,0.015384615,0.318791946,0.301324503,0.68622449,0.862650602,0.930946292,0.489270386,0.068047337,0.298550725,0.54965358,0.701149425,0.528455285,0.286012526,0.065693431,0.068306011,0.674778761,0.533029613,0.687350835,0.057803468,0.022058824,0.059490085,0.519893899,0.474226804,0.592682927,0.529595016,0.027210884,0.580110497,0.669117647,0.636761488,0.55387931,0.002941176,0.085470085,0.183870968,0.323293173,0.560606061,0.927152318,0.778443114,0.372093023,0.98470948,0.283854167,0.517241379,0.45112782,0.14600551,0.005390836,0.01510574,0.00280112,0.144092219,0.1328125,0.543283582,0.556547619,0.238356164,0.048780488,0.007168459,0.003134796,0.470588235,0.235294118,0.361290323,0.03307888,0.487373737,0.748717949,0.365625,0.678100264,0.495934959,0.119850187,0.602564103,0.664705882,0.091205212,0
0.496402878,0.053872054,0.397590361,0.356617647,0.076056338,0.643229167,0.013020833,0.646778043,0.015915119,0.513944223,0.728538283,0.507662835,0.61097852,0.992857143,0.834688347,0.078549849,0.04,0.543237251,0.536633663,0.486434109,0.248987854,0.005988024,0.28280543,1,0.550561798,0.175308642,0.066298343,0.025723473,0.286604361,0.599514563,0.288961039,0.979452055,0.017492711,0.630385488,0.083550914,0.236363636,0.050125313,0.18767507,0.796,0.278378378,0.448529412,0.536931818,0.5708061,0.974056604,0.889473684,0.490066225,0.805243446,0.203562341,0.659242762,0.457905544,0.358318099,0.005665722,0.073972603,0.414918415,0.561827957,0.471933472,0.015037594,0,0.519774011,0.555555556,0.008695652,0.682065217,0.189944134,0.741007194,0.131086142,0.277486911,0.002336449,0.467422096,0.764011799,0.452777778,0.381322957,0.443548387,0.595604396,0.831111111,0.534653465,0.071428571,0.014669927,0.840336134,0.523232323,0.497674419,0.090702948,0.008152174,0.404715128,0.661891117,0.558024691,0.035989717,0.049844237,0.179245283,0.277372263,0.675174014,0.559459459,0.844919786,0.005649718,0.380952381,0.305309735,0.307881773,0.480662983,0.007792208,0.60591133,0.025641026,0.429530201,0.57615894,0.706632653,0.862650602,0.94629156,0.442060086,0.047337278,0.24057971,0.54965358,0.761494253,0.536585366,0.260960334,0.055961071,0.06284153,0.674778761,0.546697039,0.692124105,0.057803468,0.022058824,0.011331445,0.527851459,0.476804124,0.592682927,0.177570093,0.945578231,0.70718232,0.659313725,0.636761488,0.521551724,0.070588235,0.555555556,0.509677419,0.319277108,0.571969697,0.91611479,0.535928144,0.067183463,0.908256881,0.28125,0.519269777,0.443609023,0.283746556,0.018867925,0.009063444,0.00280112,0.16426513,0.15625,0.444776119,0.297619048,0.189041096,0.054200542,0.010752688,0.003134796,0.51372549,0.836601307,0.564516129,0.012722646,0.45959596,0.730769231,0.415625,0.382585752,0.452574526,0.280898876,0.788461538,0.782352941,0.589576547,0
0.431654676,0.037037037,0.144578313,0.389705882,0.03943662,0.526041667,0.5546875,0.780429594,0.572944297,0.388446215,0.670533643,0.567049808,0.646778043,0.521428571,0.504065041,0.229607251,0.882857143,0.589800443,0.552475248,0.329457364,0.48582996,0.517964072,0.585972851,0.04973822,0.002808989,0.49382716,0.748618785,0.279742765,0.482866044,0.048543689,0.003246753,0.20890411,0.352769679,0.229024943,0.519582245,0.294545455,0.786967419,0.509803922,0.14,0.651351351,0.113970588,0.551136364,0.531590414,0.622641509,0.592105263,0.549668874,0.629213483,0.557251908,0.538975501,0.351129363,0.458866545,0.575070822,0.534246575,0.701631702,0.330645161,0.513513514,0.65914787,0.173010381,0.576271186,0.266203704,0.147826087,0.002717391,0.56424581,0.110311751,0.943820225,0.256544503,0.03271028,0.413597734,0.619469027,0.491666667,0.120622568,0.028225806,0.641758242,0.58,0.532178218,0.349206349,0.645476773,0.50210084,0.602020202,0.613953488,0.555555556,0.486413043,0.495088409,0.017191977,0.135802469,0.508997429,0.504672897,0.619496855,0.427007299,0.069605568,0,0.262032086,0.395480226,0.488095238,0.327433628,0.504926108,0.79281768,0.641558442,0.009852217,0.612820513,0.090604027,0.420529801,0.617346939,0.628915663,0.508951407,0.435622318,0.857988166,0.828985507,0.427251732,0.58908046,0.612466125,0.557411273,0.610705596,0.62295082,0.210176991,0.494305239,0.007159905,0.650289017,0.664215686,0.685552408,0.018567639,0.213917526,0.07804878,0.429906542,0.06122449,0.535911602,0.460784314,0.133479212,0.5,0.847058824,0.393162393,0.625806452,0.479919679,0.488636364,0.543046358,0.401197605,0.586563307,0.532110092,0.552083333,0.472616633,0.441729323,0.578512397,0.563342318,0.598187311,0.005602241,0.023054755,0.3671875,0.534328358,0.526785714,0.723287671,0.295392954,0.64516129,0.335423197,0.035294118,0.5,0.019354839,0.078880407,0.320707071,0.169230769,0.484375,0.736147757,0.558265583,0.06741573,0.557692308,0.691176471,0.188925081,0
0.338129496,0.222222222,0.196787149,0.897058824,0,0.190104167,0.559895833,0.553699284,0.946949602,0.432270916,0.728538283,0.545977011,0.558472554,0.519047619,0.620596206,0.939577039,0.931428571,0.563192905,0.582178218,0.352713178,0.443319838,0.664670659,0.617647059,0.102094241,0.005617978,0.469135802,0.754143646,0.112540193,0.445482866,0.041262136,0.077922078,0.910958904,0.411078717,0.287981859,0.355091384,0.236363636,0,0.607843137,0.008,0.705405405,0.279411765,0.715909091,0.503267974,0.634433962,0.594736842,0.770419426,0.153558052,0.707379135,0.534521158,0.361396304,0.436928702,0.849858357,0.6,0.51981352,0.177419355,0.501039501,0.666666667,0.128027682,0.474576271,0.349537037,0.834782609,0.717391304,0.296089385,0.100719424,0.400749064,0.293193717,0.021028037,0.484419263,0.002949853,0.569444444,0.221789883,0.120967742,0.604395604,0.526666667,0.504950495,0.333333333,0.995110024,0.567226891,0.604040404,0.588372093,0.571428571,0.535326087,0.487229862,0.70487106,0.212345679,0.508997429,0.501557632,0.204402516,0.532846715,0.05800464,0.091891892,0.64171123,0.63559322,0.56547619,0.389380531,0.051724138,0.008287293,0.851948052,0.019704433,0.643589744,0.325503356,0.559602649,0.653061224,0.679518072,0.593350384,0.611587983,0.449704142,0.730434783,0.427251732,0.586206897,0.509485095,0.51565762,0.613138686,0.644808743,0.203539823,0.44191344,0.023866348,0.552023121,0.639705882,0.64305949,0.015915119,0.25257732,0.124390244,0.507788162,0.741496599,0.29281768,0.490196078,0.146608315,0.49137931,0.464705882,0.538461538,0.061290323,0.489959839,0.475378788,0.53200883,0.320359281,0.723514212,0.406727829,0.666666667,0.46653144,0.479323308,0.655647383,0.619946092,0.743202417,0.005602241,0.74351585,0.0859375,0.591044776,0.556547619,0.753424658,0.295392954,0.315412186,0.448275862,0.478431373,0.882352941,0.741935484,0.201017812,0.636363636,0.074358974,0.425,0.406332454,0.509485095,0.187265918,0.66025641,0.755882353,0.495114007,0
0.374100719,0.084175084,0.506024096,0.3125,0,0.544270833,0.005208333,0.801909308,0.050397878,0.5,0.515081206,0.432950192,0.613365155,0.611904762,0.533875339,0.13897281,0.294285714,0.647450111,0.524752475,0.447674419,0.331983806,0.005988024,0.183257919,0.968586387,0.575842697,0.155555556,0.226519337,0.009646302,0.373831776,0.609223301,0.003246753,0.154109589,0.259475219,0.702947846,0.01305483,0.501818182,0.045112782,0.232492997,0.648,0.167567568,0.389705882,0.369318182,0.525054466,0.577830189,0.534210526,0.3598234,0.696629213,0.396946565,0.665924276,0.507186858,0.382084095,0.011331445,0.054794521,0.671328671,0.612903226,0.405405405,0.020050125,0.024221453,0.418079096,0.601851852,0.255072464,0.038043478,0.497206704,0.721822542,0.074906367,0.382198953,0.002336449,0.54674221,0.631268437,0.455555556,0.39688716,0.435483871,0.567032967,0.564444444,0.574257426,0.126984127,0.061124694,0.598739496,0.446464646,0.495348837,0.163265306,0.005434783,0.320235756,0.82234957,0.62962963,0.025706941,0.485981308,0.566037736,0.452554745,0.635730858,0,0.219251337,0.042372881,0.424603175,0.10619469,0.687192118,0.345303867,0.033766234,0.694581281,0.012820513,0.32885906,0.317880795,0.538265306,0.479518072,0.503836317,0.560085837,0.136094675,0.434782609,0.575057737,0.543103448,0.588075881,0.221294363,0.055961071,0.038251366,0.665929204,0.596810934,0.680190931,0.049132948,0.017156863,0.099150142,0.522546419,0.476804124,0.519512195,0.535825545,0.037414966,0.580110497,0.602941176,0.667396061,0.528017241,0.002941176,0.081196581,0.170967742,0.485943775,0.507575758,0.671081678,0.784431138,0.369509044,0.98470948,0.221354167,0.419878296,0.319548872,0.14600551,0.002695418,0.01510574,0.005602241,0.224783862,0.3515625,0.540298507,0.55952381,0.243835616,0.048780488,0.003584229,0.003134796,0.478431373,0.245098039,0.374193548,0.040712468,0.537878788,0.717948718,0.3625,0.680738786,0.504065041,0.119850187,0.602564103,0.664705882,0.084690554,0
0.374100719,0.952861953,0.682730924,0.694852941,0,0.653645833,0.0078125,0.809069212,0.037135279,0.474103586,0.496519722,0.431034483,0.62052506,0.621428571,0.487804878,0.129909366,0.017142857,0.631929047,0.536633663,0.476744186,0.307692308,0.005988024,0.208144796,0.337696335,0.5,0.187654321,0.165745856,0.308681672,0.975077882,0.609223301,0.003246753,0.369863014,0.282798834,0.73015873,0.010443864,0.501818182,0.032581454,0.232492997,0.488,0.175675676,0.952205882,0.463068182,0.54248366,0.594339623,0.536842105,0.379690949,0.011235955,0.34605598,0.68596882,0.470225873,0.371115174,0.008498584,0.071232877,0.641025641,0.970430108,0.417879418,0.010025063,0.910034602,0.920903955,0.597222222,0.026086957,0.567934783,0.508379888,0.693045564,0.08988764,0.397905759,0.002336449,0.458923513,0.489675516,0.461111111,0.856031128,0.673387097,0.540659341,0.566666667,0.537128713,0.111111111,0.026894866,0.602941176,0.450505051,0.51627907,0.142857143,0.005434783,0.316306483,0.64469914,0.580246914,0.035989717,0.912772586,0.710691824,1,0.633410673,0.408108108,0.213903743,0.11299435,0.396825397,0.128318584,0.679802956,0.256906077,0.012987013,0.541871921,0.007692308,0.979865772,0.347682119,0.535714286,0.501204819,0.508951407,0.551502146,0.097633136,0.365217391,0.533487298,0.528735632,0.577235772,0.219206681,0.051094891,0.046448087,0.672566372,0.571753986,0.675417661,0.089595376,0.019607843,0.161473088,0.51193634,0.917525773,0.758536585,0.542056075,0.384353741,0.569060773,0.647058824,0.67833698,0.545258621,0.002941176,0.064102564,0.148387097,0.465863454,0.501893939,0.668874172,0.482035928,0.093023256,0.262996942,0.2734375,0.421906694,0.321428571,0.250688705,0.013477089,0.012084592,0.025210084,0.025936599,0.4140625,0.686567164,0.845238095,0.142465753,0.056910569,0.164874552,0.084639498,0.807843137,0.441176471,0.761290323,0.03562341,0.659090909,0.684615385,0.39375,0.691292876,0.52303523,0.108614232,0.608974359,0.679411765,0.087947883,0
0.474820144,0.7003367,0.827309237,0.367647059,0,0.6484375,0.171875,0.601431981,0.127320955,0.513944223,0.596287703,0.584291188,0.544152745,0.626190476,0.509485095,0.141993958,0.014285714,0.514412417,0.598019802,0.488372093,0.651821862,0.125748503,0.708144796,0.997382199,0.542134831,0.375308642,0.70718232,0.099678457,0.292834891,0.599514563,0.405844156,0.979452055,0.020408163,0.619047619,0.078328982,0.247272727,0.047619048,0.120448179,0.412,0.521621622,0.863970588,0.514204545,0.566448802,0.658018868,0.536842105,0.481236203,0.007490637,0.41221374,0.681514477,0.459958932,0.612431444,0.130311615,0.479452055,0.407925408,0.553763441,0.484407484,0.233082707,0.740484429,0.531073446,0.55787037,0.014492754,0.692934783,0.189944134,0.741007194,0.134831461,0.267015707,0.002336449,0.606232295,0.12979351,0.736111111,0.86381323,0.495967742,0.507692308,0.566666667,0.452970297,0.071428571,0.012224939,0.617647059,0.622222222,0.506976744,0.551020408,0.149456522,0.699410609,0.661891117,0.555555556,0.236503856,0.956386293,0.374213836,0.266423358,0.6774942,0.608108108,0.834224599,0.005649718,0.359126984,0.292035398,0.066502463,0.483425414,0.007792208,0.620689655,0.179487179,0.815436242,0.559602649,0.484693878,0.568674699,0.557544757,0.530042918,0.053254438,0.124637681,0.494226328,0.49137931,0.52303523,0.686847599,0.547445255,0.549180328,0.674778761,0.548974943,0.692124105,0.239884393,0.215686275,0.64305949,0.533156499,0.481958763,0.6,0.202492212,0.959183673,0.712707182,0.661764706,0.63238512,0.519396552,0.061764706,0.547008547,0.487096774,0.554216867,0.53030303,0.622516556,0.51497006,0.105943152,0.568807339,0.700520833,0.69168357,0.678571429,0.300275482,0.086253369,0.009063444,0.005602241,0.190201729,0.171875,0.898507463,0.952380952,0.646575342,0.051490515,0.010752688,0.003134796,0.588235294,0.826797386,0.651612903,0.012722646,0.393939394,0.725641026,0.375,0.211081794,0.428184282,0.284644195,0.782051282,0.770588235,0.592833876,0
0.424460432,0.026936027,0.100401606,0.952205882,0,0.421875,0.567708333,0.539379475,0.830238727,0.300796813,0.807424594,0.509578544,0.575178998,0.969047619,0.89701897,0.102719033,0.942857143,0.549889135,0.6,0.44379845,0.467611336,0.715568862,0.615384615,0.094240838,0.005617978,0.503703704,0.701657459,0.372990354,0.45482866,0.02184466,0.006493506,0.205479452,0.38483965,0.136054422,0.365535248,0.305454545,0,0.801120448,0.208,0.575675676,0.077205882,0.545454545,0.40087146,0.997641509,0.85,0.412803532,0.243445693,0.615776081,0.608017817,0.377823409,0.411334552,0.821529745,0.580821918,0.445221445,0.252688172,0.440748441,0.64160401,0.166089965,0.516949153,0.199074074,0.730434783,0,0.558659218,0.007194245,0.411985019,0.256544503,0.002336449,0.407932011,0.610619469,0.394444444,0.073929961,0.024193548,0.687912088,0.748888889,0.603960396,0.063492063,0.951100244,0.81512605,0.581818182,0.588372093,0.507936508,0.565217391,0.481335953,0.833810888,0.108641975,0.555269923,0.417445483,0.311320755,0.660583942,0.039443155,0,0.262032086,0.562146893,0.420634921,0.287610619,0.509852217,0.102209945,0.976623377,0.039408867,0.587179487,0.067114094,0.420529801,0.823979592,0.930120482,0.964194373,0.489270386,0.174556213,0.562318841,0.551963048,0.747126437,0.536585366,0.54697286,0.596107056,0.644808743,0.269911504,0.548974943,0.038186158,0.731213873,0.676470588,0.66572238,0.01061008,0.154639175,0.131707317,0.517133956,0.06462585,0.541436464,0.357843137,0.089715536,0.433189655,0.388235294,0.222222222,0.029032258,0.491967871,0.475378788,0.834437086,0.505988024,0.966408269,0.544342508,0.6171875,0.460446247,0.481203008,0.581267218,0.641509434,0.945619335,0.005602241,0.014409222,0.1015625,0.411940299,0.422619048,0.657534247,0.276422764,0.308243728,0.420062696,0.031372549,0.496732026,0.016129032,0.03562341,0.116161616,0.01025641,0.471875,0.736147757,0.56097561,0.06741573,0.557692308,0.691176471,0.179153094,0
0.431654676,0.026936027,0.208835341,0.393382353,0.01971831,0.536458333,0.557291667,0.484486874,0.655172414,0.551792829,0.684454756,0.5,0.801909308,0.585714286,0.574525745,0.148036254,1,0.54767184,0.596039604,0.412790698,0.44534413,0.517964072,0.599547511,0.007853403,0.002808989,0.496296296,0.751381215,0.08681672,0.489096573,0.264563107,0.003246753,0.229452055,0.352769679,0.603174603,0.519582245,0.287272727,0.784461153,0.607843137,0.196,0.713513514,0.125,0.5625,0.699346405,0.70754717,0.576315789,0.61589404,0.936329588,0.549618321,0.592427617,0.429158111,0.440585009,0.569405099,0.608219178,0.442890443,0.333333333,0.476091476,0.664160401,0.121107266,0.587570621,0.583333333,0.272463768,0.002717391,0.56424581,0.340527578,0.947565543,0.256544503,0.002336449,0.507082153,0.607669617,0.580555556,0.159533074,0.040322581,0.740659341,0.515555556,0.512376238,0.111111111,0.684596577,0.493697479,0.581818182,0.590697674,0.428571429,0.502717391,0.455795678,0.020057307,0.340740741,0.519280206,0.489096573,0.317610063,0.427007299,0.208816705,0,0.267379679,0.395480226,0.718253968,0.331858407,0.492610837,0.79558011,0.548051948,0.024630542,0.646153846,0.087248322,0.427152318,0.625,0.689156627,0.62915601,0.491416309,0.334319527,0.660869565,0.420323326,0.574712644,0.531165312,0.471816284,0.498783455,0.595628415,0.267699115,0.487471526,0.009546539,0.543352601,0.629901961,0.631728045,0.095490716,0.216494845,0.141463415,0.429906542,0.071428571,0.535911602,0.801470588,0.457330416,0.780172414,0.844117647,0.388888889,0.612903226,0.520080321,0.498106061,0.556291391,0.47005988,0.687338501,0.770642202,0.690104167,0.486815416,0.473684211,0.666666667,0.617250674,0.595166163,0.005602241,0.014409222,0.0390625,0.6,0.55952381,0.756164384,0.295392954,0.652329749,0.338557994,0.043137255,0.519607843,0.022580645,0.06870229,0.71969697,0.4,0.496875,0.736147757,0.56097561,0.06741573,0.557692308,0.691176471,0.188925081,0
0.496402878,0.060606061,0.397590361,0.922794118,0.061971831,0.598958333,0.020833333,0.76372315,0.058355438,0.533864542,0.480278422,0.501915709,0.551312649,0.614285714,0.566395664,0.048338369,0.071428571,0.623059867,0.443564356,0.40503876,0.423076923,0.002994012,0.253393665,0.547120419,0.47752809,0.441975309,0.185082873,0.083601286,0.841121495,0.606796117,0.103896104,0.979452055,0.017492711,0.678004535,0.083550914,0.236363636,0.050125313,0.18767507,0.8,0.283783784,0.452205882,0.536931818,0.501089325,0.528301887,0.578947368,0.267108168,0.782771536,0.437659033,0.621380846,0.515400411,0.460694698,0.011331445,0.082191781,0.51048951,1,0.675675676,0.087719298,0.006920415,0.652542373,0.627314815,0.002898551,0.684782609,0.195530726,0.73381295,0.104868914,0.277486911,0.002336449,0.464589235,0.761061947,0.455555556,0.385214008,0.443548387,0.527472527,0.611111111,0.628712871,0.087301587,0.026894866,0.529411765,0.474747475,0.497674419,0.247165533,0.008152174,0.402750491,0.936962751,0.659259259,0.102827763,0.07788162,0.864779874,0.98540146,0.656612529,0.564864865,0.844919786,0.008474576,0.430555556,0.305309735,0.302955665,0.414364641,0.007792208,0.625615764,0.033333333,0.44295302,0.57615894,0.591836735,0.460240964,0.52173913,0.435622318,0.047337278,0.362318841,0.570438799,0.537356322,0.577235772,0.308977035,0.094890511,0.054644809,0.64380531,0.621867882,0.665871122,0.456647399,0.154411765,0.067988669,0.522546419,0.837628866,0.62195122,0.177570093,0.948979592,0.70718232,0.583333333,0.656455142,0.495689655,0.041176471,0.55982906,0.503225806,0.526104418,0.549242424,0.66004415,0.538922156,0.067183463,0.911314985,0.309895833,0.527383367,0.381578947,0.286501377,0.018867925,0.009063444,0.005602241,0.014409222,0.140625,0.447761194,0.30952381,0.246575342,0.056910569,0.068100358,0.062695925,0.509803922,0.836601307,0.567741935,0.015267176,0.287878788,0.730769231,0.41875,0.382585752,0.449864499,0.277153558,0.788461538,0.782352941,0.586319218,0
0.374100719,0.949494949,0.694779116,0.316176471,0,0.674479167,0.010416667,0.844868735,0.013262599,0.503984064,0.568445476,0.540229885,0.539379475,0.628571429,0.52303523,0.15407855,0.014285714,0.554323725,0.817821782,0.48255814,0.279352227,0.008982036,0.34841629,0.981675393,0.561797753,0.138271605,0.162983425,0.07073955,0.30529595,0.584951456,0.003246753,0.373287671,0.27696793,0.607709751,0.01305483,0.501818182,0.062656642,0.232492997,0.484,0.17027027,0.959558824,0.463068182,0.540305011,0.646226415,0.660526316,0.456953642,0.007490637,0.183206107,0.988864143,0.490759754,0.34369287,0.011331445,0.112328767,0.391608392,0.540322581,0.349272349,0.012531328,0.896193772,0.564971751,0.5625,0.086956522,0.567934783,0.508379888,0.75059952,0.149812734,0.392670157,0.002336449,0.458923513,0.495575221,0.458333333,0.86381323,0.685483871,0.492307692,0.582222222,0.504950495,0.087301587,0.012224939,0.621848739,0.725252525,0.553488372,0.10430839,0.008152174,0.400785855,0.636103152,0.624691358,0.035989717,0.909657321,0.286163522,0.233576642,0.684454756,0.397297297,0.20855615,0.042372881,0.380952381,0.128318584,0.684729064,0.535911602,0.01038961,0.561576355,0.01025641,0.979865772,0.334437086,0.479591837,0.539759036,0.549872123,0.551502146,0.071005917,0.173913043,0.551963048,0.816091954,0.815718157,0.311064718,0.094890511,0.114754098,0.672566372,0.535307517,0.687350835,0.037572254,0.022058824,0.104815864,0.514588859,0.487113402,0.607317073,0.53894081,0.380952381,0.574585635,0.664215686,0.621444201,0.577586207,0.002941176,0.072649573,0.161290323,0.343373494,0.448863636,0.644591611,0.482035928,0.093023256,0.278287462,0.346354167,0.614604462,0.526315789,0.245179063,0.013477089,0.012084592,0.005602241,0.129682997,0.1484375,0.686567164,0.845238095,0.142465753,0.054200542,0.010752688,0.003134796,0.819607843,0.437908497,0.767741935,0.027989822,0.378787879,0.748717949,0.4,0.688654354,0.514905149,0.108614232,0.608974359,0.676470588,0.091205212,0
0.482014388,0.703703704,0.831325301,0.194852941,0,0.703125,0.020833333,0.937947494,0.021220159,0.573705179,0.489559165,0.496168582,0.494033413,0.633333333,0.550135501,0.078549849,0.022857143,0.594235033,0.778217822,0.447674419,0.277327935,0.005988024,0.214932127,0.643979058,0.738764045,0.24691358,0.701657459,0.109324759,0.429906542,0.577669903,0.38961039,0.979452055,0.023323615,0.496598639,0.078328982,0.247272727,0.022556391,0.117647059,0.416,0.513513514,0.871323529,0.514204545,0.503267974,0.606132075,0.618421053,0.364238411,0.003745318,0.262086514,0.991091314,0.515400411,0.374771481,0.005665722,0.084931507,0.382284382,0.561827957,0.436590437,0.127819549,0.740484429,0.644067797,0.643518519,0.005797101,0.690217391,0.189944134,0.71942446,0.172284644,0.267015707,0.002336449,0.606232295,0.135693215,0.736111111,0.86770428,0.504032258,0.446153846,0.584444444,0.581683168,0.063492063,0.009779951,0.592436975,0.636363636,0.588372093,0.117913832,0.010869565,0.324165029,0.633237822,0.659259259,0.066838046,0.956386293,0.298742138,0.160583942,0.69837587,0.608108108,0.834224599,0.008474576,0.456349206,0.292035398,0.066502463,0.519337017,0.007792208,0.630541872,0.079487179,0.822147651,0.559602649,0.49744898,0.493975904,0.542199488,0.512875536,0.059171598,0.234782609,0.575057737,0.712643678,0.79403794,0.204592902,0.04136253,0.051912568,0.661504425,0.637813212,0.935560859,0.193641618,0.166666667,0.634560907,0.570291777,0.587628866,0.663414634,0.202492212,0.959183673,0.718232044,0.632352941,0.566739606,0.55387931,0.073529412,0.547008547,0.487096774,0.43373494,0.494318182,0.66004415,0.51497006,0.105943152,0.568807339,0.302083333,0.576064909,0.381578947,0.278236915,0.032345013,0.006042296,0.00280112,0.014409222,0.140625,0.898507463,0.952380952,0.64109589,0.051490515,0.025089606,0.003134796,0.596078431,0.823529412,0.65483871,0.012722646,0.098484848,0.648717949,0.371875,0.213720317,0.428184282,0.284644195,0.782051282,0.773529412,0.592833876,0
0.338129496,0.282828283,0.124497992,0.790441176,0.033802817,0.440104167,0.546875,0.61575179,0.570291777,0.454183267,0.842227378,0.58045977,0.828162291,0.816666667,0.975609756,0.172205438,0.931428571,0.569844789,0.497029703,0.379844961,0.504048583,0.517964072,0.56561086,0.015706806,0.123595506,0.498765432,0.745856354,0.366559486,0.769470405,0.041262136,0.00974026,0.914383562,0.29154519,0.131519274,0.2845953,0.236363636,0,0.515406162,0.012,0.627027027,0.224264706,0.713068182,0.636165577,0.950471698,0.731578947,0.505518764,0.588014981,0.554707379,0.503340757,0.437371663,0.486288848,0.580736544,0.520547945,0.496503497,0.741935484,0.505197505,0.654135338,0.224913495,0.703389831,0.361111111,0.379710145,0.717391304,0.25698324,0.016786571,0.550561798,0.287958115,0.009345794,0.413597734,0.002949853,0.458333333,0.124513619,0.092741935,0.832967033,0.653333333,0.856435644,0.285714286,0.628361858,0.56512605,0.587878788,0.574418605,0.578231293,0.47826087,0.487229862,0.693409742,0.264197531,0.514138817,0.510903427,0.355345912,0.843065693,0.051044084,0.378378378,0.652406417,0.38700565,0.406746032,0.384955752,0.054187192,0.019337017,0.667532468,0.024630542,0.597435897,0.315436242,0.562913907,0.992346939,0.995180723,0.936061381,0.386266094,0.804733728,0.797101449,0.718244804,0.67816092,0.563685637,0.553235908,0.618004866,0.612021858,0.234513274,0.364464692,0.105011933,0.684971098,0.671568627,0.699716714,0.108753316,0.646907216,0.465853659,0.299065421,0.74829932,0.26519337,0.465686275,0.078774617,0.394396552,0.5,0.542735043,0.106451613,0.463855422,0.528409091,0.580573951,0.452095808,0.61498708,0.541284404,0.541666667,0.484787018,0.428571429,0.542699725,0.547169811,0.616314199,0.005602241,0.014409222,0.0625,0.504477612,0.514880952,0.706849315,0.222222222,0.422939068,0.297805643,0.454901961,0.882352941,0.738709677,0.06870229,0.26010101,0.025641026,0.4125,0.401055409,0.509485095,0.191011236,0.673076923,0.758823529,0.501628664,0
0.431654676,0.013468013,0.281124498,0.389705882,0,0.533854167,0.994791667,0.553699284,0.541114058,0.43625498,0.719257541,0.578544061,0.570405728,0.545238095,0.577235772,0.993957704,0.808571429,0.583148559,0.520792079,0.354651163,0.473684211,0.814371257,0.610859729,0.007853403,0.002808989,0.619753086,0.820441989,0.360128617,0.485981308,0.058252427,0.003246753,0.212328767,0.352769679,0.346938776,0.516971279,0.294545455,0.789473684,0.613445378,0.056,0.859459459,0.125,0.553977273,0.507625272,0.641509434,0.615789474,0.783664459,0.277153558,0.51653944,0.485523385,0.359342916,0.473491773,0.569405099,0.723287671,0.470862471,0.330645161,0.505197505,0.994987469,0.148788927,0.581920904,0.363425926,0.133333333,0.002717391,0.56424581,0.160671463,0.943820225,0.256544503,0.042056075,0.481586402,0.613569322,0.572222222,0.214007782,0.076612903,0.615384615,0.615555556,0.492574257,0.365079365,0.62591687,0.523109244,0.595959596,0.586046512,0.507936508,0.929347826,0.499017682,0.017191977,0.219753086,0.912596401,0.339563863,0.308176101,0.427007299,0.083526682,0,0.262032086,0.395480226,0.593253968,0.327433628,0.502463054,0.79558011,0.605194805,0.039408867,0.982051282,0.05033557,0.420529801,0.658163265,0.693975904,0.583120205,0.568669528,0.420118343,0.614492754,0.415704388,0.568965517,0.525745257,0.557411273,0.593673966,0.669398907,0.196902655,0.407744875,0.007159905,0.63583815,0.963235294,0.589235127,0.023872679,0.213917526,0.080487805,0.426791277,0.06462585,0.535911602,0.504901961,0.175054705,0.517241379,0.844117647,0.388888889,0.619354839,0.465863454,0.507575758,0.525386313,0.335329341,0.620155039,0.388379205,0.604166667,0.460446247,0.443609023,0.776859504,0.973045822,0.900302115,0.005602241,0.014409222,0.046875,0.611940299,0.538690476,0.901369863,0.295392954,0.64516129,0.335423197,0.035294118,0.506535948,0.019354839,0.445292621,0.704545455,0.353846154,0.4875,0.736147757,0.56097561,0.063670412,0.557692308,0.691176471,0.188925081,0
0.417266187,0.043771044,0.100401606,0.948529412,0,0.4140625,0.955729167,0.53221957,0.51193634,0.444223108,0.737819026,0.545977011,0.747016706,0.628571429,0.585365854,0.151057402,0.751428571,0.494456763,0.584158416,0.441860465,0.475708502,0.682634731,0.597285068,0.07591623,0.005617978,0.84691358,0.723756906,0.257234727,0.451713396,0.162621359,0.006493506,0.229452055,0.381924198,0.551020408,0.365535248,0.298181818,0,0.658263305,0.164,0.594594595,0.110294118,0.556818182,0.614379085,0.695754717,0.610526316,0.715231788,0.172284644,0.592875318,0.543429844,0.406570842,0.436928702,0.541076487,0.767123288,0.426573427,0.255376344,0.494802495,0.932330827,0.14532872,0.514124294,0.44212963,0.727536232,0.002717391,0.558659218,0.254196643,0.404494382,0.251308901,0.002336449,0.433427762,0.598820059,0.388888889,0.089494163,0.028225806,0.72967033,0.548888889,0.482673267,0.079365079,0.5599022,0.521008403,0.604040404,0.593023256,0.53968254,0.85326087,0.499017682,0.839541547,0.2,0.966580977,0.529595016,0.528301887,0.649635036,0.201856148,0,0.272727273,0.553672316,0.702380952,0.283185841,0.5,0.102209945,0.597402597,0.024630542,0.851282051,0.100671141,0.430463576,0.584183673,0.657831325,0.654731458,0.521459227,0.073964497,0.605797101,0.429561201,0.577586207,0.517615176,0.559498956,0.605839416,0.669398907,0.265486726,0.533029613,0.033412888,1,0.992647059,0.631728045,0.042440318,0.154639175,0.151219512,0.520249221,0.085034014,0.546961326,0.691176471,0.361050328,0.719827586,0.373529412,0.209401709,0.022580645,0.459839357,0.418560606,0.481236203,0.48502994,0.718346253,0.513761468,0.643229167,0.444219067,0.464285714,0.592286501,0.79245283,0.709969789,0.005602241,0.014409222,0.078125,0.414925373,0.5,0.690410959,0.279132791,0.304659498,0.407523511,0.035294118,0.516339869,0.019354839,0.048346056,0.744949495,0.107692308,0.484375,0.736147757,0.563685637,0.071161049,0.564102564,0.688235294,0.172638436,0
0.503597122,0.057239057,0.397590361,0.279411765,0.064788732,0.856770833,0.03125,0.744630072,0.050397878,0.486055777,0.452436195,0.509578544,0.572792363,0.614285714,0.533875339,0.03021148,0.051428571,0.605321508,0.44950495,0.459302326,0.423076923,0.002994012,0.255656109,0.468586387,0.533707865,0.471604938,0.20718232,0.115755627,0.442367601,0.701456311,0.090909091,0.979452055,0.017492711,0.607709751,0.093994778,0.232727273,0.639097744,0.18767507,0.8,0.281081081,0.452205882,0.539772727,0.496732026,0.523584906,0.592105263,0.247240618,0.786516854,0.41475827,0.616926503,0.509240246,0.466179159,0.011331445,0.087671233,0.526806527,0.706989247,0.677754678,0.105263158,0.01384083,0.714689266,0.615740741,0.002898551,0.682065217,0.189944134,0.822541966,0.494382022,0.277486911,0.002336449,0.464589235,0.764011799,0.452777778,0.381322957,0.443548387,0.534065934,0.617777778,0.569306931,0.071428571,0.017114914,0.516806723,0.490909091,0.493023256,0.235827664,0.013586957,0.408644401,0.681948424,0.637037037,0.123393316,0.099688474,0.908805031,0.284671533,0.6774942,0.551351351,0.844919786,0.008474576,0.432539683,0.305309735,0.305418719,0.906077348,0.005194805,0.620689655,0.043589744,0.439597315,0.579470199,0.517857143,0.453012048,0.516624041,0.405579399,0.032544379,0.301449275,0.572748268,0.540229885,0.547425474,0.308977035,0.094890511,0.057377049,0.670353982,0.605922551,0.627684964,0.546242775,0.178921569,0.101983003,0.599469496,0.56185567,0.565853659,0.174454829,0.945578231,0.70718232,0.551470588,0.695842451,0.489224138,0.329411765,0.55982906,0.522580645,0.518072289,0.549242424,0.655629139,0.535928144,0.064599483,0.908256881,0.317708333,0.509127789,0.379699248,0.286501377,0.018867925,0.009063444,0.005602241,0.014409222,0.171875,0.444776119,0.303571429,0.254794521,0.056910569,0.082437276,0.003134796,0.509803922,0.836601307,0.564516129,0.849872774,0.659090909,0.979487179,0.41875,0.385224274,0.455284553,0.280898876,0.788461538,0.785294118,0.589576547,0
0.374100719,0.087542088,0.510040161,0.205882353,0,0.6328125,0.0078125,0.885441527,0.074270557,0.581673307,0.501160093,0.505747126,0.560859189,0.604761905,0.601626016,0.099697885,0.282857143,0.631929047,0.611881188,0.397286822,0.44534413,0.005988024,0.178733032,0.693717277,0.519662921,0.07654321,0.232044199,0.009646302,0.404984424,0.662621359,0.003246753,0.157534247,0.256559767,0.807256236,0.010443864,0.501818182,0.177944862,0.240896359,0.648,0.167567568,0.389705882,0.372159091,0.546840959,0.521226415,0.610526316,0.408388521,0.685393258,0.473282443,0.879732739,0.476386037,0.47166362,0.019830028,0.019178082,0.487179487,0.594086022,0.334719335,0.022556391,0.027681661,0.618644068,0.69212963,0.017391304,0.038043478,0.491620112,0.76498801,0.202247191,0.387434555,0.074766355,0.552407932,0.631268437,0.455555556,0.39688716,0.435483871,0.523076923,0.608888889,0.643564356,0.166666667,0.092909535,0.521008403,0.525252525,0.81627907,0.287981859,0.008152174,0.41453831,0.641833811,0.659259259,0.007712082,0.492211838,0.172955975,0.171532847,0.679814385,0,0.22459893,0.042372881,0.494047619,0.097345133,0.684729064,0.535911602,0.031168831,0.699507389,0.015384615,0.332214765,0.324503311,0.673469388,0.53253012,0.52685422,0.433476395,0.059171598,0.411594203,0.54965358,0.732758621,0.91598916,0.329853862,0.116788321,0.046448087,0.555309735,0.615034169,0.61575179,0.040462428,0.017156863,0.062322946,0.641909814,0.466494845,0.592682927,0.53894081,0.040816327,0.585635359,0.698529412,0.656455142,0.519396552,0.002941176,0.076923077,0.170967742,0.542168675,0.554924242,0.66004415,0.78742515,0.372093023,0.981651376,0.0859375,0.292089249,0.328947368,0.148760331,0.005390836,0.01510574,0.00280112,0.014409222,0.0703125,0.540298507,0.55952381,0.243835616,0.046070461,0.035842294,0.006269592,0.478431373,0.248366013,0.377419355,0.928753181,0.954545455,0.917948718,0.3625,0.680738786,0.506775068,0.123595506,0.602564103,0.664705882,0.084690554,0
0.330935252,0.28956229,0.13253012,0.444852941,0,0.700520833,0.669270833,0.553699284,0.50132626,0.348605578,0.682134571,0.561302682,0.529832936,0.564285714,0.628726287,0.812688822,0.797142857,0.55654102,0.564356436,0.408914729,0.471659919,0.52994012,0.606334842,0.041884817,0.005617978,0.550617284,0.64640884,0.852090032,0.579439252,0.04368932,0.00974026,0.910958904,0.294460641,0.213151927,0.407310705,0.243636364,0.784461153,0.593837535,0.004,0.513513514,0.261029412,0.715909091,0.461873638,0.672169811,0.615789474,0.70419426,0.27340824,0.623409669,0.545657016,0.340862423,0.44606947,0.515580737,0.594520548,0.508158508,0.298387097,0.503118503,0.646616541,0.411764706,0.714689266,0.270833333,0.026086957,0.70923913,0.229050279,0.201438849,0.95505618,0.287958115,0.011682243,0.407932011,0.002949853,0.45,0.155642023,0.092741935,0.52967033,0.564444444,0.455445545,0.301587302,0.577017115,0.682773109,0.604040404,0.590697674,0.512471655,0.576086957,0.495088409,0.17765043,0.130864198,0.596401028,0.489096573,0.940251572,0.452554745,0.13225058,0.264864865,0.652406417,0.375706215,0.430555556,0.376106195,0.081280788,0.870165746,0.563636364,0.009852217,0.615384615,0.315436242,0.566225166,0.614795918,0.665060241,0.631713555,0.753218884,0.446745562,0.608695652,0.429561201,0.58908046,0.498644986,0.549060543,0.591240876,0.639344262,0.221238938,0.530751708,0.021479714,0.976878613,0.674019608,0.702549575,0.013262599,0.139175258,0.148780488,0.199376947,0.741496599,0.259668508,0.460784314,0.161925602,0.461206897,0.773529412,0.547008547,0.558064516,0.481927711,0.450757576,0.562913907,0.419161677,0.69250646,0.501529052,0.59375,0.46653144,0.456766917,0.490358127,0.58490566,0.589123867,0.072829132,0.023054755,0.3828125,0.540298507,0.553571429,0.608219178,0.279132791,0.630824373,0.310344828,0.447058824,0.882352941,0.732258065,0.17302799,0.391414141,0.297435897,0.41875,0.414248021,0.514905149,0.202247191,0.679487179,0.758823529,0.511400651,0
0.474820144,0.7003367,0.827309237,0.176470588,0,0.682291667,0.182291667,0.673031026,0.053050398,0.501992032,0.545243619,0.528735632,0.529832936,0.638095238,0.517615176,0.096676737,0.008571429,0.549889135,0.603960396,0.488372093,0.564777328,0.086826347,0.701357466,0.727748691,0.789325843,0.52345679,0.70718232,0.144694534,0.46105919,0.997572816,0.363636364,0.979452055,0.020408163,0.555555556,0.078328982,0.247272727,0.030075188,0.117647059,0.416,0.521621622,0.863970588,0.517045455,0.525054466,0.641509434,0.55,0.415011038,0.003745318,0.226463104,0.688195991,0.488706366,0.546617916,0.079320113,0.506849315,0.293706294,0.575268817,0.617463617,0.253132832,0.737024221,0.63559322,0.722222222,0.002898551,0.692934783,0.189944134,0.973621103,0.209737828,0.267015707,0.002336449,0.609065156,0.12979351,0.738888889,0.86381323,0.5,0.479120879,0.564444444,0.47029703,0.063492063,0.004889976,0.607142857,0.591919192,0.497674419,0.414965986,0.122282609,0.667976424,0.616045845,0.698765432,0.285347044,0.956386293,0.474842767,0.175182482,0.986078886,0.608108108,0.834224599,0.008474576,0.367063492,0.296460177,0.064039409,0.367403315,0.005194805,0.620689655,0.176923077,0.815436242,0.559602649,0.464285714,0.537349398,0.562659847,0.519313305,0.050295858,0.156521739,0.531177829,0.494252874,0.495934959,0.64091858,0.469586375,0.521857923,0.670353982,0.521640091,0.613365155,0.26300578,0.264705882,0.640226629,0.984084881,0.695876289,0.907317073,0.199376947,0.959183673,0.712707182,0.68627451,0.934354486,0.558189655,0.011764706,0.547008547,0.483870968,0.453815261,0.494318182,0.649006623,0.517964072,0.105943152,0.568807339,0.744791667,0.740365112,0.678571429,0.300275482,0.061994609,0.006042296,0.005602241,0.014409222,0.140625,0.898507463,0.952380952,0.646575342,0.051490515,0.050179211,0.003134796,0.592156863,0.826797386,0.651612903,0.012722646,0.356060606,0.653846154,0.371875,0.211081794,0.428184282,0.280898876,0.782051282,0.773529412,0.592833876,0
0.374100719,0.080808081,0.502008032,0.286764706,0,0.7890625,0.0078125,0.811455847,0.037135279,0.470119522,0.494199536,0.429118774,0.618138425,0.623809524,0.47696477,0.141993958,0.277142857,0.627494457,0.542574257,0.474806202,0.301619433,0.005988024,0.226244344,0.32460733,0.547752809,0.2,0.229281768,0.045016077,0.392523364,0.682038835,0.003246753,0.147260274,0.253644315,0.648526077,0.01305483,0.498181818,0.546365915,0.232492997,0.64,0.167567568,0.389705882,0.366477273,0.544662309,0.599056604,0.536842105,0.40397351,0.711610487,0.330788804,0.690423163,0.464065708,0.365630713,0.008498584,0.079452055,0.627039627,0.728494624,0.422037422,0.022556391,0.024221453,0.601694915,0.631944444,0.014492754,0.035326087,0.497206704,0.836930456,0.299625468,0.376963351,0.030373832,0.541076487,0.634218289,0.452777778,0.39688716,0.435483871,0.527472527,0.566666667,0.53960396,0.111111111,0.046454768,0.605042017,0.452525253,0.523255814,0.138321995,0.008152174,0.31827112,0.650429799,0.595061728,0.041131105,0.482866044,0.745283019,0.335766423,0.656612529,0,0.213903743,0.039548023,0.446428571,0.10619469,0.689655172,0.825966851,0.031168831,0.684729064,0.015384615,0.325503356,0.304635762,0.551020408,0.506024096,0.511508951,0.553648069,0.118343195,0.365217391,0.512702079,0.525862069,0.574525745,0.223382046,0.051094891,0.054644809,0.670353982,0.569476082,0.61575179,0.092485549,0.034313725,0.144475921,0.567639257,0.597938144,0.553658537,0.53271028,0.030612245,0.585635359,0.632352941,0.708971554,0.50862069,0.123529412,0.085470085,0.319354839,0.46184739,0.5,0.668874172,0.781437126,0.372093023,0.981651376,0.291666667,0.421906694,0.323308271,0.14600551,0.005390836,0.01510574,0.005602241,0.025936599,0.421875,0.543283582,0.55952381,0.24109589,0.046070461,0.032258065,0.003134796,0.474509804,0.238562092,0.367741935,0.946564885,0.661616162,1,0.365625,0.678100264,0.498644986,0.119850187,0.602564103,0.664705882,0.091205212,0
0.366906475,0.683501684,0.730923695,0.205882353,0.002816901,0.9765625,0.192708333,0.601431981,0.114058355,0.507968127,0.591647332,0.572796935,0.556085919,0.633333333,0.506775068,0.15407855,0.014285714,0.527716186,0.6,0.488372093,0.63562753,0.119760479,0.705882353,0.64921466,0.52247191,0.414814815,0.748618785,0.225080386,0.735202492,0.703883495,0.003246753,0.181506849,0.218658892,0.573696145,0.060052219,0.498181818,0.629072682,0.109243697,0.348,0.52972973,0.808823529,0.315340909,0.564270153,0.660377358,0.536842105,0.476821192,0.011235955,0.356234097,0.677060134,0.466119097,0.599634369,0.124645892,0.487671233,0.328671329,0.620967742,0.511434511,0.275689223,0.806228374,0.940677966,0.576388889,0.011594203,0.266304348,0.48603352,0.779376499,0.850187266,0.35078534,0.002336449,0.549575071,0.415929204,0.7,0.785992218,0.455645161,0.50989011,0.564444444,0.457920792,0.103174603,0.014669927,0.62605042,0.616161616,0.5,0.530612245,0.154891304,0.693516699,0.630372493,0.609876543,0.267352185,0.968847352,0.393081761,0.354014599,0.728538283,0.116216216,0.22459893,0.039548023,0.380952381,0.079646018,0.706896552,1,0.007792208,0.482758621,0.2,0.781879195,0.231788079,0.479591837,0.563855422,0.560102302,0.542918455,0.065088757,0.142028986,0.501154734,0.488505747,0.517615176,0.678496868,0.535279805,0.546448087,0.67699115,0.517084282,0.630071599,0.271676301,0.274509804,0.728045326,0.625994695,0.585051546,0.680487805,0.507788162,0.227891156,0.596685083,0.664215686,0.66083151,0.560344828,0.352941176,0.141025641,0.438709677,0.526104418,0.522727273,0.635761589,0.502994012,0.087855297,0.559633028,0.708333333,0.701825558,0.676691729,0.314049587,0.083557951,0.009063444,0.005602241,0.014409222,0.09375,0.868656716,0.9375,0.668493151,0.046070461,0.347670251,0.012539185,0.478431373,0.169934641,0.383870968,0.040712468,0.537878788,0.864102564,0.384375,0.649076517,0.455284553,0.134831461,0.583333333,0.644117647,0.09771987,0
0.338129496,0.259259259,0.112449799,0.900735294,0,0.140625,0.9453125,0.548926014,0.554376658,0.398406375,0.751740139,0.572796935,0.539379475,0.571428571,0.653116531,0.833836858,0.711428571,0.498891353,0.499009901,0.364341085,0.524291498,0.736526946,0.533936652,0.141361257,0.005617978,0.930864198,0.621546961,0.170418006,0.445482866,0.036407767,0.074675325,0.910958904,0.411078717,0.172335601,0.355091384,0.236363636,0,0.691876751,0.004,0.52972973,0.106617647,0.715909091,0.479302832,0.66509434,0.628947368,0.757174393,0.123595506,0.595419847,0.547884187,0.334702259,0.480804388,0.563739377,0.871232877,0.55011655,0.177419355,0.525987526,0.852130326,0.148788927,0.47740113,0.333333333,0.831884058,0.717391304,0.296089385,0.009592326,0.404494382,0.293193717,0.007009346,0.490084986,0.002949853,0.383333333,0.046692607,0.096774194,0.595604396,0.633333333,0.53960396,0.23015873,0.530562347,0.674369748,0.577777778,0.588372093,0.614512472,0.869565217,0.467583497,0.70773639,0.182716049,0.992287918,0.45482866,0.581761006,0.540145985,0.009280742,0.372972973,0.64171123,0.638418079,0.5,0.389380531,0.049261084,0.005524862,0.602597403,0.044334975,0.761538462,0.265100671,0.559602649,0.660714286,0.655421687,0.595907928,0.706008584,0.236686391,0.637681159,0.461893764,0.57183908,0.479674797,0.542797495,0.605839416,0.691256831,0.199115044,0.485193622,0.031026253,0.997109827,0.943627451,0.634560907,0.01061008,0.25257732,0.12195122,0.504672897,0.744897959,0.29281768,0.487745098,0.094091904,0.454741379,0.467647059,0.538461538,0.061290323,0.467871486,0.522727273,0.573951435,0.52994012,0.726098191,0.516819572,0.729166667,0.501014199,0.42481203,0.58953168,0.71967655,0.700906344,0.005602241,0.731988473,0.1015625,0.340298507,0.37797619,0.536986301,0.295392954,0.318996416,0.451410658,0.478431373,0.882352941,0.74516129,0.129770992,0.45959596,0.023076923,0.425,0.406332454,0.506775068,0.187265918,0.66025641,0.755882353,0.495114007,0
0.417266187,0.050505051,0.799196787,0.944852941,0,0.4140625,0.619791667,0.556085919,0.541114058,0.43625498,0.730858469,0.555555556,0.563245823,0.516666667,0.617886179,0.948640483,0.797142857,0.572062084,0.574257426,0.348837209,0.449392713,0.491017964,0.617647059,0.159685864,0.005617978,0.491358025,0.825966851,0.189710611,0.451713396,0.046116505,0.006493506,0.232876712,0.381924198,0.315192744,0.365535248,0.294545455,0,0.93837535,0.34,0.991891892,0.227941176,0.5625,0.503267974,0.629716981,0.6,0.774834437,0.265917603,0.536895674,0.518930958,0.363449692,0.440585009,0.507082153,0.597260274,0.515151515,0.25,0.505197505,0.684210526,0.224913495,0.514124294,0.354166667,0.730434783,0.002717391,0.558659218,0.153477218,0.404494382,0.251308901,0.021028037,0.985835694,0.598820059,0.988888889,0.540856031,0.290322581,0.613186813,0.542222222,0.50990099,0.333333333,0.633251834,0.552521008,0.606060606,0.586046512,0.46031746,0.497282609,0.493123772,0.836676218,0.219753086,0.588688946,0.529595016,0.213836478,0.645985401,0.085846868,0,0.272727273,0.556497175,0.579365079,0.287610619,0.495073892,0.104972376,0.545454545,0.54679803,0.723076923,0.097315436,0.430463576,0.658163265,0.681927711,0.588235294,0.594420601,0.434911243,0.646376812,0.424942263,0.586206897,0.509485095,0.536534447,0.559610706,0.633879781,0.205752212,0.435079727,0.023866348,0.465317919,0.674019608,0.609065156,0.015915119,0.157216495,0.134146341,0.517133956,0.078231293,0.541436464,0.492647059,0.157549234,0.504310345,0.376470588,0.213675214,0.022580645,0.477911647,0.479166667,0.534216336,0.862275449,0.664082687,0.363914373,0.643229167,0.460446247,0.471804511,1,0.687331536,0.625377644,0.005602241,0.014409222,0.0703125,0.976119403,0.794642857,0.967123288,0.279132791,0.304659498,0.407523511,0.117647059,0.522875817,0.019354839,0.20610687,0.659090909,0.125641026,0.490625,0.736147757,0.563685637,0.06741573,0.564102564,0.691176471,0.179153094,0
0.366906475,0.622895623,0.730923695,0.283088235,0,0.583333333,0.015625,0.68973747,0.095490716,0.478087649,0.545243619,0.685823755,0.608591885,0.980952381,0.688346883,0.157099698,0.314285714,0.853658537,0.510891089,0.445736434,0.370445344,0.005988024,0.140271493,0.489528796,0.646067416,0.096296296,0.773480663,0.196141479,0.271028037,0.987864078,0.003246753,0.154109589,0.247813411,0.979591837,0.01305483,0.505454545,0.020050125,0.392156863,0.6,0.583783784,0.772058824,0.355113636,0.520697168,0.846698113,0.905263158,0.386313466,0.640449438,0.470737913,0.632516704,0.501026694,0.561243144,0.025495751,0.016438356,0.319347319,0.698924731,0.37006237,0.223057644,0.761245675,0.437853107,0.912037037,0.014492754,0.222826087,0.491620112,0.925659472,0.127340824,0.382198953,0.002336449,0.651558074,0.607669617,0.719444444,0.758754864,0.443548387,0.558241758,0.922222222,0.586633663,0.134920635,0.139364303,0.806722689,0.587878788,0.462790698,0.285714286,0.002717391,0.326129666,0.681948424,0.725925926,0.010282776,0.950155763,0.286163522,0.277372263,0.870069606,0.089189189,0.219251337,0.042372881,0.43452381,0.092920354,0.694581281,0.508287293,0.044155844,0.699507389,0.148717949,0.734899329,0.298013245,0.56122449,0.628915663,0.846547315,0.551502146,0.121301775,0.397101449,0.575057737,0.738505747,0.528455285,0.244258873,0.099756691,0.024590164,0.672566372,0.571753986,0.62052506,0.231213873,0.159313725,0.742209632,0.899204244,0.56443299,0.670731707,0.53271028,0.173469388,0.585635359,0.93627451,1,0.620689655,0,0.102564103,0.196774194,0.636546185,0.784090909,0.997792494,0.799401198,0.45994832,0.972477064,0.106770833,0.393509128,0.310150376,0.443526171,0.059299191,0.024169184,0.005602241,0.014409222,0.0546875,0.871641791,0.931547619,0.706849315,0.043360434,0.003584229,0.006269592,0.474509804,0.218954248,0.377419355,0.045801527,0.651515152,0.635897436,0.375,0.670184697,0.490514905,0.127340824,0.602564103,0.658823529,0.084690554,0
0.345323741,0.838383838,0.742971888,0.183823529,0.030985915,0.703125,0.005208333,0.658711217,0.023872679,0.505976096,0.696055684,0.521072797,0.591885442,0.997619048,0.796747967,0.123867069,0.145714286,0.611973392,0.528712871,0.488372093,0.251012146,0.002994012,0.242081448,0.706806283,0.758426966,0.158024691,0.174033149,0.01607717,0.442367601,0.997572816,0.00974026,0.54109589,0.099125364,0.612244898,0.060052219,0.549090909,0.095238095,0.142857143,0.752,0.324324324,0.959558824,0.596590909,0.531590414,0.964622642,0.889473684,0.490066225,0.846441948,0.254452926,0.65701559,0.490759754,0.356489945,0.005665722,0.060273973,0.247086247,0.583333333,0.461538462,0.027568922,0.024221453,0.63559322,0.719907407,0.008695652,0.622282609,0.279329609,0.995203837,0.224719101,0.418848168,0.002336449,0.456090652,0.663716814,0.461111111,0.894941634,0.923387097,0.58021978,0.848888889,0.524752475,0.095238095,0.02200489,0.852941176,0.521212121,0.451162791,0.099773243,0.005434783,0.379174853,0.616045845,0.69382716,0.028277635,0.414330218,0.188679245,0.171532847,0.995359629,0.164864865,0.374331551,0.02259887,0.408730159,0.084070796,0.746305419,0.447513812,0.01038961,0.876847291,0.035897436,0.94295302,0.188741722,0.645408163,0.831325301,0.933503836,0.442060086,0.050295858,0.324637681,0.554272517,0.744252874,0.528455285,0.221294363,0.04379562,0.049180328,0.670353982,0.510250569,0.62052506,0.054913295,0.026960784,0.028328612,0.976127321,0.677835052,0.909756098,0.398753894,0.591836735,0.596685083,0.696078431,0.945295405,0.57112069,0.135294118,0.482905983,0.661290323,0.345381526,0.626893939,0.942604857,0.670658683,0.131782946,0.975535168,0.239583333,0.503042596,0.422932331,0.275482094,0.018867925,0.003021148,0.00280112,0.011527378,0.109375,0.531343284,0.56547619,0.328767123,0.008130081,0.050179211,0.006269592,1,0.549019608,0.880645161,0.027989822,0.467171717,0.669230769,0.615625,0.485488127,0.33604336,0.262172285,0.583333333,0.523529412,0.061889251,0
0.287769784,0.481481481,0.257028112,0.823529412,0,0.6171875,0.6640625,0.584725537,0.562334218,0.438247012,0.62412993,0.578544061,0.658711217,0.545238095,0.552845528,0.063444109,0.82,0.55654102,0.475247525,0.370155039,0.512145749,0.54491018,0.556561086,0.311518325,0,0.491358025,0.720994475,0.974276527,0.554517134,0.04368932,0.493506494,0.955479452,0.603498542,0.19047619,0.506527415,0.316363636,0.779448622,0.523809524,0.008,0.6,0.275735294,0.625,0.564270153,0.589622642,0.602631579,0.443708609,0.31835206,0.521628499,0.494432071,0.41889117,0.491773309,0.532577904,0.528767123,0.769230769,0.349462366,0.498960499,0.669172932,0.647058824,0.669491525,0.291666667,0.863768116,0.763586957,0.290502793,0.119904077,0.985018727,0.277486911,0.002336449,0.495750708,0.002949853,0.588888889,0.245136187,0.056451613,0.628571429,0.635555556,0.591584158,0.079365079,0.608801956,0.455882353,0.575757576,0.597674419,0.589569161,0.573369565,0.481335953,0.320916905,0.167901235,0.542416452,0.601246106,0.701257862,0.50729927,0.081206497,0.667567568,0.695187166,0.725988701,0.444444444,0.345132743,0.354679803,0.834254144,0.535064935,0.039408867,0.658974359,0.33557047,0.523178808,0.650510204,0.631325301,0.529411765,0.373390558,0.136094675,0.591304348,0.443418014,0.563218391,0.60704607,0.551148225,0.622871046,0.609289617,0.265486726,0.681093394,0.090692124,0.893063584,0.678921569,0.883852691,0.013262599,0.231958763,0.097560976,0.669781931,0.884353741,0.491712707,0.475490196,0.129102845,0.484913793,0.835294118,0.504273504,0.629032258,0.465863454,0.545454545,0.523178808,0.359281437,0.640826873,0.406727829,0.5390625,0.486815416,0.422932331,0.52892562,0.630727763,0.583081571,0.1232493,0.023054755,0.40625,0.620895522,0.556547619,0.638356164,0.466124661,0.688172043,0.561128527,0.31372549,0.85620915,0.712903226,0.058524173,0.166666667,0.043589744,0.140625,0.060686016,0.425474255,0.310861423,0.711538462,0.691176471,0.605863192,0
0.474820144,0.666666667,0.81124498,0.220588235,0.005633803,0.627604167,0.171875,0.704057279,0.323607427,0.569721116,0.489559165,0.609195402,0.539379475,0.678571429,0.588075881,0.099697885,0.434285714,0.503325942,0.572277228,0.385658915,0.694331984,0.194610778,0.690045249,0.701570681,0.516853933,0.244444444,0.737569061,0.122186495,0.386292835,0.662621359,0.538961039,0.976027397,0.032069971,0.811791383,0.075718016,0.254545455,0.215538847,0.414565826,0.52,0.57027027,0.827205882,0.482954545,0.520697168,0.54009434,0.594736842,0.315673289,0.790262172,0.610687023,0.605790646,0.49486653,0.643510055,0.269121813,0.416438356,0.491841492,0.610215054,0.361746362,0.248120301,0.705882353,0.607344633,0.680555556,0.008695652,0.690217391,0.206703911,0.75059952,0.209737828,0.267015707,0.070093458,0.657223796,0.353982301,0.75,0.836575875,0.471774194,0.516483516,0.637777778,0.638613861,0.134920635,0.229828851,0.420168067,0.626262626,0.53255814,0.616780045,0.168478261,0.703339882,0.670487106,0.664197531,0.197943445,0.943925234,0.267295597,0.182481752,0.672853828,0.637837838,0.828877005,0.011299435,0.492063492,0.283185841,0.209359606,0.522099448,0.18961039,0.669950739,0.207692308,0.775167785,0.543046358,0.632653061,0.489156627,0.57544757,0.35193133,0.065088757,0.397101449,0.556581986,0.502873563,0.479674797,0.699373695,0.576642336,0.535519126,0.575221239,0.637813212,0.618138425,0.130057803,0.196078431,0.668555241,0.644562334,0.469072165,0.587804878,0.246105919,0.976190476,0.740331492,0.683823529,0.658643326,0.521551724,0.073529412,0.538461538,0.467741935,0.640562249,0.590909091,0.668874172,0.754491018,0.516795866,0.951070336,0.6328125,0.628803245,0.657894737,0.435261708,0.142857143,0.13897281,0.00280112,0.014409222,0.140625,0.898507463,0.943452381,0.684931507,0.048780488,0.039426523,0.003134796,0.545098039,0.807189542,0.622580645,0.893129771,0.95959596,0.892307692,0.38125,0.182058047,0.401084011,0.284644195,0.775641026,0.764705882,0.596091205,0
0.438848921,0.023569024,0.317269076,0.8125,0,0.5546875,0.9921875,0.754176611,0.541114058,0.348605578,0.682134571,0.549808429,0.622911695,0.519047619,0.498644986,0.166163142,0.802857143,0.583148559,0.574257426,0.358527132,0.457489879,0.826347305,0.617647059,0.193717277,0.053370787,0.582716049,0.831491713,0.231511254,0.732087227,0.053398058,0.003246753,0.157534247,0.349854227,0.222222222,0.506527415,0.323636364,0.794486216,0.638655462,0.052,0.902702703,0.095588235,0.46875,0.498910675,0.636792453,0.568421053,0.57615894,0.280898876,0.539440204,0.554565702,0.332648871,0.442413163,0.566572238,0.717808219,0.736596737,0.741935484,0.507276507,1,0.162629758,0.68079096,0.238425926,0.075362319,0,0.530726257,0.107913669,0.928838951,0.251308901,0.002336449,0.549575071,0.657817109,0.6,0.194552529,0.02016129,0.635164835,0.535555556,0.495049505,0.095238095,0.630806846,0.529411765,0.602020202,0.604651163,0.462585034,0.934782609,0.493123772,0.750716332,0.120987654,0.889460154,0.352024922,0.534591195,0.824817518,0.088167053,0,0.272727273,0.384180791,0.484126984,0.283185841,0.556650246,0.79281768,0.615584416,0.108374384,1,0.053691275,0.364238411,0.594387755,0.624096386,0.503836317,0.379828326,0.24852071,0.634782609,0.434180139,0.583333333,0.609756098,0.536534447,0.569343066,0.666666667,0.245575221,0.492027335,0.221957041,0.560693642,0.948529412,0.623229462,0.021220159,0.62371134,0.412195122,0.436137072,0.057823129,0.580110497,0.421568627,0.131291028,0.480603448,0.838235294,0.367521368,0.641935484,0.493975904,0.482954545,0.545253863,0.374251497,0.591731266,0.348623853,0.640625,0.45841785,0.471804511,0.837465565,1,0.942598187,0.00280112,0.020172911,0.3046875,0.605970149,0.473214286,0.928767123,0.284552846,0.620071685,0.344827586,0.019607843,0.37254902,0.009677419,0.071246819,0.348484848,0.197435897,0.396875,0.730870712,0.533875339,0.104868914,0.544871795,0.655882353,0.169381107,0
0.482014388,0.65993266,0.823293173,0.1875,0.008450704,0.6796875,0.020833333,0.687350835,0.018567639,0.5,0.62412993,0.559386973,0.582338902,0.997619048,0.826558266,0.069486405,0.437142857,0.578713969,0.524752475,0.490310078,0.248987854,0.002994012,0.21719457,0.719895288,0.775280899,0.197530864,0.732044199,0.093247588,0.423676012,1,0.519480519,0.976027397,0.032069971,0.637188209,0.078328982,0.254545455,0.025062657,0.408963585,0.516,0.572972973,0.834558824,0.485795455,0.538126362,0.941037736,0.934210526,0.46799117,0.808988764,0.269720102,0.659242762,0.472279261,0.345521024,0,0.063013699,0.351981352,0.586021505,0.486486486,0.152882206,0.692041522,0.624293785,0.731481481,0.005797101,0.6875,0.201117318,0.976019185,0.213483146,0.267015707,0.002336449,0.660056657,0.356932153,0.755555556,0.844357977,0.47983871,0.551648352,0.875555556,0.512376238,0.055555556,0.063569682,0.81092437,0.535353535,0.488372093,0.102040816,0.010869565,0.353634578,0.630372493,0.696296296,0.048843188,0.940809969,0.29245283,0.167883212,0.981438515,0.62972973,0.834224599,0.008474576,0.375,0.278761062,0.236453202,0.44198895,0.051948052,0.674876847,0.11025641,0.775167785,0.546357616,0.642857143,0.814457831,0.94629156,0.394849785,0.029585799,0.350724638,0.551963048,0.83045977,0.547425474,0.198329854,0.03649635,0.043715847,0.674778761,0.523917995,0.618138425,0.251445087,0.171568627,0.654390935,0.981432361,0.667525773,0.897560976,0.239875389,0.972789116,0.740331492,0.696078431,0.945295405,0.547413793,0.020588235,0.538461538,0.480645161,0.363453815,0.649621212,0.931567329,0.745508982,0.514211886,0.951070336,0.236979167,0.505070994,0.407894737,0.435261708,0.045822102,0.03021148,0.00280112,0.014409222,0.1484375,0.901492537,0.943452381,0.682191781,0.046070461,0.046594982,0.003134796,0.552941176,0.810457516,0.625806452,0.010178117,0.449494949,0.641025641,0.38125,0.189973615,0.406504065,0.288389513,0.782051282,0.764705882,0.599348534,0
0.366906475,0.622895623,0.742971888,0.224264706,0,0.96875,0.026041667,0.639618138,0.087533156,0.519920319,0.540603248,0.4348659,0.54176611,0.69047619,0.571815718,0.220543807,0.462857143,0.764966741,0.536633663,0.48255814,0.372469636,0.002994012,0.278280543,0.64921466,0.52247191,0.209876543,0.770718232,0.128617363,0.691588785,0.708737864,0.003246753,0.150684932,0.239067055,0.594104308,0.046997389,0.505454545,0.631578947,0.397759104,0.576,0.586486486,0.779411765,0.346590909,0.577342048,0.676886792,0.573684211,0.505518764,0.689138577,0.58778626,0.65701559,0.457905544,0.398537477,0.014164306,0.068493151,0.41025641,0.63172043,0.461538462,0.228070175,0.747404844,0.918079096,0.583333333,0.014492754,0.222826087,0.48603352,0.798561151,0.805243446,0.376963351,0.002336449,0.651558074,0.604719764,0.727777778,0.774319066,0.447580645,0.472527473,0.522222222,0.445544554,0.103174603,0.149144254,0.62605042,0.490909091,0.504651163,0.222222222,0.005434783,0.406679764,0.653295129,0.580246914,0.064267352,0.950155763,0.20754717,0.324817518,0.728538283,0.086486486,0.219251337,0.042372881,0.406746032,0.088495575,0.699507389,0.991712707,0.038961039,0.679802956,0.143589744,0.741610738,0.278145695,0.487244898,0.58313253,0.659846547,0.706008584,0.458579882,0.8,0.475750577,0.543103448,0.514905149,0.294363257,0.082725061,0.06010929,0.674778761,0.535307517,0.625298329,0.265895954,0.213235294,0.730878187,0.639257294,0.577319588,0.675609756,0.526479751,0.173469388,0.591160221,0.666666667,0.66083151,0.525862069,0.323529412,0.123931624,0.412903226,0.542168675,0.479166667,0.675496689,0.78742515,0.472868217,0.966360856,0.270833333,0.513184584,0.439849624,0.446280992,0.056603774,0.024169184,0.00280112,0.014409222,0.09375,0.880597015,0.93452381,0.706849315,0.043360434,0.272401434,0.009404389,0.470588235,0.202614379,0.367741935,0.040712468,0.578282828,0.894871795,0.378125,0.662269129,0.479674797,0.131086142,0.596153846,0.652941176,0.087947883,0
0.323741007,0.296296296,0.096385542,0.886029412,0,0.7734375,0.971354167,0.589498807,0.543766578,0.324701195,0.642691415,0.567049808,0.587112172,0.557142857,0.582655827,0.075528701,0.754285714,0.485587583,0.562376238,0.585271318,0.512145749,0.769461078,0.549773756,0.070680628,0.075842697,0.886419753,0.67679558,0.202572347,0.806853583,0.109223301,0.399350649,0.931506849,0.39941691,0.195011338,0.360313316,0.28,0.007518797,0.661064426,0.012,0.551351351,0.158088235,0.690340909,0.470588235,0.643867925,0.592105263,0.507726269,0.179775281,0.580152672,0.587973274,0.347022587,0.468007313,0.566572238,0.846575342,0.524475524,0.594086022,0.515592516,0.902255639,0.121107266,0.855932203,0.210648148,0.831884058,0.747282609,0.234636872,0.263788969,0.734082397,0.298429319,0.002336449,0.444759207,0.002949853,0.383333333,0.077821012,0.084677419,0.597802198,0.568888889,0.522277228,0.047619048,0.552567237,0.531512605,0.606060606,0.946511628,0.600907029,0.89673913,0.495088409,0.699140401,0.10617284,0.992287918,0.498442368,0.544025157,0.740875912,0.503480278,0.559459459,0.652406417,0.629943503,0.412698413,0.340707965,0.056650246,0.693370166,0.597402597,0.034482759,0.830769231,0.312080537,0.543046358,0.596938776,0.626506024,0.547314578,0.375536481,0.041420118,0.617391304,0.570438799,0.663793103,0.910569106,0.555323591,0.613138686,0.68852459,0.254424779,0.523917995,0.081145585,0.959537572,0.965686275,0.620396601,0.042440318,0.646907216,0.612195122,0.520249221,0.795918367,0.337016575,0.357843137,0.181619256,0.411637931,0.441176471,0.512820513,0.067741935,0.453815261,0.448863636,0.485651214,0.497005988,0.720930233,0.52293578,0.658854167,0.46653144,0.436090226,0.581267218,0.797843666,0.722054381,0.00280112,0.766570605,0.1171875,0.391044776,0.464285714,0.621917808,0.2899729,0.505376344,0.438871473,0.435294118,0.879084967,0.751612903,0.025445293,0.196969697,0.002564103,0.33125,0.308707124,0.47696477,0.228464419,0.666666667,0.732352941,0.534201954,0
0.352517986,0.865319865,0.726907631,0.235294118,0.016901408,0.638020833,0,0.68973747,0.090185676,0.557768924,0.552204176,0.724137931,0.565632458,0.971428571,0.693766938,0.247734139,0.117142857,0.838137472,0.510891089,0.385658915,0.439271255,0.002994012,0.2239819,0.685863874,0.516853933,0.051851852,0.201657459,0.003215434,0.373831776,0.672330097,0.012987013,0.54109589,0.10787172,0.820861678,0.054830287,0.556363636,0.240601504,0.140056022,0.76,0.32972973,0.963235294,0.588068182,0.525054466,0.806603774,0.931578947,0.38410596,0.790262172,0.424936387,0.599109131,0.50513347,0.612431444,0.033994334,0.021917808,0.386946387,0.61827957,0.251559252,0.025062657,0.031141869,0.610169492,0.657407407,0.011594203,0.635869565,0.290502793,0.752997602,0.198501873,0.434554974,0.324766355,0.458923513,0.663716814,0.458333333,0.891050584,0.911290323,0.540659341,0.937777778,0.648514851,0.182539683,0.039119804,0.758403361,0.650505051,0.509302326,0.33106576,0,0.383104126,0.673352436,0.671604938,0,0.489096573,0.150943396,0.189781022,0.672853828,0.216216216,0.352941176,0.028248588,0.515873016,0.079646018,0.743842365,0.524861878,0.012987013,0.866995074,0.033333333,0.956375839,0.195364238,0.637755102,0.614457831,0.83887468,0.506437768,0.118343195,0.249275362,0.558891455,0.790229885,0.54200542,0.346555324,0.177615572,0.071038251,0.610619469,0.624145786,0.61575179,0.005780347,0.007352941,0.02266289,0.649867374,0.474226804,0.580487805,0.429906542,0.588435374,0.602209945,0.659313725,0.667396061,0.538793103,0.114705882,0.461538462,0.629032258,0.668674699,0.803030303,0.986754967,0.691616766,0.134366925,0.975535168,0.083333333,0.302231237,0.306390977,0.272727273,0.016172507,0.006042296,0.00280112,0.014409222,0.0703125,0.537313433,0.586309524,0.339726027,0.008130081,0.032258065,0.006269592,0.996078431,0.545751634,0.883870968,0.8956743,0.977272727,0.897435897,0.596875,0.501319261,0.352303523,0.254681648,0.583333333,0.535294118,0.052117264,0
0.309352518,0.272727273,0.321285141,0.900735294,0,0.7421875,0.9921875,0.749403341,0.541114058,0.35059761,0.679814385,0.54789272,0.625298329,0.516666667,0.495934959,0.160120846,0.8,0.580931264,0.576237624,0.360465116,0.457489879,0.823353293,0.617647059,0.340314136,0.011235955,0.582716049,0.831491713,0.241157556,0.666666667,0.048543689,0.025974026,0.934931507,0.294460641,0.267573696,0.368146214,0.28,0.756892231,0.635854342,0.008,0.9,0.261029412,0.684659091,0.503267974,0.634433962,0.571052632,0.573951435,0.269662921,0.536895674,0.554565702,0.334702259,0.440585009,0.566572238,0.715068493,0.738927739,0.661290323,0.507276507,0.997493734,0.200692042,0.759887006,0.243055556,0.289855072,0.736413043,0.12849162,0.247002398,0.951310861,0.282722513,0.002336449,0.54674221,0.002949853,0.597222222,0.280155642,0.141129032,0.635164835,0.535555556,0.497524752,0.087301587,0.630806846,0.525210084,0.602020202,0.606976744,0.46031746,0.932065217,0.491159136,0.891117479,0.12345679,0.889460154,0.398753894,0.534591195,0.755474453,0.16937355,0.543243243,0.679144385,0.372881356,0.484126984,0.318584071,0.088669951,0.88121547,0.612987013,0.064039409,0.997435897,0.241610738,0.556291391,0.596938776,0.624096386,0.503836317,0.375536481,0.24852071,0.637681159,0.434180139,0.583333333,0.60704607,0.536534447,0.564476886,0.663934426,0.247787611,0.494305239,0.188544153,0.563583815,0.948529412,0.620396601,0.021220159,0.422680412,0.212195122,0.22741433,0.80952381,0.35359116,0.426470588,0.164113786,0.482758621,0.735294118,0.521367521,0.538709677,0.493975904,0.482954545,0.545253863,0.371257485,0.591731266,0.321100917,0.640625,0.460446247,0.471804511,0.834710744,0.997304582,0.939577039,0.00280112,0.020172911,0.3125,0.602985075,0.473214286,0.928767123,0.298102981,0.630824373,0.338557994,0.4,0.879084967,0.732258065,0.06870229,0.363636364,0.335897436,0.28125,0.303430079,0.482384824,0.25093633,0.698717949,0.738235294,0.557003257,0
0.474820144,0.666666667,0.807228916,0.382352941,0.002816901,0.575520833,0.015625,0.711217184,0.124668435,0.488047809,0.519721578,0.722222222,0.579952267,0.971428571,0.699186992,0.102719033,0.402857143,0.818181818,0.522772277,0.432170543,0.421052632,0.005988024,0.180995475,0.651832461,0.890449438,0.079012346,0.737569061,0.109324759,0.295950156,0.618932039,0.564935065,0.976027397,0.034985423,0.675736961,0.075718016,0.258181818,0.037593985,0.411764706,0.524,0.57027027,0.827205882,0.477272727,0.501089325,0.808962264,0.936842105,0.331125828,0.779026217,0.44783715,0.619153675,0.513347023,0.603290676,0.031161473,0.021917808,0.372960373,0.884408602,0.343035343,0.145363409,0.712802768,0.429378531,0.594907407,0.008695652,0.690217391,0.212290503,0.726618705,0.08988764,0.267015707,0.002336449,0.657223796,0.359882006,0.747222222,0.832684825,0.471774194,0.540659341,0.935555556,0.606435644,0.095238095,0.158924205,0.754201681,0.654545455,0.48372093,0.324263039,0.008152174,0.359528487,0.555873926,0.627160494,0.01285347,0.943925234,0.286163522,0.408759124,0.654292343,0.648648649,0.828877005,0.011299435,0.418650794,0.278761062,0.224137931,0.364640884,0.054545455,0.669950739,0.11025641,0.775167785,0.536423841,0.56377551,0.602409639,0.849104859,0.510729614,0.127218935,0.298550725,0.575057737,0.807471264,0.536585366,0.315240084,0.155717762,0.057377049,0.670353982,0.603644647,1,0.173410405,0.098039216,0.674220963,0.599469496,0.595360825,0.565853659,0.255451713,0.982993197,0.745856354,0.580882353,0.663019694,0.50862069,0.008823529,0.534188034,0.461290323,0.648594378,0.795454545,0.98013245,0.75748503,0.511627907,0.957186544,0.096354167,0.344827586,0.304511278,0.432506887,0.045822102,0.03021148,0.00280112,0.014409222,0.1015625,0.898507463,0.943452381,0.684931507,0.046070461,0.007168459,0.003134796,0.541176471,0.803921569,0.622580645,0.025445293,0.378787879,0.705128205,0.38125,0.179419525,0.390243902,0.284644195,0.775641026,0.761764706,0.596091205,0
0.410071942,0.02020202,0.108433735,0.955882353,0,0.825520833,0.575520833,0.608591885,0.811671088,0.30876494,0.638051044,0.53256705,0.565632458,0.569047619,0.582655827,0.075528701,0.951428571,0.498891353,0.592079208,0.596899225,0.477732794,0.69760479,0.595022624,0.201570681,0.008426966,0.516049383,0.685082873,0.366559486,0.728971963,0.058252427,0.003246753,0.171232877,0.346938776,0.229024943,0.355091384,0.338181818,0.581453634,0.817927171,0.2,0.556756757,0.0625,0.465909091,0.444444444,0.653301887,0.568421053,0.501103753,0.280898876,0.592875318,0.599109131,0.344969199,0.429616088,0.807365439,0.556164384,0.540792541,0.438172043,0.465696466,0.636591479,0.155709343,0.847457627,0.185185185,0.666666667,0,0.519553073,0.501199041,0.850187266,0.246073298,0.002336449,0.441926346,0.634218289,0.391666667,0.062256809,0.012096774,0.584615385,0.522222222,0.50990099,0.047619048,0.946210269,0.550420168,0.602020202,0.948837209,0.548752834,0.570652174,0.499017682,0.862464183,0.10617284,0.570694087,0.380062305,0.377358491,0.715328467,0.496519722,0,0.28342246,0.52259887,0.392857143,0.230088496,0.561576355,0.859116022,0.979220779,0.064039409,0.582051282,0.053691275,0.380794702,0.586734694,0.624096386,0.560102302,0.379828326,0.109467456,0.6,0.56812933,0.629310345,0.89701897,0.561586639,0.610705596,0.62568306,0.309734513,0.5261959,0.071599045,0.748554913,0.678921569,0.651558074,0.013262599,0.484536082,0.536585366,0.510903427,0.078231293,0.585635359,0.321078431,0.179431072,0.381465517,0.497058824,0.230769231,0.241935484,0.463855422,0.410984848,0.507726269,0.550898204,0.979328165,0.516819572,0.544270833,0.454361055,0.468045113,0.575757576,0.641509434,0.945619335,0.005602241,0.014409222,0.125,0.376119403,0.386904762,0.638356164,0.298102981,0.534050179,0.401253918,0.015686275,0.382352941,0.006451613,0.022900763,0.224747475,0.535897436,0.38125,0.730870712,0.539295393,0.108614232,0.557692308,0.652941176,0.146579805,0
0.446043165,0.023569024,0.220883534,0.8125,0.050704225,0.557291667,0.559895833,0.696897375,0.636604775,0.334661355,0.672853828,0.490421456,0.608591885,0.533333333,0.506775068,0.151057402,0.988571429,0.532150776,0.596039604,0.372093023,0.451417004,0.520958084,0.608597285,0.259162304,0.056179775,0.481481481,0.740331492,0.080385852,0.732087227,0.036407767,0.003246753,0.154109589,0.349854227,0.192743764,0.501305483,0.32,0.794486216,0.619047619,0.132,0.727027027,0.121323529,0.463068182,0.483660131,0.648584906,0.521052632,0.558498896,1,0.544529262,0.619153675,0.330595483,0.440585009,0.552407932,0.616438356,0.771561772,0.741935484,0.486486486,0.661654135,0.096885813,0.68079096,0.222222222,0.066666667,0,0.536312849,0.086330935,0.925093633,0.251308901,0.002336449,0.532577904,0.663716814,0.597222222,0.159533074,0.016129032,0.621978022,0.502222222,0.492574257,0.134920635,0.69193154,0.544117647,0.571717172,0.618604651,0.430839002,0.519021739,0.457760314,0.750716332,0.118518519,0.508997429,0.46105919,0.465408805,0.828467153,0.071925754,0,0.267379679,0.384180791,0.458333333,0.287610619,0.556650246,0.79558011,0.542857143,0.02955665,0.656410256,0.073825503,0.360927152,0.594387755,0.626506024,0.516624041,0.416309013,0.355029586,0.666666667,0.429561201,0.540229885,0.585365854,0.486430063,0.515815085,0.62295082,0.278761062,0.496583144,0.229116945,0.526011561,0.617647059,0.600566572,0.018567639,0.62371134,0.412195122,0.429906542,0.051020408,0.574585635,0.384803922,0.107221007,0.450431034,0.835294118,0.367521368,0.641935484,0.514056225,0.505681818,0.554083885,0.452095808,0.633074935,0.737003058,0.684895833,0.480730223,0.473684211,0.691460055,0.633423181,0.610271903,0.005602241,0.025936599,0.3671875,0.605970149,0.550595238,0.761643836,0.284552846,0.616487455,0.344827586,0.019607843,0.366013072,0.009677419,0.061068702,0.305555556,0.174358974,0.4,0.730870712,0.531165312,0.101123596,0.538461538,0.655882353,0.172638436,0
0.294964029,0.326599327,0.116465863,0.823529412,0.053521127,0.619791667,0.5625,0.587112172,0.602122016,0.456175299,0.596287703,0.568965517,0.658711217,0.55952381,0.56097561,0.096676737,0.951428571,0.538802661,0.44950495,0.368217054,0.522267206,0.5,0.513574661,0.298429319,0,0.513580247,0.726519337,0.347266881,0.557632399,0.041262136,0.496753247,0.955479452,0.603498542,0.167800454,0.506527415,0.316363636,0.779448622,0.526610644,0.012,0.608108108,0.154411765,0.622159091,0.575163399,0.566037736,0.602631579,0.386313466,0.756554307,0.600508906,0.530066815,0.445585216,0.486288848,0.558073654,0.473972603,0.794871795,0.349462366,0.457380457,0.654135338,0.269896194,0.669491525,0.305555556,0.866666667,0.763586957,0.290502793,0.110311751,0.985018727,0.277486911,0.011682243,0.419263456,0.002949853,0.427777778,0.093385214,0.048387097,0.617582418,0.648888889,0.606435644,0.30952381,0.60391198,0.447478992,0.545454545,0.576744186,0.621315193,0.480978261,0.455795678,0.309455587,0.187654321,0.539845758,0.479750779,0.427672956,0.50729927,0.078886311,0.667567568,0.700534759,0.725988701,0.424603175,0.340707965,0.352216749,0.834254144,0.664935065,0.039408867,0.594871795,0.285234899,0.523178808,0.655612245,0.621686747,0.531969309,0.418454936,0.786982249,0.707246377,0.461893764,0.554597701,0.588075881,0.51565762,0.605839416,0.530054645,0.245575221,0.62642369,0.059665871,0.705202312,0.676470588,0.679886686,0.013262599,0.231958763,0.097560976,0.669781931,0.884353741,0.497237569,0.482843137,0.126914661,0.480603448,0.835294118,0.504273504,0.629032258,0.485943775,0.564393939,0.549668874,0.5,0.648578811,0.559633028,0.552083333,0.511156187,0.428571429,0.52892562,0.547169811,0.613293051,0.00280112,0.014409222,0.125,0.462686567,0.473214286,0.687671233,0.463414634,0.691756272,0.561128527,0.235294118,0.85620915,0.709677419,0.06870229,0.128787879,0.035897436,0.1375,0.058047493,0.425474255,0.310861423,0.711538462,0.694117647,0.602605863,0
0.395683453,0.037037037,0.112449799,0.948529412,0.047887324,0.825520833,0.557291667,0.894988067,0.588859416,0.460159363,0.582366589,0.570881226,0.656324582,0.55,0.566395664,0.087613293,0.948571429,0.538802661,0.566336634,0.397286822,0.522267206,0.505988024,0.524886878,0.162303665,0.008426966,0.511111111,0.729281768,0.372990354,0.741433022,0.160194175,0.003246753,0.188356164,0.344023324,0.247165533,0.352480418,0.338181818,0.56641604,0.521008403,0.156,0.605405405,0.095588235,0.477272727,0.575163399,0.549528302,0.621052632,0.370860927,0.730337079,0.577608142,0.837416481,0.449691992,0.486288848,0.569405099,0.484931507,0.456876457,0.438172043,0.482328482,0.651629073,0.183391003,0.853107345,0.326388889,0.675362319,0.002717391,0.51396648,0.482014388,0.857677903,0.246073298,0.009345794,0.413597734,0.625368732,0.427777778,0.093385214,0.016129032,0.613186813,0.646666667,0.606435644,0.277777778,0.613691932,0.43907563,0.563636364,0.851162791,0.609977324,0.475543478,0.459724951,0.865329513,0.195061728,0.53470437,0.470404984,0.471698113,0.708029197,0.49187935,0,0.288770053,0.514124294,0.420634921,0.221238938,0.556650246,0.85359116,0.67012987,0.034482759,0.592307692,0.080536913,0.387417219,0.650510204,0.612048193,0.524296675,0.399141631,0.784023669,0.739130435,0.501154734,0.692528736,0.899728997,0.538622129,0.610705596,0.557377049,0.216814159,0.364464692,0.038186158,0.708092486,0.676470588,0.688385269,0.053050398,0.494845361,0.53902439,0.520249221,0.108843537,0.596685083,0.487745098,0.245076586,0.480603448,0.491176471,0.222222222,0.229032258,0.47188755,0.553030303,0.536423841,0.488023952,0.630490956,0.544342508,0.536458333,0.511156187,0.422932331,0.523415978,0.544474394,0.619335347,0.00280112,0.014409222,0.078125,0.465671642,0.476190476,0.687671233,0.300813008,0.544802867,0.388714734,0.019607843,0.401960784,0.009677419,0.055979644,0.113636364,0.482051282,0.3875,0.730870712,0.544715447,0.116104869,0.557692308,0.647058824,0.136807818,0
0.345323741,0.841750842,0.742971888,0.231617647,0.028169014,0.708333333,0.005208333,0.668257757,0.034482759,0.547808765,0.649651972,0.54789272,0.548926014,0.995238095,0.745257453,0.157099698,0.174285714,0.727272727,0.524752475,0.470930233,0.259109312,0.002994012,0.208144796,0.657068063,0.775280899,0.145679012,0.17679558,0.01607717,0.408099688,0.582524272,0.00974026,0.54109589,0.099125364,0.519274376,0.057441253,0.549090909,0.030075188,0.142857143,0.752,0.324324324,0.959558824,0.596590909,0.505446623,0.945754717,0.881578947,0.481236203,0.838951311,0.323155216,0.65701559,0.515400411,0.372943327,0.005665722,0.052054795,0.27972028,0.60483871,0.453222453,0.027568922,0.024221453,0.641242938,0.618055556,0.008695652,0.625,0.279329609,0.736211031,0.172284644,0.418848168,0.002336449,0.456090652,0.663716814,0.461111111,0.894941634,0.923387097,0.553846154,0.864444444,0.554455446,0.103174603,0.031784841,0.861344538,0.527272727,0.430232558,0.115646259,0.002717391,0.36345776,0.64469914,0.661728395,0.023136247,0.423676012,0.191823899,0.164233577,0.703016241,0.17027027,0.368983957,0.02259887,0.448412698,0.084070796,0.743842365,0.538674033,0.01038961,0.876847291,0.035897436,0.946308725,0.188741722,0.607142857,0.78313253,0.905370844,0.480686695,0.050295858,0.402898551,0.56812933,0.721264368,0.517615176,0.204592902,0.04136253,0.040983607,0.663716814,0.585421412,0.957040573,0.052023121,0.022058824,0.028328612,0.570291777,0.582474227,0.66097561,0.404984424,0.591836735,0.602209945,0.634803922,0.582056893,0.573275862,0.105882353,0.478632479,0.658064516,0.381526104,0.676136364,0.966887417,0.673652695,0.134366925,0.975535168,0.208333333,0.492900609,0.407894737,0.275482094,0.018867925,0.006042296,0.00280112,0.011527378,0.1015625,0.531343284,0.568452381,0.328767123,0.008130081,0.025089606,0.006269592,1,0.549019608,0.880645161,0.030534351,0.353535354,0.687179487,0.6125,0.488126649,0.338753388,0.258426966,0.583333333,0.526470588,0.058631922,0
0.287769784,0.269360269,0.224899598,0.823529412,0.047887324,0.619791667,0.557291667,0.69928401,0.641909814,0.336653386,0.670533643,0.488505747,0.608591885,0.533333333,0.509485095,0.13897281,0.994285714,0.527716186,0.598019802,0.36627907,0.449392713,0.520958084,0.606334842,0.120418848,0,0.481481481,0.740331492,0.080385852,0.554517134,0.031553398,0.480519481,0.955479452,0.606413994,0.195011338,0.503916449,0.316363636,0.781954887,0.621848739,0.028,0.727027027,0.257352941,0.627840909,0.48583878,0.646226415,0.518421053,0.55187638,0.996254682,0.547073791,0.623608018,0.330595483,0.440585009,0.552407932,0.619178082,0.773892774,0.349462366,0.486486486,0.661654135,0.096885813,0.669491525,0.222222222,0.863768116,0.760869565,0.290502793,0.103117506,0.985018727,0.272251309,0.002336449,0.538243626,0.097345133,0.6,0.206225681,0.052419355,0.621978022,0.5,0.497524752,0.126984127,0.69193154,0.539915966,0.56969697,0.623255814,0.433106576,0.519021739,0.457760314,0.191977077,0.116049383,0.508997429,0.476635514,0.477987421,0.50729927,0.078886311,0.659459459,0.700534759,0.728813559,0.454365079,0.345132743,0.359605911,0.834254144,0.54025974,0.034482759,0.656410256,0.315436242,0.529801325,0.596938776,0.628915663,0.519181586,0.412017167,0.346153846,0.663768116,0.427251732,0.540229885,0.582655827,0.48434238,0.518248175,0.62295082,0.269911504,0.498861048,0.023866348,0.523121387,0.615196078,0.597733711,0.013262599,0.231958763,0.097560976,0.669781931,0.880952381,0.491712707,0.387254902,0.107221007,0.448275862,0.835294118,0.504273504,0.632258065,0.512048193,0.505681818,0.554083885,0.45508982,0.635658915,0.733944954,0.684895833,0.482758621,0.473684211,0.694214876,0.633423181,0.610271903,0.005602241,0.028818444,0.3828125,0.611940299,0.553571429,0.761643836,0.468834688,0.684587814,0.564263323,0.290196078,0.859477124,0.709677419,0.058524173,0.29040404,0.151282051,0.14375,0.084432718,0.430894309,0.310861423,0.711538462,0.694117647,0.609120521,0
0.323741007,0.32996633,0.156626506,0.878676471,0.030985915,0.768229167,0.549479167,0.76849642,0.570291777,0.400398406,0.649651972,0.557471264,0.642004773,0.50952381,0.520325203,0.181268882,0.874285714,0.578713969,0.57029703,0.319767442,0.475708502,0.520958084,0.592760181,0.154450262,0.042134831,0.501234568,0.759668508,0.289389068,0.809968847,0.160194175,0.431818182,0.934931507,0.390670554,0.242630385,0.362924282,0.276363636,0.005012531,0.515406162,0.012,0.662162162,0.257352941,0.684659091,0.535947712,0.613207547,0.576315789,0.507726269,0.486891386,0.557251908,0.547884187,0.367556468,0.447897623,0.577903683,0.545205479,0.706293706,0.602150538,0.523908524,0.664160401,0.221453287,0.855932203,0.287037037,0.831884058,0.752717391,0.234636872,0.282973621,0.730337079,0.303664921,0.011682243,0.422096317,0.002949853,0.508333333,0.159533074,0.080645161,0.630769231,0.546666667,0.54950495,0.317460317,0.645476773,0.481092437,0.604040404,0.627906977,0.541950113,0.489130435,0.497053045,0.710601719,0.140740741,0.503856041,0.529595016,0.666666667,0.748175182,0.496519722,0.581081081,0.652406417,0.618644068,0.464285714,0.336283186,0.041871921,0.685082873,0.644155844,0.009852217,0.617948718,0.345637584,0.539735099,0.625,0.626506024,0.514066496,0.422746781,0.852071006,0.849275362,0.422632794,0.57183908,0.590785908,0.553235908,0.610705596,0.633879781,0.201327434,0.496583144,0.054892601,0.638728324,0.664215686,0.694050992,0.090185676,0.649484536,0.609756098,0.517133956,0.806122449,0.342541436,0.455882353,0.227571116,0.484913793,0.426470588,0.512820513,0.061290323,0.477911647,0.479166667,0.543046358,0.392215569,0.586563307,0.525993884,0.567708333,0.470588235,0.453007519,0.58953168,0.566037736,0.601208459,0.008403361,0.804034582,0.46875,0.552238806,0.547619048,0.734246575,0.284552846,0.508960573,0.423197492,0.42745098,0.875816993,0.75483871,0.063613232,0.23989899,0.015384615,0.30625,0.2823219,0.468834688,0.224719101,0.66025641,0.729411765,0.527687296,0
0.309352518,0.262626263,0.180722892,0.904411765,0.011267606,0.7421875,0.567708333,0.737470167,0.604774536,0.424302789,0.638051044,0.570881226,0.656324582,0.514285714,0.569105691,0.075528701,0.948571429,0.569844789,0.562376238,0.46124031,0.457489879,0.523952096,0.615384615,0.047120419,0.011235955,0.466666667,0.751381215,0.118971061,0.666666667,0.053398058,0.025974026,0.934931507,0.294460641,0.244897959,0.365535248,0.28,0.756892231,0.602240896,0.18,0.694594595,0.25,0.684659091,0.555555556,0.603773585,0.594736842,0.474613687,0.970037453,0.493638677,0.661469933,0.400410678,0.457038391,0.57223796,0.57260274,0.405594406,0.661290323,0.507276507,0.669172932,0.134948097,0.762711864,0.282407407,0.298550725,0.739130435,0.12849162,0.247002398,0.951310861,0.282722513,0.002336449,0.501416431,0.156342183,0.547222222,0.175097276,0.072580645,0.632967033,0.582222222,0.576732673,0.087301587,0.689486553,0.462184874,0.604040404,0.909302326,0.473922902,0.508152174,0.500982318,0.893982808,0.158024691,0.508997429,0.495327103,0.34591195,0.755474453,0.176334107,0.545945946,0.679144385,0.375706215,0.454365079,0.32300885,0.086206897,0.88121547,0.58961039,0.054187192,0.641025641,0.318791946,0.552980132,0.645408163,0.63373494,0.52173913,0.313304721,0.147928994,0.631884058,0.519630485,0.666666667,0.899728997,0.549060543,0.581508516,0.636612022,0.185840708,0.455580866,0.133651551,0.572254335,0.649509804,0.651558074,0.015915119,0.420103093,0.212195122,0.22741433,0.80952381,0.348066298,0.470588235,0.177242888,0.489224138,0.735294118,0.521367521,0.535483871,0.459839357,0.484848485,0.520971302,0.547904192,0.702842377,0.880733945,0.611979167,0.454361055,0.460526316,0.639118457,0.606469003,0.598187311,0.00280112,0.014409222,0.0625,0.573134328,0.541666667,0.747945205,0.300813008,0.630824373,0.34169279,0.37254902,0.879084967,0.732258065,0.061068702,0.204545455,0.282051282,0.3,0.303430079,0.482384824,0.247191011,0.698717949,0.738235294,0.557003257,0
0.323741007,0.252525253,0.606425703,0.886029412,0,0.7734375,0.5703125,0.589498807,0.575596817,0.314741036,0.645011601,0.559386973,0.575178998,0.55952381,0.585365854,0.084592145,0.645714286,0.492239468,0.572277228,0.596899225,0.495951417,0.494011976,0.570135747,0.081151832,0.092696629,0.548148148,0.657458564,0.382636656,0.806853583,0.101941748,0.363636364,0.924657534,0.402332362,0.192743764,0.360313316,0.272727273,0.007518797,0.99719888,0.212,0.759459459,0.194852941,0.701704545,0.455337691,0.648584906,0.584210526,0.51214128,0.382022472,0.577608142,0.585746102,0.344969199,0.455210238,0.529745042,0.542465753,0.531468531,0.594086022,0.471933472,0.62406015,0.197231834,0.855932203,0.199074074,0.831884058,0.739130435,0.245810056,0.268585132,0.72659176,0.303664921,0.002336449,0.949008499,0.002949853,0.808333333,0.3307393,0.358870968,0.593406593,0.553333333,0.514851485,0.047619048,0.657701711,0.544117647,0.606060606,0.946511628,0.580498866,0.486413043,0.499017682,0.699140401,0.103703704,0.583547558,0.398753894,0.424528302,0.740875912,0.505800464,0.527027027,0.647058824,0.629943503,0.408730159,0.349557522,0.061576355,0.693370166,0.6,0.54679803,0.587179487,0.238255034,0.546357616,0.589285714,0.621686747,0.547314578,0.384120172,0.068047337,0.611594203,0.584295612,0.66091954,0.91598916,0.559498956,0.613138686,0.603825137,0.28539823,0.521640091,0.07398568,0.774566474,0.681372549,0.637393768,0.039787798,0.646907216,0.612195122,0.514018692,0.778911565,0.320441989,0.343137255,0.177242888,0.398706897,0.441176471,0.517094017,0.067741935,0.451807229,0.435606061,0.494481236,1,0.901808786,0.804281346,0.513020833,0.45841785,0.447368421,0.903581267,0.587601078,0.619335347,0.005602241,0.760806916,0.125,0.597014925,0.401785714,0.673972603,0.2899729,0.498207885,0.44200627,0.498039216,0.879084967,0.75483871,0.027989822,0.199494949,0.002564103,0.384375,0.343007916,0.485094851,0.220973783,0.66025641,0.735294118,0.524429967,0
0.482014388,0.663299663,0.807228916,0.393382353,0.005633803,0.611979167,0.033854167,0.77326969,0.068965517,0.547808765,0.477958237,0.505747126,0.544152745,0.60952381,0.569105691,0.039274924,0.422857143,0.616407982,0.443564356,0.397286822,0.431174089,0.002994012,0.244343891,0.672774869,0.921348315,0.407407407,0.737569061,0.331189711,0.283489097,0.601941748,0.538961039,0.976027397,0.032069971,0.657596372,0.075718016,0.258181818,0.050125313,0.411764706,0.52,0.572972973,0.827205882,0.482954545,0.505446623,0.518867925,0.581578947,0.27593819,0.790262172,0.437659033,0.608017817,0.511293634,0.468007313,0.014164306,0.071232877,0.517482517,0.892473118,0.665280665,0.215538847,0.705882353,0.471751412,0.636574074,0.008695652,0.6875,0.206703911,0.73381295,0.116104869,0.267015707,0.002336449,0.657223796,0.356932153,0.75,0.832684825,0.471774194,0.520879121,0.611111111,0.633663366,0.079365079,0.129584352,0.518907563,0.484848485,0.511627907,0.258503401,0.008152174,0.410609037,0.573065903,0.666666667,0.097686375,0.943925234,0.883647799,0.346715328,0.6612529,0.635135135,0.834224599,0.008474576,0.428571429,0.274336283,0.248768473,0.44198895,0.051948052,0.669950739,0.112820513,0.771812081,0.543046358,0.609693878,0.462650602,0.52173913,0.418454936,0.047337278,0.379710145,0.563510393,0.534482759,0.571815718,0.317327766,0.102189781,0.051912568,0.639380531,0.630979499,1,0.514450867,0.279411765,0.668555241,0.602122016,0.62371134,0.580487805,0.246105919,0.976190476,0.745856354,0.580882353,0.647702407,0.484913793,0.038235294,0.534188034,0.474193548,0.52811245,0.551136364,0.655629139,0.754491018,0.511627907,0.95412844,0.265625,0.505070994,0.377819549,0.438016529,0.045822102,0.03021148,0.00280112,0.014409222,0.1640625,0.898507463,0.943452381,0.684931507,0.046070461,0.010752688,0.003134796,0.541176471,0.807189542,0.619354839,0.015267176,0.136363636,0.728205128,0.38125,0.182058047,0.398373984,0.292134831,0.775641026,0.761764706,0.599348534,0
0.366906475,0.61952862,0.734939759,0.507352941,0,0.713541667,0.0390625,0.789976134,0.029177719,0.585657371,0.517401392,0.402298851,0.520286396,0.616666667,0.585365854,0.172205438,0.305714286,0.611973392,0.534653465,0.412790698,0.289473684,0.005988024,0.314479638,0.90052356,0.536516854,0.214814815,0.773480663,0.443729904,0.45482866,0.575242718,0.003246753,0.150684932,0.244897959,0.512471655,0.015665796,0.505454545,0.01754386,0.394957983,0.592,0.586486486,0.772058824,0.352272727,0.525054466,0.613207547,0.526315789,0.428256071,0.662921348,0.269720102,0.681514477,0.503080082,0.34369287,0.011331445,0.090410959,0.540792541,0.612903226,0.459459459,0.248120301,0.75432526,0.663841808,0.673611111,0.315942029,0.220108696,0.491620112,0.71942446,0.172284644,0.382198953,0.002336449,0.651558074,0.607669617,0.722222222,0.762645914,0.443548387,0.450549451,0.542222222,0.631188119,0.119047619,0.048899756,0.617647059,0.43030303,0.446511628,0.120181406,0.005434783,0.347740668,0.965616046,0.656790123,0.095115681,0.950155763,0.849056604,0.273722628,0.703016241,0.089189189,0.213903743,0.070621469,0.482142857,0.092920354,0.697044335,0.524861878,0.041558442,0.689655172,0.148717949,0.734899329,0.291390728,0.614795918,0.525301205,0.52685422,0.572961373,0.147928994,0.336231884,0.570438799,0.531609195,0.56097561,0.267223382,0.065693431,0.081967213,0.579646018,0.523917995,0.639618138,0.352601156,0.218137255,0.739376771,0.559681698,0.603092784,0.675609756,0.529595016,0.166666667,0.585635359,0.664215686,0.555798687,0.566810345,0.002941176,0.102564103,0.2,0.419678715,0.471590909,0.66004415,0.796407186,0.465116279,0.96941896,0.328125,0.444219067,0.379699248,0.446280992,0.059299191,0.024169184,0.011204482,0.051873199,0.4921875,0.874626866,0.931547619,0.706849315,0.043360434,0.028673835,0.006269592,0.470588235,0.212418301,0.370967742,0.03562341,0.181818182,0.638461538,0.375,0.667546174,0.487804878,0.127340824,0.602564103,0.658823529,0.087947883,0
0.366906475,0.616161616,0.734939759,0.349264706,0,0.661458333,0.205729167,0.525059666,0.278514589,0.511952191,0.619489559,0.601532567,0.553699284,0.614285714,0.506775068,0.247734139,0.248571429,0.538802661,0.59009901,0.484496124,0.680161943,0.194610778,0.699095023,0.984293194,0.550561798,0.316049383,0.773480663,0.144694534,0.299065421,0.597087379,0.003246753,0.147260274,0.247813411,0.621315193,0.015665796,0.505454545,0.055137845,0.394957983,0.588,0.589189189,0.772058824,0.349431818,0.566448802,0.662735849,0.521052632,0.523178808,0.674157303,0.549618321,0.672605791,0.468172485,0.632541133,0.246458924,0.443835616,0.34032634,0.551075269,0.43035343,0.305764411,0.747404844,0.54519774,0.5625,0.107246377,0.217391304,0.491620112,0.75059952,0.134831461,0.376963351,0.002336449,0.651558074,0.607669617,0.725,0.766536965,0.443548387,0.520879121,0.571111111,0.477722772,0.119047619,0.163814181,0.632352941,0.626262626,0.462790698,0.594104308,0.184782609,0.703339882,0.64756447,0.572839506,0.244215938,0.947040498,0.289308176,0.259124088,0.684454756,0.086486486,0.213903743,0.039548023,0.384920635,0.097345133,0.697044335,0.511049724,0.163636364,0.684729064,0.246153846,0.734899329,0.28807947,0.492346939,0.568674699,0.537084399,0.566523605,0.121301775,0.214492754,0.526558891,0.494252874,0.552845528,0.697286013,0.566909976,0.540983607,0.674778761,0.535307517,0.68973747,0.274566474,0.269607843,0.736543909,0.525198939,0.484536082,0.604878049,0.529595016,0.149659864,0.585635359,0.681372549,0.63238512,0.556034483,0.002941176,0.102564103,0.203225806,0.610441767,0.5625,0.620309051,0.793413174,0.465116279,0.96941896,0.661458333,0.655172414,0.667293233,0.449035813,0.156334232,0.135951662,0.00280112,0.158501441,0.1328125,0.874626866,0.931547619,0.709589041,0.046070461,0.007168459,0.006269592,0.470588235,0.209150327,0.367741935,0.03562341,0.436868687,0.743589744,0.375,0.667546174,0.487804878,0.123595506,0.596153846,0.658823529,0.087947883,0
0.388489209,0.016835017,0.156626506,0.955882353,0,0.34375,0.575520833,0.558472554,0.787798408,0.380478088,0.730858469,0.568965517,0.527446301,0.55952381,0.658536585,0.794561934,0.888571429,0.529933481,0.544554455,0.370155039,0.5,0.730538922,0.570135747,0.151832461,0,0.550617284,0.649171271,0.395498392,0.448598131,0.029126214,0.006493506,0.178082192,0.396501458,0.138321995,0.644908616,0.374545455,0.671679198,0.882352941,0.172,0.527027027,0.055147059,0.321022727,0.474945534,0.672169811,0.618421053,0.732891832,0.265917603,0.58778626,0.534521158,0.330595483,0.468007313,0.815864023,0.542465753,0.554778555,0.209677419,0.46985447,0.619047619,0.152249135,0.491525424,0.300925926,0.791304348,0.002717391,0.441340782,0.002398082,0.91011236,0.240837696,0.007009346,0.521246459,0.640117994,0.411111111,0.050583658,0.012096774,0.562637363,0.586666667,0.504950495,0.23015873,0.921760391,0.691176471,0.6,0.586046512,0.58276644,0.586956522,0.495088409,0.767908309,0.155555556,0.580976864,0.336448598,0.424528302,0.649635036,0.013921114,0,0.336898396,0.632768362,0.454365079,0.35840708,0.613300493,0.549723757,1,0.093596059,0.574358974,0.046979866,0.311258278,0.637755102,0.648192771,0.613810742,0.729613734,0.387573964,0.631884058,0.452655889,0.591954023,0.482384824,0.559498956,0.618004866,0.609289617,0.196902655,0.503416856,0.028639618,0.777456647,0.676470588,0.634560907,0.00265252,0.268041237,0.163414634,0.560747664,0.085034014,0.61878453,0.470588235,0.072210066,0.439655172,0.888235294,0.581196581,0.793548387,0.457831325,0.465909091,0.567328918,0.586826347,1,0.434250765,0.513020833,0.472616633,0.437969925,0.592286501,0.67115903,1,0.00280112,0.014409222,0.109375,0.349253731,0.345238095,0.594520548,0.45799458,0.688172043,0.532915361,0.011764706,0.14379085,0.006451613,0.119592875,0.371212121,0.030769231,0.209375,0.712401055,0.504065041,0.176029963,0.544871795,0.594117647,0.120521173,0
0.438848921,0.033670034,0.192771084,0.808823529,0,0.549479167,0.557291667,0.529832936,0.944297082,0.392430279,0.895591647,0.563218391,0.809069212,0.861904762,0.937669377,0.163141994,0.945714286,0.576496674,0.566336634,0.389534884,0.44534413,0.670658683,0.617647059,0.010471204,0.061797753,0.464197531,0.756906077,0.115755627,0.732087227,0.104368932,0.003246753,0.167808219,0.349854227,0.140589569,0.511749347,0.316363636,0.79197995,0.613445378,0.06,0.7,0.125,0.482954545,0.586056645,0.990566038,0.728947368,0.538631347,0.153558052,0.684478372,0.501113586,0.361396304,0.447897623,0.855524079,0.597260274,0.477855478,0.741935484,0.496881497,0.666666667,0.134948097,0.68079096,0.342592593,0.084057971,0,0.536312849,0.103117506,0.928838951,0.246073298,0.002336449,0.47592068,0.654867257,0.561111111,0.147859922,0.02016129,0.843956044,0.628888889,0.797029703,0.095238095,1,0.705882353,0.606060606,0.588372093,0.555555556,0.538043478,0.495088409,0.747851003,0.17037037,0.508997429,0.501557632,0.176100629,0.824817518,0.102088167,0,0.272727273,0.38700565,0.384920635,0.292035398,0.54679803,0.787292818,0.872727273,0.014778325,0.641025641,0.087248322,0.374172185,0.964285714,1,0.936061381,0.388412017,0.334319527,0.701449275,0.642032333,0.681034483,0.539295393,0.519832985,0.610705596,0.647540984,0.181415929,0.44191344,0.174224344,0.560693642,0.644607843,0.651558074,0.087533156,0.62628866,0.414634146,0.436137072,0.06122449,0.580110497,0.509803922,0.150984683,0.469827586,0.841176471,0.371794872,0.64516129,0.487951807,0.482954545,0.629139073,0.326347305,0.762273902,0.455657492,0.658854167,0.460446247,0.473684211,0.64738292,0.619946092,0.761329305,0.00280112,0.014409222,0.046875,0.588059701,0.556547619,0.753424658,0.2899729,0.623655914,0.347962382,0.023529412,0.395424837,0.009677419,0.071246819,0.23989899,0.092307692,0.415625,0.730870712,0.536585366,0.101123596,0.538461538,0.655882353,0.169381107,0
0.294964029,0.35016835,0.124497992,0.823529412,0.036619718,0.6171875,0.549479167,0.61097852,0.575596817,0.450199203,0.860788863,0.58045977,0.832935561,0.826190476,0.964769648,0.18429003,0.942857143,0.572062084,0.483168317,0.372093023,0.508097166,0.517964072,0.556561086,0.007853403,0,0.498765432,0.743093923,0.360128617,0.560747664,0.041262136,0.50974026,0.955479452,0.60058309,0.151927438,0.509138381,0.316363636,0.77443609,0.521008403,0.008,0.627027027,0.183823529,0.619318182,0.631808279,0.962264151,0.726315789,0.514348786,0.621722846,0.557251908,0.501113586,0.422997947,0.491773309,0.580736544,0.515068493,0.48018648,0.349462366,0.498960499,0.654135338,0.297577855,0.672316384,0.361111111,0.866666667,0.766304348,0.290502793,0.064748201,0.988764045,0.277486911,0.009345794,0.416430595,0.002949853,0.455555556,0.112840467,0.048387097,0.841758242,0.657777778,0.846534653,0.285714286,0.62591687,0.592436975,0.581818182,0.574418605,0.585034014,0.47826087,0.483300589,0.166189112,0.24691358,0.516709512,0.510903427,0.34591195,0.50729927,0.076566125,0.675675676,0.695187166,0.725988701,0.408730159,0.340707965,0.342364532,0.831491713,0.67012987,0.024630542,0.597435897,0.312080537,0.51986755,0.989795918,0.997590361,0.933503836,0.394849785,0.801775148,0.782608696,0.699769053,0.658045977,0.56097561,0.549060543,0.620437956,0.609289617,0.219026549,0.357630979,0.007159905,0.684971098,0.671568627,0.696883853,0.018567639,0.229381443,0.097560976,0.672897196,0.887755102,0.497237569,0.473039216,0.083150985,0.400862069,0.835294118,0.504273504,0.625806452,0.469879518,0.541666667,0.587196468,0.464071856,0.622739018,0.547400612,0.536458333,0.488843813,0.42481203,0.542699725,0.549865229,0.619335347,0.00280112,0.014409222,0.046875,0.501492537,0.508928571,0.706849315,0.45799458,0.695340502,0.55799373,0.239215686,0.85620915,0.712903226,0.073791349,0.310606061,0.153846154,0.13125,0.050131926,0.420054201,0.307116105,0.705128205,0.691176471,0.599348534,0
0.402877698,0.026936027,0.200803213,0.959558824,0,0.822916667,0.575520833,0.54176611,0.551724138,0.290836653,0.742459397,0.486590038,0.546539379,0.973809524,0.921409214,0.066465257,0.822857143,0.523281596,0.596039604,0.432170543,0.469635628,0.526946108,0.615384615,0.170157068,0.005617978,0.498765432,0.729281768,0.263665595,0.719626168,0.060679612,0.003246753,0.167808219,0.341107872,0.249433107,0.352480418,0.341818182,0.598997494,0.666666667,0.416,0.627027027,0.088235294,0.457386364,0.392156863,0.971698113,0.902631579,0.373068433,0.322097378,0.600508906,0.659242762,0.361396304,0.405850091,0.569405099,0.610958904,0.482517483,0.448924731,0.438669439,0.661654135,0.155709343,0.84180791,0.1875,0.649275362,0,0.519553073,0.505995204,0.853932584,0.246073298,0.002336449,0.592067989,0.643067847,0.5,0.097276265,0.016129032,0.632967033,0.786666667,0.608910891,0.047619048,0.667481663,0.773109244,0.555555556,0.588372093,0.476190476,0.505434783,0.451866405,0.868194842,0.098765432,0.550128535,0.445482866,0.352201258,0.718978102,0.49187935,0,0.28342246,0.511299435,0.398809524,0.225663717,0.564039409,0.864640884,0.633766234,0.21182266,0.61025641,0.070469799,0.374172185,0.816326531,0.910843373,0.976982097,0.47639485,0.142011834,0.565217391,0.577367206,0.82183908,0.558265583,0.513569937,0.545012165,0.642076503,0.261061947,0.55808656,0.059665871,0.687861272,0.676470588,0.668555241,0.01061008,0.469072165,0.526829268,0.507788162,0.078231293,0.591160221,0.335784314,0.196936543,0.411637931,0.505882353,0.226495726,0.261290323,0.508032129,0.501893939,0.830022075,0.808383234,0.795865633,0.996941896,0.6640625,0.486815416,0.479323308,0.603305785,0.563342318,0.592145015,0.00280112,0.014409222,0.125,0.47761194,0.470238095,0.698630137,0.300813008,0.53046595,0.398119122,0.019607843,0.366013072,0.009677419,0.020356234,0.075757576,0.556410256,0.36875,0.72823219,0.536585366,0.112359551,0.557692308,0.65,0.143322476,0
0.345323741,0.838383838,0.742971888,0.191176471,0.030985915,0.71875,0.0078125,0.887828162,0.023872679,0.581673307,0.50812065,0.511494253,0.503579952,0.628571429,0.558265583,0.120845921,0.125714286,0.600886918,0.796039604,0.432170543,0.267206478,0.002994012,0.239819005,0.59947644,0.764044944,0.204938272,0.165745856,0.01607717,0.445482866,0.572815534,0.00974026,0.54109589,0.099125364,0.510204082,0.060052219,0.549090909,0.025062657,0.140056022,0.752,0.324324324,0.959558824,0.596590909,0.51416122,0.615566038,0.642105263,0.401766004,0.846441948,0.259541985,0.9844098,0.511293634,0.367458867,0.005665722,0.082191781,0.370629371,0.561827957,0.405405405,0.035087719,0.024221453,0.661016949,0.671296296,0.008695652,0.622282609,0.279329609,0.726618705,0.183520599,0.418848168,0.002336449,0.456090652,0.663716814,0.461111111,0.894941634,0.923387097,0.450549451,0.584444444,0.611386139,0.095238095,0.019559902,0.607142857,0.678787879,0.590697674,0.111111111,0.005434783,0.326129666,0.624641834,0.669135802,0.041131105,0.414330218,0.160377358,0.167883212,0.703016241,0.164864865,0.368983957,0.02259887,0.474206349,0.088495575,0.746305419,0.546961326,0.01038961,0.876847291,0.035897436,0.94295302,0.188741722,0.545918367,0.508433735,0.534526854,0.545064378,0.115384615,0.266666667,0.577367206,0.787356322,0.829268293,0.21085595,0.04379562,0.057377049,0.663716814,0.635535308,0.935560859,0.040462428,0.019607843,0.028328612,0.570291777,0.592783505,0.668292683,0.398753894,0.591836735,0.602209945,0.654411765,0.562363239,0.5625,0.114705882,0.482905983,0.661290323,0.423694779,0.482954545,0.662251656,0.670658683,0.131782946,0.975535168,0.302083333,0.553752535,0.415413534,0.275482094,0.018867925,0.006042296,0.00280112,0.011527378,0.1015625,0.531343284,0.56547619,0.328767123,0.008130081,0.028673835,0.006269592,1,0.549019608,0.880645161,0.030534351,0.146464646,0.664102564,0.615625,0.485488127,0.33604336,0.258426966,0.583333333,0.523529412,0.061889251,0
0.323741007,0.259259259,0.152610442,0.886029412,0,0.7734375,0.575520833,0.560859189,0.793103448,0.384462151,0.73549884,0.568965517,0.527446301,0.55952381,0.661246612,0.791540785,0.888571429,0.527716186,0.544554455,0.36627907,0.502024291,0.733532934,0.567873303,0.167539267,0.042134831,0.55308642,0.64640884,0.392282958,0.806853583,0.177184466,0.415584416,0.934931507,0.393586006,0.256235828,0.362924282,0.28,0.007518797,0.8767507,0.012,0.524324324,0.088235294,0.684659091,0.474945534,0.672169811,0.621052632,0.735099338,0.265917603,0.58778626,0.53674833,0.330595483,0.468007313,0.821529745,0.539726027,0.559440559,0.591397849,0.471933472,0.616541353,0.21799308,0.855932203,0.321759259,0.831884058,0.75,0.229050279,0.316546763,0.734082397,0.298429319,0.007009346,0.521246459,0.002949853,0.411111111,0.046692607,0.120967742,0.569230769,0.588888889,0.514851485,0.222222222,0.926650367,0.68907563,0.6,0.586046512,0.585034014,0.589673913,0.493123772,0.70773639,0.162962963,0.580976864,0.3894081,0.427672956,0.740875912,0.503480278,0.572972973,0.657754011,0.624293785,0.462301587,0.336283186,0.049261084,0.696132597,1,0.133004926,0.571794872,0.228187919,0.543046358,0.640306122,0.645783133,0.608695652,0.723175966,0.378698225,0.631884058,0.457274827,0.594827586,0.482384824,0.559498956,0.618004866,0.603825137,0.199115044,0.501138952,0.047732697,0.777456647,0.676470588,0.628895184,0.116710875,0.644329897,0.609756098,0.517133956,0.806122449,0.348066298,0.473039216,0.207877462,0.439655172,0.435294118,0.512820513,0.067741935,0.457831325,0.46780303,0.565121413,0.586826347,0.997416021,0.412844037,0.510416667,0.472616633,0.437969925,0.58677686,0.668463612,0.996978852,0.00280112,0.775216138,0.1171875,0.346268657,0.351190476,0.591780822,0.287262873,0.505376344,0.432601881,0.415686275,0.875816993,0.751612903,0.119592875,0.431818182,0.112820513,0.30625,0.284960422,0.471544715,0.228464419,0.666666667,0.729411765,0.534201954,0
0.287769784,0.30976431,0.204819277,0.827205882,0,0.619791667,0.575520833,0.53221957,0.549071618,0.288844622,0.744779582,0.501915709,0.515513126,0.988095238,0.894308943,0.081570997,0.831428571,0.545454545,0.594059406,0.44379845,0.475708502,0.526946108,0.613122172,0.028795812,0,0.498765432,0.732044199,0.241157556,0.54517134,0.012135922,0.470779221,0.955479452,0.606413994,0.156462585,0.501305483,0.316363636,0.786967419,0.661064426,0.288,0.635135135,0.172794118,0.627840909,0.37254902,0.981132075,0.902631579,0.401766004,0.573033708,0.613231552,0.65701559,0.379876797,0.413162706,0.566572238,0.621917808,0.433566434,0.346774194,0.434511435,0.664160401,0.211072664,0.663841808,0.173611111,0.860869565,0.760869565,0.290502793,0.071942446,0.981273408,0.272251309,0.002336449,0.583569405,0.15339233,0.502777778,0.112840467,0.10483871,0.608791209,0.811111111,0.556930693,0.063492063,0.672371638,0.808823529,0.557575758,0.58372093,0.480725624,0.508152174,0.451866405,0.151862464,0.10617284,0.550128535,0.476635514,0.349056604,0.50729927,0.067285383,0.656756757,0.700534759,0.728813559,0.406746032,0.345132743,0.362068966,0.837016575,0.631168831,0.261083744,0.615384615,0.288590604,0.529801325,0.778061224,0.898795181,0.971867008,0.491416309,0.156804734,0.568115942,0.542725173,0.801724138,0.547425474,0.501043841,0.532846715,0.642076503,0.278761062,0.548974943,0.019093079,0.673410405,0.674019608,0.668555241,0.00530504,0.237113402,0.092682927,0.663551402,0.880952381,0.491712707,0.306372549,0.076586433,0.396551724,0.835294118,0.5,0.635483871,0.516064257,0.528409091,0.874172185,0.799401198,0.793281654,1,0.671875,0.490872211,0.477443609,0.606060606,0.568733154,0.592145015,0.00280112,0.011527378,0.09375,0.489552239,0.485119048,0.706849315,0.474254743,0.681003584,0.570532915,0.247058824,0.859477124,0.709677419,0.040712468,0.108585859,0.028205128,0.25,0.124010554,0.430894309,0.314606742,0.717948718,0.694117647,0.609120521,0
0.366906475,0.622895623,0.742971888,0.154411765,0,0.7109375,0.044270833,0.885441527,0.021220159,0.543824701,0.531322506,0.511494253,0.515513126,0.633333333,0.536585366,0.129909366,0.288571429,0.585365854,0.8,0.465116279,0.265182186,0.005988024,0.303167421,0.709424084,0.755617978,0.237037037,0.770718232,0.196141479,0.498442368,0.992718447,0.003246753,0.150684932,0.239067055,0.603174603,0.015665796,0.505454545,0.047619048,0.394957983,0.584,0.586486486,0.779411765,0.346590909,0.509803922,0.629716981,0.642105263,0.415011038,0.68164794,0.223918575,0.986636971,0.515400411,0.352833638,0.005665722,0.104109589,0.296037296,0.556451613,0.38045738,0.243107769,0.747404844,0.652542373,0.736111111,0.014492754,0.222826087,0.491620112,1,0.191011236,0.371727749,0.002336449,0.651558074,0.607669617,0.727777778,0.774319066,0.447580645,0.472527473,0.582222222,0.556930693,0.095238095,0.034229829,0.615546218,0.686868687,0.569767442,0.102040816,0.008152174,0.345776031,0.561604585,0.696296296,0.107969152,0.950155763,0.355345912,0.186131387,1,0.086486486,0.213903743,0.039548023,0.450396825,0.092920354,0.701970443,0.38121547,0.041558442,0.684729064,0.143589744,0.741610738,0.274834437,0.489795918,0.515662651,0.542199488,0.5472103,0.100591716,0.275362319,0.56812933,0.778735632,0.81300813,0.246346555,0.058394161,0.084699454,0.634955752,0.523917995,0.61575179,0.210982659,0.223039216,0.730878187,0.970822281,0.695876289,0.919512195,0.526479751,0.163265306,0.591160221,0.671568627,0.938730853,0.577586207,0.002941176,0.111111111,0.212903226,0.393574297,0.471590909,0.657836645,0.790419162,0.467700258,0.96941896,0.338541667,0.588235294,0.462406015,0.443526171,0.056603774,0.024169184,0.00280112,0.014409222,0.1015625,0.87761194,0.93452381,0.706849315,0.043360434,0.053763441,0.006269592,0.470588235,0.205882353,0.370967742,0.03307888,0.330808081,0.692307692,0.378125,0.662269129,0.479674797,0.127340824,0.596153846,0.655882353,0.091205212,0
0.309352518,0.612794613,0.21686747,0.900735294,0,0.744791667,0.65625,0.510739857,0.517241379,0.408366534,0.728538283,0.567049808,0.696897375,0.626190476,0.539295393,0.722054381,0.742857143,0.487804878,0.558415842,0.457364341,0.481781377,0.52994012,0.592760181,0.015706806,0.008426966,0.479012346,0.933701657,0.845659164,0.666666667,0.169902913,0.029220779,0.938356164,0.29154519,0.566893424,0.362924282,0.28,0.756892231,0.677871148,0.004,0.621621622,0.459558824,0.678977273,0.555555556,0.721698113,0.607894737,0.74392936,0.149812734,0.600508906,0.525612472,0.410677618,0.460694698,0.538243626,0.589041096,0.335664336,0.661290323,0.434511435,0.644110276,0.792387543,0.762711864,0.384259259,0.295652174,0.741847826,0.12849162,0.412470024,0.947565543,0.282722513,0.002336449,0.501416431,0.002949853,0.555555556,0.287937743,0.092741935,0.701098901,0.584444444,0.47029703,0.095238095,0.555012225,0.542016807,0.606060606,0.579069767,0.553287982,0.543478261,0.500982318,0.891117479,0.177777778,0.658097686,0.950155763,0.51572327,0.755474453,0.271461717,0.562162162,0.679144385,0.372881356,0.702380952,0.318584071,0.078817734,0.883977901,0.605194805,0.034482759,0.541025641,0.577181208,0.552980132,0.538265306,0.657831325,0.613810742,0.542918455,0.091715976,0.637681159,0.441108545,0.574712644,0.52303523,0.559498956,0.610705596,0.62568306,0.274336283,0.517084282,0.174224344,0.684971098,0.68627451,0.997167139,0.042440318,0.422680412,0.234146341,0.230529595,0.816326531,0.359116022,0.651960784,0.371991247,0.702586207,0.729411765,0.517094017,0.535483871,0.46184739,0.454545455,0.492273731,0.502994012,0.726098191,0.510703364,0.533854167,0.442190669,0.447368421,0.58677686,0.544474394,0.616314199,0.019607843,0.014409222,0.0625,0.728358209,0.851190476,0.794520548,0.300813008,0.623655914,0.338557994,0.443137255,0.875816993,0.732258065,0.086513995,0.797979798,0.528205128,0.259375,0.2823219,0.47696477,0.25093633,0.698717949,0.735294118,0.557003257,0
0.323741007,0.579124579,0.168674699,0.882352941,0,0.7734375,0.635416667,0.544152745,0.562334218,0.394422311,0.740139211,0.568965517,0.539379475,0.578571429,0.639566396,0.870090634,0.702857143,0.494456763,0.489108911,0.364341085,0.524291498,0.523952096,0.495475113,0.141361257,0.042134831,0.580246914,0.906077348,0.906752412,0.809968847,0.189320388,0.428571429,0.934931507,0.390670554,0.297052154,0.362924282,0.28,0.007518797,0.705882353,0.012,0.602702703,0.345588235,0.684659091,0.477124183,0.650943396,0.626315789,0.759381898,0.104868914,0.600508906,0.559020045,0.330595483,0.480804388,0.538243626,0.57260274,0.536130536,0.594086022,0.455301455,0.62406015,0.737024221,0.855932203,0.342592593,0.828985507,0.752717391,0.234636872,0.338129496,0.734082397,0.303664921,0.011682243,0.509915014,0.002949853,0.505555556,0.175097276,0.080645161,0.591208791,0.646666667,0.532178218,0.26984127,0.528117359,0.655462185,0.555555556,0.590697674,0.616780045,0.546195652,0.459724951,0.710601719,0.182716049,0.683804627,0.866043614,0.544025157,0.740875912,0.501160093,0.586486486,0.657754011,0.621468927,0.505952381,0.336283186,0.041871921,0.693370166,0.61038961,0.049261084,0.512820513,0.513422819,0.539735099,0.660714286,0.662650602,0.595907928,0.697424893,0.24852071,0.649275362,0.448036952,0.548850575,0.482384824,0.536534447,0.605839416,0.571038251,0.196902655,0.4738041,0.031026253,0.757225434,0.693627451,0.994334278,0.132625995,0.646907216,0.609756098,0.517133956,0.80952381,0.342541436,0.490196078,0.225382932,0.459051724,0.432352941,0.512820513,0.061290323,0.473895582,0.547348485,0.582781457,0.538922156,0.73126615,0.513761468,0.486979167,0.490872211,0.428571429,0.603305785,0.530997305,0.63141994,0.047619048,0.78962536,0.140625,0.597014925,0.74702381,0.747945205,0.284552846,0.508960573,0.426332288,0.439215686,0.875816993,0.75483871,0.150127226,0.507575758,0.223076923,0.3,0.27176781,0.466124661,0.228464419,0.666666667,0.729411765,0.530944625,0
0.237410072,0.067340067,0.204819277,0.772058824,0.008450704,0.666666667,0.661458333,0.539379475,0.482758621,0.30876494,0.807424594,0.51532567,0.494033413,0.978571429,0.823848238,0.120845921,0.82,0.587583149,0.598019802,0.463178295,0.475708502,0.523952096,0.610859729,0.010471204,0,0.565432099,0.674033149,0.906752412,0.554517134,0.024271845,0.006493506,0.643835616,0.66180758,0.195011338,0.488250653,0.552727273,0.794486216,0.546218487,0.008,0.567567568,0.139705882,0.079545455,0.37037037,1,0.828947368,0.479028698,0.34082397,0.633587786,0.616926503,0.420944559,0.418647166,0.495750708,0.624657534,0.328671329,0.341397849,0.451143451,0.664160401,0.342560554,0.689265537,0.173611111,0.826086957,0.0625,0.340782123,0.12470024,0.962546816,0.418848168,0.002336449,0.42776204,0.126843658,0.525,0.178988327,0.012096774,0.641758242,0.775555556,0.542079208,0.071428571,0.599022005,0.867647059,0.575757576,0.572093023,0.492063492,0.578804348,0.459724951,0.083094556,0.133333333,0.557840617,0.498442368,0.817610063,0.49270073,0.104408353,0.024324324,0.443850267,0.745762712,0.422619048,0.42920354,0.746305419,0.861878453,0.548051948,0.014778325,0.666666667,0.090604027,0.271523179,0.744897959,0.893975904,0.936061381,0.527896996,0.230769231,0.553623188,0.512702079,0.704022989,0.525745257,0.498956159,0.527980535,0.639344262,0.303097345,0.535307517,0.009546539,0.979768786,0.698529412,0.815864023,0.015915119,0.18814433,0.12195122,0.679127726,0.666666667,0.403314917,0.289215686,0.098468271,0.387931034,0.802941176,0.572649573,0.758064516,0.518072289,0.517045455,0.896247241,0.362275449,0.664082687,0.452599388,0.671875,0.47464503,0.477443609,0.50137741,0.649595687,0.601208459,0.075630252,0.014409222,0.296875,0.597014925,0.571428571,0.624657534,0.550135501,0.64874552,0.60815047,0.015686275,0.369281046,0.04516129,0.053435115,0.222222222,0.223076923,0.015625,0.45646438,0.311653117,0.449438202,0.608974359,0.329411765,0.107491857,0
0.438848921,0.225589226,0.164658635,0.808823529,0,0.5546875,0.627604167,0.508353222,0.570291777,0.378486056,0.723897912,0.563218391,0.544152745,0.597619048,0.604336043,0.921450151,0.694285714,0.501108647,0.481188119,0.38372093,0.526315789,0.523952096,0.477375566,0.020942408,0.056179775,0.597530864,0.895027624,0.91318328,0.735202492,0.099514563,0.003246753,0.167808219,0.349854227,0.222222222,0.503916449,0.316363636,0.794486216,0.711484594,0.188,0.6,0.220588235,0.485795455,0.474945534,0.655660377,0.615789474,0.763796909,0.101123596,0.613231552,0.556792873,0.330595483,0.482632541,0.538243626,0.578082192,0.494172494,0.741935484,0.449064449,0.619047619,0.685121107,0.683615819,0.331018519,0.072463768,0.057065217,0.536312849,0.112709832,0.925093633,0.246073298,0.035046729,0.518413598,0.654867257,0.497222222,0.159533074,0.02016129,0.58021978,0.655555556,0.5,0.333333333,0.523227384,0.644957983,0.535353535,0.590697674,0.621315193,0.546195652,0.455795678,0.742120344,0.162962963,0.686375321,0.841121495,0.531446541,0.828467153,0.102088167,0.032432432,0.272727273,0.384180791,0.496031746,0.287610619,0.544334975,0.790055249,0.61038961,0.054187192,0.51025641,0.291946309,0.374172185,0.658163265,0.684337349,0.595907928,0.714592275,0.301775148,0.663768116,0.43187067,0.537356322,0.495934959,0.526096033,0.603406326,0.56557377,0.192477876,0.471526196,0.186157518,0.786127168,0.696078431,0.988668555,0.082228117,0.62628866,0.419512195,0.433021807,0.06122449,0.574585635,0.50245098,0.146608315,0.471982759,0.838235294,0.371794872,0.64516129,0.487951807,0.564393939,0.600441501,0.550898204,0.733850129,0.525993884,0.486979167,0.482758621,0.430451128,0.606060606,0.530997305,0.634441088,0.050420168,0.014409222,0.109375,0.567164179,0.717261905,0.734246575,0.287262873,0.616487455,0.344827586,0.094117647,0.401960784,0.122580645,0.376590331,0.51010101,0.243589744,0.421875,0.730870712,0.536585366,0.101123596,0.544871795,0.655882353,0.172638436,0
0.330935252,0.353535354,0.823293173,0.878676471,0,0.768229167,0.609375,0.568019093,0.543766578,0.424302789,0.837587007,0.559386973,0.804295943,0.842857143,0.972899729,0.099697885,0.8,0.567627494,0.572277228,0.393410853,0.44534413,0.494011976,0.617647059,0.117801047,0.042134831,0.496296296,0.856353591,0.234726688,0.809968847,0.194174757,0.412337662,0.928082192,0.393586006,0.163265306,0.362924282,0.272727273,0.007518797,0.921568627,0.016,1,0.533088235,0.693181818,0.605664488,0.95754717,0.744736842,0.51214128,0.258426966,0.531806616,0.523385301,0.394250513,0.444241316,0.515580737,0.602739726,0.51981352,0.602150538,0.509355509,0.691729323,0.335640138,0.855932203,0.358796296,0.831884058,0.75,0.251396648,0.215827338,0.72659176,0.303664921,0.002336449,0.985835694,0.002949853,1,0.634241245,0.399193548,0.817582418,0.617777778,0.836633663,0.071428571,0.635696822,0.575630252,0.606060606,0.58372093,0.453514739,0.489130435,0.497053045,0.710601719,0.214814815,0.586118252,0.560747664,0.232704403,0.744525547,0.496519722,0.562162162,0.647058824,0.618644068,0.361111111,0.345132743,0.041871921,0.685082873,0.548051948,0.467980296,0.723076923,0.432885906,0.539735099,0.977040816,0.987951807,0.943734015,0.334763948,0.201183432,0.631884058,0.70669746,0.715517241,0.552845528,0.528183716,0.562043796,0.642076503,0.192477876,0.425968109,0.023866348,0.479768786,0.683823529,0.614730878,0.148541114,0.649484536,0.609756098,0.514018692,0.792517007,0.325966851,0.495098039,0.190371991,0.420258621,0.426470588,0.512820513,0.051612903,0.475903614,0.477272727,0.602649007,0.850299401,0.656330749,0.327217125,0.645833333,0.460446247,0.473684211,0.997245179,0.67115903,0.610271903,0.005602241,0.801152738,0.078125,1,0.836309524,0.983561644,0.284552846,0.505376344,0.423197492,0.560784314,0.879084967,0.758064516,0.045801527,0.204545455,0.017948718,0.346875,0.308707124,0.474254743,0.217228464,0.66025641,0.732352941,0.521172638,0
0.251798561,0.013468013,0.273092369,0.775735294,0.005633803,0.671875,0.994791667,0.553699284,0.543766578,0.434262948,0.714617169,0.578544061,0.565632458,0.552380952,0.569105691,1,0.814285714,0.583148559,0.514851485,0.352713178,0.475708502,0.817365269,0.606334842,0.005235602,0,0.609876543,0.825966851,0.321543408,0.573208723,0.058252427,0.006493506,0.650684932,0.658892128,0.35600907,0.485639687,0.56,0.784461153,0.62745098,0.008,0.872972973,0.132352941,0.085227273,0.505446623,0.648584906,0.613157895,0.781456954,0.303370787,0.519083969,0.485523385,0.357289528,0.47714808,0.57223796,0.717808219,0.463869464,0.344086022,0.503118503,0.997493734,0.148788927,0.700564972,0.358796296,0.837681159,0.054347826,0.346368715,0.21822542,0.970037453,0.445026178,0.10046729,0.484419263,0.07079646,0.575,0.20233463,0.016129032,0.610989011,0.615555556,0.482673267,0.380952381,0.62591687,0.521008403,0.593939394,0.58372093,0.514739229,0.929347826,0.499017682,0.091690544,0.212345679,0.907455013,0.342679128,0.301886792,0.496350365,0.120649652,0.008108108,0.43315508,0.742937853,0.591269841,0.433628319,0.743842365,0.859116022,0.61038961,0.044334975,0.987179487,0.053691275,0.271523179,0.650510204,0.693975904,0.58056266,0.570815451,0.428994083,0.617391304,0.41108545,0.563218391,0.525745257,0.557411273,0.598540146,0.669398907,0.190265487,0.400911162,0.002386635,0.61849711,0.960784314,0.589235127,0.021220159,0.182989691,0.126829268,0.685358255,0.670068027,0.392265193,0.50245098,0.175054705,0.512931034,0.802941176,0.581196581,0.764516129,0.467871486,0.511363636,0.525386313,0.341317365,0.625322997,0.363914373,0.596354167,0.45841785,0.439849624,0.79338843,0.981132075,0.909365559,0.00280112,0.011527378,0.0390625,0.614925373,0.541666667,0.909589041,0.539295393,0.659498208,0.598746082,0.019607843,0.392156863,0.05483871,0.440203562,0.704545455,0.420512821,0.015625,0.440633245,0.311653117,0.460674157,0.621794872,0.320588235,0.104234528,0
0.381294964,0.047138047,0.104417671,0.955882353,0,0.338541667,0.958333333,0.53699284,0.51193634,0.446215139,0.737819026,0.542145594,0.747016706,0.635714286,0.593495935,0.13897281,0.754285714,0.492239468,0.588118812,0.436046512,0.471659919,0.679640719,0.599547511,0.039267016,0,0.832098765,0.745856354,0.263665595,0.448598131,0.174757282,0.006493506,0.184931507,0.393586006,0.537414966,0.647519582,0.374545455,0.666666667,0.663865546,0.08,0.618918919,0.117647059,0.332386364,0.618736383,0.686320755,0.607894737,0.708609272,0.172284644,0.595419847,0.547884187,0.402464066,0.435100548,0.543909348,0.756164384,0.442890443,0.212365591,0.494802495,0.944862155,0.14532872,0.491525424,0.439814815,0.791304348,0.002717391,0.441340782,0.220623501,0.91011236,0.240837696,0.002336449,0.439093484,0.637168142,0.397222222,0.097276265,0.012096774,0.72967033,0.542222222,0.482673267,0.063492063,0.5599022,0.516806723,0.604040404,0.595348837,0.532879819,0.855978261,0.500982318,0.773638968,0.197530864,0.964010283,0.542056075,0.51572327,0.642335766,0.201856148,0,0.336898396,0.629943503,0.694444444,0.362831858,0.610837438,0.541436464,0.6,0.02955665,0.866666667,0.104026846,0.321192053,0.586734694,0.65060241,0.659846547,0.515021459,0.068047337,0.6,0.424942263,0.574712644,0.514905149,0.555323591,0.608272506,0.672131148,0.256637168,0.530751708,0.026252983,0.994219653,1,0.637393768,0.037135279,0.268041237,0.2,0.563862928,0.102040816,0.61878453,0.68627451,0.354485777,0.715517241,0.888235294,0.581196581,0.790322581,0.459839357,0.410984848,0.481236203,0.488023952,0.720930233,0.516819572,0.638020833,0.448275862,0.469924812,0.603305785,0.808625337,0.716012085,0.00280112,0.014409222,0.09375,0.429850746,0.514880952,0.726027397,0.463414634,0.691756272,0.532915361,0.015686275,0.163398693,0.009677419,0.043256997,0.72979798,0.256410256,0.215625,0.715039578,0.509485095,0.176029963,0.544871795,0.591176471,0.114006515,0
0.366906475,0.622895623,0.730923695,0.257352941,0,0.638020833,0.018229167,0.775656325,0.055702918,0.533864542,0.522041763,0.438697318,0.603818616,0.611904762,0.547425474,0.480362538,0.331428571,0.651884701,0.495049505,0.434108527,0.356275304,0.002994012,0.162895928,0.633507853,0.514044944,0.187654321,0.776243094,0.382636656,0.314641745,0.691747573,0.003246753,0.154109589,0.247813411,0.814058957,0.01305483,0.505454545,0.120300752,0.394957983,0.6,0.583783784,0.768382353,0.355113636,0.525054466,0.568396226,0.534210526,0.443708609,0.644194757,0.419847328,0.65701559,0.511293634,0.398537477,0.011331445,0.043835616,0.699300699,0.653225806,0.407484407,0.235588972,0.757785467,0.570621469,0.627314815,0.017391304,0.220108696,0.48603352,0.705035971,0.176029963,0.382198953,0.072429907,0.651558074,0.604719764,0.719444444,0.758754864,0.443548387,0.573626374,0.571111111,0.594059406,0.206349206,0.083129584,0.590336134,0.44040404,0.488372093,0.181405896,0.002717391,0.324165029,0.684813754,0.659259259,0.043701799,0.950155763,0.534591195,0.211678832,0.651972158,0.089189189,0.219251337,0.042372881,0.543650794,0.092920354,0.694581281,0.53038674,0.041558442,0.694581281,0.148717949,0.734899329,0.294701987,0.553571429,0.479518072,0.506393862,0.5472103,0.124260355,0.446376812,0.575057737,0.540229885,0.588075881,0.223382046,0.060827251,0.027322404,0.639380531,0.621867882,0.618138425,0.248554913,0.213235294,0.742209632,0.633952255,0.481958763,0.526829268,0.53271028,0.173469388,0.585635359,0.644607843,0.673960613,0.568965517,0,0.102564103,0.196774194,0.5,0.517045455,0.671081678,0.799401198,0.45994832,0.96941896,0.184895833,0.409736308,0.310150376,0.443526171,0.059299191,0.024169184,0.005602241,0.025936599,0.3828125,0.871641791,0.928571429,0.706849315,0.043360434,0.017921147,0.006269592,0.474509804,0.215686275,0.377419355,0.854961832,1,0.835897436,0.375,0.670184697,0.490514905,0.127340824,0.602564103,0.658823529,0.084690554,0
0.316546763,0.414141414,0.21686747,0.886029412,0,0.770833333,0.658854167,0.546539379,0.485411141,0.292828685,0.767981439,0.507662835,0.505966587,0.983333333,0.867208672,0.081570997,0.814285714,0.554323725,0.598019802,0.455426357,0.479757085,0.517964072,0.606334842,0.036649215,0.081460674,0.565432099,0.687845304,0.932475884,0.809968847,0.067961165,0.405844156,0.931506849,0.402332362,0.204081633,0.360313316,0.28,0.007518797,0.540616246,0.012,0.575675676,0.308823529,0.690340909,0.366013072,0.985849057,0.876315789,0.42384106,0.303370787,0.62086514,0.645879733,0.396303901,0.416819013,0.492917847,0.630136986,0.400932401,0.596774194,0.453222453,0.671679198,0.543252595,0.855932203,0.168981481,0.834782609,0.747282609,0.229050279,0.26618705,0.730337079,0.298429319,0.002336449,0.433427762,0.002949853,0.538888889,0.249027237,0.100806452,0.621978022,0.797777778,0.54950495,0.03968254,0.60391198,0.831932773,0.565656566,0.58372093,0.485260771,0.576086957,0.453831041,0.693409742,0.113580247,0.557840617,0.526479751,0.79245283,0.744525547,0.501160093,0.562162162,0.657754011,0.632768362,0.410714286,0.336283186,0.0591133,0.690607735,0.548051948,0.019704433,0.671794872,0.338926174,0.543046358,0.765306122,0.896385542,0.956521739,0.495708155,0.183431953,0.542028986,0.52886836,0.75862069,0.539295393,0.490605428,0.508515815,0.636612022,0.289823009,0.548974943,0.064439141,0.973988439,0.700980392,0.844192635,0.034482759,0.646907216,0.609756098,0.523364486,0.799319728,0.342541436,0.294117647,0.177242888,0.390086207,0.441176471,0.512820513,0.070967742,0.518072289,0.526515152,0.883002208,0.356287425,0.658914729,0.434250765,0.684895833,0.490872211,0.47556391,0.504132231,0.649595687,0.601208459,0.081232493,0.766570605,0.328125,0.605970149,0.574404762,0.62739726,0.2899729,0.505376344,0.438871473,0.439215686,0.875816993,0.751612903,0.030534351,0.143939394,0.007692308,0.325,0.303430079,0.474254743,0.232209738,0.666666667,0.729411765,0.534201954,0
0.345323741,0.185185185,0.076305221,0.533088235,0,0.247395833,0.567708333,0.546539379,0.51193634,0.097609562,0.336426914,0.503831418,0.243436754,0.35,0.273712737,0.042296073,0.777142857,0.490022173,0.596039604,0.226744186,0.475708502,0.494011976,0.613122172,0.010471204,0.011235955,0.525925926,0.67679558,0.382636656,0.46728972,0.009708738,0.003246753,0.886986301,0.239067055,0.011337868,0.313315927,0.203636364,0.012531328,0.621848739,0.008,0.537837838,0.125,0.730113636,0.154684096,0.389150943,0.494736842,0.081677704,0.198501873,0.58524173,0.583518931,0.147843943,0.414990859,0.518413598,0.55890411,0.032634033,0.169354839,0.444906445,0.631578947,0.166089965,0.437853107,0.078703704,0.257971014,0.676630435,0.324022346,0.011990408,0.539325843,0.282722513,0.002336449,0.371104816,0.002949853,0.344444444,0.062256809,0.108870968,0.298901099,0.422222222,0.207920792,0.071428571,0.589242054,0.304621849,0.58989899,0.290697674,0.507936508,0.483695652,0.491159136,0.23495702,0.02962963,0.570694087,0.411214953,0.317610063,0.510948905,0.020881671,0.045945946,0.625668449,0.353107345,0.077380952,0.415929204,0.064039409,0.290055249,0.594805195,0.014778325,0.564102564,0.231543624,0.569536424,0.290816327,0.351807229,0.329923274,0.08583691,0.032544379,0.568115942,0.189376443,0.554597701,0.39295393,0.565762004,0.583941606,0.614754098,0.10619469,0.227790433,0.026252983,0.757225434,0.678921569,0.651558074,0.015915119,0.131443299,0.068292683,0.171339564,0.683673469,0.215469613,0.107843137,0.002188184,0.090517241,0.402941176,0.551282051,0.093548387,0.479919679,0.401515152,0.379690949,0.416167665,0.700258398,0.4617737,0.583333333,0.45030426,0.473684211,0.520661157,0.520215633,0.583081571,0.005602241,0.014409222,0.09375,0.364179104,0.392857143,0.62739726,0.273712737,0.448028674,0.373040752,0.474509804,0.879084967,0.716129032,0.038167939,0.012626263,0.015384615,0.48125,0.474934037,0.533875339,0.161048689,0.666666667,0.770588235,0.472312704,0
0.374100719,0.31986532,0.586345382,0.154411765,0,0.684895833,0.010416667,0.30071599,0.018567639,0.53187251,0.327146172,0.201149425,0.529832936,0.373809524,0.420054201,0.054380665,0.022857143,0.146341463,0.306930693,0.46124031,0.058704453,0.011976048,0.056561086,0.714659686,0.497191011,0.022222222,0.116022099,0.012861736,0.342679128,0.601941748,0.003246753,0.150684932,0.303206997,0.546485261,0.002610966,0.465454545,0.030075188,0.109243697,0.468,0.145945946,0.518382353,0.357954545,0.520697168,0.393867925,0.278947368,0.094922737,0.02247191,0.063613232,0.385300668,0.509240246,0.095063985,0.014164306,0.008219178,0.060606061,0.534946237,0.097713098,0.010025063,0.076124567,0.601694915,0.583333333,0.011594203,0.176630435,0.530726257,0.741007194,0.142322097,0.35078534,0.002336449,0.444759207,0.483775811,0.436111111,0.548638132,0.467741935,0.38021978,0.282222222,0.504950495,0.111111111,0.024449878,0.355042017,0.256565657,0.388372093,0.020408163,0.010869565,0.113948919,0.558739255,0.62962963,0.007712082,0.395638629,0.018867925,0.127737226,0.700696056,0.018918919,0.203208556,0.04519774,0.424603175,0.203539823,0.650246305,0.502762431,0.018181818,0.63546798,0.007692308,0.463087248,0.370860927,0.369897959,0.320481928,0.319693095,0.103004292,0.020710059,0.023188406,0.558891455,0.284482759,0.37398374,0.056367432,0.00243309,0.005464481,0.648230088,0.505694761,0.61575179,0.002890173,0.014705882,0.036827195,0.559681698,0.541237113,0.646341463,0.526479751,0.034013605,0.546961326,0.62745098,0.612691466,0.57112069,0,0.025641026,0.109677419,0.096385542,0.15530303,0.362030905,0.505988024,0.067183463,0.4617737,0.044270833,0.180527383,0.152255639,0.134986226,0.008086253,0.009063444,0.00280112,0.014409222,0.0859375,0.504477612,0.488095238,0.153424658,0.070460705,0.010752688,0.006269592,0.447058824,0.254901961,0.358064516,0.040712468,0.04040404,0.694871795,0.371875,0.709762533,0.536585366,0.078651685,0.608974359,0.7,0.114006515,0
0.352517986,0,0.004016064,0.470588235,0,0.463541667,0.026041667,0.033412888,0.018567639,0.356573705,0.016241299,0.017241379,0.140811456,0.045238095,0.032520325,0.048338369,0.025714286,0.015521064,0.025742574,0.131782946,0.006072874,0.023952096,0.002262443,0.248691099,0.415730337,0.019753086,0.008287293,0.022508039,0.517133956,0.594660194,0.003246753,0.828767123,0.29154519,0.723356009,0.240208877,0.174545455,0.025062657,0.011204482,0.004,0.008108108,0.014705882,0.741477273,0.196078431,0.037735849,0.042105263,0.017660044,0.014981273,0.010178117,0.035634744,0.314168378,0.009140768,0.02266289,0.019178082,0.025641026,0.629032258,0.01039501,0.015037594,0,0.54519774,0.608796296,0.07826087,0.573369565,0.413407821,0.642685851,0.56928839,0.277486911,0.002336449,0.002832861,0.002949853,0.005555556,0.011673152,0.108870968,0.065934066,0.035555556,0.034653465,0.087301587,0.024449878,0.021008403,0.018181818,0.034883721,0.004535147,0.024456522,0.003929273,0.667621777,0.528395062,0.020565553,0.003115265,0.018867925,0.437956204,0.554524362,0.010810811,0.582887701,0.392655367,0.398809524,0.455752212,0.073891626,0.458563536,0.028571429,0,0.01025641,0.006711409,0.579470199,0.030612245,0.03373494,0.030690537,0.017167382,0.014792899,0.011594203,0.016166282,0.031609195,0.032520325,0.002087683,0.00243309,0.010928962,0.601769912,0.692482916,0.451073986,0.014450867,0.029411765,0.011331445,0.48806366,0.652061856,0.534146341,0.121495327,0.540816327,0.154696133,0.696078431,0.667396061,0.57112069,0.444117647,0.555555556,0.038709677,0.010040161,0.015151515,0.026490066,0.002994012,0.018087855,0.003058104,0.0078125,0.012170385,0.007518797,0.008264463,0.021563342,0.027190332,0.005602241,0.017291066,0.09375,0.005970149,0.00297619,0.008219178,0.243902439,0.322580645,0.26645768,0.407843137,0.859477124,0.638709677,0.038167939,0.681818182,0.615384615,0.55,0.572559367,0.571815718,0.112359551,0.66025641,0.794117647,0.42019544,0
0.381294964,0.138047138,0.413654618,0.018382353,0,0.010416667,0.466145833,0.22673031,0.562334218,0.009960159,0.023201856,0.157088123,0.019093079,0.083333333,0.037940379,0.060422961,0.731428571,0.263858093,0.21980198,0,0.342105263,0.48502994,0.529411765,0,0.025280899,0.639506173,0.651933702,0.051446945,0,0.029126214,0.006493506,0.171232877,0.33819242,0.015873016,0.005221932,0.410909091,0,0.68627451,0.392,0.627027027,0.514705882,0.471590909,0.015250545,0.061320755,0.065789474,0.022075055,0.213483146,0.58778626,0.278396437,0,0.228519196,0.490084986,0.605479452,0.009324009,0.008064516,0.553014553,0.421052632,0.117647059,0.005649718,0.027777778,0.005797101,0.122282609,0.56424581,0.028776978,0.003745318,0.329842932,0.002336449,0.609065156,0.519174041,0.561111111,0.443579767,0.415322581,0.030769231,0.111111111,0.01980198,0.103174603,0.623471883,0.075630252,0.191919192,0.01627907,0.430839002,0.461956522,0.36935167,0.00286533,0.017283951,0.560411311,0.551401869,0.311320755,0.00729927,0.032482599,0,0.240641711,0.042372881,0.013888889,0.309734513,0.57635468,0.002762431,0.475324675,0.408866995,0.428205128,0.503355705,0.450331126,0.033163265,0.045783133,0.038363171,0.10944206,0.298816568,0.733333333,0.013856813,0.048850575,0.029810298,0.423799582,0.445255474,0.554644809,0.002212389,0,0.026252983,0.583815029,0.470588235,0.626062323,0.034482759,0.007731959,0.017073171,0.495327103,0.040816327,0.491712707,0.009803922,0.01750547,0.010775862,0,0.038461538,0.038709677,0.297188755,0.149621212,0.154525386,0.535928144,0.534883721,0.55351682,0.65625,0.517241379,0.409774436,0.696969697,0.450134771,0.468277946,0.005602241,0.014409222,0.078125,0.552238806,0.550595238,0.597260274,0.10298103,0,0,0.48627451,0.434640523,0.409677419,0.048346056,0.027777778,0.033333333,0.384375,0.736147757,0.579945799,0.033707865,0.615384615,0.738235294,0.153094463,0
0.366906475,0.003367003,0.004016064,0.018382353,0,0.1171875,0.033854167,0.675417661,0.042440318,0.460159363,0.47099768,0.490421456,0.522673031,0.657142857,0.474254743,0.057401813,0.031428571,0.589800443,0.413861386,0.389534884,0.336032389,0.02994012,0.101809955,0.031413613,0.230337079,0.04691358,0.016574586,0.025723473,0.07165109,0.34223301,0.003246753,0.70890411,0.282798834,0.256235828,0.065274151,0.178181818,0,0.016806723,0.024,0.013513514,0.014705882,0.721590909,0.48583878,0.596698113,0.623684211,0.29580574,0.014981273,0.272264631,0.543429844,0.517453799,0.422303473,0.028328612,0.021917808,0.48018648,0.091397849,0.168399168,0.022556391,0,0.149717514,0.388888889,0.002898551,0.116847826,0.519553073,0.251798561,0.014981273,0.267015707,0.002336449,0.008498584,0.029498525,0.008333333,0.011673152,0.088709677,0.476923077,0.626666667,0.445544554,0.079365079,0.029339853,0.56512605,0.464646465,0.553488372,0.145124717,0.032608696,0.330058939,0.048710602,0.320987654,0.025706941,0.00623053,0.135220126,0.01459854,0.352668213,0,0.49197861,0.019774011,0.454365079,0.46460177,0.07635468,0.019337017,0.036363636,0.004926108,0.017948718,0.006711409,0.566225166,0.420918367,0.477108434,0.572890026,0.43776824,0.038461538,0.182608696,0.334872979,0.560344828,0.504065041,0.185803758,0.060827251,0.027322404,0.382743363,0.387243736,0.30071599,0.020231214,0.034313725,0.016997167,0.318302387,0.162371134,0.290243902,0.046728972,0.142857143,0.193370166,0.490196078,0.330415755,0.506465517,0.002941176,0.474358974,0.006451613,0.467871486,0.535984848,0.675496689,0.005988024,0.023255814,0.006116208,0.049479167,0.174442191,0.234962406,0.016528926,0.029649596,0.036253776,0.00280112,0.014409222,0.09375,0.005970149,0.008928571,0.01369863,0.162601626,0.007168459,0.003134796,0.184313725,0.794117647,0.303225806,0.040712468,0.058080808,0.020512821,0.578125,0.664907652,0.598915989,0.026217228,0.653846154,0.802941176,0.319218241,0
0.366906475,0.003367003,0.012048193,0.011029412,0,0.013020833,0.263020833,0.682577566,0.278514589,0.370517928,0.621809745,0.421455939,0.613365155,0.552380952,0.601626016,0.057401813,0.257142857,0.529933481,0.435643564,0.304263566,0.44534413,0.245508982,0.393665158,0.018324607,0.033707865,0.348148148,0.132596685,0.022508039,0,0.033980583,0.003246753,0.705479452,0.279883382,0.10430839,0.065274151,0.170909091,0,0.221288515,0.024,0.089189189,0.018382353,0.721590909,0.507625272,0.641509434,0.478947368,0.428256071,0.014981273,0.445292621,0.556792873,0.369609856,0.449725777,0.254957507,0.265753425,0.463869464,0.016129032,0.32016632,0.223057644,0.003460208,0.008474576,0.226851852,0.002898551,0.125,0.519553073,0.028776978,0.011235955,0.267015707,0.002336449,0.090651558,0.032448378,0.058333333,0.019455253,0.092741935,0.604395604,0.451111111,0.569306931,0.095238095,0.322738386,0.483193277,0.434343434,0.546511628,0.321995465,0.225543478,0.502946955,0.008595989,0.130864198,0.321336761,0.037383178,0.191823899,0.003649635,0.030162413,0,0.481283422,0.02259887,0.380952381,0.460176991,0.071428571,0.005524862,0.316883117,0.009852217,0.158974359,0.010067114,0.562913907,0.645408163,0.65060241,0.583120205,0.334763948,0.038461538,0.495652174,0.454965358,0.474137931,0.506775068,0.448851775,0.257907543,0.259562842,0.137168142,0.264236902,0.038186158,0.38150289,0.318627451,0.087818697,0.037135279,0.015463918,0.019512195,0.046728972,0.146258503,0.20441989,0.360294118,0.067833698,0.400862069,0.002941176,0.465811966,0.006451613,0.441767068,0.393939394,0.485651214,0.119760479,0.312661499,0.073394495,0.348958333,0.395537525,0.469924812,0.110192837,0.188679245,0.277945619,0.00280112,0.011527378,0.09375,0.07761194,0.06547619,0.117808219,0.159891599,0.007168459,0.003134796,0.196078431,0.794117647,0.377419355,0.038167939,0.116161616,0.028205128,0.584375,0.662269129,0.596205962,0.026217228,0.653846154,0.797058824,0.319218241,0
0.366906475,0.006734007,0.084337349,0.011029412,0,0.013020833,0.6171875,0.448687351,0.564986737,0.061752988,0.313225058,0.427203065,0.167064439,0.366666667,0.249322493,0.051359517,0.694285714,0.385809313,0.384158416,0.199612403,0.455465587,0.532934132,0.416289593,0.007853403,0.033707865,0.511111111,0.632596685,0.102893891,0,0.026699029,0.003246753,0.712328767,0.271137026,0.013605442,0.067885117,0.174545455,0,0.448179272,0.024,0.586486486,0.047794118,0.724431818,0.106753813,0.398584906,0.310526316,0.08388521,0.191011236,0.62086514,0.409799555,0.084188912,0.457038391,0.487252125,0.495890411,0.025641026,0.01344086,0.457380457,0.639097744,0.079584775,0.008474576,0.0625,0.002898551,0.133152174,0.51396648,0.028776978,0.011235955,0.267015707,0.002336449,0.28611898,0.029498525,0.361111111,0.058365759,0.092741935,0.246153846,0.371111111,0.153465347,0.087301587,0.611246944,0.334033613,0.44040404,0.323255814,0.453514739,0.573369565,0.502946955,0.008595989,0.022222222,0.593830334,0.267912773,0.160377358,0.003649635,0.030162413,0,0.486631016,0.019774011,0.055555556,0.46460177,0.071428571,0.005524862,0.464935065,0.009852217,0.61025641,0.026845638,0.562913907,0.239795918,0.330120482,0.309462916,0.24248927,0.334319527,0.762318841,0.182448037,0.290229885,0.265582656,0.442588727,0.381995134,0.412568306,0.077433628,0.145785877,0.038186158,0.644508671,0.649509804,0.532577904,0.037135279,0.012886598,0.019512195,0.040498442,0.153061224,0.187845304,0.075980392,0.013129103,0.064655172,0.002941176,0.474358974,0.006451613,0.423694779,0.369318182,0.3598234,0.176646707,0.431524548,0.201834862,0.447916667,0.430020284,0.464285714,0.539944904,0.595687332,0.567975831,0.00280112,0.011527378,0.1015625,0.364179104,0.333333333,0.632876712,0.159891599,0.007168459,0.003134796,0.2,0.797385621,0.396774194,0.03562341,0.02020202,0.028205128,0.584375,0.659630607,0.596205962,0.029962547,0.653846154,0.8,0.325732899,0
0.35971223,0.003367003,0.004016064,0.128676471,0,0.3125,0.03125,0.303102625,0.023872679,0.478087649,0.331786543,0.103448276,0.374701671,0.35,0.260162602,0.045317221,0.031428571,0.079822616,0.277227723,0.38372093,0.034412955,0.02994012,0.031674208,0.531413613,0.558988764,0.022222222,0.016574586,0.025723473,0.130841121,0.584951456,0.003246753,0.698630137,0.279883382,0.718820862,0.067885117,0.181818182,0.015037594,0.016806723,0.024,0.013513514,0.014705882,0.71875,0.474945534,0.398584906,0.257894737,0.101545254,0.014981273,0.038167939,0.378619154,0.517453799,0.0511883,0.028328612,0.021917808,0.058275058,0.591397849,0.066528067,0.020050125,0.003460208,0.220338983,0.625,0.002898551,0.108695652,0.51396648,0.613908873,0.026217228,0.267015707,0.002336449,0.005665722,0.032448378,0.008333333,0.011673152,0.084677419,0.327472527,0.217777778,0.443069307,0.079365079,0.026894866,0.317226891,0.185858586,0.272093023,0.009070295,0.032608696,0.058939096,0.46991404,0.466666667,0.025706941,0.00623053,0.022012579,0.131386861,0.524361949,0,0.481283422,0.019774011,0.444444444,0.46460177,0.091133005,0.151933702,0.036363636,0.004926108,0.017948718,0.006711409,0.562913907,0.334183673,0.342168675,0.309462916,0.053648069,0.014792899,0.014492754,0.242494226,0.267241379,0.281842818,0.029227557,0.00486618,0.013661202,0.453539823,0.519362187,0.639618138,0.01734104,0.031862745,0.016997167,0.49602122,0.443298969,0.397560976,0.043613707,0.12585034,0.187845304,0.718137255,0.66083151,0.599137931,0.002941176,0.474358974,0.006451613,0.064257028,0.089015152,0.278145695,0.005988024,0.023255814,0.006116208,0.026041667,0.115618661,0.086466165,0.013774105,0.029649596,0.036253776,0.00280112,0.014409222,0.09375,0.005970149,0.008928571,0.01369863,0.162601626,0.007168459,0.003134796,0.176470588,0.787581699,0.248387097,0.038167939,0.684343434,0.571794872,0.578125,0.667546174,0.598915989,0.029962547,0.653846154,0.802941176,0.32247557,0
1,0.013468013,0.076305221,0.018382353,0.977464789,0.002604167,0.5625,0.520286396,0.525198939,0.312749004,0.670533643,0.559386973,0.572792363,0.564285714,0.495934959,0.172205438,0.765714286,0.507760532,0.564356436,0.447674419,0.497975709,0.491017964,0.57918552,0.020942408,0.014044944,0.543209877,0.643646409,0.372990354,0,0.029126214,0.006493506,0.130136986,0.344023324,0.140589569,0.023498695,0.781818182,0,0.641456583,0.14,0.513513514,0.055147059,0.65625,0.440087146,0.662735849,0.594736842,0.562913907,0.265917603,0.58778626,0.532293987,0.379876797,0.453382084,0.521246459,0.539726027,0.41958042,0,0.451143451,0.614035088,0.14532872,0.002824859,0.196759259,0.002898551,0,0.569832402,0.019184652,0.007490637,0.989528796,0.002336449,0.410764873,0.967551622,0.338888889,0.050583658,0.080645161,0.604395604,0.566666667,0.472772277,0.087301587,0.564792176,0.577731092,0.604040404,0.590697674,0.571428571,0.483695652,0.497053045,0,0.113580247,0.575835476,0.336448598,0.342767296,0.010948905,0.023201856,0,1,0.036723164,0.43452381,0.380530973,0.662561576,0,0.587012987,0.019704433,0.543589744,0.05033557,1,0.571428571,0.621686747,0.531969309,0.446351931,0.088757396,0.626086957,0.415704388,0.583333333,0.517615176,0.565762004,0.605839416,0.598360656,0.265486726,0.539863326,0.023866348,0.760115607,0.669117647,0.620396601,0.023872679,0,0.007317073,0.420560748,0.034013605,0.425414365,0.330882353,0.089715536,0.411637931,0,0.196581197,0.080645161,0.463855422,0.445075758,0.509933775,0.467065868,0.710594315,0.55351682,0.5234375,0.444219067,0.441729323,0.523415978,0.51212938,0.580060423,0.005602241,0.017291066,0.078125,0.331343284,0.345238095,0.594520548,0.132791328,0,0,0.098039216,0.81372549,0.029032258,0.045801527,0.257575758,0.023076923,0.515625,1,1,0,0.628205128,0.764705882,0.205211726,0
0.374100719,0,0.008032129,0.143382353,1,0.697916667,0.018229167,0.673031026,0.026525199,0.553784861,0.52900232,0.427203065,0.517899761,0.633333333,0.544715447,0.135951662,0.022857143,0.598669623,0.522772277,0.453488372,0.25708502,0.01497006,0.2239819,0.709424084,0.488764045,0.162962963,0,0.019292605,0.373831776,0.587378641,0.003246753,0.657534247,0.314868805,0.535147392,0,0.552727273,0.032581454,0.00280112,0.136,0,0.014705882,1,0.511982571,0.629716981,0.531578947,0.415011038,0.029962547,0.239185751,0.661469933,0.515400411,0.352833638,0.014164306,0.063013699,0.228438228,0.52688172,0.46985447,0.007518797,0,0.618644068,0.611111111,0.008695652,0.035326087,0.536312849,0.736211031,0.157303371,0.397905759,0.030373832,0,0.923303835,0,0.011673152,0.790322581,0.474725275,0.557777778,0.554455446,0.087301587,0.024449878,0.619747899,0.466666667,0.430232558,0.10430839,0.016304348,0.367387033,0.541547278,0.64691358,0.035989717,0,0.204402516,0.131386861,0.69837587,0,0.401069519,0.042372881,0.456349206,0.238938053,0.625615764,0.53038674,0.020779221,0.004926108,0,0.006711409,0.629139073,0.489795918,0.510843373,0.539641944,0.557939914,0.082840237,0.237681159,0.572748268,0.502873563,0.517615176,0.204592902,0.04379562,0.051912568,0.628318584,0.519362187,0.61097852,0.057803468,0.022058824,0.002832861,0.546419098,0.548969072,0.648780488,0.514018692,0.054421769,0.524861878,0.632352941,0.595185996,0.575431034,0,0,0.087096774,0.40562249,0.473484848,0.664459161,0.002994012,0.012919897,0,0.229166667,0.503042596,0.415413534,0,0.010781671,0.01510574,0.005602241,0.017291066,0.09375,0,0.00297619,0,0.081300813,0.014336918,0.003134796,0.917647059,0.993464052,0.761290323,0.038167939,0.237373737,0.694871795,1,0.82585752,0.704607046,0.059925094,0.615384615,0.711764706,0.13029316,0
0.489208633,0.976430976,0.257028112,0.011029412,0,0.002604167,0.557291667,0.579952267,0.538461538,0.434262948,0.631090487,0.5651341,0.658711217,0.504761905,0.544715447,0.051359517,0.788571429,0.56097561,0.556435644,0.356589147,0.451417004,0.494011976,0.615384615,0.036649215,0.016853933,0.469135802,0.756906077,0.176848875,0,0.04368932,0.451298701,0.941780822,0.002915452,0.156462585,0.08616188,0.232727273,0,0.540616246,0.196,0.678378378,0.349264706,0.994318182,0.562091503,0.594339623,0.597368421,0.461368653,0.254681648,0.508905852,0.505567929,0.410677618,0.444241316,0.512747875,0.569863014,0.533799534,0.002688172,0.517671518,0.666666667,0.640138408,0.002824859,0.293981481,0,0.932065217,0.17877095,0.016786571,0.018726592,0.256544503,0.004672897,0.42776204,0.017699115,0.530555556,0.291828794,0.754032258,0.632967033,0.575555556,0.584158416,0.055555556,0.62591687,0.451680672,0.602020202,0.588372093,0.471655329,0.494565217,0.497053045,0.00286533,0.17037037,0.508997429,0.601246106,0.273584906,0.00729927,0.013921114,0.989189189,0.946524064,0.002824859,0.454365079,0.380530973,0.061576355,0,0.537662338,0.064039409,0.630769231,0.587248322,0.658940397,0.647959184,0.628915663,0.519181586,0.266094421,0.144970414,0.605797101,0.43187067,0.58045977,0.506775068,0.54697286,0.571776156,0.628415301,0.183628319,0.425968109,0.031026253,0.604046243,0.656862745,0.671388102,0.018567639,0,0,0.049844237,0.911564626,0.497237569,0.477941176,0.10940919,0.49137931,0.005882353,0.576923077,0.358064516,0.455823293,0.475378788,0.518763797,0.290419162,0.604651163,0.360856269,0.6171875,0.462474645,0.462406015,0.61707989,0.58490566,0.558912387,0.778711485,0.017291066,0.1015625,0.564179104,0.568452381,0.739726027,0.08401084,0.003584229,0,0.878431373,0.977124183,0.929032258,0.038167939,0.181818182,0.017948718,1,0.841688654,0.7100271,0.209737828,0.756410256,0.797058824,0.524429967,0
0.503597122,0.96969697,0,0.147058824,0,0.682291667,0.0234375,0.69928401,0.018567639,0.525896414,0.510440835,0.427203065,0.517899761,0.638095238,0.531165312,0.084592145,0.011428571,0.583148559,0.508910891,0.470930233,0.253036437,0.01497006,0.196832579,0.730366492,0.488764045,0.177777778,0.011049724,0.035369775,0.364485981,0.59223301,0.448051948,0.945205479,0,0.52154195,0.088772846,0.236363636,0.027568922,0,0.116,0.005405405,0.055147059,0.985795455,0.509803922,0.622641509,0.555263158,0.375275938,0,0.229007634,0.659242762,0.507186858,0.352833638,0.008498584,0.063013699,0.272727273,0.532258065,0.490644491,0.01754386,0.041522491,0.607344633,0.583333333,0,0.934782609,0.150837989,0.726618705,0.149812734,0.267015707,0.004672897,0,0.020648968,0.002777778,0,0.75,0.465934066,0.573333333,0.504950495,0.055555556,0.009779951,0.600840336,0.452525253,0.448837209,0.10430839,0.019021739,0.345776031,0.570200573,0.637037037,0.046272494,0.003115265,0.279874214,0.131386861,0.693735499,0.989189189,0.946524064,0.002824859,0.41468254,0.371681416,0.091133005,0.5,0.012987013,0.004926108,0.007692308,0.379194631,0.655629139,0.456632653,0.508433735,0.549872123,0.519313305,0.056213018,0.2,0.558891455,0.505747126,0.514905149,0.183716075,0.03649635,0.043715847,0.646017699,0.523917995,0.61097852,0.078034682,0.036764706,0.014164306,0.554376658,0.551546392,0.646341463,0.046728972,0.911564626,0.430939227,0.617647059,0.595185996,0.560344828,0.052941176,0.576923077,0.419354839,0.409638554,0.482954545,0.66004415,0.002994012,0,0,0.223958333,0.503042596,0.40037594,0,0.013477089,0.01510574,0.753501401,0.017291066,0.140625,0,0.00297619,0.008219178,0.081300813,0.017921147,0,0.862745098,0.960784314,0.925806452,0.015267176,0.148989899,0.674358974,1,0.846965699,0.707317073,0.220973783,0.762820513,0.797058824,0.537459283,0
0.115107914,0.006734007,0.048192771,0.518382353,0,0.130208333,0.565104167,0.823389021,0.98938992,0.342629482,0.638051044,0.388888889,0.599045346,0.55952381,0.601626016,0.072507553,0.7,0.538802661,0.578217822,0.354651163,0.437246964,0.883233533,0.466063348,0.015706806,0.028089888,0.602469136,0.53038674,0.327974277,0.317757009,0.031553398,0.006493506,0.482876712,0.620991254,0.115646259,0.451697128,0.094545455,0,0.554621849,0.004,0.405405405,0.033088235,0.042613636,0.48583878,0.650943396,0.539473684,0.476821192,0.183520599,0.679389313,0.841870824,0.330595483,0.402193784,0.974504249,0.561643836,0.377622378,0.188172043,0.467775468,0.551378446,0.110726644,0.285310734,0.217592593,0.623188406,0.032608696,0.452513966,0.026378897,0.561797753,0.104712042,0.002336449,0.320113314,0.005899705,0.244444444,0.027237354,0.008064516,0.604395604,0.431111111,0.534653465,0.095238095,0.95599022,0.518907563,0.470707071,0.848837209,0.621315193,0.633152174,0.481335953,0.146131805,0.116049383,0.588688946,0.236760125,0.537735849,0.430656934,0.027842227,0.005405405,0.192513369,0.610169492,0.398809524,0.544247788,0.21182266,0.386740331,0.911688312,0.014778325,0.482051282,0.023489933,0.102649007,0.62244898,0.640963855,0.570332481,0.319742489,0.106508876,0.597101449,0.496535797,0.764367816,0.945799458,0.471816284,0.666666667,0.614754098,0.137168142,0.407744875,0.035799523,0.777456647,0.634803922,0.52407932,0.034482759,0.077319588,0.043902439,0.672897196,0.547619048,0.226519337,0.350490196,0.074398249,0.405172414,0.429411765,0.615384615,0.041935484,0.469879518,0.393939394,0.507726269,0.392215569,0.700258398,0.281345566,0.497395833,0.468559838,0.479323308,0.421487603,0.5606469,0.879154079,0.00280112,0.014409222,0.09375,0.244776119,0.258928571,0.471232877,0.666666667,0.362007168,0.517241379,0.011764706,0.130718954,0.029032258,0.040712468,0.161616162,0.025641026,0.015625,0.340369393,0.211382114,0.119850187,0.698717949,0.867647059,0.400651466,0
0.014388489,0.01010101,0.076305221,0.386029412,0,0.078125,0.6015625,0.61097852,0.673740053,0.250996016,0.628770302,0.432950192,0.510739857,0.60952381,0.528455285,0.111782477,0.994285714,0.44789357,0.396039604,0.352713178,0.479757085,0.535928144,0.386877828,0.151832461,0.033707865,0.525925926,0.638121547,0.167202572,0.470404984,0.016990291,0.006493506,0.023972603,0.279883382,0.092970522,0.689295039,0.163636364,0.586466165,0.551820728,0.02,0.562162162,0.051470588,0.122159091,0.379084967,0.66745283,0.494736842,0.496688742,0.737827715,0.549618321,0.489977728,0.32238193,0.468007313,0.555240793,0.482191781,0.79020979,0.102150538,0.476091476,0.631578947,0.100346021,0.468926554,0.164351852,0.446376812,0,0.195530726,0.023980815,0.486891386,0.047120419,0.002336449,0.339943343,0.044247788,0.341666667,0.058365759,0.008064516,0.553846154,0.493333333,0.435643564,0.087301587,0.645476773,0.590336134,0.424242424,0.6,0.482993197,0.548913043,0.479371316,0.034383954,0.088888889,0.59125964,0.289719626,0.534591195,0.405109489,0.023201856,0,0.069518717,0.378531073,0.347222222,0.407079646,0.064039409,0.055248619,0.493506494,0.024630542,0.592307692,0.033557047,0.155629139,0.551020408,0.612048193,0.57544757,0.459227468,0.201183432,0.657971014,0.367205543,0.479885057,0.604336043,0.434237996,0.403892944,0.412568306,0.232300885,0.469248292,0.042959427,0.682080925,0.656862745,0.560906516,0.031830239,0.141752577,0.07804878,0.414330218,0.299319728,0.375690608,0.259803922,0.048140044,0.3125,0.682352941,0.700854701,0.74516129,0.455823293,0.446969697,0.567328918,0.413173653,0.736434109,0.71559633,0.427083333,0.452332657,0.413533835,0.515151515,0.566037736,0.543806647,0.008403361,0.043227666,0.515625,0.355223881,0.339285714,0.621917808,0.574525745,0.394265233,0.294670846,0.011764706,0.052287582,0.006451613,0.027989822,0.166666667,0.020512821,0.0375,0.287598945,0.276422764,0.337078652,0.878205128,0.847058824,0.628664495,0
0.100719424,0.01010101,0.048192771,0.466911765,0.045070423,0.03125,0.5703125,0.718377088,0.655172414,0.280876494,0.645011601,0.381226054,0.558472554,0.583333333,0.536585366,0.217522659,0.822857143,0.490022173,0.394059406,0.313953488,0.45951417,0.523952096,0.36199095,0.094240838,0.033707865,0.567901235,0.602209945,0.302250804,0.404984424,0.029126214,0.00974026,0.27739726,0.702623907,0.113378685,0.360313316,0.127272727,0,0.467787115,0.008,0.475675676,0.040441176,0.178977273,0.431372549,0.662735849,0.457894737,0.51214128,0.520599251,0.559796438,0.527839644,0.305954825,0.431444241,0.575070822,0.476712329,0.731934732,0.185483871,0.444906445,0.598997494,0.121107266,0.152542373,0.189814815,0.736231884,0.005434783,0.48603352,0.026378897,0.468164794,0.010471204,0.021028037,0.260623229,0.002949853,0.266666667,0.038910506,0.008064516,0.584615385,0.462222222,0.475247525,0.412698413,0.64792176,0.567226891,0.375757576,0.58372093,0.437641723,0.505434783,0.416502947,0.042979943,0.091358025,0.59125964,0.280373832,0.672955975,0.474452555,0.027842227,0,0.122994652,0.672316384,0.390873016,0.269911504,0.330049261,0.022099448,0.514285714,0.009852217,0.530769231,0.030201342,0.208609272,0.581632653,0.626506024,0.565217391,0.478540773,0.872781065,0.823188406,0.383371824,0.471264368,0.620596206,0.371607516,0.362530414,0.390710383,0.192477876,0.4738041,0.040572792,0.748554913,0.654411765,0.569405099,0.037135279,0.12628866,0.036585366,0.669781931,0.017006803,0.546961326,0.306372549,0.067833698,0.372844828,0.517647059,0.320512821,0.44516129,0.514056225,0.452651515,0.536423841,0.314371257,0.560723514,0.308868502,0.463541667,0.507099391,0.422932331,0.426997245,0.490566038,0.495468278,0.008403361,0.037463977,0.5390625,0.301492537,0.306547619,0.556164384,0.588075881,0.304659498,0.376175549,0.007843137,0.346405229,0.009677419,0.06870229,0.189393939,0.025641026,0.03125,0.01055409,0.260162602,0.157303371,0.653846154,0.717647059,0.009771987,0
0.223021583,0.006734007,0.044176707,0.544117647,0.070422535,0.372395833,0.5625,0.596658711,0.644562334,0.344621514,0.617169374,0.375478927,0.589498807,0.564285714,0.590785908,0.129909366,0.894285714,0.532150776,0.443564356,0.381782946,0.402834008,0.520958084,0.423076923,0.154450262,0.028089888,0.6,0.552486188,0.292604502,0.429906542,0.019417476,0.003246753,0.5,0.457725948,0.095238095,0.681462141,0.109090909,0,0.540616246,0.008,0.42972973,0.029411765,0.130681818,0.481481481,0.643867925,0.481578947,0.434878587,0.771535581,0.541984733,0.567928731,0.363449692,0.39488117,0.566572238,0.498630137,0.762237762,0.075268817,0.43035343,0.573934837,0.107266436,0.505649718,0.208333333,0.133333333,0.043478261,0.597765363,0.019184652,0.490636704,0.047120419,0.021028037,0.305949008,0.020648968,0.25,0.023346304,0.004032258,0.589010989,0.435555556,0.544554455,0.380952381,0.655256724,0.5,0.41010101,0.6,0.394557823,0.5,0.469548134,0.229226361,0.116049383,0.598971722,0.242990654,0.528301887,0.343065693,0.027842227,0,0.155080214,0.36440678,0.369047619,0.526548673,0.399014778,0.290055249,0.535064935,0.009852217,0.5,0.020134228,0.182119205,0.62755102,0.638554217,0.583120205,0.381974249,0.798816568,0.698550725,0.438799076,0.497126437,0.574525745,0.409185804,0.386861314,0.412568306,0.227876106,0.699316629,0.064439141,0.768786127,0.647058824,0.535410765,0.026525199,0.108247423,0.095121951,0.395638629,0.326530612,0.287292818,0.333333333,0.056892779,0.381465517,0.526470588,0.641025641,0.793548387,0.481927711,0.40719697,0.509933775,0.365269461,0.57881137,0.345565749,0.5,0.490872211,0.479323308,0.443526171,0.455525606,0.486404834,0.00280112,0.014409222,0.125,0.259701493,0.267857143,0.501369863,0.658536585,0.419354839,0.423197492,0.011764706,0.405228758,0.038709677,0.055979644,0.118686869,0.015384615,0.00625,0.121372032,0.165311653,0.02247191,0.634615385,0.829411765,0.221498371,0
0.223021583,0.003367003,0.136546185,0.544117647,0,0.369791667,0.984375,0.594272076,0.572944297,0.239043825,0.628770302,0.444444444,0.491646778,0.60952381,0.623306233,0.141993958,0.731428571,0.472283814,0.524752475,0.48255814,0.481781377,0.952095808,0.515837104,0.023560209,0.028089888,0.856790123,0.560773481,0.221864952,0.429906542,0.016990291,0.003246753,0.5,0.457725948,0.090702948,0.681462141,0.112727273,0,0.43697479,0.012,0.594594595,0.047794118,0.130681818,0.355119826,0.66745283,0.592105263,0.509933775,0.213483146,0.577608142,0.730512249,0.308008214,0.468007313,0.685552408,0.942465753,0.484848485,0.075268817,0.496881497,0.839598997,0.093425606,0.505649718,0.155092593,0.136231884,0.043478261,0.597765363,0.021582734,0.490636704,0.047120419,0.002336449,0.362606232,0.002949853,0.475,0.085603113,0.004032258,0.542857143,0.493333333,0.435643564,0.071428571,0.623471883,0.602941176,0.488888889,0.88372093,0.442176871,0.972826087,0.487229862,0.131805158,0.086419753,0.984575835,0.199376947,0.377358491,0.343065693,0.030162413,0,0.155080214,0.367231638,0.345238095,0.526548673,0.399014778,0.085635359,0.558441558,0.009852217,0.823076923,0.013422819,0.182119205,0.530612245,0.6,0.58056266,0.491416309,0.295857988,0.713043478,0.591224018,0.841954023,1,0.465553236,0.474452555,0.797814208,0.238938053,0.462414579,0.040572792,0.725433526,0.867647059,0.464589235,0.029177719,0.108247423,0.097560976,0.398753894,0.326530612,0.287292818,0.25,0.048140044,0.299568966,0.523529412,0.641025641,0.793548387,0.449799197,0.443181818,0.580573951,0.209580838,0.493540052,0.241590214,0.752604167,0.448275862,0.422932331,0.531680441,0.854447439,0.818731118,0.00280112,0.011527378,0.1171875,0.468656716,0.351190476,0.624657534,0.658536585,0.419354839,0.423197492,0.007843137,0.405228758,0.038709677,0.027989822,0.176767677,0.017948718,0.00625,0.121372032,0.162601626,0.02247191,0.634615385,0.829411765,0.218241042,0
0.107913669,0.117845118,0.168674699,0.466911765,0,0.033854167,0.5859375,0.589498807,0.543766578,0.348605578,0.638051044,0.396551724,0.601431981,0.552380952,0.571815718,0.060422961,0.745714286,0.536585366,0.455445545,0.403100775,0.406882591,0.541916168,0.445701357,0.115183246,0.030898876,0.637037037,0.94198895,0.646302251,0.408099688,0.033980583,0.006493506,0.267123288,0.702623907,0.117913832,0.365535248,0.127272727,0,0.540616246,0.012,0.694594595,0.202205882,0.176136364,0.490196078,0.648584906,0.460526316,0.474613687,0.176029963,0.521628499,0.550111359,0.371663244,0.409506399,0.512747875,0.624657534,0.731934732,0.185483871,0.415800416,0.726817043,0.384083045,0.161016949,0.222222222,0.739130435,0.005434783,0.491620112,0.026378897,0.468164794,0.010471204,0.002336449,0.365439093,0.002949853,0.536111111,0.186770428,0.008064516,0.604395604,0.433333333,0.537128713,0.071428571,0.623471883,0.512605042,0.428282828,0.613953488,0.380952381,0.54076087,0.487229862,0.040114613,0.12345679,0.668380463,0.797507788,0.588050314,0.474452555,0.030162413,0,0.117647059,0.666666667,0.400793651,0.274336283,0.334975369,0.027624309,0.581818182,0.009852217,0.607692308,0.211409396,0.208609272,0.625,0.640963855,0.567774936,0.326180258,0.068047337,0.579710145,0.420323326,0.497126437,0.617886179,0.419624217,0.364963504,0.453551913,0.25,0.71070615,0.059665871,0.757225434,0.75,0.95184136,0.037135279,0.12628866,0.03902439,0.666666667,0.013605442,0.546961326,0.357843137,0.076586433,0.409482759,0.517647059,0.324786325,0.448387097,0.455823293,0.388257576,0.501103753,0.290419162,0.627906977,0.321100917,0.559895833,0.454361055,0.477443609,0.553719008,0.504043127,0.558912387,0.00280112,0.011527378,0.1171875,0.671641791,0.74702381,0.843835616,0.598915989,0.304659498,0.382445141,0.003921569,0.343137255,0.070967742,0.030534351,0.159090909,0.023076923,0.034375,0.015831135,0.260162602,0.149812734,0.653846154,0.717647059,0.013029316,0
0.014388489,0.094276094,0.293172691,0.386029412,0,0.0859375,0.6171875,0.727923628,0.557029178,0.270916335,0.654292343,0.377394636,0.546539379,0.573809524,0.509485095,0.166163142,0.751428571,0.492239468,0.40990099,0.333333333,0.455465587,0.538922156,0.380090498,0.086387435,0.030898876,0.612345679,0.977900552,0.202572347,0.470404984,0.031553398,0.006493506,0.020547945,0.282798834,0.126984127,0.686684073,0.16,0.588972431,0.554621849,0.012,0.827027027,0.253676471,0.119318182,0.413943355,0.662735849,0.439473684,0.543046358,0.202247191,0.562340967,0.523385301,0.310061602,0.424131627,0.507082153,0.61369863,0.736596737,0.096774194,0.426195426,0.764411028,0.235294118,0.468926554,0.185185185,0.446376812,0,0.201117318,0.028776978,0.490636704,0.047120419,0.002336449,0.535410765,0.002949853,0.716666667,0.280155642,0.008064516,0.582417582,0.448888889,0.443069307,0.079365079,0.628361858,0.584033613,0.377777778,0.572093023,0.414965986,0.5625,0.416502947,0.025787966,0.091358025,0.676092545,0.816199377,0.672955975,0.405109489,0.032482599,0,0.069518717,0.378531073,0.404761905,0.407079646,0.078817734,0.060773481,0.542857143,0.044334975,0.697435897,0.187919463,0.155629139,0.558673469,0.614457831,0.542199488,0.457081545,0.189349112,0.611594203,0.376443418,0.474137931,0.653116531,0.371607516,0.355231144,0.43989071,0.212389381,0.460136674,0.033412888,0.676300578,0.727941176,0.906515581,0.037135279,0.141752577,0.085365854,0.411214953,0.142857143,0.375690608,0.303921569,0.078774617,0.375,0.682352941,0.696581197,0.74516129,0.518072289,0.448863636,0.540838852,0.284431138,0.57622739,0.28440367,0.528645833,0.503042596,0.430451128,0.702479339,0.566037736,0.546827795,0.005602241,0.028818444,0.421875,0.814925373,0.830357143,0.934246575,0.579945799,0.390681004,0.294670846,0.007843137,0.045751634,0.003225806,0.038167939,0.227272727,0.028205128,0.0375,0.290237467,0.276422764,0.34082397,0.884615385,0.847058824,0.631921824,0
0.014388489,0.033670034,0.104417671,0.378676471,0,0.083333333,0.643229167,0.539379475,0.538461538,0.324701195,0.635730858,0.381226054,0.560859189,0.585714286,0.552845528,0.075528701,0.76,0.474501109,0.401980198,0.488372093,0.455465587,0.547904192,0.375565611,0.078534031,0.033707865,0.562962963,0.607734807,0.848874598,0.470404984,0.024271845,0.006493506,0.01369863,0.274052478,0.10430839,0.689295039,0.163636364,0.593984962,0.442577031,0.012,0.559459459,0.044117647,0.116477273,0.437908497,0.660377358,0.473684211,0.492273731,0.243445693,0.559796438,0.55233853,0.404517454,0.427787934,0.487252125,0.578082192,0.613053613,0.099462366,0.494802495,0.523809524,0.256055363,0.471751412,0.19212963,0.437681159,0,0.195530726,0.021582734,0.486891386,0.047120419,0.002336449,0.28611898,0.002949853,0.413888889,0.073929961,0.004032258,0.582417582,0.464444444,0.492574257,0.071428571,0.621026895,0.556722689,0.375757576,0.627906977,0.405895692,0.608695652,0.416502947,0.028653295,0.133333333,0.663239075,0.317757009,0.921383648,0.401459854,0.025522042,0,0.069518717,0.378531073,0.378968254,0.380530973,0.118226601,0.063535912,0.506493506,0.009852217,0.48974359,0.05704698,0.152317881,0.589285714,0.628915663,0.572890026,0.384120172,0.233727811,0.646376812,0.406466513,0.494252874,0.620596206,0.371607516,0.338199513,0.412568306,0.407079646,0.774487472,0.071599045,0.950867052,0.625,0.699716714,0.034482759,0.141752577,0.082926829,0.411214953,0.115646259,0.375690608,0.306372549,0.06345733,0.36637931,0.685294118,0.696581197,0.751612903,0.512048193,0.450757576,0.534216336,0.224550898,0.550387597,0.287461774,0.502604167,0.511156187,0.428571429,0.473829201,0.452830189,0.498489426,0.081232493,0.023054755,0.40625,0.420895522,0.345238095,0.61369863,0.552845528,0.394265233,0.288401254,0.003921569,0.039215686,0,0.025445293,0.166666667,0.020512821,0.0375,0.292875989,0.276422764,0.344569288,0.884615385,0.847058824,0.638436482,0
0.115107914,0.013468013,0.040160643,0.518382353,0,0.127604167,0.924479167,0.646778043,0.543766578,0.400398406,0.719257541,0.477011494,0.591885442,0.961904762,0.972899729,0.096676737,0.748571429,0.543237251,0.441584158,0.313953488,0.406882591,0.820359281,0.538461538,0.020942408,0.028089888,0.948148148,0.585635359,0.147909968,0.317757009,0.033980583,0.006493506,0.482876712,0.620991254,0.074829932,0.446475196,0.094545455,0.002506266,0.535014006,0.004,0.4,0.055147059,0.042613636,0.496732026,0.962264151,0.915789474,0.496688742,0.172284644,0.529262087,0.532293987,0.342915811,0.407678245,0.609065156,0.939726027,0.48018648,0.188172043,0.528066528,0.764411028,0.093425606,0.285310734,0.263888889,0.623188406,0.032608696,0.452513966,0.026378897,0.561797753,0.104712042,0.002336449,0.254957507,0.005899705,0.247222222,0.046692607,0.008064516,0.648351648,0.762222222,0.688118812,0.095238095,0.623471883,0.705882353,0.484848485,0.565116279,0.376417234,0.885869565,0.483300589,0.146131805,0.158024691,0.98714653,0.323987539,0.600628931,0.427007299,0.030162413,0.005405405,0.192513369,0.61299435,0.305555556,0.539823009,0.214285714,0.383977901,0.587012987,0.009852217,0.687179487,0.043624161,0.102649007,0.867346939,0.93253012,0.997442455,0.373390558,0.082840237,0.576811594,0.651270208,0.867816092,0.620596206,0.423799582,0.418491484,0.770491803,0.148230088,0.314350797,0.033412888,0.901734104,0.865196078,0.569405099,0.034482759,0.077319588,0.046341463,0.672897196,0.547619048,0.226519337,0.404411765,0.048140044,0.357758621,0.429411765,0.615384615,0.041935484,0.469879518,0.456439394,0.763796909,0.293413174,0.633074935,0.321100917,0.848958333,0.496957404,0.479323308,0.41046832,0.676549865,0.664652568,0.00280112,0.011527378,0.0859375,0.292537313,0.339285714,0.495890411,0.666666667,0.362007168,0.517241379,0.011764706,0.133986928,0.029032258,0.043256997,0.164141414,0.028205128,0.015625,0.340369393,0.211382114,0.119850187,0.698717949,0.867647059,0.400651466,0
0.09352518,0.077441077,0.120481928,0.466911765,0,0.033854167,0.635416667,0.520286396,0.570291777,0.442231076,0.788863109,0.432950192,0.770883055,0.697619048,0.536585366,0.123867069,0.731428571,0.44789357,0.38019802,0.40503876,0.48582996,0.526946108,0.400452489,0.015706806,0.033707865,0.543209877,0.640883978,0.945337621,0.404984424,0.121359223,0.00974026,0.284246575,0.702623907,0.448979592,0.35770235,0.130909091,0,0.453781513,0.008,0.589189189,0.069852941,0.178977273,0.62745098,0.681603774,0.544736842,0.728476821,0.198501873,0.572519084,0.481069042,0.375770021,0.468007313,0.501416431,0.542465753,0.41958042,0.188172043,0.474012474,0.533834586,0.401384083,0.149717514,0.37962963,0.733333333,0.005434783,0.480446927,0.064748201,0.468164794,0.010471204,0.002336449,0.331444759,0.002949853,0.45,0.073929961,0.008064516,0.762637363,0.537777778,0.512376238,0.095238095,0.628361858,0.533613445,0.412121212,0.604651163,0.444444444,0.576086957,0.47740668,0.042979943,0.17037037,0.665809769,0.442367601,0.814465409,0.474452555,0.034802784,0.008108108,0.122994652,0.675141243,0.68452381,0.265486726,0.325123153,0.022099448,0.503896104,0.009852217,0.5,0.10738255,0.208609272,0.609693878,0.640963855,0.652173913,0.527896996,0.24260355,0.686956522,0.404157044,0.5,0.552845528,0.438413361,0.377128954,0.418032787,0.192477876,0.44191344,0.038186158,0.910404624,0.637254902,0.801699717,0.047745358,0.12628866,0.036585366,0.669781931,0.023809524,0.546961326,0.649509804,0.258205689,0.693965517,0.517647059,0.320512821,0.438709677,0.467871486,0.456439394,0.558498896,0.21257485,0.516795866,0.244648318,0.447916667,0.452332657,0.409774436,0.52892562,0.455525606,0.480362538,0.1232493,0.031700288,0.4296875,0.426865672,0.366071429,0.619178082,0.582655827,0.301075269,0.369905956,0.007843137,0.349673203,0.009677419,0.040712468,0.651515152,0.051282051,0.03125,0.007915567,0.257452575,0.161048689,0.653846154,0.714705882,0.003257329,0
0.014388489,0.02020202,0.381526104,0.386029412,0,0.114583333,0.640625,0.513126492,0.575596817,0.422310757,0.788863109,0.436781609,0.758949881,0.697619048,0.533875339,0.151057402,0.731428571,0.450110865,0.384158416,0.412790698,0.483805668,0.508982036,0.418552036,0.013089005,0.030898876,0.62962963,0.94198895,0.308681672,0.470404984,0.118932039,0.006493506,0.023972603,0.285714286,0.458049887,0.686684073,0.16,0.5839599,0.784313725,0.008,0.954054054,0.169117647,0.119318182,0.612200436,0.686320755,0.528947368,0.741721854,0.194756554,0.577608142,0.474387528,0.373716632,0.468007313,0.501416431,0.580821918,0.400932401,0.099462366,0.463617464,0.807017544,0.107266436,0.466101695,0.363425926,0.449275362,0,0.201117318,0.095923261,0.486891386,0.047120419,0.002336449,0.756373938,0.002949853,0.838888889,0.26848249,0.008064516,0.756043956,0.533333333,0.5,0.095238095,0.630806846,0.539915966,0.416161616,0.602325581,0.446712018,0.554347826,0.481335953,0.025787966,0.160493827,0.668380463,0.557632399,0.333333333,0.408759124,0.09512761,0,0.069518717,0.378531073,0.686507937,0.411504425,0.056650246,0.091160221,0.537662338,0.093596059,0.817948718,0.080536913,0.158940397,0.589285714,0.63373494,0.647058824,0.532188841,0.25147929,0.698550725,0.408775982,0.49137931,0.555555556,0.438413361,0.381995134,0.43715847,0.194690265,0.446469248,0.035799523,0.621387283,0.681372549,0.679886686,0.045092838,0.141752577,0.082926829,0.414330218,0.306122449,0.375690608,0.637254902,0.260393873,0.689655172,0.682352941,0.696581197,0.741935484,0.459839357,0.454545455,0.565121413,0.425149701,0.550387597,0.23853211,0.502604167,0.440162272,0.413533835,0.91184573,0.770889488,0.67673716,0.00280112,0.011527378,0.0859375,0.856716418,0.755952381,0.989041096,0.582655827,0.394265233,0.297805643,0.007843137,0.052287582,0.003225806,0.043256997,0.671717172,0.197435897,0.0375,0.284960422,0.276422764,0.337078652,0.878205128,0.847058824,0.628664495,0
0.223021583,0.033670034,0.096385542,0.544117647,0,0.3671875,0.635416667,0.594272076,0.557029178,0.366533865,0.682134571,0.385057471,0.546539379,0.65,0.60704607,0.848942598,0.754285714,0.532150776,0.384158416,0.333333333,0.463562753,0.535928144,0.373303167,0.031413613,0.028089888,0.57037037,0.613259669,0.864951768,0.429906542,0.024271845,0.003246753,0.503424658,0.463556851,0.154195011,0.678851175,0.112727273,0,0.453781513,0.008,0.545945946,0.051470588,0.130681818,0.48583878,0.66745283,0.523684211,0.713024283,0.209737828,0.559796438,0.518930958,0.318275154,0.433272395,0.501416431,0.561643836,0.498834499,0.075268817,0.494802495,0.523809524,0.259515571,0.505649718,0.236111111,0.144927536,0.043478261,0.597765363,0.021582734,0.490636704,0.047120419,0.018691589,0.271954674,0.002949853,0.388888889,0.073929961,0.008064516,0.531868132,0.495555556,0.425742574,0.349206349,0.628361858,0.655462185,0.375757576,0.588372093,0.41723356,0.578804348,0.418467583,0.134670487,0.130864198,0.670951157,0.314641745,0.952830189,0.343065693,0.027842227,0,0.14973262,0.370056497,0.428571429,0.522123894,0.399014778,0.077348066,0.535064935,0.009852217,0.476923077,0.05704698,0.178807947,0.522959184,0.604819277,0.667519182,0.727467811,0.461538462,0.634782609,0.376443418,0.49137931,0.517615176,0.377870564,0.345498783,0.401639344,0.148230088,0.391799544,0.042959427,0.939306358,0.612745098,0.677053824,0.029177719,0.108247423,0.095121951,0.411214953,0.333333333,0.298342541,0.37745098,0.083150985,0.392241379,0.520588235,0.636752137,0.793548387,0.514056225,0.454545455,0.538631347,0.233532934,0.571059432,0.28440367,0.494791667,0.511156187,0.422932331,0.457300275,0.442048518,0.510574018,0.095238095,0.028818444,0.4765625,0.417910448,0.363095238,0.616438356,0.661246612,0.419354839,0.426332288,0.011764706,0.405228758,0.041935484,0.160305344,0.401515152,0.030769231,0.00625,0.118733509,0.162601626,0.02247191,0.634615385,0.829411765,0.214983713,0
0.223021583,0.006734007,0.048192771,0.544117647,0,0.361979167,0.567708333,0.661097852,0.98938992,0.406374502,0.672853828,0.475095785,0.577565632,0.952380952,0.983739837,0.072507553,0.685714286,0.534368071,0.447524752,0.315891473,0.433198381,0.892215569,0.472850679,0.031413613,0.028089888,0.602469136,0.538674033,0.344051447,0.433021807,0.019417476,0.003246753,0.503424658,0.469387755,0.070294785,0.676240209,0.112727273,0,0.557422969,0.008,0.408108108,0.029411765,0.130681818,0.494553377,0.943396226,0.931578947,0.485651214,0.176029963,0.679389313,0.534521158,0.361396304,0.400365631,0.980169972,0.564383562,0.501165501,0.075268817,0.444906445,0.556390977,0.114186851,0.505649718,0.256944444,0.15942029,0.046195652,0.603351955,0.021582734,0.486891386,0.041884817,0.002336449,0.320113314,0.002949853,0.244444444,0.023346304,0.008064516,0.621978022,0.764444444,0.70049505,0.079365079,0.951100244,0.657563025,0.490909091,0.562790698,0.628117914,0.641304348,0.47740668,0.140401146,0.162962963,0.588688946,0.242990654,0.518867925,0.343065693,0.027842227,0,0.14973262,0.375706215,0.291666667,0.522123894,0.396551724,0.071823204,0.911688312,0.014778325,0.487179487,0.023489933,0.178807947,0.867346939,0.920481928,0.997442455,0.345493562,0.100591716,0.579710145,0.676674365,0.899425287,0.639566396,0.471816284,0.676399027,0.628415301,0.157079646,0.314350797,0.042959427,0.783236994,0.639705882,0.535410765,0.029177719,0.108247423,0.092682927,0.420560748,0.340136054,0.303867403,0.387254902,0.037199125,0.323275862,0.517647059,0.636752137,0.793548387,0.47188755,0.456439394,0.735099338,0.389221557,0.69250646,0.278287462,0.497395833,0.478701826,0.479323308,0.424242424,0.566037736,0.882175227,0.00280112,0.014409222,0.109375,0.247761194,0.261904762,0.476712329,0.66395664,0.419354839,0.429467085,0.011764706,0.405228758,0.04516129,0.030534351,0.146464646,0.017948718,0.00625,0.118733509,0.162601626,0.02247191,0.634615385,0.829411765,0.211726384,0
0.09352518,0.01010101,0.080321285,0.470588235,0,0.03125,0.596354167,0.534606205,0.684350133,0.462151394,0.791183295,0.444444444,0.785202864,0.697619048,0.552845528,0.096676737,1,0.43902439,0.396039604,0.397286822,0.473684211,0.535928144,0.400452489,0.023560209,0.033707865,0.520987654,0.649171271,0.183279743,0.401869159,0.11407767,0.00974026,0.287671233,0.702623907,0.41723356,0.360313316,0.130909091,0,0.574229692,0.02,0.562162162,0.055147059,0.178977273,0.644880174,0.672169811,0.594736842,0.713024283,0.629213483,0.534351145,0.458797327,0.386036961,0.464351005,0.575070822,0.465753425,0.452214452,0.188172043,0.46985447,0.634085213,0.110726644,0.149717514,0.386574074,0.736231884,0.005434783,0.474860335,0.052757794,0.468164794,0.010471204,0.002336449,0.354107649,0.014749263,0.347222222,0.062256809,0.008064516,0.771428571,0.548888889,0.537128713,0.095238095,0.64792176,0.523109244,0.426262626,0.604651163,0.492063492,0.535326087,0.493123772,0.045845272,0.180246914,0.586118252,0.31152648,0.264150943,0.474452555,0.027842227,0,0.122994652,0.672316384,0.674603175,0.269911504,0.322660099,0.019337017,0.514285714,0.024630542,0.587179487,0.040268456,0.208609272,0.645408163,0.655421687,0.664961637,0.519313305,0.171597633,0.657971014,0.399538106,0.517241379,0.533875339,0.446764092,0.428223844,0.415300546,0.194690265,0.453302961,0.042959427,0.693641618,0.659313725,0.580736544,0.045092838,0.12371134,0.034146341,0.669781931,0.023809524,0.546961326,0.651960784,0.240700219,0.691810345,0.517647059,0.324786325,0.438709677,0.425702811,0.441287879,0.536423841,0.44011976,0.76744186,0.712538226,0.4296875,0.434077079,0.436090226,0.520661157,0.557951482,0.543806647,0.00280112,0.011527378,0.09375,0.364179104,0.351190476,0.62739726,0.588075881,0.304659498,0.373040752,0.011764706,0.349673203,0.012903226,0.03562341,0.603535354,0.038461538,0.03125,0.005277045,0.257452575,0.164794007,0.66025641,0.714705882,0,0
0.014388489,0.01010101,0.044176707,0.389705882,0.042253521,0.078125,0.549479167,0.565632458,0.655172414,0.573705179,0.744779582,0.383141762,0.840095465,0.688095238,0.569105691,0.175226586,0.86,0.481152993,0.392079208,0.36627907,0.465587045,0.526946108,0.364253394,0.020942408,0.033707865,0.567901235,0.593922652,0.366559486,0.470404984,0.145631068,0.00974026,0.037671233,0.288629738,0.421768707,0.686684073,0.163636364,0.573934837,0.487394958,0.004,0.451351351,0.044117647,0.122159091,0.729847495,0.674528302,0.547368421,0.598233996,0.543071161,0.559796438,0.516703786,0.466119097,0.429616088,0.603399433,0.457534247,0.466200466,0.10483871,0.446985447,0.5839599,0.131487889,0.463276836,0.518518519,0.457971014,0,0.195530726,0.052757794,0.483146067,0.052356021,0.01635514,0.274787535,0.002949853,0.261111111,0.038910506,0.008064516,0.784615385,0.511111111,0.636138614,0.357142857,0.640586797,0.514705882,0.377777778,0.590697674,0.442176871,0.489130435,0.416502947,0.031518625,0.288888889,0.57840617,0.289719626,0.433962264,0.412408759,0.090487239,0,0.069518717,0.378531073,0.672619048,0.42920354,0.039408867,0.052486188,0.548051948,0.009852217,0.51025641,0.036912752,0.162251656,0.704081633,0.66746988,0.670076726,0.506437768,0.837278107,0.814492754,0.404157044,0.502873563,0.536585366,0.375782881,0.369829684,0.387978142,0.21460177,0.396355353,0.040572792,0.76300578,0.649509804,0.577903683,0.066312997,0.141752577,0.085365854,0.414330218,0.350340136,0.370165746,0.745098039,0.286652079,0.734913793,0.679411765,0.700854701,0.735483871,0.516064257,0.456439394,0.545253863,0.338323353,0.565891473,0.302752294,0.458333333,0.505070994,0.422932331,0.426997245,0.460916442,0.498489426,0.00280112,0.014409222,0.078125,0.289552239,0.303571429,0.539726027,0.588075881,0.394265233,0.300940439,0.011764706,0.068627451,0.006451613,0.063613232,0.46969697,0.030769231,0.0375,0.2823219,0.279132791,0.325842697,0.865384615,0.847058824,0.618892508,0
0.014388489,0.01010101,0.092369478,0.386029412,0,0.075520833,0.578125,0.606205251,0.681697613,0.386454183,0.707656613,0.394636015,0.54176611,0.626190476,0.634146341,0.827794562,0.94,0.523281596,0.38019802,0.317829457,0.45951417,0.52994012,0.368778281,0.039267016,0.030898876,0.565432099,0.604972376,0.266881029,0.470404984,0.02184466,0.006493506,0.030821918,0.282798834,0.160997732,0.689295039,0.163636364,0.581453634,0.697478992,0.036,0.508108108,0.044117647,0.122159091,0.492374728,0.66745283,0.536842105,0.72406181,0.258426966,0.559796438,0.512249443,0.334702259,0.438756856,0.583569405,0.482191781,0.524475524,0.10483871,0.446985447,0.604010025,0.114186851,0.466101695,0.243055556,0.449275362,0,0.195530726,0.023980815,0.483146067,0.052356021,0.014018692,0.461756374,0.017699115,0.338888889,0.042801556,0.012096774,0.547252747,0.497777778,0.448019802,0.293650794,0.650366748,0.665966387,0.377777778,0.576744186,0.46031746,0.513586957,0.418467583,0.034383954,0.143209877,0.593830334,0.280373832,0.411949686,0.408759124,0.020881671,0,0.069518717,0.378531073,0.450396825,0.411504425,0.049261084,0.049723757,0.568831169,0.073891626,0.543589744,0.033557047,0.158940397,0.535714286,0.604819277,0.672634271,0.71888412,0.446745562,0.6,0.383371824,0.49137931,0.495934959,0.375782881,0.391727494,0.409836066,0.152654867,0.391799544,0.045346062,0.739884393,0.656862745,0.566572238,0.029177719,0.141752577,0.075609756,0.414330218,0.323129252,0.375690608,0.379901961,0.087527352,0.392241379,0.679411765,0.700854701,0.741935484,0.510040161,0.458333333,0.536423841,0.643712575,0.839793282,0.801223242,0.466145833,0.509127789,0.417293233,0.537190083,0.514824798,0.546827795,0.00280112,0.011527378,0.1015625,0.307462687,0.30952381,0.567123288,0.577235772,0.394265233,0.297805643,0.011764706,0.062091503,0.006451613,0.440203562,0.414141414,0.030769231,0.0375,0.2823219,0.276422764,0.333333333,0.871794872,0.847058824,0.625407166,0
0.26618705,0.895622896,0.787148594,0.536764706,0,0.763020833,0.486979167,0.207637232,0.596816976,0,0.002320186,0.233716475,0,0.130952381,0.016260163,0.03021148,0.528571429,0.476718404,0.140594059,0.011627907,0.491902834,0.452095808,0.429864253,0.018324607,0.036516854,0.632098765,0.569060773,0.389067524,0.738317757,0.014563107,0.003246753,0.428082192,0.658892128,0,0.459530026,0.076363636,0.681704261,0.602240896,0.92,0.672972973,0.966911765,0.409090909,0,0.056603774,0.094736842,0.004415011,0.097378277,0.707379135,0.173719376,0,0.361974406,0.515580737,0.501369863,0.027972028,0.107526882,0.521829522,0.501253133,0.847750865,0.822033898,0,0.194202899,0.494565217,0.664804469,0.052757794,0.988764045,0.151832461,0.002336449,0.59490085,0.775811209,0.644444444,0.906614786,0.701612903,0.008791209,0.202222222,0.007425743,0.071428571,0.530562347,0.105042017,0.185858586,0.041860465,0.566893424,0.423913043,0.36345776,0.106017192,0,0.570694087,0.931464174,0.594339623,0.591240876,0.155452436,0.248648649,0.374331551,0.38700565,0.001984127,0.561946903,0.073891626,0.867403315,0.397402597,0.876847291,0.48974359,0.963087248,0.38410596,0.007653061,0.007228916,0.030690537,0.137339056,0.085798817,0.733333333,0.009237875,0.043103448,0.029810298,0.459290188,0.510948905,0.480874317,0.006637168,0.011389522,0.047732697,0.780346821,0.583333333,0.580736544,0.034482759,0.239690722,0.265853659,0.53894081,0.156462585,0.187845304,0,0.006564551,0,0.717647059,0.764957265,0.803225806,0.508032129,0.333333333,0.267108168,0.634730539,0.563307494,0.886850153,0.5234375,0.365111562,0.30075188,0.683195592,0.447439353,0.444108761,0.00280112,0.011527378,0.1328125,0.776119403,0.892857143,0.621917808,0.460704607,0.70609319,0.373040752,0.788235294,0.470588235,0.712903226,0.020356234,0.007575758,0.030769231,0.496875,0.414248021,0.387533875,0.475655431,0.551282051,0.329411765,0.403908795,0
0.201438849,0.902356902,0.81124498,0.566176471,0.014084507,0.705729167,0.458333333,0.23627685,0.554376658,0.011952191,0.023201856,0.157088123,0.023866348,0.1,0.032520325,0.069486405,0.671428571,0.390243902,0.211881188,0.003875969,0.36437247,0.461077844,0.513574661,0.005235602,0.036516854,0.632098765,0.665745856,0.054662379,0.62305296,0.024271845,0.003246753,0.366438356,0.583090379,0.011337868,0.509138381,0.145454545,0.764411028,0.68627451,0.82,0.57027027,0.996323529,0.474431818,0.019607843,0.070754717,0.055263158,0.024282561,0.674157303,0.643765903,0.276169265,0.004106776,0.244972578,0.464589235,0.589041096,0.009324009,0.099462366,0.550935551,0.466165414,0.698961938,0.740112994,0.016203704,0.095652174,0.5625,0.491620112,0.06235012,0.973782772,0.204188482,0.002336449,0.589235127,0.710914454,0.566666667,0.937743191,0.818548387,0.032967033,0.126666667,0.022277228,0.119047619,0.596577017,0.111344538,0.183838384,0.013953488,0.453514739,0.451086957,0.355599214,0.094555874,0.002469136,0.552699229,0.831775701,0.352201258,0.467153285,0.13225058,0.240540541,0.251336898,0.375706215,0.015873016,0.668141593,0.088669951,0.867403315,0.436363636,0.866995074,0.407692308,0.983221477,0.354304636,0.033163265,0.043373494,0.030690537,0.160944206,0.402366864,0.791304348,0.013856813,0.037356322,0.021680217,0.409185804,0.437956204,0.535519126,0.002212389,0.002277904,0.040572792,0.592485549,0.477941176,0.478753541,0.039787798,0.139175258,0.175609756,0.757009346,0.149659864,0.226519337,0.009803922,0.015317287,0.012931034,0.776470588,0.846153846,0.367741935,0.37751004,0.181818182,0.194260486,0.670658683,0.591731266,0.944954128,0.643229167,0.509127789,0.398496241,0.595041322,0.401617251,0.441087613,0.00280112,0.011527378,0.0703125,0.704477612,0.818452381,0.646575342,0.452574526,0.666666667,0.319749216,0.905882353,0.486928105,0.806451613,0.043256997,0.03030303,0.058974359,0.471875,0.398416887,0.401084011,0.486891386,0.576923077,0.344117647,0.482084691,0
0.201438849,0.905723906,0.807228916,0.996323529,0.014084507,0.104166667,0.455729167,0.23627685,0.554376658,0.013944223,0.025522042,0.157088123,0.028639618,0.1,0.032520325,0.072507553,0.674285714,0.388026608,0.213861386,0.001937984,0.36437247,0.461077844,0.513574661,0,0.036516854,0.632098765,0.665745856,0.054662379,0.54517134,0.031553398,0.003246753,0.363013699,0.580174927,0.015873016,0.430809399,0.149090909,0,0.68627451,0.82,0.57027027,0.996323529,0.474431818,0.021786492,0.075471698,0.057894737,0.026490066,0.670411985,0.643765903,0.278396437,0.004106776,0.244972578,0.464589235,0.589041096,0.004662005,0.5,0.548856549,0.466165414,0.702422145,0.290960452,0.023148148,0.628985507,0.5625,0.497206704,0.035971223,0.565543071,0.204188482,0.002336449,0.589235127,0.710914454,0.569444444,0.937743191,0.818548387,0.037362637,0.126666667,0.024752475,0.126984127,0.596577017,0.113445378,0.183838384,0.009302326,0.453514739,0.448369565,0.355599214,0.851002865,0.007407407,0.552699229,0.831775701,0.352201258,0.806569343,0.041763341,0.243243243,0.240641711,0.542372881,0.017857143,0.672566372,0.091133005,0.149171271,0.438961039,0.866995074,0.407692308,0.986577181,0.350993377,0.038265306,0.048192771,0.033248082,0.160944206,0.399408284,0.791304348,0.013856813,0.037356322,0.01897019,0.409185804,0.437956204,0.535519126,0,0,0.040572792,0.592485549,0.477941176,0.481586402,0.042440318,0.175257732,0.051219512,0.757009346,0.146258503,0.226519337,0.012254902,0.019693654,0.015086207,0.470588235,0.846153846,0.051612903,0.375502008,0.181818182,0.194260486,0.673652695,0.589147287,0.948012232,0.643229167,0.509127789,0.398496241,0.597796143,0.401617251,0.444108761,0.00280112,0.011527378,0.0625,0.704477612,0.818452381,0.646575342,0.45799458,0.41218638,0.476489028,0.905882353,0.483660131,0.806451613,0.048346056,0.032828283,0.038461538,0.471875,0.401055409,0.401084011,0.490636704,0.576923077,0.344117647,0.488599349,0
0.26618705,0.898989899,0.78313253,0.966911765,0,0.119791667,0.486979167,0.207637232,0.596816976,0.003984064,0.006960557,0.233716475,0.002386635,0.130952381,0.01897019,0.036253776,0.525714286,0.476718404,0.140594059,0.009689922,0.491902834,0.452095808,0.429864253,0.013089005,0.036516854,0.632098765,0.569060773,0.392282958,0.411214953,0.024271845,0.003246753,0.421232877,0.655976676,0.004535147,0.391644909,0.083636364,0,0.599439776,0.92,0.675675676,0.966911765,0.40625,0.004357298,0.061320755,0.094736842,0.006622517,0.097378277,0.709923664,0.173719376,0,0.361974406,0.518413598,0.501369863,0.025641026,0.293010753,0.523908524,0.498746867,0.851211073,0.372881356,0.006944444,0.713043478,0.494565217,0.664804469,0.028776978,0.573033708,0.157068063,0.002336449,0.592067989,0.772861357,0.644444444,0.906614786,0.701612903,0.010989011,0.202222222,0.00990099,0.071428571,0.530562347,0.107142857,0.185858586,0.037209302,0.566893424,0.421195652,0.36345776,0.833810888,0.002469136,0.570694087,0.931464174,0.597484277,0.697080292,0.034802784,0.251351351,0.368983957,0.573446328,0.003968254,0.561946903,0.078817734,0.091160221,0.397402597,0.881773399,0.48974359,0.963087248,0.38410596,0.012755102,0.014457831,0.033248082,0.137339056,0.088757396,0.733333333,0.011547344,0.043103448,0.027100271,0.459290188,0.510948905,0.480874317,0.004424779,0.009111617,0.042959427,0.780346821,0.583333333,0.577903683,0.039787798,0.095360825,0.058536585,0.54517134,0.153061224,0.182320442,0.00245098,0.010940919,0.002155172,0.470588235,0.769230769,0.803225806,0.508032129,0.333333333,0.267108168,0.634730539,0.565891473,0.886850153,0.520833333,0.367139959,0.30075188,0.680440771,0.447439353,0.444108761,0.00280112,0.011527378,0.125,0.773134328,0.889880952,0.624657534,0.45799458,0.376344086,0.445141066,0.788235294,0.470588235,0.716129032,0.027989822,0.012626263,0.025641026,0.496875,0.416886544,0.387533875,0.475655431,0.551282051,0.329411765,0.410423453,0
0.223021583,0.902356902,0.78313253,0.566176471,0,0.666666667,0.481770833,0.212410501,0.596816976,0.205179283,0,0.237547893,0.019093079,0.126190476,0.010840108,0.027190332,0.517142857,0.474501109,0.142574257,0.023255814,0.493927126,0.452095808,0.432126697,0.057591623,0.376404494,0.62962963,0.571823204,0.40192926,0.557632399,0.347087379,0.003246753,0.390410959,0.56851312,0.201814059,0.509138381,0.08,0.789473684,0.593837535,0.92,0.678378378,0.970588235,0.409090909,0.091503268,0.051886792,0.092105263,0,0.08988764,0.704834606,0.175946548,0.090349076,0.365630713,0.518413598,0.495890411,0.03030303,0.317204301,0.523908524,0.501253133,0.851211073,0.692090395,0.414351852,0.101449275,0.497282609,0.497206704,0.309352518,0.966292135,0.193717277,0.002336449,0.592067989,0.769911504,0.641666667,0.906614786,0.701612903,0.004395604,0.202222222,0.00990099,0.063492063,0.528117359,0.100840336,0.187878788,0.044186047,0.566893424,0.418478261,0.367387033,0.23495702,0.397530864,0.568123393,0.92834891,0.610062893,0.445255474,0.3387471,0.256756757,0.326203209,0.375706215,0.003968254,0.699115044,0.051724138,0.859116022,0.394805195,0.881773399,0.48974359,0.966442953,0.377483444,0.00255102,0,0.025575448,0.130901288,0.079881657,0.724637681,0.006928406,0.043103448,0.027100271,0.461377871,0.513381995,0.483606557,0.371681416,0.216400911,0.341288783,0.783236994,0.583333333,0.580736544,0.366047745,0.31443299,0.336585366,0.760124611,0.173469388,0.281767956,0.365196078,0.328227571,0.075431034,0.802941176,0.85042735,0.435483871,0.508032129,0.335227273,0.264900662,0.637724551,0.571059432,0.896024465,0.518229167,0.365111562,0.302631579,0.680440771,0.444743935,0.444108761,0.00280112,0.008645533,0.1484375,0.773134328,0.889880952,0.632876712,0.455284553,0.64874552,0.307210031,0.792156863,0.464052288,0.719354839,0.015267176,0.007575758,0.074358974,0.49375,0.422163588,0.398373984,0.486891386,0.564102564,0.326470588,0.436482085,0
0.201438849,0.902356902,0.81124498,0.569852941,0.014084507,0.651041667,0.455729167,0.23627685,0.554376658,0.21314741,0.020881671,0.155172414,0.057279236,0.097619048,0.029810298,0.066465257,0.671428571,0.390243902,0.211881188,0.015503876,0.36437247,0.458083832,0.511312217,0.031413613,0.373595506,0.632098765,0.665745856,0.054662379,0.551401869,0.356796117,0.003246753,0.356164384,0.548104956,0.235827664,0.516971279,0.145454545,0.789473684,0.68627451,0.82,0.57027027,1,0.474431818,0.11546841,0.068396226,0.055263158,0.022075055,0.670411985,0.643765903,0.278396437,0.094455852,0.244972578,0.464589235,0.589041096,0.009324009,0.311827957,0.550935551,0.466165414,0.698961938,0.68079096,0.423611111,0.414492754,0.5625,0.502793296,0.318944844,0.966292135,0.209424084,0.002336449,0.589235127,0.710914454,0.569444444,0.941634241,0.818548387,0.030769231,0.124444444,0.027227723,0.119047619,0.596577017,0.109243697,0.181818182,0.013953488,0.453514739,0.448369565,0.355599214,0.220630372,0.4,0.552699229,0.834890966,0.355345912,0.445255474,0.343387471,0.237837838,0.235294118,0.361581921,0.023809524,0.730088496,0.081280788,0.850828729,0.438961039,0.866995074,0.407692308,0.986577181,0.350993377,0.030612245,0.040963855,0.028132992,0.158798283,0.399408284,0.791304348,0.011547344,0.037356322,0.021680217,0.409185804,0.437956204,0.535519126,0.367256637,0.193621868,0.331742243,0.592485549,0.477941176,0.481586402,0.371352785,0.31185567,0.336585366,0.760124611,0.156462585,0.243093923,0.382352941,0.343544858,0.103448276,0.811764706,0.833333333,0.448387097,0.37751004,0.181818182,0.19205298,0.673652695,0.589147287,0.948012232,0.643229167,0.509127789,0.398496241,0.597796143,0.401617251,0.444108761,0.00280112,0.008645533,0.078125,0.707462687,0.821428571,0.646575342,0.482384824,0.655913978,0.313479624,0.905882353,0.483660131,0.806451613,0.038167939,0.032828283,0.117948718,0.471875,0.403693931,0.401084011,0.494382022,0.583333333,0.341176471,0.491856678,0
0.258992806,0.902356902,0.819277108,0.944852941,0.014084507,0.317708333,0.455729167,0.229116945,0.549071618,0.219123506,0.030162413,0.159003831,0.069212411,0.102380952,0.032520325,0.078549849,0.674285714,0.394678492,0.213861386,0.011627907,0.366396761,0.461077844,0.515837104,0.010471204,0.373595506,0.62962963,0.660220994,0.048231511,0.386292835,0.36407767,0.006493506,0.390410959,0.653061224,0.258503401,0.386422977,0.130909091,0,0.683473389,0.824,0.572972973,1,0.474431818,0.124183007,0.080188679,0.057894737,0.028697572,0.674157303,0.643765903,0.276169265,0.094455852,0.248628885,0.461756374,0.591780822,0.002331002,0.389784946,0.546777547,0.468671679,0.705882353,0.406779661,0.430555556,0.765217391,0.554347826,0.709497207,0.290167866,0.56928839,0.172774869,0.002336449,0.589235127,0.713864307,0.569444444,0.945525292,0.814516129,0.041758242,0.126666667,0.02970297,0.134920635,0.594132029,0.117647059,0.187878788,0.002325581,0.451247166,0.451086957,0.359528487,0.810888252,0.402469136,0.550128535,0.841121495,0.336477987,0.631386861,0.331786543,0.22972973,0.294117647,0.587570621,0.031746032,0.584070796,0.108374384,0.110497238,0.433766234,0.866995074,0.412820513,0.986577181,0.367549669,0.038265306,0.05060241,0.035805627,0.167381974,0.417159763,0.797101449,0.011547344,0.037356322,0.016260163,0.413361169,0.440389294,0.538251366,0.365044248,0.170842825,0.324582339,0.583815029,0.475490196,0.458923513,0.374005305,0.301546392,0.307317073,0.504672897,0.12244898,0.077348066,0.394607843,0.356673961,0.122844828,0.470588235,0.747863248,0.822580645,0.375502008,0.183712121,0.196467991,0.667664671,0.599483204,0.944954128,0.643229167,0.507099391,0.40037594,0.58953168,0.398921833,0.441087613,0.00280112,0.599423631,0.0546875,0.71641791,0.830357143,0.649315068,0.460704607,0.379928315,0.432601881,0.901960784,0.493464052,0.8,0.050890585,0.045454545,0.071794872,0.46875,0.393139842,0.401084011,0.490636704,0.570512821,0.332352941,0.459283388,0
0.28057554,0.895622896,0.787148594,0.944852941,0,0.3125,0.486979167,0.205250597,0.596816976,0.211155378,0.006960557,0.233716475,0.035799523,0.130952381,0.016260163,0.036253776,0.528571429,0.476718404,0.138613861,0.021317829,0.491902834,0.452095808,0.429864253,0.034031414,0.373595506,0.632098765,0.569060773,0.389067524,0.386292835,0.354368932,0.006493506,0.431506849,0.650145773,0.229024943,0.378590078,0.08,0,0.602240896,0.92,0.675675676,0.970588235,0.409090909,0.102396514,0.061320755,0.094736842,0.006622517,0.097378277,0.709923664,0.173719376,0.092402464,0.361974406,0.515580737,0.501369863,0.023310023,0.387096774,0.521829522,0.498746867,0.847750865,0.40960452,0.421296296,0.773913043,0.494565217,0.709497207,0.270983213,0.56928839,0.151832461,0.002336449,0.59490085,0.772861357,0.644444444,0.910505837,0.701612903,0.010989011,0.202222222,0.014851485,0.079365079,0.530562347,0.107142857,0.183838384,0.034883721,0.56462585,0.421195652,0.36345776,0.799426934,0.4,0.570694087,0.931464174,0.597484277,0.627737226,0.320185615,0.245945946,0.374331551,0.598870056,0.011904762,0.619469027,0.086206897,0.096685083,0.397402597,0.881773399,0.48974359,0.963087248,0.38410596,0.012755102,0.014457831,0.033248082,0.139484979,0.088757396,0.733333333,0.009237875,0.043103448,0.024390244,0.457202505,0.510948905,0.480874317,0.369469027,0.198177677,0.334128878,0.780346821,0.583333333,0.577903683,0.368700265,0.298969072,0.3,0.414330218,0.146258503,0.121546961,0.379901961,0.341356674,0.092672414,0.470588235,0.713675214,0.835483871,0.508032129,0.333333333,0.269315673,0.634730539,0.565891473,0.889908257,0.520833333,0.367139959,0.29887218,0.683195592,0.447439353,0.444108761,0.00280112,0.008645533,0.125,0.776119403,0.892857143,0.624657534,0.487804878,0.379928315,0.44200627,0.788235294,0.473856209,0.712903226,0.030534351,0.017676768,0.048717949,0.496875,0.414248021,0.387533875,0.479400749,0.551282051,0.323529412,0.403908795,0
0.402877698,0,0,0.955882353,0,0.6015625,0.033854167,0.042959427,0.018567639,0.193227092,0.004640371,0.017241379,0.023866348,0.033333333,0.024390244,0.036253776,0.028571429,0.013303769,0.033663366,0.003875969,0.002024291,0.02994012,0,0.034031414,0.264044944,0.019753086,0.016574586,0.028938907,0.601246106,0.288834951,0.006493506,0.164383562,0.379008746,0.029478458,0.637075718,0.352727273,0.676691729,0.016806723,0.044,0.016216216,0.011029412,0.428977273,0.106753813,0.018867925,0.039473684,0.006622517,0.011235955,0.005089059,0.051224944,0.059548255,0.007312614,0.025495751,0.021917808,0.025641026,0.615591398,0.012474012,0.025062657,0,0.632768362,0.430555556,0.742028986,0,0.508379888,0.551558753,0.958801498,0.246073298,0.002336449,0.008498584,0.637168142,0.008333333,0.007782101,0.008064516,0.008791209,0.031111111,0.012376238,0.063492063,0.02200489,0.014705882,0.022222222,0.039534884,0,0.032608696,0.003929273,0.819484241,0.340740741,0.025706941,0.00623053,0.025157233,0.667883212,0.466357309,0,0.288770053,0.581920904,0.003968254,0.349557522,0.578817734,0.674033149,0.033766234,0.004926108,0.017948718,0.003355705,0.360927152,0.007653061,0.014457831,0.020460358,0.012875536,0.01183432,0.008695652,0.009237875,0.034482759,0.037940379,0,0.00243309,0.013661202,0.230088496,0.08428246,0.326968974,0.020231214,0.036764706,0.016997167,0.25994695,0.652061856,0.531707317,0.53894081,0.074829932,0.596685083,0.446078431,0.32166302,0.064655172,0.885294118,0.495726496,0.696774194,0.006024096,0.009469697,0.024282561,0.005988024,0.023255814,0.003058104,0.0078125,0.016227181,0.009398496,0.016528926,0.029649596,0.036253776,0.005602241,0.014409222,0.109375,0.005970149,0.005952381,0.016438356,0.441734417,0.738351254,0.529780564,0.007843137,0.320261438,0.003225806,0.030534351,0.007575758,0.569230769,0.328125,0.725593668,0.531165312,0.123595506,0.551282051,0.638235294,0.136807818,0
0.309352518,0.01010101,0.004016064,0.889705882,0,0.684895833,0.03125,0.033412888,0.023872679,0.051792829,0.018561485,0.021072797,0.023866348,0.057142857,0.032520325,0.054380665,0.034285714,0.017738359,0.02970297,0.011627907,0.006072874,0.02994012,0,0.002617801,0.264044944,0.014814815,0.013812155,0.022508039,0.629283489,0.351941748,0.058441558,0.945205479,0.562682216,0.340136054,0.454308094,0.290909091,0.776942356,0.019607843,0.004,0.013513514,0.018382353,0.670454545,0.047930283,0.049528302,0.05,0.017660044,0.018726592,0.007633588,0.037861915,0.036960986,0.010968921,0.025495751,0.019178082,0.013986014,0.647849462,0.01039501,0.020050125,0,0.723163842,0.331018519,0.837681159,0.744565217,0.262569832,0.386091127,0.970037453,0.277486911,0.002336449,0.008498584,0.002949853,0.008333333,0.011673152,0.064516129,0.021978022,0.046666667,0.00990099,0.087301587,0.026894866,0.025210084,0.022222222,0.020930233,0.002267574,0.029891304,0.00589391,0.673352436,0.261728395,0.023136247,0.00623053,0.01572327,0.627737226,0.354988399,0.578378378,0.689839572,0.728813559,0.011904762,0.362831858,0.096059113,0.861878453,0.036363636,0.004926108,0.017948718,0.006711409,0.549668874,0.022959184,0.036144578,0.035805627,0.02360515,0.017751479,0.014492754,0.011547344,0.037356322,0.029810298,0.002087683,0.00243309,0.010928962,0.338495575,0.223234624,0.295942721,0.014450867,0.031862745,0.014164306,0.270557029,0.646907216,0.47804878,0.595015576,0.833333333,0.430939227,0.200980392,0.407002188,0.040948276,0.791176471,0.521367521,0.590322581,0.012048193,0.018939394,0.035320088,0.005988024,0.025839793,0.006116208,0.005208333,0.012170385,0.007518797,0.016528926,0.029649596,0.036253776,0.005602241,0.017291066,0.078125,0.008955224,0.005952381,0.01369863,0.452574526,0.659498208,0.595611285,0.290196078,0.87254902,0.722580645,0.048346056,0.02020202,0.087179487,0.215625,0.240105541,0.471544715,0.269662921,0.705128205,0.729411765,0.573289902,0
0.302158273,0,0.004016064,0.860294118,0.002816901,0.692708333,0.026041667,0.031026253,0.026525199,0.047808765,0.018561485,0.019157088,0.021479714,0.054761905,0.032520325,0.054380665,0.034285714,0.017738359,0.025742574,0.011627907,0.008097166,0.026946108,0,0.005235602,0.264044944,0.012345679,0.011049724,0.019292605,0.635514019,0.356796117,0.006493506,0.660958904,0.588921283,0.292517007,0.45691906,0.581818182,0.776942356,0.016806723,0.004,0.010810811,0.018382353,0.09375,0.045751634,0.049528302,0.047368421,0.01986755,0.018726592,0.012722646,0.033407572,0.032854209,0.010968921,0.028328612,0.016438356,0.011655012,0.666666667,0.008316008,0.015037594,0,0.725988701,0.326388889,0.834782609,0.0625,0.290502793,0.386091127,0.970037453,0.502617801,0.002336449,0.005665722,0.01179941,0.008333333,0.015564202,0.008064516,0.024175824,0.044444444,0.012376238,0.095238095,0.031784841,0.025210084,0.02020202,0.020930233,0.006802721,0.027173913,0.00589391,0.670487106,0.254320988,0.017994859,0.003115265,0.01572327,0.620437956,0.357308585,0.008108108,0.427807487,0.734463277,0.011904762,0.424778761,0.74137931,0.867403315,0.036363636,0.004926108,0.012820513,0.010067114,0.274834437,0.025510204,0.038554217,0.035805627,0.02360515,0.020710059,0.017391304,0.011547344,0.034482759,0.027100271,0.002087683,0.00486618,0.010928962,0.329646018,0.223234624,0.298329356,0.011560694,0.024509804,0.011331445,0.275862069,0.644329897,0.436585366,0.601246106,0.666666667,0.348066298,0.171568627,0.404814004,0.036637931,0.788235294,0.632478632,0.787096774,0.014056225,0.018939394,0.033112583,0.005988024,0.028423773,0.006116208,0.002604167,0.010141988,0.007518797,0.013774105,0.026954178,0.033232628,0.00280112,0.014409222,0.078125,0.005970149,0.005952381,0.008219178,0.482384824,0.659498208,0.601880878,0.015686275,0.434640523,0.058064516,0.045801527,0.022727273,0.074358974,0.003125,0.350923483,0.292682927,0.483146067,0.628205128,0.3,0.110749186,0
0.345323741,0,0.032128514,0.533088235,0.050704225,0.247395833,0.330729167,0.53221957,1,0.388446215,0.638051044,0.478927203,0.630071599,0.528571429,0.569105691,0.057401813,0.974285714,0.501108647,0.6,0.362403101,0.463562753,0.751497006,0.583710407,0.04973822,0.011235955,0.513580247,0.331491713,0.025723473,0.464174455,0.024271845,0.003246753,0.876712329,0.241982507,0.124716553,0.310704961,0.196363636,0.012531328,0.420168067,0.14,0.383783784,0.014705882,0.738636364,0.522875817,0.632075472,0.518421053,0.470198675,0.988764045,0.811704835,0.639198218,0.373716632,0.435100548,0.920679887,0.62739726,0.559440559,0.172043011,0.46985447,0.325814536,0,0.435028249,0.240740741,0.260869565,0.660326087,0.340782123,0.011990408,0.535580524,0.287958115,0.002336449,0.249291785,0.200589971,0.244444444,0.015564202,0.116935484,0.61978022,0.491111111,0.564356436,0.103174603,0.982885086,0.476890756,0.563636364,0.586046512,0.678004535,0.440217391,0.445972495,0.23782235,0.133333333,0.393316195,0.087227414,0.421383648,0.510948905,0.016241299,0.035135135,0.609625668,0.353107345,0.422619048,0.424778761,0.068965517,0.287292818,0.838961039,0.009852217,0.335897436,0.006711409,0.572847682,0.640306122,0.643373494,0.549872123,0.35193133,0.25443787,0.779710145,0.43187067,0.545977011,0.485094851,0.461377871,0.659367397,0.666666667,0.17699115,0.478359909,0.031026253,0.401734104,0.286764706,0.082152975,0.013262599,0.128865979,0.065853659,0.158878505,0.653061224,0.187845304,0.409313725,0.078774617,0.443965517,0.4,0.551282051,0.083870968,0.516064257,0.492424242,0.527593819,0.350299401,0.684754522,0.749235474,0.6953125,0.503042596,0.469924812,0.366391185,0.388140162,0.700906344,0.005602241,0.014409222,0.09375,0.229850746,0.163690476,0.391780822,0.273712737,0.448028674,0.373040752,0.490196078,0.879084967,0.709677419,0.03562341,0.161616162,0.012820513,0.50625,0.501319261,0.54200542,0.153558052,0.66025641,0.773529412,0.462540717,0
0.374100719,0.31986532,0.586345382,0.507352941,0,0.28125,0.0078125,0.665871122,0.034482759,0.577689243,0.524361949,0.425287356,0.515513126,0.623809524,0.571815718,0.172205438,0.025714286,0.614190687,0.528712871,0.412790698,0.25708502,0.011976048,0.183257919,0.871727749,0.514044944,0.12345679,0.110497238,0.009646302,0.214953271,0.339805825,0.003246753,0.150684932,0.309037901,0.437641723,0.002610966,0.465454545,0,0.109243697,0.468,0.145945946,0.514705882,0.360795455,0.525054466,0.620283019,0.518421053,0.432671082,0.026217228,0.267175573,0.661469933,0.501026694,0.351005484,0.014164306,0.046575342,0.447552448,0.930107527,0.43035343,0.005012531,0.076124567,0.257062147,0.685185185,0.115942029,0.173913043,0.536312849,0.294964029,0.003745318,0.356020942,0.002336449,0.441926346,0.480825959,0.436111111,0.548638132,0.463709677,0.450549451,0.544444444,0.636138614,0.111111111,0.031784841,0.62394958,0.470707071,0.441860465,0.111111111,0.008152174,0.353634578,1,0.659259259,0.017994859,0.392523364,0.160377358,0.434306569,0.389791183,0.018918919,0.203208556,0.06779661,0.484126984,0.216814159,0.650246305,0.046961326,0.020779221,0.63546798,0.005128205,0.463087248,0.370860927,0.609693878,0.527710843,0.52685422,0.579399142,0.109467456,0.295652174,0.570438799,0.511494253,0.512195122,0.183716075,0.03892944,0.038251366,0.577433628,0.564920273,0.758949881,0.034682081,0.009803922,0.033994334,0.350132626,0.652061856,0.387804878,0.526479751,0.034013605,0.546961326,0.674019608,0.36761488,0.564655172,0,0.02991453,0.109677419,0.419678715,0.473484848,0.664459161,0.505988024,0.069767442,0.4617737,0.182291667,0.478701826,0.40037594,0.134986226,0.008086253,0.012084592,0.014005602,0.276657061,0.3359375,0.501492537,0.485119048,0.150684932,0.073170732,0.003584229,0.003134796,0.447058824,0.254901961,0.358064516,0.040712468,0.161616162,0.033333333,0.371875,0.709762533,0.536585366,0.074906367,0.608974359,0.702941176,0.117263844,0
0.438848921,0.255892256,0.570281124,0.264705882,0,0.265625,0.018229167,0.69451074,0.021220159,0.539840637,0.512761021,0.423371648,0.498806683,0.630952381,0.552845528,0.108761329,0.011428571,0.592017738,0.514851485,0.441860465,0.251012146,0.008982036,0.176470588,0.939790576,0.898876404,0.148148148,0.093922652,0.028938907,0.121495327,0.32038835,0.100649351,0.97260274,0.005830904,0.362811791,0.088772846,0.218181818,0,0.112044818,0.496,0.135135135,0.474264706,0.596590909,0.501089325,0.620283019,0.536842105,0.395143488,0.026217228,0.244274809,0.663697105,0.513347023,0.349177331,0.008498584,0.052054795,0.484848485,0.752688172,0.463617464,0.015037594,0.024221453,0.240112994,0.611111111,0.002898551,0.706521739,0.195530726,0.32853717,0.026217228,0.272251309,0.002336449,0.439093484,0.312684366,0.416666667,0.517509728,0.451612903,0.454945055,0.562222222,0.594059406,0.063492063,0.012224939,0.607142857,0.454545455,0.441860465,0.106575964,0.013586957,0.337917485,0.64756447,0.664197531,0.033419023,0.320872274,0.226415094,0.142335766,0.392111369,0.556756757,0.812834225,0.002824859,0.444444444,0.35840708,0.04679803,0.052486188,0.01038961,0.63546798,0.01025641,0.412751678,0.579470199,0.520408163,0.508433735,0.539641944,0.538626609,0.071005917,0.234782609,0.575057737,0.502873563,0.512195122,0.173277662,0.03406326,0.035519126,0.652654867,0.569476082,0.983293556,0.060693642,0.029411765,0.031161473,0.397877984,0.412371134,0.365853659,0.112149533,0.911564626,0.61878453,0.634803922,0.363238512,0.568965517,0.008823529,0.576923077,0.441935484,0.413654618,0.479166667,0.66004415,0.520958084,0.069767442,0.513761468,0.190104167,0.486815416,0.390977444,0.129476584,0.010781671,0.009063444,0.005602241,0.170028818,0.234375,0.471641791,0.4375,0.131506849,0.073170732,0.010752688,0,0.470588235,0.859477124,0.574193548,0.012722646,0.098484848,0.012820513,0.359375,0.216358839,0.471544715,0.239700375,0.762820513,0.791176471,0.550488599,0
0.417266187,0,0.020080321,0.529411765,0.061971831,0.255208333,0.317708333,0.556085919,0.938992042,0.408366534,0.649651972,0.542145594,0.649164678,0.50952381,0.550135501,0.223564955,0.917142857,0.5654102,0.586138614,0.358527132,0.44534413,0.763473054,0.610859729,0.031413613,0.011235955,0.441975309,0.367403315,0.022508039,0.46728972,0.036407767,0.003246753,0.304794521,0.33819242,0.149659864,0.313315927,0.272727273,0.015037594,0.526610644,0.112,0.354054054,0.014705882,0.599431818,0.544662309,0.622641509,0.565789474,0.490066225,0.629213483,0.633587786,0.543429844,0.381930185,0.436928702,0.898016997,0.594520548,0.526806527,0.166666667,0.505197505,0.348370927,0.003460208,0.437853107,0.266203704,0.249275362,0.008152174,0.569832402,0.016786571,0.543071161,0.256544503,0.025700935,0.223796034,0.563421829,0.213888889,0.015564202,0.036290323,0.635164835,0.52,0.569306931,0.492063492,0.985330073,0.472689076,0.604040404,0.588372093,0.528344671,0.448369565,0.487229862,0.220630372,0.145679012,0.329048843,0.115264798,0.147798742,0.50729927,0.025522042,0,0.272727273,0.350282486,0.452380952,0.327433628,0.458128079,0.301104972,0.92987013,0,0.346153846,0.006711409,0.453642384,0.642857143,0.640963855,0.52685422,0.429184549,0.902366864,0.802898551,0.422632794,0.568965517,0.506775068,0.519832985,0.613138686,0.655737705,0.172566372,0.444191344,0.023866348,0.341040462,0.321078431,0.172804533,0.015915119,0.131443299,0.070731707,0.398753894,0.068027211,0.497237569,0.448529412,0.100656455,0.478448276,0.405882353,0.162393162,0.103225806,0.485943775,0.477272727,0.538631347,0.323353293,0.826873385,0.495412844,0.645833333,0.460446247,0.47556391,0.358126722,0.450134771,0.86102719,0.005602241,0.014409222,0.0703125,0.223880597,0.1875,0.389041096,0.273712737,0.448028674,0.369905956,0.050980392,0.575163399,0.029032258,0.081424936,0.196969697,0.020512821,0.525,0.733509235,0.574525745,0.04494382,0.570512821,0.714705882,0.201954397,0
0.338129496,0.255892256,0.108433735,0.533088235,0,0.25,1,0.520286396,0.445623342,0.30876494,0.665893271,0.574712644,0.579952267,0.569047619,0.504065041,0.141993958,0.322857143,0.490022173,0.540594059,0.434108527,0.497975709,0.871257485,0.563348416,0.02617801,0.011235955,0.755555556,0.712707182,0.855305466,0.464174455,0.024271845,0.006493506,0.886986301,0.236151603,0.138321995,0.313315927,0.207272727,0.012531328,0.420168067,0.008,0.713513514,0.242647059,0.732954545,0.450980392,0.658018868,0.6,0.554083885,0.014981273,0.58524173,0.530066815,0.359342916,0.47166362,0.592067989,0.816438356,0.44988345,0.169354839,0.498960499,0.947368421,0.39100346,0.437853107,0.199074074,0.257971014,0.676630435,0.318435754,0.014388489,0.539325843,0.287958115,0.002336449,0.232294618,0.002949853,0.386111111,0.128404669,0.108870968,0.604395604,0.595555556,0.475247525,0.063492063,0.30806846,0.567226891,0.602020202,0.6,0.580498866,0.951086957,0.493123772,0.232091691,0.103703704,0.961439589,0.492211838,0.974842767,0.50729927,0.027842227,0.113513514,0.625668449,0.353107345,0.432539683,0.415929204,0.071428571,0.29281768,0.407792208,0,0.925641026,0.302013423,0.569536424,0.579081633,0.624096386,0.537084399,0.424892704,0.035502959,0.64057971,0.41108545,0.568965517,0.514905149,0.553235908,0.613138686,0.691256831,0.234513274,0.523917995,0.021479714,0.959537572,0.948529412,0.671388102,0.018567639,0.128865979,0.070731707,0.168224299,0.680272109,0.209944751,0.340686275,0.085339168,0.415948276,0.402941176,0.551282051,0.096774194,0.455823293,0.477272727,0.509933775,0.182634731,0.387596899,0.152905199,0.583333333,0.45841785,0.432330827,0.597796143,0.924528302,0.854984894,0.089635854,0.028818444,0.46875,0.501492537,0.532738095,0.756164384,0.273712737,0.448028674,0.373040752,0.478431373,0.879084967,0.716129032,0.040712468,0.247474747,0.017948718,0.484375,0.477572559,0.533875339,0.164794007,0.666666667,0.770588235,0.475570033,0
0.374100719,0.326599327,0.586345382,0.051470588,0.002816901,1,0.010416667,0.708830549,0.053050398,0.46812749,0.480278422,0.471264368,0.606205251,0.633333333,0.525745257,0.66163142,0.025714286,0.643015521,0.459405941,0.467054264,0.376518219,0.011976048,0.122171946,0.028795812,0.424157303,0.091358025,0.116022099,0.012861736,0.660436137,0.660194175,0.003246753,0.154109589,0.309037901,0.714285714,0,0.465454545,0.205513784,0.109243697,0.468,0.148648649,0.518382353,0.360795455,0.520697168,0.573113208,0.565789474,0.412803532,0.02247191,0.404580153,0.628062361,0.488706366,0.427787934,0.014164306,0.021917808,0.358974359,0.430107527,0.378378378,0.010025063,0.08650519,0.937853107,0.655092593,0.011594203,0.179347826,0.536312849,0.944844125,0.292134831,0.356020942,0.280373832,0.441926346,0.477876106,0.436111111,0.552529183,0.467741935,0.547252747,0.602222222,0.559405941,0.365079365,0.034229829,0.579831933,0.448484848,0.476744186,0.185941043,0.010869565,0.341846758,0.106017192,0.604938272,0.01285347,0.398753894,0.220125786,0.160583942,0.902552204,0.021621622,0.203208556,0.04519774,0.48015873,0.212389381,0.650246305,0.850828729,0.018181818,0.63546798,0.007692308,0.466442953,0.374172185,0.517857143,0.477108434,0.524296675,0.506437768,0.073964497,0.373913043,0.56812933,0.505747126,0.514905149,0.215031315,0.068126521,0.021857923,0.672566372,0.569476082,0.3150358,0.031791908,0.014705882,0.036827195,0.567639257,0.734536082,0.870731707,0.526479751,0.034013605,0.546961326,0.693627451,0.693654267,0.538793103,0.002941176,0.02991453,0.116129032,0.510040161,0.537878788,0.6799117,0.502994012,0.067183463,0.458715596,0.104166667,0.38336714,0.308270677,0.134986226,0.008086253,0.012084592,0.00280112,0.014409222,0.0703125,0.504477612,0.488095238,0.153424658,0.073170732,0.068100358,0.003134796,0.447058824,0.258169935,0.361290323,0.93129771,0.898989899,0.905128205,0.375,0.709762533,0.539295393,0.074906367,0.608974359,0.702941176,0.117263844,0
0.345323741,0.474747475,0.775100402,0.536764706,0,0.239583333,0.6640625,0.601431981,0.448275862,0.430278884,0.649651972,0.572796935,0.665871122,0.561904762,0.525745257,0.081570997,0.385714286,0.55210643,0.44950495,0.34496124,0.510121457,0.508982036,0.57239819,0.007853403,0.005617978,0.518518519,0.917127072,1,0.464174455,0.053398058,0.006493506,0.897260274,0.236151603,0.181405896,0.308093995,0.207272727,0.010025063,0.857142857,0.012,0.989189189,0.544117647,0.727272727,0.564270153,0.599056604,0.6,0.496688742,0.014981273,0.498727735,0.501113586,0.39835729,0.491773309,0.481586402,0.569863014,0.463869464,0.169354839,0.498960499,0.706766917,0.674740484,0.43220339,0.298611111,0.269565217,0.692934783,0.318435754,0.021582734,0.531835206,0.282722513,0.002336449,0.932011331,0.002949853,0.975,0.630350195,0.411290323,0.643956044,0.646666667,0.571782178,0.079365079,0.337408313,0.464285714,0.555555556,0.586046512,0.575963719,0.557065217,0.47740668,0.249283668,0.165432099,0.642673522,0.744548287,0.63836478,0.510948905,0.034802784,0.335135135,0.631016043,0.355932203,0.476190476,0.411504425,0.051724138,0.276243094,0.353246753,0.413793103,0.735897436,0.459731544,0.566225166,0.642857143,0.631325301,0.524296675,0.392703863,0.035502959,0.455072464,0.418013857,0.545977011,0.539295393,0.557411273,0.615571776,0.612021858,0.165929204,0.359908884,0.009546539,0.846820809,0.676470588,0.898016997,0.018567639,0.128865979,0.070731707,0.183800623,0.707482993,0.232044199,0.490196078,0.126914661,0.50862069,0.394117647,0.551282051,0.087096774,0.469879518,0.560606061,0.536423841,0.75748503,0.452196382,0.122324159,0.536458333,0.490872211,0.421052632,0.964187328,0.67115903,0.555891239,0.145658263,0.028818444,0.34375,1,0.880952381,1,0.27100271,0.444444444,0.373040752,0.564705882,0.882352941,0.729032258,0.061068702,0.232323232,0.028205128,0.4625,0.451187335,0.525745257,0.164794007,0.666666667,0.767647059,0.475570033,0
0.438848921,0.262626263,0.570281124,0.040441176,0.002816901,0.986979167,0.020833333,0.732696897,0.042440318,0.454183267,0.438515081,0.492337165,0.594272076,0.630952381,0.504065041,0.67673716,0.011428571,0.616407982,0.451485149,0.484496124,0.390688259,0.011976048,0.133484163,0.062827225,0.441011236,0.103703704,0.099447514,0.028938907,0.638629283,0.667475728,0.064935065,0.976027397,0.008746356,0.709750567,0.088772846,0.214545455,0.22556391,0.112044818,0.492,0.137837838,0.477941176,0.59375,0.520697168,0.558962264,0.589473684,0.401766004,0.02247191,0.386768448,0.619153675,0.468172485,0.442413163,0.011331445,0.024657534,0.41025641,0.435483871,0.395010395,0.020050125,0.031141869,0.920903955,0.664351852,0.002898551,0.706521739,0.201117318,0.942446043,0.310861423,0.267015707,0.144859813,0.441926346,0.309734513,0.419444444,0.521400778,0.451612903,0.518681319,0.613333333,0.52970297,0.30952381,0.014669927,0.550420168,0.464646465,0.497674419,0.19047619,0.016304348,0.367387033,0.123209169,0.597530864,0.023136247,0.327102804,0.308176101,0.149635036,0.902552204,0.562162162,0.812834225,0.008474576,0.478174603,0.362831858,0.041871921,0.828729282,0.01038961,0.640394089,0.012820513,0.416107383,0.579470199,0.5,0.472289157,0.52685422,0.4527897,0.041420118,0.301449275,0.547344111,0.520114943,0.495934959,0.250521921,0.075425791,0.030054645,0.672566372,0.578587699,0.322195704,0.054913295,0.034313725,0.033994334,0.578249337,0.731958763,0.865853659,0.118380062,0.914965986,0.624309392,0.708333333,0.687089716,0.528017241,0.132352941,0.576923077,0.435483871,0.506024096,0.543560606,0.668874172,0.517964072,0.067183463,0.50764526,0.1015625,0.369168357,0.313909774,0.132231405,0.010781671,0.009063444,0.00280112,0.014409222,0.1328125,0.474626866,0.443452381,0.136986301,0.075880759,0.064516129,0.003134796,0.474509804,0.859477124,0.577419355,0.893129771,0.904040404,0.897435897,0.359375,0.211081794,0.468834688,0.235955056,0.756410256,0.794117647,0.54723127,0
